profile_key,completion_sequence,market,title,address,observed_sources,observed_categories,source_phone,source_domain,official_site_url,exact_google_profile_url,exact_title_address_search_url,organization_key,evidence_route,manual_decision,decision_evidence,evidence_url,reviewed_by,reviewed_on
google:cid:14702604690810388273,40,Augusta_GA_L,Shifa Care Clinic,"3416 Middleton Dr, Augusta, GA 30907",maps_core,Medical Center,+1706-513-0582,www.facebook.com,https://www.facebook.com/shifacareclinic,https://www.google.com/maps?cid=14702604690810388273,https://www.google.com/search?q=%22Shifa+Care+Clinic%22+%223416+Middleton+Dr%2C+Augusta%2C+GA+30907%22+dental,www.facebook.com,official_site_and_exact_profile,exclude_non_dentist_category,Official Shifa Care Clinic evidence identifies this exact address as a free primary-care clinic for uninsured patients and does not identify patient dental services.,https://www.facebook.com/shifacareclinic,Codex-assisted exact-profile audit,2026-09-25
google:cid:5839081733048392970,41,LA_CA_L,ZendyHealth,"1200 Santee St #201, Los Angeles, CA 90015",business_listings,Medical clinic,+1855-699-3639,specials.zendyhealth.com,https://specials.zendyhealth.com/hsabank/,https://www.google.com/maps?cid=5839081733048392970,https://www.google.com/search?q=%22ZendyHealth%22+%221200+Santee+St+%23201%2C+Los+Angeles%2C+CA+90015%22+dental,specials.zendyhealth.com,official_site_and_exact_profile,exclude_non_dentist_category,"Official ZendyHealth evidence identifies an online marketplace connecting patients with discounted medical and dental providers, not a patient-facing dental practice at this address.",https://zendyhealth.com/,Codex-assisted exact-profile audit,2026-09-25
google:cid:17578519269912760366,42,LA_CA_L,White Memorial Community Health Center - Plaza III,"1828 E Cesar E Chavez Ave, Los Angeles, CA 90033",business_listings,Medical clinic,+1323-987-1200,wmchealthcenter.org,https://wmchealthcenter.org/contact/,https://www.google.com/maps?cid=17578519269912760366,https://www.google.com/search?q=%22White+Memorial+Community+Health+Center+-+Plaza+III%22+%221828+E+Cesar+E+Chavez+Ave%2C+Los+Angeles%2C+CA+90033%22+dental,wmchealthcenter.org,official_site_and_exact_profile,include_dental_provider,"Official contact and patient-handbook evidence place a dental suite at Medical Plaza III, 1828 East Cesar E. Chavez Avenue.",https://wmchealthcenter.org/contact/,Codex-assisted official-site audit,2026-09-25
google:cid:10128345118129549676,43,NYC_NY_L,Restful Sleep Solution,"1725 Sheepshead Bay Rd, Brooklyn, NY 11235",business_listings,Sleep clinic,+1718-872-7830,restfulsleepsolution.com,https://restfulsleepsolution.com/contact-us,https://www.google.com/maps?cid=10128345118129549676,https://www.google.com/search?q=%22Restful+Sleep+Solution%22+%221725+Sheepshead+Bay+Rd%2C+Brooklyn%2C+NY+11235%22+dental,restfulsleepsolution.com,official_site_and_exact_profile,include_dental_provider,"Official contact and provider pages identify dental services, oral-appliance therapy, and a DDS at 1725 Sheepshead Bay Road.",https://restfulsleepsolution.com/contact-us,Codex-assisted exact-profile audit,2026-09-25
google:cid:5545151789808744503,44,NYC_NY_L,Children's Aid: Bronx Health Center,"910 E 172nd St, Bronx, NY 10460",business_listings,Medical Center,+1347-767-2200,www.childrensaidnyc.org,http://www.childrensaidnyc.org/health,https://www.google.com/maps?cid=5545151789808744503,https://www.google.com/search?q=%22Children%27s+Aid%3A+Bronx+Health+Center%22+%22910+E+172nd+St%2C+Bronx%2C+NY+10460%22+dental,www.childrensaidnyc.org,official_site_and_exact_profile,include_dental_provider,Official Children's Aid location evidence lists licensed-dentist dental services at 910 East 172nd Street.,https://www.childrensaidnyc.org/programs/location/bronx-health-center-and-foster-care-services,Codex-assisted exact-profile audit,2026-09-25
google:cid:8914701910281558014,45,Atlanta_GA_L,Georgia Department of Community Health,"2 M.L.K. Jr Dr SE, Atlanta, GA 30334",maps_core,Public health department,+1404-656-4507,dch.georgia.gov,http://dch.georgia.gov/,https://www.google.com/maps?cid=8914701910281558014,https://www.google.com/search?q=%22Georgia+Department+of+Community+Health%22+%222+M.L.K.+Jr+Dr+SE%2C+Atlanta%2C+GA+30334%22+dental,dch.georgia.gov,official_site_and_exact_profile,exclude_non_dentist_category,"The exact profile and official site identify a state public-health administration agency, not a patient-facing dental practice.",https://dch.georgia.gov/,Codex-assisted exact-profile audit,2026-09-25
google:cid:6442774181064297868,46,Atlanta_GA_L,"The Family Health Centers of Georgia, Inc.","868 York Ave SW, Atlanta, GA 30310",maps_core,Medical Center,+1404-752-1400,fhcga.org,http://fhcga.org/?utm_source=GMBSocialClimb&utm_medium=TheFamilyHealthCentersofGeorgia%2CInc.,https://www.google.com/maps?cid=6442774181064297868,https://www.google.com/search?q=%22The+Family+Health+Centers+of+Georgia%2C+Inc.%22+%22868+York+Ave+SW%2C+Atlanta%2C+GA+30310%22+dental,fhcga.org,official_site_and_exact_profile,include_dental_provider,Official FHCGA location and service evidence identifies the main center at 868 York Avenue and patient dental services provided by FHCGA dental staff.,https://fhcga.org/locations,Codex-assisted exact-profile audit,2026-09-25
google:cid:13815089370373089399,47,Atlanta_GA_L,Healing Community Center,"1188 Ralph David Abernathy Blvd SW, Atlanta, GA 30310",maps_core,Community health center,+1404-564-7749,healatlanta.org,https://healatlanta.org/,https://www.google.com/maps?cid=13815089370373089399,https://www.google.com/search?q=%22Healing+Community+Center%22+%221188+Ralph+David+Abernathy+Blvd+SW%2C+Atlanta%2C+GA+30310%22+dental,healatlanta.org,official_site_and_exact_profile,include_dental_provider,Official location evidence identifies the Abernathy Dental Clinic at 1188 Ralph David Abernathy Boulevard and states that it is open for patients.,https://healatlanta.org/locations/,Codex-assisted exact-profile audit,2026-09-25
google:cid:1014165455047184436,48,Atlanta_GA_L,Georgia State University Student Clinic,"75 Piedmont Ave NE Ste 200, Atlanta, GA 30312",maps_core,Medical clinic,+1404-413-1930,health.gsu.edu,http://health.gsu.edu/,https://www.google.com/maps?cid=1014165455047184436,https://www.google.com/search?q=%22Georgia+State+University+Student+Clinic%22+%2275+Piedmont+Ave+NE+Ste+200%2C+Atlanta%2C+GA+30312%22+dental,health.gsu.edu,official_site_and_exact_profile,exclude_non_dentist_category,Official Georgia State Student Health Clinic services at this address are medical and urgent-care services; the exact clinic is not identified as a patient-facing dental practice.,https://health.gsu.edu/,Codex-assisted exact-profile audit,2026-09-25
google:cid:2389707156626682339,49,Atlanta_GA_L,Lee Denture Lab,"171 Cleveland Ave SW, Atlanta, GA 30315",business_listings,Denture care center,+1404-762-5441,leedenturelaboratory.com,http://leedenturelaboratory.com/,https://www.google.com/maps?cid=2389707156626682339,https://www.google.com/search?q=%22Lee+Denture+Lab%22+%22171+Cleveland+Ave+SW%2C+Atlanta%2C+GA+30315%22+dental,leedenturelaboratory.com,official_site_and_exact_profile,exclude_non_dentist_category,"Exact profile identity is a denture laboratory, not a patient-facing dental practice.",https://www.google.com/maps?cid=2389707156626682339,Codex-assisted exact-profile audit,2026-09-25
google:cid:374081400048267317,50,Atlanta_GA_L,Whitefoord Health Center,"1401 Hosea L Williams Dr NE, Atlanta, GA 30317",business_listings,Medical clinic,+1404-373-6614,whitefoord.org,http://whitefoord.org/,https://www.google.com/maps?cid=374081400048267317,https://www.google.com/search?q=%22Whitefoord+Health+Center%22+%221401+Hosea+L+Williams+Dr+NE%2C+Atlanta%2C+GA+30317%22+dental,whitefoord.org,official_site_and_exact_profile,include_dental_provider,Official Whitefoord dental page identifies patient dental services and the Whitefoord Health Center at 1401 Hosea L. Williams Drive.,https://www.whitefoord.org/dental/,Codex-assisted official-site audit,2026-09-25
google:cid:11970192833599671661,51,Atlanta_GA_L,Fellowship For Christian,"2100 Riveredge Pkwy, Atlanta, GA 30328",business_listings,Religious organization,+1770-955-1512,www.fcaoutdoors.com,http://www.fcaoutdoors.com/,https://www.google.com/maps?cid=11970192833599671661,https://www.google.com/search?q=%22Fellowship+For+Christian%22+%222100+Riveredge+Pkwy%2C+Atlanta%2C+GA+30328%22+dental,www.fcaoutdoors.com,official_site_and_exact_profile,exclude_non_dentist_category,"Exact Google profile title and primary category identify Religious organization, not a patient-facing dental provider under the frozen study taxonomy.",https://www.google.com/maps?cid=11970192833599671661,Codex-assisted exact-profile audit,2026-09-25
google:cid:13898945642818331032,52,Atlanta_GA_L,Grady Health System,"80 Jesse Hill Jr Dr SE, Atlanta, GA 30303",maps_core,Hospital,+1404-616-1000,www.gradyhealth.org,https://www.gradyhealth.org/?utm_source=gmb&utm_medium=organic&utm_campaign=sitelink&utm_id=grady,https://www.google.com/maps?cid=13898945642818331032,https://www.google.com/search?q=%22Grady+Health+System%22+%2280+Jesse+Hill+Jr+Dr+SE%2C+Atlanta%2C+GA+30303%22+dental,www.gradyhealth.org,official_site_and_exact_profile,exclude_non_dentist_category,"The exact Google profile is the general Grady hospital profile, not a dental-specific patient profile; its ratings cannot be attributed to dental care under the frozen study taxonomy.",https://www.google.com/maps?cid=13898945642818331032,Codex-assisted exact-profile audit,2026-09-25
google:cid:2869506919639306180,53,Atlanta_GA_L,Sleep Better Georgia,"1719 Mt Vernon Rd, Dunwoody, GA 30338",business_listings,Sleep clinic,+1770-626-5652,www.sleepdunwoody.com,https://www.sleepdunwoody.com/?utm_source=google&utm_medium=organic&utm_campaign=gbpDunwoody,https://www.google.com/maps?cid=2869506919639306180,https://www.google.com/search?q=%22Sleep+Better+Georgia%22+%221719+Mt+Vernon+Rd%2C+Dunwoody%2C+GA+30338%22+dental,www.sleepdunwoody.com,official_site_and_exact_profile,include_dental_provider,Official Sleep Better Georgia evidence identifies a dental sleep-medicine practice providing dentist-delivered oral-appliance therapy at 1719 Mount Vernon Road.,https://www.sleepdunwoody.com/,Codex-assisted exact-profile audit,2026-09-25
google:cid:16197116083296152898,54,Atlanta_GA_L,"Whitefoord, Inc.","35 Whitefoord Ave SE, Atlanta, GA 30317",business_listings,Medical clinic,+1404-373-6614,www.whitefoord.org,http://www.whitefoord.org/,https://www.google.com/maps?cid=16197116083296152898,https://www.google.com/search?q=%22Whitefoord%2C+Inc.%22+%2235+Whitefoord+Ave+SE%2C+Atlanta%2C+GA+30317%22+dental,www.whitefoord.org,official_site_and_exact_profile,exclude_non_dentist_category,Official Whitefoord evidence identifies 35 Whitefoord Avenue as the Early Learning Academy; patient dental care is provided at the separate 1401 Hosea L. Williams Drive health center.,https://www.whitefoord.org/dental/,Codex-assisted official-site audit,2026-09-25
google:cid:17592610386023037987,55,Augusta_GA_L,Druid Park Community Health Center,"1018 Druid Park Ave, Augusta, GA 30904",maps_core,Medical clinic,+1706-738-0455,mirmakmin.com,https://mirmakmin.com/,https://www.google.com/maps?cid=17592610386023037987,https://www.google.com/search?q=%22Druid+Park+Community+Health+Center%22+%221018+Druid+Park+Ave%2C+Augusta%2C+GA+30904%22+dental,mirmakmin.com,official_site_and_exact_profile,exclude_non_dentist_category,"Official Miracle Making Ministries evidence places the dental center at 1127 Druid Park Avenue, one block from the separate medical-clinic profile at 1018 Druid Park Avenue.",https://mirmakmin.com/dental-outreach/,Codex-assisted exact-profile audit,2026-09-25
google:cid:15876635400132913439,56,Augusta_GA_L,Christ Community Health Peach Orchard,"2604 Peach Orchard Rd #200, Augusta, GA 30906",maps_core,Medical clinic,+1706-396-1493,www.cchsaugusta.org,https://www.cchsaugusta.org/,https://www.google.com/maps?cid=15876635400132913439,https://www.google.com/search?q=%22Christ+Community+Health+Peach+Orchard%22+%222604+Peach+Orchard+Rd+%23200%2C+Augusta%2C+GA+30906%22+dental,www.cchsaugusta.org,official_site_and_exact_profile,include_dental_provider,Official Christ Community dental and location pages identify dental health services and the Peach Orchard site at 2604 Peach Orchard Road.,https://www.cchsaugusta.org/dental-health/,Codex-assisted official-site audit,2026-09-25
google:cid:17955257316026171728,57,Buffalo_NY_L,"Buffalo Family Chiropractic Wellness, P.C.","369 Delaware Ave, Buffalo, NY 14202",maps_core,Chiropractor,+1716-854-1563,livewellbuffalo.com,https://livewellbuffalo.com/,https://www.google.com/maps?cid=17955257316026171728,https://www.google.com/search?q=%22Buffalo+Family+Chiropractic+Wellness%2C+P.C.%22+%22369+Delaware+Ave%2C+Buffalo%2C+NY+14202%22+dental,livewellbuffalo.com,official_site_and_exact_profile,exclude_non_dentist_category,"The exact profile and official site identify a chiropractic practice, not a patient-facing dental provider under the frozen study taxonomy.",https://livewellbuffalo.com/,Codex-assisted exact-profile audit,2026-09-25
google:cid:7759169902728672012,58,Buffalo_NY_L,CurlyJanes Crystal Rose,"21 Leroy Ave, Buffalo, NY 14214",business_listings,Herbalist,,www.curlyjanes.com,http://www.curlyjanes.com/,https://www.google.com/maps?cid=7759169902728672012,https://www.google.com/search?q=%22CurlyJanes+Crystal+Rose%22+%2221+Leroy+Ave%2C+Buffalo%2C+NY+14214%22+dental,www.curlyjanes.com,official_site_and_exact_profile,exclude_non_dentist_category,"Exact Google profile title and primary category identify Herbalist, not a patient-facing dental provider under the frozen study taxonomy.",https://www.google.com/maps?cid=7759169902728672012,Codex-assisted exact-profile audit,2026-09-25
google:cid:9656432255286679171,59,Buffalo_NY_L,ECMC Health Campus,"462 Grider St, Buffalo, NY 14215",maps_core|maps_specialist,Medical Center,+1716-898-3000,www.ecmc.edu,http://www.ecmc.edu/,https://www.google.com/maps?cid=9656432255286679171,https://www.google.com/search?q=%22ECMC+Health+Campus%22+%22462+Grider+St%2C+Buffalo%2C+NY+14215%22+dental,www.ecmc.edu,official_site_and_exact_profile,exclude_non_dentist_category,"The exact Google profile is the general ECMC Health Campus profile covering multiple hospital services, not a dental-specific patient profile whose ratings can be attributed to dental care.",https://www.google.com/maps?cid=9656432255286679171,Codex-assisted exact-profile audit,2026-09-25
google:cid:13718650259631278177,60,Buffalo_NY_L,Aesthetic Associates Centre,"2500 Kensington Ave, Amherst, NY 14226",business_listings,Plastic surgery clinic,+1716-839-1700,www.gr8look.com,https://www.gr8look.com/,https://www.google.com/maps?cid=13718650259631278177,https://www.google.com/search?q=%22Aesthetic+Associates+Centre%22+%222500+Kensington+Ave%2C+Amherst%2C+NY+14226%22+dental,www.gr8look.com,official_site_and_exact_profile,include_dental_provider,"Official practice evidence identifies cosmetic dentistry, dentists, dental hygienists, and mini dental implants at 2500 Kensington Avenue.",https://www.gr8look.com/,Codex-assisted exact-profile audit,2026-09-25
google:cid:6809714559291597152,61,Buffalo_NY_L,Jericho Road Community Health Center at Buffalo City Mission,"100 E Tupper St, Buffalo, NY 14203",maps_core,Community health center,+1716-919-6870,www.jrchc.org,http://www.jrchc.org/,https://www.google.com/maps?cid=6809714559291597152,https://www.google.com/search?q=%22Jericho+Road+Community+Health+Center+at+Buffalo+City+Mission%22+%22100+E+Tupper+St%2C+Buffalo%2C+NY+14203%22+dental,www.jrchc.org,official_site_and_exact_profile,exclude_non_dentist_category,"Official Jericho Road location evidence lists the Buffalo City Mission community-health site separately from Jericho Road Family Dental, so the exact profile is not dental-specific.",https://www.jrchc.org/contact/,Codex-assisted exact-profile audit,2026-09-25
google:cid:13263697866949406865,62,Buffalo_NY_L,Richards and Jurusik Immigration Lawyers,"5 Niagara Square, Buffalo, NY 14202",maps_core,Immigration attorney,+1716-970-4007,www.rjimmigrationlaw.com,https://www.rjimmigrationlaw.com/,https://www.google.com/maps?cid=13263697866949406865,https://www.google.com/search?q=%22Richards+and+Jurusik+Immigration+Lawyers%22+%225+Niagara+Square%2C+Buffalo%2C+NY+14202%22+dental,www.rjimmigrationlaw.com,official_site_and_exact_profile,exclude_non_dentist_category,"Exact Google profile title and primary category identify Immigration attorney, not a patient-facing dental provider under the frozen study taxonomy.",https://www.google.com/maps?cid=13263697866949406865,Codex-assisted exact-profile audit,2026-09-25
google:cid:18370073229225808885,63,Buffalo_NY_L,Struggle Compound,"1841 Seneca St, Buffalo, NY 14210",business_listings,Clothing store,+1716-931-5046,www.thecompound716.com,https://www.thecompound716.com/,https://www.google.com/maps?cid=18370073229225808885,https://www.google.com/search?q=%22Struggle+Compound%22+%221841+Seneca+St%2C+Buffalo%2C+NY+14210%22+dental,www.thecompound716.com,official_site_and_exact_profile,exclude_non_dentist_category,"Exact Google profile title and primary category identify Clothing store, not a patient-facing dental provider under the frozen study taxonomy.",https://www.google.com/maps?cid=18370073229225808885,Codex-assisted exact-profile audit,2026-09-25
google:cid:12163677498635139494,64,Eureka_CA_S,Open door clinic,"3rd St, Eureka, CA 95501",maps_core,Medical clinic,+1707-443-4666,opendoorhealth.com,https://opendoorhealth.com/,https://www.google.com/maps?cid=12163677498635139494,https://www.google.com/search?q=%22Open+door+clinic%22+%223rd+St%2C+Eureka%2C+CA+95501%22+dental,opendoorhealth.com,official_site_and_exact_profile,exclude_non_dentist_category,The exact profile is a medical-clinic record on Third Street; official evidence does not establish patient dental services at this exact profile and address.,https://opendoorhealth.com/,Codex-assisted exact-profile audit,2026-09-25
google:cid:10342098488761581509,65,Eureka_CA_S,Pure Makeup Studio & Med Spa,"522 F St, Eureka, CA 95501",maps_core,Make-up artist,+1707-442-9200,puremakeupstore.com,http://puremakeupstore.com/,https://www.google.com/maps?cid=10342098488761581509,https://www.google.com/search?q=%22Pure+Makeup+Studio+%26+Med+Spa%22+%22522+F+St%2C+Eureka%2C+CA+95501%22+dental,puremakeupstore.com,official_site_and_exact_profile,exclude_non_dentist_category,"Exact Google profile title and primary category identify Make-up artist, not a patient-facing dental provider under the frozen study taxonomy.",https://www.google.com/maps?cid=10342098488761581509,Codex-assisted exact-profile audit,2026-09-25
google:cid:5485192789650701152,66,Eureka_CA_S,Eureka Health Center- United Indian Health Services,"2505 Lucas St Ste a, Eureka, CA 95501",maps_core,Medical clinic,+1707-442-0380,unitedindianhealthservices.org,http://unitedindianhealthservices.org/,https://www.google.com/maps?cid=5485192789650701152,https://www.google.com/search?q=%22Eureka+Health+Center-+United+Indian+Health+Services%22+%222505+Lucas+St+Ste+a%2C+Eureka%2C+CA+95501%22+dental,unitedindianhealthservices.org,official_site_and_exact_profile,include_dental_provider,Official United Indian Health Services evidence identifies dental services at 2505 Lucas Street.,https://unitedindianhealthservices.org/medical/,Codex-assisted official-site audit,2026-09-25
google:cid:13043699129127900103,67,Eureka_CA_S,United Indian Health Services - Downtown Eureka,"434 7th St, Eureka, CA 95501",maps_core,Public health department,+1707-296-2500,unitedindianhealthservices.org,https://unitedindianhealthservices.org/,https://www.google.com/maps?cid=13043699129127900103,https://www.google.com/search?q=%22United+Indian+Health+Services+-+Downtown+Eureka%22+%22434+7th+St%2C+Eureka%2C+CA+95501%22+dental,unitedindianhealthservices.org,official_site_and_exact_profile,exclude_non_dentist_category,"Official UIHS location evidence lists medical, behavioral-health, and vision services at 434 Seventh Street; dental care is provided at a separate clinic address.",https://unitedindianhealthservices.org/locations/jaroujiji/,Codex-assisted exact-profile audit,2026-09-25
google:cid:1858770223063797444,68,Eureka_CA_S,North Coast Clinics Network,"1036 5th St Ste c, Eureka, CA 95501",maps_core,Business administration service,+1707-444-6226,www.northcoastclinics.org,http://www.northcoastclinics.org/,https://www.google.com/maps?cid=1858770223063797444,https://www.google.com/search?q=%22North+Coast+Clinics+Network%22+%221036+5th+St+Ste+c%2C+Eureka%2C+CA+95501%22+dental,www.northcoastclinics.org,official_site_and_exact_profile,exclude_non_dentist_category,"Exact Google profile title and primary category identify Business administration service, not a patient-facing dental provider under the frozen study taxonomy.",https://www.google.com/maps?cid=1858770223063797444,Codex-assisted exact-profile audit,2026-09-25
google:cid:7161334439902583112,69,Eureka_CA_S,Partnership Healthplan Of California,"1036 5th St, Eureka, CA 95501",maps_core,Government office,+1800-863-4155,www.partnershiphp.org,http://www.partnershiphp.org/,https://www.google.com/maps?cid=7161334439902583112,https://www.google.com/search?q=%22Partnership+Healthplan+Of+California%22+%221036+5th+St%2C+Eureka%2C+CA+95501%22+dental,www.partnershiphp.org,official_site_and_exact_profile,exclude_non_dentist_category,"Exact Google profile title and primary category identify Government office, not a patient-facing dental provider under the frozen study taxonomy.",https://www.google.com/maps?cid=7161334439902583112,Codex-assisted exact-profile audit,2026-09-25
google:cid:14917014621510948541,70,FortBragg_CA_S,"Mendocino Coast Clinics, Inc","205 South St, Fort Bragg, CA 95437",maps_core|maps_specialist,Medical clinic,+1707-964-1251,mendocinocoastclinics.org,http://mendocinocoastclinics.org/,https://www.google.com/maps?cid=14917014621510948541,https://www.google.com/search?q=%22Mendocino+Coast+Clinics%2C+Inc%22+%22205+South+St%2C+Fort+Bragg%2C+CA+95437%22+dental,mendocinocoastclinics.org,official_site_and_exact_profile,include_dental_provider,Official Mendocino Coast Clinics evidence identifies medical and dental patient services and places the clinic at 205 South Street.,https://mendocinocoastclinics.org/,Codex-assisted exact-profile audit,2026-09-25
google:cid:3097706296214713699,71,FortBragg_CA_S,"Lynette Kline, OD","510 Cypress St # A, Fort Bragg, CA 95437",maps_core,Optometrist,+1707-961-1037,www.lynetteklineod.com,http://www.lynetteklineod.com/,https://www.google.com/maps?cid=3097706296214713699,https://www.google.com/search?q=%22Lynette+Kline%2C+OD%22+%22510+Cypress+St+%23+A%2C+Fort+Bragg%2C+CA+95437%22+dental,www.lynetteklineod.com,official_site_and_exact_profile,exclude_non_dentist_category,"Exact Google profile title and primary category identify Optometrist, not a patient-facing dental provider under the frozen study taxonomy.",https://www.google.com/maps?cid=3097706296214713699,Codex-assisted exact-profile audit,2026-09-25
google:cid:17036417683359244779,72,FortBragg_CA_S,"J. Kyle Smith, OD","450 N McPherson St, Fort Bragg, CA 95437",maps_core,Optometrist,+1707-964-5927,www.mendocinocoasteyecare.com,http://www.mendocinocoasteyecare.com/,https://www.google.com/maps?cid=17036417683359244779,https://www.google.com/search?q=%22J.+Kyle+Smith%2C+OD%22+%22450+N+McPherson+St%2C+Fort+Bragg%2C+CA+95437%22+dental,www.mendocinocoasteyecare.com,official_site_and_exact_profile,exclude_non_dentist_category,"Exact Google profile title and primary category identify Optometrist, not a patient-facing dental provider under the frozen study taxonomy.",https://www.google.com/maps?cid=17036417683359244779,Codex-assisted exact-profile audit,2026-09-25
google:cid:14327273828255401603,73,LA_CA_L,Comprehensive Community Health Centers - CCHC Glendale,"801 S Chevy Chase Dr #250, Glendale, CA 91205",business_listings,Medical clinic,+1818-265-2264,cchccenters.org,https://cchccenters.org/,https://www.google.com/maps?cid=14327273828255401603,https://www.google.com/search?q=%22Comprehensive+Community+Health+Centers+-+CCHC+Glendale%22+%22801+S+Chevy+Chase+Dr+%23250%2C+Glendale%2C+CA+91205%22+dental,cchccenters.org,official_site_and_exact_profile,include_dental_provider,"Official CCHC location evidence lists dental services, a dental phone number, and dental hours at 801 South Chevy Chase Drive, Suite 250.",https://cchccenters.org/services/,Codex-assisted exact-profile audit,2026-09-25
google:cid:856027905363852558,74,LA_CA_L,Comprehensive Community Health Centers - Eagle Rock,"1704 Colorado Blvd, Los Angeles, CA 90041",business_listings,Non-profit organization,+1323-256-4116,cchccenters.org,https://cchccenters.org/,https://www.google.com/maps?cid=856027905363852558,https://www.google.com/search?q=%22Comprehensive+Community+Health+Centers+-+Eagle+Rock%22+%221704+Colorado+Blvd%2C+Los+Angeles%2C+CA+90041%22+dental,cchccenters.org,official_site_and_exact_profile,include_dental_provider,"Official CCHC location evidence lists dental services, a dental phone number, and dental hours at 1704 Colorado Boulevard.",https://cchccenters.org/services/,Codex-assisted exact-profile audit,2026-09-25
google:cid:2520457688506967269,75,LA_CA_L,Comprehensive Health Care,"3540 Wilshire Blvd #715, Los Angeles, CA 90010",business_listings,Home health care service,+1213-389-4876,comphc.org,https://comphc.org/,https://www.google.com/maps?cid=2520457688506967269,https://www.google.com/search?q=%22Comprehensive+Health+Care%22+%223540+Wilshire+Blvd+%23715%2C+Los+Angeles%2C+CA+90010%22+dental,comphc.org,official_site_and_exact_profile,exclude_non_dentist_category,"Exact Google profile title and primary category identify Home health care service, not a patient-facing dental provider under the frozen study taxonomy.",https://www.google.com/maps?cid=2520457688506967269,Codex-assisted exact-profile audit,2026-09-25
google:cid:13376749074934566412,76,LA_CA_L,Dent X Imaging Center,"1323 N San Fernando Blvd, Burbank, CA 91504",business_listings,X-ray lab,+1818-239-5333,dentximaging.com,https://dentximaging.com/,https://www.google.com/maps?cid=13376749074934566412,https://www.google.com/search?q=%22Dent+X+Imaging+Center%22+%221323+N+San+Fernando+Blvd%2C+Burbank%2C+CA+91504%22+dental,dentximaging.com,official_site_and_exact_profile,exclude_non_dentist_category,"Exact Google profile title and primary category identify X-ray lab, not a patient-facing dental provider under the frozen study taxonomy.",https://www.google.com/maps?cid=13376749074934566412,Codex-assisted exact-profile audit,2026-09-25
google:cid:3440383556425355901,77,LA_CA_L,ROADS Community Clinic - East Long Beach,"4800 E Los Coyotes Diagonal, Long Beach, CA 90815",business_listings,Medical clinic,+1562-506-1313,roadsfoundation.org,https://roadsfoundation.org/,https://www.google.com/maps?cid=3440383556425355901,https://www.google.com/search?q=%22ROADS+Community+Clinic+-+East+Long+Beach%22+%224800+E+Los+Coyotes+Diagonal%2C+Long+Beach%2C+CA+90815%22+dental,roadsfoundation.org,official_site_and_exact_profile,,,,,
google:cid:16921693145374816641,78,LA_CA_L,St. John’s Community Health Warner Traynham Clinic,"326 W 23rd St, Los Angeles, CA 90007",business_listings,Medical clinic,+1323-541-1411,sjch.org,https://sjch.org/,https://www.google.com/maps?cid=16921693145374816641,https://www.google.com/search?q=%22St.+John%E2%80%99s+Community+Health+Warner+Traynham+Clinic%22+%22326+W+23rd+St%2C+Los+Angeles%2C+CA+90007%22+dental,sjch.org,official_site_and_exact_profile,,,,,
google:cid:16710840398733596569,79,LA_CA_L,Stepanyan Surgical Arts Center,"1500 E Chevy Chase Dr #430, Glendale, CA 91206",business_listings,Plastic surgeon,+1818-551-0088,stepanyansurgical.com,https://stepanyansurgical.com/,https://www.google.com/maps?cid=16710840398733596569,https://www.google.com/search?q=%22Stepanyan+Surgical+Arts+Center%22+%221500+E+Chevy+Chase+Dr+%23430%2C+Glendale%2C+CA+91206%22+dental,stepanyansurgical.com,official_site_and_exact_profile,,,,,
google:cid:5424899260031512217,80,LA_CA_L,Unicare Community Health Center - Los Angeles,"741 S Alvarado St, Los Angeles, CA 90057",business_listings,Medical clinic,+1213-413-6666,unicarechc.org,https://unicarechc.org/,https://www.google.com/maps?cid=5424899260031512217,https://www.google.com/search?q=%22Unicare+Community+Health+Center+-+Los+Angeles%22+%22741+S+Alvarado+St%2C+Los+Angeles%2C+CA+90057%22+dental,unicarechc.org,official_site_and_exact_profile,,,,,
google:cid:4203108899044058271,81,LA_CA_L,Uniformland,"23360 Valencia Blvd Ste G, Valencia, CA 91355",business_listings,Uniform store,+1661-255-2033,uniform.land,http://uniform.land/,https://www.google.com/maps?cid=4203108899044058271,https://www.google.com/search?q=%22Uniformland%22+%2223360+Valencia+Blvd+Ste+G%2C+Valencia%2C+CA+91355%22+dental,uniform.land,official_site_and_exact_profile,exclude_non_dentist_category,"Exact Google profile title and primary category identify Uniform store, not a patient-facing dental provider under the frozen study taxonomy.",https://www.google.com/maps?cid=4203108899044058271,Codex-assisted exact-profile audit,2026-09-25
google:cid:685936001646178210,82,LA_CA_L,Valley Community Healthcare,"6801 Coldwater Canyon Ave, North Hollywood, CA 91605",business_listings,Medical clinic,+1818-763-8836,valleycommunityhealthcare.org,https://valleycommunityhealthcare.org/,https://www.google.com/maps?cid=685936001646178210,https://www.google.com/search?q=%22Valley+Community+Healthcare%22+%226801+Coldwater+Canyon+Ave%2C+North+Hollywood%2C+CA+91605%22+dental,valleycommunityhealthcare.org,official_site_and_exact_profile,,,,,
google:cid:17148503378792403798,83,LA_CA_L,Wesley Health Clinic,"522 San Pedro St, Los Angeles, CA 90013",maps_core,Medical group,+1562-867-7999,wesleyhealthcenters.com,http://wesleyhealthcenters.com/,https://www.google.com/maps?cid=17148503378792403798,https://www.google.com/search?q=%22Wesley+Health+Clinic%22+%22522+San+Pedro+St%2C+Los+Angeles%2C+CA+90013%22+dental,wesleyhealthcenters.com,official_site_and_exact_profile,,,,,
google:cid:1041337711816604659,84,LA_CA_L,100 Black Men of Los Angeles,"3701 Stocker St #309a, Los Angeles, CA 90008",business_listings,Non-profit organization,+1310-947-7745,www.100bmla.net,https://www.100bmla.net/,https://www.google.com/maps?cid=1041337711816604659,https://www.google.com/search?q=%22100+Black+Men+of+Los+Angeles%22+%223701+Stocker+St+%23309a%2C+Los+Angeles%2C+CA+90008%22+dental,www.100bmla.net,official_site_and_exact_profile,,,,,
google:cid:895678497028964503,85,LA_CA_L,Aesthetic,"8663 Holloway Plaza Dr, Los Angeles, CA 90069",business_listings,Furniture maker,+1310-659-6213,www.aestheticdecor.com,http://www.aestheticdecor.com/,https://www.google.com/maps?cid=895678497028964503,https://www.google.com/search?q=%22Aesthetic%22+%228663+Holloway+Plaza+Dr%2C+Los+Angeles%2C+CA+90069%22+dental,www.aestheticdecor.com,official_site_and_exact_profile,exclude_non_dentist_category,"Exact Google profile title and primary category identify Furniture maker, not a patient-facing dental provider under the frozen study taxonomy.",https://www.google.com/maps?cid=895678497028964503,Codex-assisted exact-profile audit,2026-09-25
google:cid:15714100834549036307,86,LA_CA_L,Affinity Cosmetic Center,"12304 Santa Monica Blvd #101, Los Angeles, CA 90025",business_listings,Skin care clinic,+1310-801-6484,www.affinitycosmeticcenter.com,http://www.affinitycosmeticcenter.com/,https://www.google.com/maps?cid=15714100834549036307,https://www.google.com/search?q=%22Affinity+Cosmetic+Center%22+%2212304+Santa+Monica+Blvd+%23101%2C+Los+Angeles%2C+CA+90025%22+dental,www.affinitycosmeticcenter.com,official_site_and_exact_profile,exclude_non_dentist_category,"Exact Google profile title and primary category identify Skin care clinic, not a patient-facing dental provider under the frozen study taxonomy.",https://www.google.com/maps?cid=15714100834549036307,Codex-assisted exact-profile audit,2026-09-25
google:cid:8733211690348049313,87,LA_CA_L,"AltaMed Medical and Dental Group - Pasadena, Fair Oaks","1855 N Fair Oaks Ave #200, Pasadena, CA 91103",business_listings,Medical clinic,+1888-499-9303,www.altamed.org,https://www.altamed.org/,https://www.google.com/maps?cid=8733211690348049313,https://www.google.com/search?q=%22AltaMed+Medical+and+Dental+Group+-+Pasadena%2C+Fair+Oaks%22+%221855+N+Fair+Oaks+Ave+%23200%2C+Pasadena%2C+CA+91103%22+dental,www.altamed.org,official_site_and_exact_profile,,,,,
google:cid:11349040228690126297,88,LA_CA_L,AltaMed Medical and Dental Group - South Gate,"8627 Atlantic Ave, South Gate, CA 90280",business_listings,Medical group,+1888-499-9303,www.altamed.org,http://www.altamed.org/,https://www.google.com/maps?cid=11349040228690126297,https://www.google.com/search?q=%22AltaMed+Medical+and+Dental+Group+-+South+Gate%22+%228627+Atlantic+Ave%2C+South+Gate%2C+CA+90280%22+dental,www.altamed.org,official_site_and_exact_profile,,,,,
google:cid:8910150710373783377,89,LA_CA_L,"Dr. Wei Ching Lee, MD - Arc Motion Rehab Clinic","55 E Huntington Dr #219, Arcadia, CA 91006",business_listings,Pain management physician,+1626-817-3422,www.arcmotionrehab.com,http://www.arcmotionrehab.com/,https://www.google.com/maps?cid=8910150710373783377,https://www.google.com/search?q=%22Dr.+Wei+Ching+Lee%2C+MD+-+Arc+Motion+Rehab+Clinic%22+%2255+E+Huntington+Dr+%23219%2C+Arcadia%2C+CA+91006%22+dental,www.arcmotionrehab.com,official_site_and_exact_profile,exclude_non_dentist_category,"Exact Google profile title and primary category identify Pain management physician, not a patient-facing dental provider under the frozen study taxonomy.",https://www.google.com/maps?cid=8910150710373783377,Codex-assisted exact-profile audit,2026-09-25
google:cid:11311635005790691978,90,LA_CA_L,Wong Jessica Pea MD,"6000 N Figueroa St, Highland Park, CA 90042",business_listings,Doctor,+1323-254-5221,www.arroyovista.org,http://www.arroyovista.org/,https://www.google.com/maps?cid=11311635005790691978,https://www.google.com/search?q=%22Wong+Jessica+Pea+MD%22+%226000+N+Figueroa+St%2C+Highland+Park%2C+CA+90042%22+dental,www.arroyovista.org,official_site_and_exact_profile,,,,,
google:cid:6614151412022945732,91,LA_CA_L,Central City Community Health Center,"5970 S Central Ave, Los Angeles, CA 90001",business_listings,Community health center,+1323-234-3280,www.centralcityhealth.org,http://www.centralcityhealth.org/,https://www.google.com/maps?cid=6614151412022945732,https://www.google.com/search?q=%22Central+City+Community+Health+Center%22+%225970+S+Central+Ave%2C+Los+Angeles%2C+CA+90001%22+dental,www.centralcityhealth.org,official_site_and_exact_profile,,,,,
google:cid:16938644178152517497,92,LA_CA_L,Chinatown Service Center,"767 N Hill St, Los Angeles, CA 90012",maps_core,Health,+1213-808-1792,www.cscla.org,https://www.cscla.org/,https://www.google.com/maps?cid=16938644178152517497,https://www.google.com/search?q=%22Chinatown+Service+Center%22+%22767+N+Hill+St%2C+Los+Angeles%2C+CA+90012%22+dental,www.cscla.org,official_site_and_exact_profile,,,,,
google:cid:13084037250118456891,93,LA_CA_L,Endoscopy Center At Skypark,"23441 Madison St, Torrance, CA 90505",business_listings,Medical clinic,+1310-375-6461,www.digestivecareconsultants.net,http://www.digestivecareconsultants.net/,https://www.google.com/maps?cid=13084037250118456891,https://www.google.com/search?q=%22Endoscopy+Center+At+Skypark%22+%2223441+Madison+St%2C+Torrance%2C+CA+90505%22+dental,www.digestivecareconsultants.net,official_site_and_exact_profile,,,,,
google:cid:7614563752735245075,94,LA_CA_L,El Proyecto Del Barrio,"9140 Van Nuys Blvd, Panorama City, CA 91402",business_listings,Medical clinic,+1818-830-7181,www.elproyecto.us,https://www.elproyecto.us/,https://www.google.com/maps?cid=7614563752735245075,https://www.google.com/search?q=%22El+Proyecto+Del+Barrio%22+%229140+Van+Nuys+Blvd%2C+Panorama+City%2C+CA+91402%22+dental,www.elproyecto.us,official_site_and_exact_profile,,,,,
google:cid:16643914325503616698,95,LA_CA_L,Encino Center for Sleep and TMJ Disorders,"16500 Ventura Blvd #370, Encino, CA 91436",business_listings,Sleep clinic,+1818-300-0070,www.encinosleepandtmj.com,http://www.encinosleepandtmj.com/,https://www.google.com/maps?cid=16643914325503616698,https://www.google.com/search?q=%22Encino+Center+for+Sleep+and+TMJ+Disorders%22+%2216500+Ventura+Blvd+%23370%2C+Encino%2C+CA+91436%22+dental,www.encinosleepandtmj.com,official_site_and_exact_profile,,,,,
google:cid:16173013667061739290,96,LA_CA_L,Friends of Family Health Center,"501 S Idaho St, La Habra, CA 90631",business_listings,Medical clinic,+1562-690-0400,www.fofhealthcenter.org,http://www.fofhealthcenter.org/,https://www.google.com/maps?cid=16173013667061739290,https://www.google.com/search?q=%22Friends+of+Family+Health+Center%22+%22501+S+Idaho+St%2C+La+Habra%2C+CA+90631%22+dental,www.fofhealthcenter.org,official_site_and_exact_profile,,,,,
google:cid:7646798875731967891,97,LA_CA_L,"InterDent, Inc.","2260 E Imperial Hwy, El Segundo, CA 90245",business_listings,Business to business service,+1310-765-2400,www.interdent.com,https://www.interdent.com/,https://www.google.com/maps?cid=7646798875731967891,https://www.google.com/search?q=%22InterDent%2C+Inc.%22+%222260+E+Imperial+Hwy%2C+El+Segundo%2C+CA+90245%22+dental,www.interdent.com,official_site_and_exact_profile,exclude_non_dentist_category,"Exact Google profile title and primary category identify Business to business service, not a patient-facing dental provider under the frozen study taxonomy.",https://www.google.com/maps?cid=7646798875731967891,Codex-assisted exact-profile audit,2026-09-25
google:cid:12486001094639181232,98,LA_CA_L,Jaw Surgery Los Angeles,"2811 Wilshire Blvd Suite 940B, Santa Monica, CA 90403",business_listings,Plastic surgery clinic,+1310-857-2088,www.jawsurgerylosangeles.com,https://www.jawsurgerylosangeles.com/?y_source=1_MTY5Njc1NzctNzE1LWxvY2F0aW9uLndlYnNpdGU%3D,https://www.google.com/maps?cid=12486001094639181232,https://www.google.com/search?q=%22Jaw+Surgery+Los+Angeles%22+%222811+Wilshire+Blvd+Suite+940B%2C+Santa+Monica%2C+CA+90403%22+dental,www.jawsurgerylosangeles.com,official_site_and_exact_profile,,,,,
google:cid:15738244679380707742,99,LA_CA_L,K9 LOFT,"2170 Sunset Blvd, Los Angeles, CA 90026",business_listings,Pet boarding service,+1213-484-6006,www.k9loft.com,http://www.k9loft.com/,https://www.google.com/maps?cid=15738244679380707742,https://www.google.com/search?q=%22K9+LOFT%22+%222170+Sunset+Blvd%2C+Los+Angeles%2C+CA+90026%22+dental,www.k9loft.com,official_site_and_exact_profile,exclude_non_dentist_category,"Exact Google profile title and primary category identify Pet boarding service, not a patient-facing dental provider under the frozen study taxonomy.",https://www.google.com/maps?cid=15738244679380707742,Codex-assisted exact-profile audit,2026-09-25
google:cid:6628421155979957422,100,LA_CA_L,K9 Loft,"14257 Ventura Blvd, Sherman Oaks, CA 91423",business_listings,Pet groomer,+1818-905-6006,www.k9loft.com,http://www.k9loft.com/,https://www.google.com/maps?cid=6628421155979957422,https://www.google.com/search?q=%22K9+Loft%22+%2214257+Ventura+Blvd%2C+Sherman+Oaks%2C+CA+91423%22+dental,www.k9loft.com,official_site_and_exact_profile,exclude_non_dentist_category,"Exact Google profile title and primary category identify Pet groomer, not a patient-facing dental provider under the frozen study taxonomy.",https://www.google.com/maps?cid=6628421155979957422,Codex-assisted exact-profile audit,2026-09-25
google:cid:8520393266508949767,101,LA_CA_L,K9 Loft,"450 S Arroyo Pkwy, Pasadena, CA 91105",business_listings,Kennel,+1626-795-6060,www.k9loft.com,http://www.k9loft.com/,https://www.google.com/maps?cid=8520393266508949767,https://www.google.com/search?q=%22K9+Loft%22+%22450+S+Arroyo+Pkwy%2C+Pasadena%2C+CA+91105%22+dental,www.k9loft.com,official_site_and_exact_profile,exclude_non_dentist_category,"Exact Google profile title and primary category identify Kennel, not a patient-facing dental provider under the frozen study taxonomy.",https://www.google.com/maps?cid=8520393266508949767,Codex-assisted exact-profile audit,2026-09-25
google:cid:6196496635137087288,102,LA_CA_L,KCS Health Center - Orangethorpe,"7212 Orangethorpe Ave #9a, Buena Park, CA 90621",business_listings,Medical clinic,+1714-503-6550,www.kcsinc.org,https://www.kcsinc.org/,https://www.google.com/maps?cid=6196496635137087288,https://www.google.com/search?q=%22KCS+Health+Center+-+Orangethorpe%22+%227212+Orangethorpe+Ave+%239a%2C+Buena+Park%2C+CA+90621%22+dental,www.kcsinc.org,official_site_and_exact_profile,,,,,
google:cid:8154161051919693340,103,LA_CA_L,Kheir Clinic Suite 120,"3255 Wilshire Blvd, Los Angeles, CA 90010",business_listings,Medical clinic,+1213-235-2500,www.lakheir.org,http://www.lakheir.org/,https://www.google.com/maps?cid=8154161051919693340,https://www.google.com/search?q=%22Kheir+Clinic+Suite+120%22+%223255+Wilshire+Blvd%2C+Los+Angeles%2C+CA+90010%22+dental,www.lakheir.org,official_site_and_exact_profile,,,,,
google:cid:2840277457789965236,104,LA_CA_L,"Mission City Community Network, Inc - North Hills","15206 Parthenia St, North Hills, CA 91343",business_listings,Medical clinic,+1818-895-3100,www.mccn.org,http://www.mccn.org/,https://www.google.com/maps?cid=2840277457789965236,https://www.google.com/search?q=%22Mission+City+Community+Network%2C+Inc+-+North+Hills%22+%2215206+Parthenia+St%2C+North+Hills%2C+CA+91343%22+dental,www.mccn.org,official_site_and_exact_profile,,,,,
google:cid:8342031488362629794,105,LA_CA_L,Millennium Health Group,"16661 Ventura Blvd #716, Encino, CA 91436",business_listings,Alternative medicine practitioner,+1818-990-1166,www.millenniumhealthcenters.com,http://www.millenniumhealthcenters.com/,https://www.google.com/maps?cid=8342031488362629794,https://www.google.com/search?q=%22Millennium+Health+Group%22+%2216661+Ventura+Blvd+%23716%2C+Encino%2C+CA+91436%22+dental,www.millenniumhealthcenters.com,official_site_and_exact_profile,exclude_non_dentist_category,"Exact Google profile title and primary category identify Alternative medicine practitioner, not a patient-facing dental provider under the frozen study taxonomy.",https://www.google.com/maps?cid=8342031488362629794,Codex-assisted exact-profile audit,2026-09-25
google:cid:539673608057027857,106,LA_CA_L,Mobile 3D Advantage,"10315 Los Alamitos Blvd, Los Alamitos, CA 90720",business_listings,X-ray lab,+1949-282-0083,www.mobile3dadvantage.com,https://www.mobile3dadvantage.com/,https://www.google.com/maps?cid=539673608057027857,https://www.google.com/search?q=%22Mobile+3D+Advantage%22+%2210315+Los+Alamitos+Blvd%2C+Los+Alamitos%2C+CA+90720%22+dental,www.mobile3dadvantage.com,official_site_and_exact_profile,exclude_non_dentist_category,"Exact Google profile title and primary category identify X-ray lab, not a patient-facing dental provider under the frozen study taxonomy.",https://www.google.com/maps?cid=539673608057027857,Codex-assisted exact-profile audit,2026-09-25
google:cid:339669297753351258,107,LA_CA_L,Neobiotech USA,"2700 E Foothill Blvd Unit 121, Pasadena, CA 91107",business_listings,Medical equipment supplier,+1213-387-7704,www.neobiotechusa.com,http://www.neobiotechusa.com/,https://www.google.com/maps?cid=339669297753351258,https://www.google.com/search?q=%22Neobiotech+USA%22+%222700+E+Foothill+Blvd+Unit+121%2C+Pasadena%2C+CA+91107%22+dental,www.neobiotechusa.com,official_site_and_exact_profile,exclude_non_dentist_category,"Exact Google profile title and primary category identify Medical equipment supplier, not a patient-facing dental provider under the frozen study taxonomy.",https://www.google.com/maps?cid=339669297753351258,Codex-assisted exact-profile audit,2026-09-25
google:cid:3096215368823140089,108,LA_CA_L,Northeast Valley Health Corporation (San Fernando Health Center),"1600 San Fernando Rd, San Fernando, CA 91340",business_listings,Medical clinic,+1818-365-8086,www.nevhc.org,http://www.nevhc.org/,https://www.google.com/maps?cid=3096215368823140089,https://www.google.com/search?q=%22Northeast+Valley+Health+Corporation+%28San+Fernando+Health+Center%29%22+%221600+San+Fernando+Rd%2C+San+Fernando%2C+CA+91340%22+dental,www.nevhc.org,official_site_and_exact_profile,,,,,
google:cid:11920906171447464232,109,LA_CA_L,Granada Hills Radiology,"10515 Balboa Blvd #240, Granada Hills, CA 91344",business_listings,X-ray lab,+1818-832-3300,www.raddico.com,http://www.raddico.com/,https://www.google.com/maps?cid=11920906171447464232,https://www.google.com/search?q=%22Granada+Hills+Radiology%22+%2210515+Balboa+Blvd+%23240%2C+Granada+Hills%2C+CA+91344%22+dental,www.raddico.com,official_site_and_exact_profile,exclude_non_dentist_category,"Exact Google profile title and primary category identify X-ray lab, not a patient-facing dental provider under the frozen study taxonomy.",https://www.google.com/maps?cid=11920906171447464232,Codex-assisted exact-profile audit,2026-09-25
google:cid:6179340572617374652,110,LA_CA_L,The Wallis Annenberg Children & Family Health Center at Hollywood Wilshire Health Center,"5205 Melrose Ave, Los Angeles, CA 90038",business_listings,Mental health clinic,+1323-653-8622,www.sabancommunityclinic.org,http://www.sabancommunityclinic.org/,https://www.google.com/maps?cid=6179340572617374652,https://www.google.com/search?q=%22The+Wallis+Annenberg+Children+%26+Family+Health+Center+at+Hollywood+Wilshire+Health+Center%22+%225205+Melrose+Ave%2C+Los+Angeles%2C+CA+90038%22+dental,www.sabancommunityclinic.org,official_site_and_exact_profile,,,,,
google:cid:1439068570786713565,111,LA_CA_L,Venice Family Clinic - Simms/Mann Health Ctr,"2509 Pico Blvd, Santa Monica, CA 90405",business_listings,Medical clinic,+1310-392-8636,www.venicefamilyclinic.org,https://www.venicefamilyclinic.org/,https://www.google.com/maps?cid=1439068570786713565,https://www.google.com/search?q=%22Venice+Family+Clinic+-+Simms%2FMann+Health+Ctr%22+%222509+Pico+Blvd%2C+Santa+Monica%2C+CA+90405%22+dental,www.venicefamilyclinic.org,official_site_and_exact_profile,,,,,
google:cid:2329387890553899643,112,LA_CA_L,Via Care Cesar Chavez Health Center,"4755 E Cesar E Chavez Ave, East Los Angeles, CA 90022",business_listings,Medical clinic,+1323-268-9191,www.viacarela.org,https://www.viacarela.org/,https://www.google.com/maps?cid=2329387890553899643,https://www.google.com/search?q=%22Via+Care+Cesar+Chavez+Health+Center%22+%224755+E+Cesar+E+Chavez+Ave%2C+East+Los+Angeles%2C+CA+90022%22+dental,www.viacarela.org,official_site_and_exact_profile,,,,,
google:cid:17870772743849719591,113,LA_CA_L,Watts Healthcare - Watts Health Center,"10300 Compton Ave, Los Angeles, CA 90002",business_listings,Community health center,+1323-564-4331,www.wattshealth.org,http://www.wattshealth.org/,https://www.google.com/maps?cid=17870772743849719591,https://www.google.com/search?q=%22Watts+Healthcare+-+Watts+Health+Center%22+%2210300+Compton+Ave%2C+Los+Angeles%2C+CA+90002%22+dental,www.wattshealth.org,official_site_and_exact_profile,,,,,
google:cid:920815215444172769,114,Macon_GA_M,"Bibb Family Practice Associates, PC","721 Riverside Dr Ln, Macon, GA 31201",maps_core,Medical clinic,+1478-259-3439,bibbfamilypractice.com,http://bibbfamilypractice.com/,https://www.google.com/maps?cid=920815215444172769,https://www.google.com/search?q=%22Bibb+Family+Practice+Associates%2C+PC%22+%22721+Riverside+Dr+Ln%2C+Macon%2C+GA+31201%22+dental,bibbfamilypractice.com,official_site_and_exact_profile,,,,,
google:cid:14174239940159880544,115,Macon_GA_M,Macon Holistic,"1080 3rd St Ste 200, Macon, GA 31201",maps_core,Acupuncture clinic,+1478-284-1576,maconholistic.com,http://maconholistic.com/,https://www.google.com/maps?cid=14174239940159880544,https://www.google.com/search?q=%22Macon+Holistic%22+%221080+3rd+St+Ste+200%2C+Macon%2C+GA+31201%22+dental,maconholistic.com,official_site_and_exact_profile,exclude_non_dentist_category,"Exact Google profile title and primary category identify Acupuncture clinic, not a patient-facing dental provider under the frozen study taxonomy.",https://www.google.com/maps?cid=14174239940159880544,Codex-assisted exact-profile audit,2026-09-25
google:cid:13284838367573234959,116,Macon_GA_M,Walmart Health Center,"6020 Harrison Rd Suite B, Macon, GA 31206",business_listings,Medical clinic,+1478-703-0468,walmarthealth.com,https://walmarthealth.com/,https://www.google.com/maps?cid=13284838367573234959,https://www.google.com/search?q=%22Walmart+Health+Center%22+%226020+Harrison+Rd+Suite+B%2C+Macon%2C+GA+31206%22+dental,walmarthealth.com,official_site_and_exact_profile,,,,,
google:cid:2683486518035905913,117,Macon_GA_M,Macon VA Clinic,"5566 Thomaston Rd, Macon, GA 31220",maps_core,Medical clinic,+1478-476-8868,www.dublin.va.gov,http://www.dublin.va.gov/,https://www.google.com/maps?cid=2683486518035905913,https://www.google.com/search?q=%22Macon+VA+Clinic%22+%225566+Thomaston+Rd%2C+Macon%2C+GA+31220%22+dental,www.dublin.va.gov,official_site_and_exact_profile,,,,,
google:cid:15706617772192173359,118,Macon_GA_M,First Choice Primary Care: Rountree Rhonda MD,"770 Walnut St # 7A, Macon, GA 31201",maps_core,Registered general nurse,+1478-787-4266,www.firstchoiceprimarycare.org,https://www.firstchoiceprimarycare.org/,https://www.google.com/maps?cid=15706617772192173359,https://www.google.com/search?q=%22First+Choice+Primary+Care%3A+Rountree+Rhonda+MD%22+%22770+Walnut+St+%23+7A%2C+Macon%2C+GA+31201%22+dental,www.firstchoiceprimarycare.org,official_site_and_exact_profile,exclude_non_dentist_category,"Exact Google profile title and primary category identify Registered general nurse, not a patient-facing dental provider under the frozen study taxonomy.",https://www.google.com/maps?cid=15706617772192173359,Codex-assisted exact-profile audit,2026-09-25
google:cid:4599951736689123327,119,Macon_GA_M,Macon Volunteer Clinic,"770 Walnut St, Macon, GA 31201",maps_core|maps_specialist,Medical clinic,+1478-755-1110,www.maconvolunteerclinic.org,http://www.maconvolunteerclinic.org/,https://www.google.com/maps?cid=4599951736689123327,https://www.google.com/search?q=%22Macon+Volunteer+Clinic%22+%22770+Walnut+St%2C+Macon%2C+GA+31201%22+dental,www.maconvolunteerclinic.org,official_site_and_exact_profile,,,,,
google:cid:135096128598810680,120,Macon_GA_M,North Central Health District,"201 2nd St, Macon, GA 31201",maps_core,State government office,+1478-751-6303,www.northcentralhealthdistrict.org,http://www.northcentralhealthdistrict.org/,https://www.google.com/maps?cid=135096128598810680,https://www.google.com/search?q=%22North+Central+Health+District%22+%22201+2nd+St%2C+Macon%2C+GA+31201%22+dental,www.northcentralhealthdistrict.org,official_site_and_exact_profile,,,,,
google:cid:7177437249452483103,121,NYC_NY_L,Advanced Medical & Dental,"147-12 Rockaway Blvd, Jamaica, NY 11436",business_listings,Medical clinic,+1718-732-7744,advancedmedicalanddental.com,http://advancedmedicalanddental.com/,https://www.google.com/maps?cid=7177437249452483103,https://www.google.com/search?q=%22Advanced+Medical+%26+Dental%22+%22147-12+Rockaway+Blvd%2C+Jamaica%2C+NY+11436%22+dental,advancedmedicalanddental.com,official_site_and_exact_profile,,,,,
google:cid:16296289560891316346,122,NYC_NY_L,CEC Health Care - Glen Cove,"113 Glen Cove Ave, Glen Cove, NY 11542",business_listings,Medical clinic,+1516-622-8888,charlesevanscenter.org,http://charlesevanscenter.org/,https://www.google.com/maps?cid=16296289560891316346,https://www.google.com/search?q=%22CEC+Health+Care+-+Glen+Cove%22+%22113+Glen+Cove+Ave%2C+Glen+Cove%2C+NY+11542%22+dental,charlesevanscenter.org,official_site_and_exact_profile,,,,,
google:cid:18214434003362221946,123,NYC_NY_L,Hanna Face and Jaw,"521 Park Ave C, New York, NY 10065",business_listings,Surgical center,+1212-779-2787,hannafacejaw.com,https://hannafacejaw.com/,https://www.google.com/maps?cid=18214434003362221946,https://www.google.com/search?q=%22Hanna+Face+and+Jaw%22+%22521+Park+Ave+C%2C+New+York%2C+NY+10065%22+dental,hannafacejaw.com,official_site_and_exact_profile,,,,,
google:cid:5978500574907670907,124,NYC_NY_L,Harlem United,"179 E 116th St, New York, NY 10029",business_listings,Community health center,+1212-987-3707,harlemunited.org,http://harlemunited.org/,https://www.google.com/maps?cid=5978500574907670907,https://www.google.com/search?q=%22Harlem+United%22+%22179+E+116th+St%2C+New+York%2C+NY+10029%22+dental,harlemunited.org,official_site_and_exact_profile,,,,,
google:cid:7258043979584977031,125,NYC_NY_L,Ramon Velez Health Center,"754 E 151st St, Bronx, NY 10455",business_listings,Medical clinic,+1718-734-2539,lacasadesalud.org,https://lacasadesalud.org/,https://www.google.com/maps?cid=7258043979584977031,https://www.google.com/search?q=%22Ramon+Velez+Health+Center%22+%22754+E+151st+St%2C+Bronx%2C+NY+10455%22+dental,lacasadesalud.org,official_site_and_exact_profile,,,,,
google:cid:10654524086348142840,126,NYC_NY_L,Long Island Denture Center,"142 Union Ave, Lynbrook, NY 11563",business_listings,Denture care center,+1516-905-3368,longislanddenturecenter.com,https://longislanddenturecenter.com/,https://www.google.com/maps?cid=10654524086348142840,https://www.google.com/search?q=%22Long+Island+Denture+Center%22+%22142+Union+Ave%2C+Lynbrook%2C+NY+11563%22+dental,longislanddenturecenter.com,official_site_and_exact_profile,,,,,
google:cid:12734663689420348493,127,NYC_NY_L,Meadow Park Rehab & Healthcare,"78-10 164th St, Fresh Meadows, NY 11366",business_listings,Nursing home,+1718-591-8300,meadowparkrehab.com,http://meadowparkrehab.com/,https://www.google.com/maps?cid=12734663689420348493,https://www.google.com/search?q=%22Meadow+Park+Rehab+%26+Healthcare%22+%2278-10+164th+St%2C+Fresh+Meadows%2C+NY+11366%22+dental,meadowparkrehab.com,official_site_and_exact_profile,exclude_non_dentist_category,"Exact Google profile title and primary category identify Nursing home, not a patient-facing dental provider under the frozen study taxonomy.",https://www.google.com/maps?cid=12734663689420348493,Codex-assisted exact-profile audit,2026-09-25
google:cid:14013165419560239248,128,NYC_NY_L,New York Sleep Solutions,"265 Madison Ave 3rd floor, New York, NY 10016",business_listings,Sleep clinic,+1212-540-1622,nysleepsolutions.com,https://nysleepsolutions.com/,https://www.google.com/maps?cid=14013165419560239248,https://www.google.com/search?q=%22New+York+Sleep+Solutions%22+%22265+Madison+Ave+3rd+floor%2C+New+York%2C+NY+10016%22+dental,nysleepsolutions.com,official_site_and_exact_profile,,,,,
google:cid:14748533435362658906,129,NYC_NY_L,One Hanson Place,"One Hanson Pl, Brooklyn, NY 11243",business_listings,Condominium complex,+1718-783-6608,onehansonplace.nyc,https://onehansonplace.nyc/,https://www.google.com/maps?cid=14748533435362658906,https://www.google.com/search?q=%22One+Hanson+Place%22+%22One+Hanson+Pl%2C+Brooklyn%2C+NY+11243%22+dental,onehansonplace.nyc,official_site_and_exact_profile,exclude_non_dentist_category,"Exact Google profile title and primary category identify Condominium complex, not a patient-facing dental provider under the frozen study taxonomy.",https://www.google.com/maps?cid=14748533435362658906,Codex-assisted exact-profile audit,2026-09-25
google:cid:5575282571407485970,130,NYC_NY_L,Rambam Family Health Center,"1122 Chestnut Ave, Brooklyn, NY 11230",business_listings,Medical clinic,+1718-942-3888,rambamfamilyhealth.org,https://rambamfamilyhealth.org/,https://www.google.com/maps?cid=5575282571407485970,https://www.google.com/search?q=%22Rambam+Family+Health+Center%22+%221122+Chestnut+Ave%2C+Brooklyn%2C+NY+11230%22+dental,rambamfamilyhealth.org,official_site_and_exact_profile,,,,,
google:cid:9768454306702895582,131,NYC_NY_L,Dr. Omid Arastehmanesh,"5313 New Utrecht Ave, Brooklyn, NY 11219",business_listings,Medical clinic,+1718-435-3400,refuahfamilydental.com,https://refuahfamilydental.com/,https://www.google.com/maps?cid=9768454306702895582,https://www.google.com/search?q=%22Dr.+Omid+Arastehmanesh%22+%225313+New+Utrecht+Ave%2C+Brooklyn%2C+NY+11219%22+dental,refuahfamilydental.com,official_site_and_exact_profile,,,,,
google:cid:18267820865628352209,132,NYC_NY_L,"The Joseph P. Addabbo Family Health Center, Inc.","62-00 Beach Channel Dr, Arverne, NY 11692",business_listings,Medical Center,+1718-945-7150,www.addabbo.org,http://www.addabbo.org/,https://www.google.com/maps?cid=18267820865628352209,https://www.google.com/search?q=%22The+Joseph+P.+Addabbo+Family+Health+Center%2C+Inc.%22+%2262-00+Beach+Channel+Dr%2C+Arverne%2C+NY+11692%22+dental,www.addabbo.org,official_site_and_exact_profile,,,,,
google:cid:15502555001169980906,133,NYC_NY_L,Aquatic Rehabilitation Center,"1659 78th St, Brooklyn, NY 11214",business_listings,Rehabilitation center,+1718-234-1212,www.aquaticrehabilitation.com,http://www.aquaticrehabilitation.com/,https://www.google.com/maps?cid=15502555001169980906,https://www.google.com/search?q=%22Aquatic+Rehabilitation+Center%22+%221659+78th+St%2C+Brooklyn%2C+NY+11214%22+dental,www.aquaticrehabilitation.com,official_site_and_exact_profile,exclude_non_dentist_category,"Exact Google profile title and primary category identify Rehabilitation center, not a patient-facing dental provider under the frozen study taxonomy.",https://www.google.com/maps?cid=15502555001169980906,Codex-assisted exact-profile audit,2026-09-25
google:cid:15795670956715437029,134,NYC_NY_L,Aspire Health Solutions,"8 Davison Plaza, East Rockaway, NY 11518",business_listings,Home health care service,+1347-717-4117,www.aspirehs.com,https://www.aspirehs.com/,https://www.google.com/maps?cid=15795670956715437029,https://www.google.com/search?q=%22Aspire+Health+Solutions%22+%228+Davison+Plaza%2C+East+Rockaway%2C+NY+11518%22+dental,www.aspirehs.com,official_site_and_exact_profile,exclude_non_dentist_category,"Exact Google profile title and primary category identify Home health care service, not a patient-facing dental provider under the frozen study taxonomy.",https://www.google.com/maps?cid=15795670956715437029,Codex-assisted exact-profile audit,2026-09-25
google:cid:9629879480313591668,135,NYC_NY_L,Betances Health Center,"280 Henry St, New York, NY 10002",business_listings,Community health center,+1212-227-8401,www.betances.org,http://www.betances.org/,https://www.google.com/maps?cid=9629879480313591668,https://www.google.com/search?q=%22Betances+Health+Center%22+%22280+Henry+St%2C+New+York%2C+NY+10002%22+dental,www.betances.org,official_site_and_exact_profile,,,,,
google:cid:5699955828418129941,136,NYC_NY_L,Be Well Primary Health Care Center,"3007 Farragut Rd, Brooklyn, NY 11210",business_listings,Internist,+1718-253-9355,www.bewellmedical.com,http://www.bewellmedical.com/,https://www.google.com/maps?cid=5699955828418129941,https://www.google.com/search?q=%22Be+Well+Primary+Health+Care+Center%22+%223007+Farragut+Rd%2C+Brooklyn%2C+NY+11210%22+dental,www.bewellmedical.com,official_site_and_exact_profile,,,,,
google:cid:3395348879050996542,137,NYC_NY_L,BMS Family Health and Wellness Centers@Ashford,"650 Ashford St, Brooklyn, NY 11207",business_listings,Medical Center,+1718-345-5000,www.bmsfamilyhealth.org,https://www.bmsfamilyhealth.org/,https://www.google.com/maps?cid=3395348879050996542,https://www.google.com/search?q=%22BMS+Family+Health+and+Wellness+Centers%40Ashford%22+%22650+Ashford+St%2C+Brooklyn%2C+NY+11207%22+dental,www.bmsfamilyhealth.org,official_site_and_exact_profile,,,,,
google:cid:14221168649792805791,138,NYC_NY_L,Whitman Ingersoll Farragut Hea,"297 Myrtle Ave, Brooklyn, NY 11205",business_listings,Medical clinic,+1718-596-8000,www.brooklynplaza.org,http://www.brooklynplaza.org/,https://www.google.com/maps?cid=14221168649792805791,https://www.google.com/search?q=%22Whitman+Ingersoll+Farragut+Hea%22+%22297+Myrtle+Ave%2C+Brooklyn%2C+NY+11205%22+dental,www.brooklynplaza.org,official_site_and_exact_profile,,,,,
google:cid:5427215135935540092,139,NYC_NY_L,Charles B. Wang Community Health Center,"131-72 40th Rd 4th Floor, Flushing, NY 11354",business_listings,Medical Center,+1718-587-1111,www.cbwchc.org,https://www.cbwchc.org/,https://www.google.com/maps?cid=5427215135935540092,https://www.google.com/search?q=%22Charles+B.+Wang+Community+Health+Center%22+%22131-72+40th+Rd+4th+Floor%2C+Flushing%2C+NY+11354%22+dental,www.cbwchc.org,official_site_and_exact_profile,,,,,
google:cid:7617309210467543931,140,NYC_NY_L,"Antonia Sarris, LCSW","25 Chapel St, Brooklyn, NY 11201",business_listings,Social services organization,+1718-398-0153,www.ccbq.org,http://www.ccbq.org/,https://www.google.com/maps?cid=7617309210467543931,https://www.google.com/search?q=%22Antonia+Sarris%2C+LCSW%22+%2225+Chapel+St%2C+Brooklyn%2C+NY+11201%22+dental,www.ccbq.org,official_site_and_exact_profile,exclude_non_dentist_category,"Exact Google profile title and primary category identify Social services organization, not a patient-facing dental provider under the frozen study taxonomy.",https://www.google.com/maps?cid=7617309210467543931,Codex-assisted exact-profile audit,2026-09-25
google:cid:7171405538689679713,141,NYC_NY_L,Coffee and Consulting LLC,"1633 E 15th St, Brooklyn, NY 11229",business_listings,Bookkeeping service,+1401-236-7286,www.coffeeandconsultingllc.com,https://www.coffeeandconsultingllc.com/,https://www.google.com/maps?cid=7171405538689679713,https://www.google.com/search?q=%22Coffee+and+Consulting+LLC%22+%221633+E+15th+St%2C+Brooklyn%2C+NY+11229%22+dental,www.coffeeandconsultingllc.com,official_site_and_exact_profile,exclude_non_dentist_category,"Exact Google profile title and primary category identify Bookkeeping service, not a patient-facing dental provider under the frozen study taxonomy.",https://www.google.com/maps?cid=7171405538689679713,Codex-assisted exact-profile audit,2026-09-25
google:cid:18239375735290298326,142,NYC_NY_L,Damian Family Health Center,"137-50 Jamaica Ave, Jamaica, NY 11435",business_listings,Medical clinic,+1718-298-5100,www.damian.org,http://www.damian.org/,https://www.google.com/maps?cid=18239375735290298326,https://www.google.com/search?q=%22Damian+Family+Health+Center%22+%22137-50+Jamaica+Ave%2C+Jamaica%2C+NY+11435%22+dental,www.damian.org,official_site_and_exact_profile,,,,,
google:cid:5452137540325187513,143,NYC_NY_L,Devonshire House,"28 E 10th St, New York, NY 10003",business_listings,Condominium complex,+1212-254-2053,www.devonshirehouse10th.com,https://www.devonshirehouse10th.com/,https://www.google.com/maps?cid=5452137540325187513,https://www.google.com/search?q=%22Devonshire+House%22+%2228+E+10th+St%2C+New+York%2C+NY+10003%22+dental,www.devonshirehouse10th.com,official_site_and_exact_profile,exclude_non_dentist_category,"Exact Google profile title and primary category identify Condominium complex, not a patient-facing dental provider under the frozen study taxonomy.",https://www.google.com/maps?cid=5452137540325187513,Codex-assisted exact-profile audit,2026-09-25
google:cid:7626899602233517191,144,NYC_NY_L,Health Science Center At Brooklyn,"450 Clarkson Ave #30, Brooklyn, NY 11203",business_listings,Medical clinic,+1718-270-1000,www.downstate.edu,http://www.downstate.edu/,https://www.google.com/maps?cid=7626899602233517191,https://www.google.com/search?q=%22Health+Science+Center+At+Brooklyn%22+%22450+Clarkson+Ave+%2330%2C+Brooklyn%2C+NY+11203%22+dental,www.downstate.edu,official_site_and_exact_profile,,,,,
google:cid:3257959083374607564,145,NYC_NY_L,First Family Care Medical and Dental,"701 Avenue U, Brooklyn, NY 11223",business_listings,Medical clinic,+1718-336-0100,www.firstfamilycare.com,http://www.firstfamilycare.com/,https://www.google.com/maps?cid=3257959083374607564,https://www.google.com/search?q=%22First+Family+Care+Medical+and+Dental%22+%22701+Avenue+U%2C+Brooklyn%2C+NY+11223%22+dental,www.firstfamilycare.com,official_site_and_exact_profile,,,,,
google:cid:15971631033806517776,146,NYC_NY_L,Geoffrey Halberstadt,"364 Merrick Rd, Rockville Centre, NY 11570",business_listings,Medical clinic,+1516-594-9510,www.halberstadtortho.com,https://www.halberstadtortho.com/,https://www.google.com/maps?cid=15971631033806517776,https://www.google.com/search?q=%22Geoffrey+Halberstadt%22+%22364+Merrick+Rd%2C+Rockville+Centre%2C+NY+11570%22+dental,www.halberstadtortho.com,official_site_and_exact_profile,,,,,
google:cid:1233923132299180747,147,NYC_NY_L,Harlem United's The Nest Community Health Center,"169 W 133rd St, New York, NY 10030",business_listings,Community health center,+1844-464-2753,www.harlemunited.org,http://www.harlemunited.org/,https://www.google.com/maps?cid=1233923132299180747,https://www.google.com/search?q=%22Harlem+United%27s+The+Nest+Community+Health+Center%22+%22169+W+133rd+St%2C+New+York%2C+NY+10030%22+dental,www.harlemunited.org,official_site_and_exact_profile,,,,,
google:cid:12316060239770702726,148,NYC_NY_L,Queens Audiology PLLC,"150-12 14th Ave, Whitestone, NY 11357",business_listings,Medical clinic,+1718-279-4327,www.manhattanaudiology.com,https://www.manhattanaudiology.com/,https://www.google.com/maps?cid=12316060239770702726,https://www.google.com/search?q=%22Queens+Audiology+PLLC%22+%22150-12+14th+Ave%2C+Whitestone%2C+NY+11357%22+dental,www.manhattanaudiology.com,official_site_and_exact_profile,,,,,
google:cid:18302922146132025269,149,NYC_NY_L,Sterling Podiatric PC,"1250 E 223rd St, Bronx, NY 10466",business_listings,Medical clinic,+1347-602-5881,www.marvabuttersdpm.com,http://www.marvabuttersdpm.com/,https://www.google.com/maps?cid=18302922146132025269,https://www.google.com/search?q=%22Sterling+Podiatric+PC%22+%221250+E+223rd+St%2C+Bronx%2C+NY+10466%22+dental,www.marvabuttersdpm.com,official_site_and_exact_profile,,,,,
google:cid:6815302961615898188,150,NYC_NY_L,Medical Orthodontics,"45 Park Ave PH 01, New York, NY 10016",business_listings,Medical spa,+1212-779-8442,www.medicalorthodontics.org,http://www.medicalorthodontics.org/,https://www.google.com/maps?cid=6815302961615898188,https://www.google.com/search?q=%22Medical+Orthodontics%22+%2245+Park+Ave+PH+01%2C+New+York%2C+NY+10016%22+dental,www.medicalorthodontics.org,official_site_and_exact_profile,,,,,
google:cid:13390369086248022341,151,NYC_NY_L,Morris Heights Health Center,"85 W Burnside Ave, Bronx, NY 10453",business_listings,Medical Center,+1718-716-4400,www.mhhc.org,https://www.mhhc.org/,https://www.google.com/maps?cid=13390369086248022341,https://www.google.com/search?q=%22Morris+Heights+Health+Center%22+%2285+W+Burnside+Ave%2C+Bronx%2C+NY+10453%22+dental,www.mhhc.org,official_site_and_exact_profile,,,,,
google:cid:18397791011711702157,152,NYC_NY_L,Montefiore Janice A Simpson,"1625 Poplar St, Bronx, NY 10461",business_listings,Medical clinic,+1866-662-9729,www.montefiore.org,http://www.montefiore.org/,https://www.google.com/maps?cid=18397791011711702157,https://www.google.com/search?q=%22Montefiore+Janice+A+Simpson%22+%221625+Poplar+St%2C+Bronx%2C+NY+10461%22+dental,www.montefiore.org,official_site_and_exact_profile,,,,,
google:cid:13044985527534183180,153,NYC_NY_L,Project Renewal Fort Washington Men's Shelter,"651 W 168th St, New York, NY 10032",business_listings,Homeless shelter,+1212-740-1780,www.projectrenewal.org,http://www.projectrenewal.org/,https://www.google.com/maps?cid=13044985527534183180,https://www.google.com/search?q=%22Project+Renewal+Fort+Washington+Men%27s+Shelter%22+%22651+W+168th+St%2C+New+York%2C+NY+10032%22+dental,www.projectrenewal.org,official_site_and_exact_profile,exclude_non_dentist_category,"Exact Google profile title and primary category identify Homeless shelter, not a patient-facing dental provider under the frozen study taxonomy.",https://www.google.com/maps?cid=13044985527534183180,Codex-assisted exact-profile audit,2026-09-25
google:cid:12506336222272585870,154,NYC_NY_L,Ron Rinaldi Photography,"225 W 28th St, New York, NY 10001",business_listings,Photographer,+1917-868-3059,www.ronrinaldi.com,http://www.ronrinaldi.com/,https://www.google.com/maps?cid=12506336222272585870,https://www.google.com/search?q=%22Ron+Rinaldi+Photography%22+%22225+W+28th+St%2C+New+York%2C+NY+10001%22+dental,www.ronrinaldi.com,official_site_and_exact_profile,exclude_non_dentist_category,"Exact Google profile title and primary category identify Photographer, not a patient-facing dental provider under the frozen study taxonomy.",https://www.google.com/maps?cid=12506336222272585870,Codex-assisted exact-profile audit,2026-09-25
google:cid:18166011723617241542,155,NYC_NY_L,SleepWell Orthotics,"693 5th Ave Ste 1400, New York, NY 10022",business_listings,Sleep clinic,+1212-777-6725,www.sleepwellorthotics.com,https://www.sleepwellorthotics.com/,https://www.google.com/maps?cid=18166011723617241542,https://www.google.com/search?q=%22SleepWell+Orthotics%22+%22693+5th+Ave+Ste+1400%2C+New+York%2C+NY+10022%22+dental,www.sleepwellorthotics.com,official_site_and_exact_profile,,,,,
google:cid:8780094804165839386,156,NYC_NY_L,Urban Health Plan,"1065 Southern Blvd, Bronx, NY 10459",business_listings,Medical clinic,+1718-589-2440,www.urbanhealthplan.org,http://www.urbanhealthplan.org/,https://www.google.com/maps?cid=8780094804165839386,https://www.google.com/search?q=%22Urban+Health+Plan%22+%221065+Southern+Blvd%2C+Bronx%2C+NY+10459%22+dental,www.urbanhealthplan.org,official_site_and_exact_profile,,,,,
google:cid:8290167571579195981,157,NYC_NY_L,"VisoDent NYC - Teeth whitening, Invisalign, Aesthetics clinic","903 Park Avenue Main Floor Office, New York, NY 10075",business_listings,Doctor,+1212-991-9095,www.visodentnyc.com,https://www.visodentnyc.com/,https://www.google.com/maps?cid=8290167571579195981,https://www.google.com/search?q=%22VisoDent+NYC+-+Teeth+whitening%2C+Invisalign%2C+Aesthetics+clinic%22+%22903+Park+Avenue+Main+Floor+Office%2C+New+York%2C+NY+10075%22+dental,www.visodentnyc.com,official_site_and_exact_profile,,,,,
google:cid:10928271238652832087,158,NYC_NY_L,Windsor Podiatry,"1655 Flatbush Ave # A103, Brooklyn, NY 11210",business_listings,Medical clinic,+1718-252-2727,www.windsorpodiatry.com,http://www.windsorpodiatry.com/,https://www.google.com/maps?cid=10928271238652832087,https://www.google.com/search?q=%22Windsor+Podiatry%22+%221655+Flatbush+Ave+%23+A103%2C+Brooklyn%2C+NY+11210%22+dental,www.windsorpodiatry.com,official_site_and_exact_profile,,,,,
google:cid:3260818236341142390,159,SanFrancisco_CA_L,Lyon-Martin Community Health Services,"1735 Mission St, San Francisco, CA 94103",maps_core,Medical clinic,+1415-565-7667,lyon-martin.org,http://lyon-martin.org/,https://www.google.com/maps?cid=3260818236341142390,https://www.google.com/search?q=%22Lyon-Martin+Community+Health+Services%22+%221735+Mission+St%2C+San+Francisco%2C+CA+94103%22+dental,lyon-martin.org,official_site_and_exact_profile,,,,,
google:cid:14237711967666725015,160,SanFrancisco_CA_L,Clinic by the Bay,"35 Onondaga Ave, San Francisco, CA 94112",business_listings,Medical clinic,+1415-405-0222,www.clinicbythebay.org,http://www.clinicbythebay.org/,https://www.google.com/maps?cid=14237711967666725015,https://www.google.com/search?q=%22Clinic+by+the+Bay%22+%2235+Onondaga+Ave%2C+San+Francisco%2C+CA+94112%22+dental,www.clinicbythebay.org,official_site_and_exact_profile,,,,,
google:cid:11372912843166958775,161,SanFrancisco_CA_L,Envoy Health,"5432 Geary Blvd Unit 787, San Francisco, CA 94121",business_listings,Health consultant,+1415-406-6339,www.envoyhealth.io,https://www.envoyhealth.io/,https://www.google.com/maps?cid=11372912843166958775,https://www.google.com/search?q=%22Envoy+Health%22+%225432+Geary+Blvd+Unit+787%2C+San+Francisco%2C+CA+94121%22+dental,www.envoyhealth.io,official_site_and_exact_profile,exclude_non_dentist_category,"Exact Google profile title and primary category identify Health consultant, not a patient-facing dental provider under the frozen study taxonomy.",https://www.google.com/maps?cid=11372912843166958775,Codex-assisted exact-profile audit,2026-09-25
google:cid:10983116578148769284,162,SanFrancisco_CA_L,Facial Therapy Studio,"90 Gough St, San Francisco, CA 94102",business_listings,Medical spa,+1415-706-7687,www.facialtherapystudio.com,https://www.facialtherapystudio.com/,https://www.google.com/maps?cid=10983116578148769284,https://www.google.com/search?q=%22Facial+Therapy+Studio%22+%2290+Gough+St%2C+San+Francisco%2C+CA+94102%22+dental,www.facialtherapystudio.com,official_site_and_exact_profile,,,,,
google:cid:7955568972727550025,163,SanFrancisco_CA_L,HealthRIGHT 360,"1563 Mission St, San Francisco, CA 94103",maps_core,Addiction treatment center,+1415-762-3700,www.healthright360.org,http://www.healthright360.org/,https://www.google.com/maps?cid=7955568972727550025,https://www.google.com/search?q=%22HealthRIGHT+360%22+%221563+Mission+St%2C+San+Francisco%2C+CA+94103%22+dental,www.healthright360.org,official_site_and_exact_profile,,,,,
google:cid:12517242987390427288,164,SanFrancisco_CA_L,Los Portales Medical and Dental Center,"2480 Mission St, San Francisco, CA 94110",maps_core,Medical Center,,www.losportalesmd.com,https://www.losportalesmd.com/,https://www.google.com/maps?cid=12517242987390427288,https://www.google.com/search?q=%22Los+Portales+Medical+and+Dental+Center%22+%222480+Mission+St%2C+San+Francisco%2C+CA+94110%22+dental,www.losportalesmd.com,official_site_and_exact_profile,,,,,
google:cid:12201026490335252961,165,SanFrancisco_CA_L,Native American Health Center - 160 Capp St,"160 Capp St, San Francisco, CA 94110",maps_core,Medical clinic,+1415-417-3500,www.nativehealth.org,http://www.nativehealth.org/,https://www.google.com/maps?cid=12201026490335252961,https://www.google.com/search?q=%22Native+American+Health+Center+-+160+Capp+St%22+%22160+Capp+St%2C+San+Francisco%2C+CA+94110%22+dental,www.nativehealth.org,official_site_and_exact_profile,,,,,
google:cid:14242845636480544373,166,SanFrancisco_CA_L,NEMS PACE San Francisco Chinatown Center,"728 Pacific Ave Ste 200, San Francisco, CA 94133",business_listings,Community health center,+1888-981-8909,www.nemspace.org,https://www.nemspace.org/,https://www.google.com/maps?cid=14242845636480544373,https://www.google.com/search?q=%22NEMS+PACE+San+Francisco+Chinatown+Center%22+%22728+Pacific+Ave+Ste+200%2C+San+Francisco%2C+CA+94133%22+dental,www.nemspace.org,official_site_and_exact_profile,,,,,
google:cid:10103828371342018102,167,SaranacLake_NY_S,Adirondack Health,"2233 NY-86, Saranac Lake, NY 12983",maps_core,Medical clinic,+1518-891-4141,www.adirondackhealth.org,http://www.adirondackhealth.org/,https://www.google.com/maps?cid=10103828371342018102,https://www.google.com/search?q=%22Adirondack+Health%22+%222233+NY-86%2C+Saranac+Lake%2C+NY+12983%22+dental,www.adirondackhealth.org,official_site_and_exact_profile,,,,,
google:cid:1725797652379241771,168,Toccoa_GA_S,Open Arms Clinic,"109 Big A Rd, Toccoa, GA 30577",maps_core,Medical clinic,+1706-886-0940,www.openarmsclinicga.com,http://www.openarmsclinicga.com/,https://www.google.com/maps?cid=1725797652379241771,https://www.google.com/search?q=%22Open+Arms+Clinic%22+%22109+Big+A+Rd%2C+Toccoa%2C+GA+30577%22+dental,www.openarmsclinicga.com,official_site_and_exact_profile,,,,,
google:cid:7988439992617257135,169,Vidalia_GA_S,Dermatology Associates,"1013 E 1st St, Vidalia, GA 30474",maps_core,Skin care clinic,+1912-472-6104,dermatologyassociatesga.com,https://dermatologyassociatesga.com/,https://www.google.com/maps?cid=7988439992617257135,https://www.google.com/search?q=%22Dermatology+Associates%22+%221013+E+1st+St%2C+Vidalia%2C+GA+30474%22+dental,dermatologyassociatesga.com,official_site_and_exact_profile,exclude_non_dentist_category,"Exact Google profile title and primary category identify Skin care clinic, not a patient-facing dental provider under the frozen study taxonomy.",https://www.google.com/maps?cid=7988439992617257135,Codex-assisted exact-profile audit,2026-09-25
google:cid:2428785299818441667,170,Atlanta_GA_L,Medhanie Berhane,"2020 Peachtree Rd NW, Atlanta, GA 30309",business_listings,Surgeon,+1404-350-3602,,,https://www.google.com/maps?cid=2428785299818441667,https://www.google.com/search?q=%22Medhanie+Berhane%22+%222020+Peachtree+Rd+NW%2C+Atlanta%2C+GA+30309%22+dental,medhanie berhane,phone_and_exact_profile,,,,,
google:cid:17876037465300181764,171,Atlanta_GA_L,Southside Health Care Inc: Mills Anthony MD,"1046 Ridge Ave SW #4, Atlanta, GA 30315",business_listings,Medical Center,+1404-688-1350,,,https://www.google.com/maps?cid=17876037465300181764,https://www.google.com/search?q=%22Southside+Health+Care+Inc%3A+Mills+Anthony+MD%22+%221046+Ridge+Ave+SW+%234%2C+Atlanta%2C+GA+30315%22+dental,southside health care inc mills anthony md,phone_and_exact_profile,,,,,
google:cid:16042696556243485449,172,Augusta_GA_L,TMJ Associates,"456 Furys Ferry Rd, Augusta, GA 30907",maps_specialist,Cancer treatment center,+1706-836-8840,,,https://www.google.com/maps?cid=16042696556243485449,https://www.google.com/search?q=%22TMJ+Associates%22+%22456+Furys+Ferry+Rd%2C+Augusta%2C+GA+30907%22+dental,tmj associates,phone_and_exact_profile,,,,,
google:cid:16190680881071780487,173,Buffalo_NY_L,City Smiles,"2264 Main St Apt 1, Buffalo, NY 14214",business_listings,Medical clinic,+1716-837-4029,,,https://www.google.com/maps?cid=16190680881071780487,https://www.google.com/search?q=%22City+Smiles%22+%222264+Main+St+Apt+1%2C+Buffalo%2C+NY+14214%22+dental,city smiles,phone_and_exact_profile,,,,,
google:cid:11366070002874749651,174,Buffalo_NY_L,Dr MGK,"University at Buffalo South Campus, State, 3435 Main St, Buffalo, NY 14215",maps_specialist,,+1304-508-8588,,,https://www.google.com/maps?cid=11366070002874749651,https://www.google.com/search?q=%22Dr+MGK%22+%22University+at+Buffalo+South+Campus%2C+State%2C+3435+Main+St%2C+Buffalo%2C+NY+14215%22+dental,dr mgk,phone_and_exact_profile,,,,,
google:cid:126764987546349880,175,Buffalo_NY_L,Smile Direct Club,"Located inside Sola Salon, 4110 Maple Rd, Buffalo, NY 14226",business_listings,Health and beauty shop,+1800-688-4010,,,https://www.google.com/maps?cid=126764987546349880,https://www.google.com/search?q=%22Smile+Direct+Club%22+%22Located+inside+Sola+Salon%2C+4110+Maple+Rd%2C+Buffalo%2C+NY+14226%22+dental,smile direct club,phone_and_exact_profile,exclude_non_dentist_category,"SmileDirectClub ceased operations in December 2023, so this storefront is not a current patient-facing dental provider.",https://apnews.com/article/smiledirectclub-shuts-down-teeth-aligners-84ae3f8b0b5d8de5c4952208087e817a,Codex-assisted exact-profile audit,2026-09-25
google:cid:4884419086949519441,176,Buffalo_NY_L,The Cardiac Connection,"5427 Transit Rd, Williamsville, NY 14221",business_listings,Medical clinic,+1716-639-0200,,,https://www.google.com/maps?cid=4884419086949519441,https://www.google.com/search?q=%22The+Cardiac+Connection%22+%225427+Transit+Rd%2C+Williamsville%2C+NY+14221%22+dental,the cardiac connection,phone_and_exact_profile,,,,,
google:cid:637581436883905048,177,Eureka_CA_S,Casey Kelly,"2200 Tydd St, Eureka, CA 95501",maps_core,Physician assistant,+1707-269-7051,,,https://www.google.com/maps?cid=637581436883905048,https://www.google.com/search?q=%22Casey+Kelly%22+%222200+Tydd+St%2C+Eureka%2C+CA+95501%22+dental,casey kelly,phone_and_exact_profile,exclude_non_dentist_category,"Exact Google profile title and primary category identify Physician assistant, not a patient-facing dental provider under the frozen study taxonomy.",https://www.google.com/maps?cid=637581436883905048,Codex-assisted exact-profile audit,2026-09-25
google:cid:7813504546310747474,178,FortBragg_CA_S,Align Orthotics & Prosthetics,"401 Cypress St, Fort Bragg, CA 95437",maps_core|maps_specialist,Orthotics & prosthetics service,+1707-937-3003,,,https://www.google.com/maps?cid=7813504546310747474,https://www.google.com/search?q=%22Align+Orthotics+%26+Prosthetics%22+%22401+Cypress+St%2C+Fort+Bragg%2C+CA+95437%22+dental,align orthotics prosthetics,phone_and_exact_profile,exclude_non_dentist_category,"Exact Google profile title and primary category identify Orthotics & prosthetics service, not a patient-facing dental provider under the frozen study taxonomy.",https://www.google.com/maps?cid=7813504546310747474,Codex-assisted exact-profile audit,2026-09-25
google:cid:8005356864665464194,179,FortBragg_CA_S,My Beautiful Nails,"120 E Redwood Ave, Fort Bragg, CA 95437",maps_core,Nail salon,+1707-964-3001,,,https://www.google.com/maps?cid=8005356864665464194,https://www.google.com/search?q=%22My+Beautiful+Nails%22+%22120+E+Redwood+Ave%2C+Fort+Bragg%2C+CA+95437%22+dental,my beautiful nails,phone_and_exact_profile,exclude_non_dentist_category,"Exact Google profile title and primary category identify Nail salon, not a patient-facing dental provider under the frozen study taxonomy.",https://www.google.com/maps?cid=8005356864665464194,Codex-assisted exact-profile audit,2026-09-25
google:cid:3746368657671100983,180,LA_CA_L,AmeriplanUsa,"760 W Lomita Blvd, Harbor City, CA 90710",business_listings,Chiropractor,+1800-467-0708,,,https://www.google.com/maps?cid=3746368657671100983,https://www.google.com/search?q=%22AmeriplanUsa%22+%22760+W+Lomita+Blvd%2C+Harbor+City%2C+CA+90710%22+dental,ameriplanusa,phone_and_exact_profile,,,,,
google:cid:14188941666966415095,181,LA_CA_L,Appliance Therapy Group,"9129 Lurline Ave, Chatsworth, CA 91311",business_listings,Appliance store,+1800-423-3270,,,https://www.google.com/maps?cid=14188941666966415095,https://www.google.com/search?q=%22Appliance+Therapy+Group%22+%229129+Lurline+Ave%2C+Chatsworth%2C+CA+91311%22+dental,appliance therapy group,phone_and_exact_profile,exclude_non_dentist_category,"Exact Google profile title and primary category identify Appliance store, not a patient-facing dental provider under the frozen study taxonomy.",https://www.google.com/maps?cid=14188941666966415095,Codex-assisted exact-profile audit,2026-09-25
google:cid:2810400098018904937,182,LA_CA_L,Best Choice Denture Implants and Repair,"8833 Reseda Blvd, Northridge, CA 91324",business_listings,Denture care center,+1213-733-9617,,,https://www.google.com/maps?cid=2810400098018904937,https://www.google.com/search?q=%22Best+Choice+Denture+Implants+and+Repair%22+%228833+Reseda+Blvd%2C+Northridge%2C+CA+91324%22+dental,best choice denture implants and repair,phone_and_exact_profile,,,,,
google:cid:17695359038008349542,183,LA_CA_L,Beverly Hills Augmentation & Tuck,"436 N Roxbury Dr Ste Penthouse South B, Beverly Hills, CA 90210",business_listings,Plastic surgeon,+1310-999-0418,,,https://www.google.com/maps?cid=17695359038008349542,https://www.google.com/search?q=%22Beverly+Hills+Augmentation+%26+Tuck%22+%22436+N+Roxbury+Dr+Ste+Penthouse+South+B%2C+Beverly+Hills%2C+CA+90210%22+dental,beverly hills augmentation tuck,phone_and_exact_profile,,,,,
google:cid:16992949408117753400,184,LA_CA_L,DENTAL CLINIC LLC,"6933 Santa Monica Blvd, Los Angeles, CA 90038",maps_core,Medical clinic,+1888-217-4563,,,https://www.google.com/maps?cid=16992949408117753400,https://www.google.com/search?q=%22DENTAL+CLINIC+LLC%22+%226933+Santa+Monica+Blvd%2C+Los+Angeles%2C+CA+90038%22+dental,dental clinic llc,phone_and_exact_profile,,,,,
google:cid:8725559073317735762,185,LA_CA_L,Denture Care Services,"4686 Woodside Dr Apt 201, Los Angeles, CA 90065",business_listings,Denture care center,+1626-263-8528,,,https://www.google.com/maps?cid=8725559073317735762,https://www.google.com/search?q=%22Denture+Care+Services%22+%224686+Woodside+Dr+Apt+201%2C+Los+Angeles%2C+CA+90065%22+dental,denture care services,phone_and_exact_profile,,,,,
google:cid:5006005254849634573,186,LA_CA_L,Dr. Martin Galstyan,"813 Fair Oaks Ave, South Pasadena, CA 91030",business_listings,Medical clinic,+1626-593-0053,,,https://www.google.com/maps?cid=5006005254849634573,https://www.google.com/search?q=%22Dr.+Martin+Galstyan%22+%22813+Fair+Oaks+Ave%2C+South+Pasadena%2C+CA+91030%22+dental,dr martin galstyan,phone_and_exact_profile,,,,,
google:cid:2649598478930240656,187,LA_CA_L,Dr. Ruben Baghdassarian,"2888 Long Beach Blvd #265, Long Beach, CA 90806",business_listings,Urologist,+1562-598-6166,,,https://www.google.com/maps?cid=2649598478930240656,https://www.google.com/search?q=%22Dr.+Ruben+Baghdassarian%22+%222888+Long+Beach+Blvd+%23265%2C+Long+Beach%2C+CA+90806%22+dental,dr ruben baghdassarian,phone_and_exact_profile,exclude_non_dentist_category,"Exact Google profile title and primary category identify Urologist, not a patient-facing dental provider under the frozen study taxonomy.",https://www.google.com/maps?cid=2649598478930240656,Codex-assisted exact-profile audit,2026-09-25
google:cid:4180294560927685777,188,LA_CA_L,Foster Mall,"13408 Woodruff Ave, Bellflower, CA 90706",business_listings,Shopping mall,+1626-802-5595,,,https://www.google.com/maps?cid=4180294560927685777,https://www.google.com/search?q=%22Foster+Mall%22+%2213408+Woodruff+Ave%2C+Bellflower%2C+CA+90706%22+dental,foster mall,phone_and_exact_profile,exclude_non_dentist_category,"Exact Google profile title and primary category identify Shopping mall, not a patient-facing dental provider under the frozen study taxonomy.",https://www.google.com/maps?cid=4180294560927685777,Codex-assisted exact-profile audit,2026-09-25
google:cid:7491525317975939457,189,LA_CA_L,Jeffrey Ashraf Hammoudeh,"1510 San Pablo St, Los Angeles, CA 90033",business_listings,Plastic surgeon,+1323-442-5908,,,https://www.google.com/maps?cid=7491525317975939457,https://www.google.com/search?q=%22Jeffrey+Ashraf+Hammoudeh%22+%221510+San+Pablo+St%2C+Los+Angeles%2C+CA+90033%22+dental,jeffrey ashraf hammoudeh,phone_and_exact_profile,,,,,
google:cid:706109540966761708,190,LA_CA_L,"Mark M. Urata, MD","4650 Sunset Blvd, Los Angeles, CA 90027",business_listings,Plastic surgeon,+1323-361-2154,,,https://www.google.com/maps?cid=706109540966761708,https://www.google.com/search?q=%22Mark+M.+Urata%2C+MD%22+%224650+Sunset+Blvd%2C+Los+Angeles%2C+CA+90027%22+dental,mark m urata md,phone_and_exact_profile,,,,,
google:cid:11349239648908701467,191,LA_CA_L,Mr. John Whitley,"10436 Sepulveda Blvd, Mission Hills, CA 91345",business_listings,Medical clinic,+1562-445-4267,,,https://www.google.com/maps?cid=11349239648908701467,https://www.google.com/search?q=%22Mr.+John+Whitley%22+%2210436+Sepulveda+Blvd%2C+Mission+Hills%2C+CA+91345%22+dental,mr john whitley,phone_and_exact_profile,,,,,
google:cid:9661089799132322437,192,LA_CA_L,Mundrugstore,"6333 W 3rd St, Los Angeles, CA 90036",business_listings,Alternative medicine practitioner,+1561-285-2397,,,https://www.google.com/maps?cid=9661089799132322437,https://www.google.com/search?q=%22Mundrugstore%22+%226333+W+3rd+St%2C+Los+Angeles%2C+CA+90036%22+dental,mundrugstore,phone_and_exact_profile,exclude_non_dentist_category,"Exact Google profile title and primary category identify Alternative medicine practitioner, not a patient-facing dental provider under the frozen study taxonomy.",https://www.google.com/maps?cid=9661089799132322437,Codex-assisted exact-profile audit,2026-09-25
google:cid:11990484528381377309,193,LA_CA_L,"Pearlman D Hicks, Jr, MD","2360 Long Beach Blvd, Long Beach, CA 90806",business_listings,Plastic surgeon,+1562-595-9493,,,https://www.google.com/maps?cid=11990484528381377309,https://www.google.com/search?q=%22Pearlman+D+Hicks%2C+Jr%2C+MD%22+%222360+Long+Beach+Blvd%2C+Long+Beach%2C+CA+90806%22+dental,pearlman d hicks jr md,phone_and_exact_profile,,,,,
google:cid:8019442712982059650,194,LA_CA_L,Primary Denture Repair and Implants,"15234 Crenshaw Blvd, Gardena, CA 90249",business_listings,Denture care center,+1424-610-9061,,,https://www.google.com/maps?cid=8019442712982059650,https://www.google.com/search?q=%22Primary+Denture+Repair+and+Implants%22+%2215234+Crenshaw+Blvd%2C+Gardena%2C+CA+90249%22+dental,primary denture repair and implants,phone_and_exact_profile,,,,,
google:cid:15466958758423106428,195,LA_CA_L,Sleep Apnea Sherman Oaks,"4521 Sherman Oaks Ave Ste 201, Sherman Oaks, CA 91403",business_listings,Sleep clinic,+1323-287-9569,,,https://www.google.com/maps?cid=15466958758423106428,https://www.google.com/search?q=%22Sleep+Apnea+Sherman+Oaks%22+%224521+Sherman+Oaks+Ave+Ste+201%2C+Sherman+Oaks%2C+CA+91403%22+dental,sleep apnea sherman oaks,phone_and_exact_profile,,,,,
google:cid:7827430601838141701,196,LA_CA_L,Studer Performance Art,"4135 Laurel Canyon Blvd, Studio City, CA 91604",business_listings,Music instruction,+1818-284-2468,,,https://www.google.com/maps?cid=7827430601838141701,https://www.google.com/search?q=%22Studer+Performance+Art%22+%224135+Laurel+Canyon+Blvd%2C+Studio+City%2C+CA+91604%22+dental,studer performance art,phone_and_exact_profile,exclude_non_dentist_category,"Exact Google profile title and primary category identify Music instruction, not a patient-facing dental provider under the frozen study taxonomy.",https://www.google.com/maps?cid=7827430601838141701,Codex-assisted exact-profile audit,2026-09-25
google:cid:9861830449886396311,197,LA_CA_L,TelerainMD-Online Doctor Consultation,"19360 Rinaldi St #375, Porter Ranch, CA 91326",business_listings,Home health care service,+1858-437-5812,,,https://www.google.com/maps?cid=9861830449886396311,https://www.google.com/search?q=%22TelerainMD-Online+Doctor+Consultation%22+%2219360+Rinaldi+St+%23375%2C+Porter+Ranch%2C+CA+91326%22+dental,telerainmd online doctor consultation,phone_and_exact_profile,exclude_non_dentist_category,"Exact Google profile title and primary category identify Home health care service, not a patient-facing dental provider under the frozen study taxonomy.",https://www.google.com/maps?cid=9861830449886396311,Codex-assisted exact-profile audit,2026-09-25
google:cid:15840384001208137121,198,LA_CA_L,The Allergy Eliminator,"1306 W Glenoaks Blvd, Glendale, CA 91201",business_listings,Medical clinic,+1818-247-4766,,,https://www.google.com/maps?cid=15840384001208137121,https://www.google.com/search?q=%22The+Allergy+Eliminator%22+%221306+W+Glenoaks+Blvd%2C+Glendale%2C+CA+91201%22+dental,the allergy eliminator,phone_and_exact_profile,,,,,
google:cid:8776957313786257906,199,LA_CA_L,U Snore No More Treatment Center,"25856 Hemingway Ave, Stevenson Ranch, CA 91381",business_listings,Medical clinic,+1818-205-1122,,,https://www.google.com/maps?cid=8776957313786257906,https://www.google.com/search?q=%22U+Snore+No+More+Treatment+Center%22+%2225856+Hemingway+Ave%2C+Stevenson+Ranch%2C+CA+91381%22+dental,u snore no more treatment center,phone_and_exact_profile,,,,,
google:cid:4534990736566493603,200,LA_CA_L,Urgent Care Dentist 24/7,"2800 S Santa Fe Ave, Vernon, CA 90058",maps_core,Denture care center,+1888-806-3379,,,https://www.google.com/maps?cid=4534990736566493603,https://www.google.com/search?q=%22Urgent+Care+Dentist+24%2F7%22+%222800+S+Santa+Fe+Ave%2C+Vernon%2C+CA+90058%22+dental,urgent care dentist 24 7,phone_and_exact_profile,,,,,
google:cid:3964067785989222189,201,LA_CA_L,Workforce Resource & Management Group,"5150 CA-1, Long Beach, CA 90804",business_listings,Consultant,+1562-497-0861,,,https://www.google.com/maps?cid=3964067785989222189,https://www.google.com/search?q=%22Workforce+Resource+%26+Management+Group%22+%225150+CA-1%2C+Long+Beach%2C+CA+90804%22+dental,workforce resource management group,phone_and_exact_profile,exclude_non_dentist_category,"Exact Google profile title and primary category identify Consultant, not a patient-facing dental provider under the frozen study taxonomy.",https://www.google.com/maps?cid=3964067785989222189,Codex-assisted exact-profile audit,2026-09-25
google:cid:5546745703059237379,202,LA_CA_L,Yang Bao Bin MD,"149 N 6th St, Montebello, CA 90640",business_listings,Cardiologist,+1323-721-5121,,,https://www.google.com/maps?cid=5546745703059237379,https://www.google.com/search?q=%22Yang+Bao+Bin+MD%22+%22149+N+6th+St%2C+Montebello%2C+CA+90640%22+dental,yang bao bin md,phone_and_exact_profile,exclude_non_dentist_category,"Exact Google profile title and primary category identify Cardiologist, not a patient-facing dental provider under the frozen study taxonomy.",https://www.google.com/maps?cid=5546745703059237379,Codex-assisted exact-profile audit,2026-09-25
google:cid:4691704608957327781,203,Macon_GA_M,Jasmine Edwards,"205 Tom Hill Sr Blvd Ste B, Macon, GA 31210",business_listings|maps_core,Medical clinic,+1478-654-3111,,,https://www.google.com/maps?cid=4691704608957327781,https://www.google.com/search?q=%22Jasmine+Edwards%22+%22205+Tom+Hill+Sr+Blvd+Ste+B%2C+Macon%2C+GA+31210%22+dental,jasmine edwards,phone_and_exact_profile,,,,,
google:cid:1196111142762645885,204,NYC_NY_L,3D Imaging Inc,"1560 Broadway, New York, NY 10036",business_listings,Medical diagnostic imaging center,+1212-354-6444,,,https://www.google.com/maps?cid=1196111142762645885,https://www.google.com/search?q=%223D+Imaging+Inc%22+%221560+Broadway%2C+New+York%2C+NY+10036%22+dental,3d imaging inc,phone_and_exact_profile,exclude_non_dentist_category,"Exact Google profile title and primary category identify Medical diagnostic imaging center, not a patient-facing dental provider under the frozen study taxonomy.",https://www.google.com/maps?cid=1196111142762645885,Codex-assisted exact-profile audit,2026-09-25
google:cid:15322627160932991390,205,NYC_NY_L,AV Sleep Company,"635 Madison Ave Fl 19, New York, NY 10022",business_listings,Sleep clinic,+1631-352-0856,,,https://www.google.com/maps?cid=15322627160932991390,https://www.google.com/search?q=%22AV+Sleep+Company%22+%22635+Madison+Ave+Fl+19%2C+New+York%2C+NY+10022%22+dental,av sleep company,phone_and_exact_profile,,,,,
google:cid:36045056295983553,206,NYC_NY_L,Akpinar Bill B,"61-10 Marathon Pkwy, Flushing, NY 11362",business_listings,Acupuncturist,+1718-428-2780,,,https://www.google.com/maps?cid=36045056295983553,https://www.google.com/search?q=%22Akpinar+Bill+B%22+%2261-10+Marathon+Pkwy%2C+Flushing%2C+NY+11362%22+dental,akpinar bill b,phone_and_exact_profile,exclude_non_dentist_category,"Exact Google profile title and primary category identify Acupuncturist, not a patient-facing dental provider under the frozen study taxonomy.",https://www.google.com/maps?cid=36045056295983553,Codex-assisted exact-profile audit,2026-09-25
google:cid:11264510238293180608,207,NYC_NY_L,All Dental Technology,"86-25 Whitney Ave #1, Elmhurst, NY 11373",business_listings,Denture care center,+1718-255-6022,,,https://www.google.com/maps?cid=11264510238293180608,https://www.google.com/search?q=%22All+Dental+Technology%22+%2286-25+Whitney+Ave+%231%2C+Elmhurst%2C+NY+11373%22+dental,all dental technology,phone_and_exact_profile,exclude_non_dentist_category,"Exact profile identity is a dental technology or laboratory business, not a patient-facing dental practice.",https://www.google.com/maps?cid=11264510238293180608,Codex-assisted exact-profile audit,2026-09-25
google:cid:8627939193481494640,208,NYC_NY_L,Art Investment Consultancy,"851 5th Ave, New York, NY 10065",business_listings,Art gallery,+1212-734-0000,,,https://www.google.com/maps?cid=8627939193481494640,https://www.google.com/search?q=%22Art+Investment+Consultancy%22+%22851+5th+Ave%2C+New+York%2C+NY+10065%22+dental,art investment consultancy,phone_and_exact_profile,exclude_non_dentist_category,"Exact Google profile title and primary category identify Art gallery, not a patient-facing dental provider under the frozen study taxonomy.",https://www.google.com/maps?cid=8627939193481494640,Codex-assisted exact-profile audit,2026-09-25
google:cid:6263446382272302887,209,NYC_NY_L,Brooklyn Medcare,"445 Kings Hwy Fl 2, Brooklyn, NY 11223",business_listings,Medical Center,+1718-645-0300,,,https://www.google.com/maps?cid=6263446382272302887,https://www.google.com/search?q=%22Brooklyn+Medcare%22+%22445+Kings+Hwy+Fl+2%2C+Brooklyn%2C+NY+11223%22+dental,brooklyn medcare,phone_and_exact_profile,,,,,
google:cid:3053711292195176961,210,NYC_NY_L,"Deborah M. Swiderski, MD","111 E 210th St, Bronx, NY 10467",business_listings,Internist,+1718-920-5521,,,https://www.google.com/maps?cid=3053711292195176961,https://www.google.com/search?q=%22Deborah+M.+Swiderski%2C+MD%22+%22111+E+210th+St%2C+Bronx%2C+NY+10467%22+dental,deborah m swiderski md,phone_and_exact_profile,,,,,
google:cid:8516860510085333250,211,NYC_NY_L,Dr. Caroline Nup,"2 Allen St, New York, NY 10002",business_listings,Medical clinic,+1212-226-3250,,,https://www.google.com/maps?cid=8516860510085333250,https://www.google.com/search?q=%22Dr.+Caroline+Nup%22+%222+Allen+St%2C+New+York%2C+NY+10002%22+dental,dr caroline nup,phone_and_exact_profile,,,,,
google:cid:9953255016073954045,212,NYC_NY_L,Dr. Frank Lo,"80 Broad St, New York, NY 10004",business_listings,Physical therapist,+1212-493-4999,,,https://www.google.com/maps?cid=9953255016073954045,https://www.google.com/search?q=%22Dr.+Frank+Lo%22+%2280+Broad+St%2C+New+York%2C+NY+10004%22+dental,dr frank lo,phone_and_exact_profile,exclude_non_dentist_category,"Exact Google profile title and primary category identify Physical therapist, not a patient-facing dental provider under the frozen study taxonomy.",https://www.google.com/maps?cid=9953255016073954045,Codex-assisted exact-profile audit,2026-09-25
google:cid:12624793362500748108,213,NYC_NY_L,Dr. Luzmarina Coffey,"220 13th St, Brooklyn, NY 11215",business_listings,Medical clinic,+1718-832-5980,,,https://www.google.com/maps?cid=12624793362500748108,https://www.google.com/search?q=%22Dr.+Luzmarina+Coffey%22+%22220+13th+St%2C+Brooklyn%2C+NY+11215%22+dental,dr luzmarina coffey,phone_and_exact_profile,,,,,
google:cid:15164199505872784181,214,NYC_NY_L,Dr. Michael Devito,"6 E 45th St Rm 1200, New York, NY 10017",business_listings,Medical clinic,+1212-302-4132,,,https://www.google.com/maps?cid=15164199505872784181,https://www.google.com/search?q=%22Dr.+Michael+Devito%22+%226+E+45th+St+Rm+1200%2C+New+York%2C+NY+10017%22+dental,dr michael devito,phone_and_exact_profile,,,,,
google:cid:15310307393337248434,215,NYC_NY_L,Dr. Michael Yeung,"217 Grand St #801, New York, NY 10013",business_listings,Medical clinic,+1212-680-0573,,,https://www.google.com/maps?cid=15310307393337248434,https://www.google.com/search?q=%22Dr.+Michael+Yeung%22+%22217+Grand+St+%23801%2C+New+York%2C+NY+10013%22+dental,dr michael yeung,phone_and_exact_profile,,,,,
google:cid:6451845079583961423,216,NYC_NY_L,Dr. Opal Goodridge,"462 1st Ave, New York, NY 10016",business_listings,Medical clinic,+1212-562-8780,,,https://www.google.com/maps?cid=6451845079583961423,https://www.google.com/search?q=%22Dr.+Opal+Goodridge%22+%22462+1st+Ave%2C+New+York%2C+NY+10016%22+dental,dr opal goodridge,phone_and_exact_profile,,,,,
google:cid:6164055533882993300,217,NYC_NY_L,Dr. Rakesh Khilwani,"2279 Hempstead Tpke, East Meadow, NY 11554",business_listings,Medical clinic,+1516-489-1199,,,https://www.google.com/maps?cid=6164055533882993300,https://www.google.com/search?q=%22Dr.+Rakesh+Khilwani%22+%222279+Hempstead+Tpke%2C+East+Meadow%2C+NY+11554%22+dental,dr rakesh khilwani,phone_and_exact_profile,,,,,
google:cid:6881627921830420633,218,NYC_NY_L,Dr. Siamak Rambod,"72-21 Vleigh Pl, Kew Gardens Hills, NY 11367",business_listings,Medical clinic,+1718-268-3384,,,https://www.google.com/maps?cid=6881627921830420633,https://www.google.com/search?q=%22Dr.+Siamak+Rambod%22+%2272-21+Vleigh+Pl%2C+Kew+Gardens+Hills%2C+NY+11367%22+dental,dr siamak rambod,phone_and_exact_profile,,,,,
google:cid:12260773327504859179,219,NYC_NY_L,"Dr. mihai M. oral, DDS","299 Broadway, New York, NY 10007",maps_specialist,Doctor,+1503-905-9127,,,https://www.google.com/maps?cid=12260773327504859179,https://www.google.com/search?q=%22Dr.+mihai+M.+oral%2C+DDS%22+%22299+Broadway%2C+New+York%2C+NY+10007%22+dental,dr mihai m oral dds,phone_and_exact_profile,,,,,
google:cid:5725267993414120448,220,NYC_NY_L,El Nuevo San Juan Health Center- Urban Health Plan,"1065 Southern Blvd #8, Bronx, NY 10459",business_listings,Medical clinic,+1718-589-2440,,,https://www.google.com/maps?cid=5725267993414120448,https://www.google.com/search?q=%22El+Nuevo+San+Juan+Health+Center-+Urban+Health+Plan%22+%221065+Southern+Blvd+%238%2C+Bronx%2C+NY+10459%22+dental,el nuevo san juan health center urban health plan,phone_and_exact_profile,,,,,
google:cid:10257469848042679318,221,NYC_NY_L,James Bradley,"110 E 59th St, New York, NY 10022",business_listings,Plastic surgeon,+1516-927-1500,,,https://www.google.com/maps?cid=10257469848042679318,https://www.google.com/search?q=%22James+Bradley%22+%22110+E+59th+St%2C+New+York%2C+NY+10022%22+dental,james bradley,phone_and_exact_profile,,,,,
google:cid:8712220723097576755,222,NYC_NY_L,John Spina Dpm,"2015 Bath Ave, Brooklyn, NY 11214",business_listings,Podiatrist,+1718-313-0065,,,https://www.google.com/maps?cid=8712220723097576755,https://www.google.com/search?q=%22John+Spina+Dpm%22+%222015+Bath+Ave%2C+Brooklyn%2C+NY+11214%22+dental,john spina dpm,phone_and_exact_profile,exclude_non_dentist_category,"Exact Google profile title and primary category identify Podiatrist, not a patient-facing dental provider under the frozen study taxonomy.",https://www.google.com/maps?cid=8712220723097576755,Codex-assisted exact-profile audit,2026-09-25
google:cid:10487271695260862641,223,NYC_NY_L,New York City Publishers,"305 Madison Ave #449, New York, NY 10017",business_listings,Medical clinic,+1212-697-0939,,,https://www.google.com/maps?cid=10487271695260862641,https://www.google.com/search?q=%22New+York+City+Publishers%22+%22305+Madison+Ave+%23449%2C+New+York%2C+NY+10017%22+dental,new york city publishers,phone_and_exact_profile,,,,,
google:cid:2981445453940694204,224,NYC_NY_L,Park Avenue Neurology & Sleep,"737 Park Ave Apt 1C, New York, NY 10021",business_listings,Medical clinic,+1212-288-6060,,,https://www.google.com/maps?cid=2981445453940694204,https://www.google.com/search?q=%22Park+Avenue+Neurology+%26+Sleep%22+%22737+Park+Ave+Apt+1C%2C+New+York%2C+NY+10021%22+dental,park avenue neurology sleep,phone_and_exact_profile,,,,,
google:cid:9802149004801648262,225,NYC_NY_L,Richter & Co Inc,"450 Park Ave, New York, NY 10022",business_listings,Bank,+1212-758-5305,,,https://www.google.com/maps?cid=9802149004801648262,https://www.google.com/search?q=%22Richter+%26+Co+Inc%22+%22450+Park+Ave%2C+New+York%2C+NY+10022%22+dental,richter co inc,phone_and_exact_profile,exclude_non_dentist_category,"Exact Google profile title and primary category identify Bank, not a patient-facing dental provider under the frozen study taxonomy.",https://www.google.com/maps?cid=9802149004801648262,Codex-assisted exact-profile audit,2026-09-25
google:cid:689736336193155396,226,NYC_NY_L,Smile Time NY & Meikkos Juice Bar,"89-02 165th Street (Jamaica Colosseum Mall NW 22, Jamaica, NY 11432",business_listings,Day spa,+1718-880-1844,,,https://www.google.com/maps?cid=689736336193155396,https://www.google.com/search?q=%22Smile+Time+NY+%26+Meikkos+Juice+Bar%22+%2289-02+165th+Street+%28Jamaica+Colosseum+Mall+NW+22%2C+Jamaica%2C+NY+11432%22+dental,smile time ny meikkos juice bar,phone_and_exact_profile,exclude_non_dentist_category,"Exact Google profile title and primary category identify Day spa, not a patient-facing dental provider under the frozen study taxonomy.",https://www.google.com/maps?cid=689736336193155396,Codex-assisted exact-profile audit,2026-09-25
google:cid:726771841321324320,227,NYC_NY_L,"Spanish American Medical Dental Society of New York, Inc.","104-01 Roosevelt Ave, Corona, NY 11368",business_listings,Association / Organization,+1718-505-2037,,,https://www.google.com/maps?cid=726771841321324320,https://www.google.com/search?q=%22Spanish+American+Medical+Dental+Society+of+New+York%2C+Inc.%22+%22104-01+Roosevelt+Ave%2C+Corona%2C+NY+11368%22+dental,spanish american medical dental society of new york inc,phone_and_exact_profile,exclude_non_dentist_category,"Exact profile identity is a professional association, not a patient-facing dental practice.",https://www.google.com/maps?cid=726771841321324320,Codex-assisted exact-profile audit,2026-09-25
google:cid:10842945812211081545,228,NYC_NY_L,Steve Taranov,"11 Broadway, New York, NY 10004",business_listings,Medical clinic,+1212-425-0505,,,https://www.google.com/maps?cid=10842945812211081545,https://www.google.com/search?q=%22Steve+Taranov%22+%2211+Broadway%2C+New+York%2C+NY+10004%22+dental,steve taranov,phone_and_exact_profile,,,,,
google:cid:6790315200658554690,229,NYC_NY_L,Taylor Judy a DDS,"175 E 96th St, New York, NY 10128",business_listings,Speech pathologist,+1212-831-0759,,,https://www.google.com/maps?cid=6790315200658554690,https://www.google.com/search?q=%22Taylor+Judy+a+DDS%22+%22175+E+96th+St%2C+New+York%2C+NY+10128%22+dental,taylor judy a dds,phone_and_exact_profile,,,,,
google:cid:1252474763438112699,230,NYC_NY_L,Uppal Rajinder MD,"16-70 Putnam Ave, Ridgewood, NY 11385",business_listings,Internist,+1718-417-7200,,,https://www.google.com/maps?cid=1252474763438112699,https://www.google.com/search?q=%22Uppal+Rajinder+MD%22+%2216-70+Putnam+Ave%2C+Ridgewood%2C+NY+11385%22+dental,uppal rajinder md,phone_and_exact_profile,,,,,
google:cid:8951881897675096385,231,NYC_NY_L,Virtual House Call Docs NYC,"970 Park Ave Ste 1, New York, NY 10028",business_listings,Medical group,+1646-520-0628,,,https://www.google.com/maps?cid=8951881897675096385,https://www.google.com/search?q=%22Virtual+House+Call+Docs+NYC%22+%22970+Park+Ave+Ste+1%2C+New+York%2C+NY+10028%22+dental,virtual house call docs nyc,phone_and_exact_profile,,,,,
google:cid:11047455065508509761,232,SanFrancisco_CA_L,Health Right 360,"1468 Carroll Ave, San Francisco, CA 94124",business_listings,Medical clinic,+1800-200-7181,,,https://www.google.com/maps?cid=11047455065508509761,https://www.google.com/search?q=%22Health+Right+360%22+%221468+Carroll+Ave%2C+San+Francisco%2C+CA+94124%22+dental,health right 360,phone_and_exact_profile,,,,,
google:cid:12780241047922579012,233,SanFrancisco_CA_L,"Joan Demartini Warren, PSYD","1738 Union St, San Francisco, CA 94123",business_listings,Psychologist,+1415-262-0166,,,https://www.google.com/maps?cid=12780241047922579012,https://www.google.com/search?q=%22Joan+Demartini+Warren%2C+PSYD%22+%221738+Union+St%2C+San+Francisco%2C+CA+94123%22+dental,joan demartini warren psyd,phone_and_exact_profile,exclude_non_dentist_category,"Exact Google profile title and primary category identify Psychologist, not a patient-facing dental provider under the frozen study taxonomy.",https://www.google.com/maps?cid=12780241047922579012,Codex-assisted exact-profile audit,2026-09-25
google:cid:10636425930933224952,234,LA_CA_L,Denture Repair and Implants,"3506 Whittier Blvd, Los Angeles, CA 90023",business_listings,Denture care center,,,,https://www.google.com/maps?cid=10636425930933224952,https://www.google.com/search?q=%22Denture+Repair+and+Implants%22+%223506+Whittier+Blvd%2C+Los+Angeles%2C+CA+90023%22+dental,denture repair and implants,exact_profile_only,,,,,
google:cid:10967843234449240540,235,LA_CA_L,Dr. Fouy Chau,"5363 Balboa Blvd Ste 328, Encino, CA 91316",business_listings,Medical clinic,,,,https://www.google.com/maps?cid=10967843234449240540,https://www.google.com/search?q=%22Dr.+Fouy+Chau%22+%225363+Balboa+Blvd+Ste+328%2C+Encino%2C+CA+91316%22+dental,dr fouy chau,exact_profile_only,,,,,
google:cid:4243264581896210541,236,LA_CA_L,POLY PLAZA,"1434 Atlantic Ave, Long Beach, CA 90813",business_listings,Shopping mall,,,,https://www.google.com/maps?cid=4243264581896210541,https://www.google.com/search?q=%22POLY+PLAZA%22+%221434+Atlantic+Ave%2C+Long+Beach%2C+CA+90813%22+dental,poly plaza,exact_profile_only,exclude_non_dentist_category,"Exact Google profile title and primary category identify Shopping mall, not a patient-facing dental provider under the frozen study taxonomy.",https://www.google.com/maps?cid=4243264581896210541,Codex-assisted exact-profile audit,2026-09-25
google:cid:10667488645197953416,237,LA_CA_L,TTW,"6551 Van Nuys Blvd, Van Nuys, CA 91401",business_listings,Medical clinic,,,,https://www.google.com/maps?cid=10667488645197953416,https://www.google.com/search?q=%22TTW%22+%226551+Van+Nuys+Blvd%2C+Van+Nuys%2C+CA+91401%22+dental,ttw,exact_profile_only,,,,,
google:cid:5141540515377181725,238,NYC_NY_L,Lower Manhattan Sleep Apnea Treatment,"Chetham Green, 215 Park Row #1, New York, NY 10038",business_listings,Sleep clinic,,,,https://www.google.com/maps?cid=5141540515377181725,https://www.google.com/search?q=%22Lower+Manhattan+Sleep+Apnea+Treatment%22+%22Chetham+Green%2C+215+Park+Row+%231%2C+New+York%2C+NY+10038%22+dental,lower manhattan sleep apnea treatment,exact_profile_only,,,,,
