audit_unit_sequence,audit_unit_id,audit_priority,evidence_route,profile_count,markets,normalized_source_domain,profile_keys,titles,addresses,observed_categories,source_website_urls,source_phones,direct_profile_evidence_urls,official_site_search_urls,profile_search_urls,decision_boundary
1,eligibility_review_block:5b6be2e06fc03bf0,1,shared_domain_block,2,LA_CA_L,aplahealth.org,google:cid:14523467718029744471 || google:cid:14508613773664398805,"APLA Health Center, Long Beach || APLA Health, Gleicher/Chen Health Center, Baldwin Hills","1043 Elm Ave #302, Long Beach, CA 90813 || 3743 S La Brea Ave, Los Angeles, CA 90016",Medical clinic,https://aplahealth.org/locations/apla-health-center-long-beach/ || https://aplahealth.org/locations/gleicher-chen-health-center-baldwin-hills/,+1562-247-7740 || +1323-329-9900,https://www.google.com/maps?cid=14523467718029744471 || https://www.google.com/maps?cid=14508613773664398805,https://www.google.com/search?q=site%3Aaplahealth.org+%22APLA+Health+Center%2C+Long+Beach%22+dental+dentist+patients || https://www.google.com/search?q=site%3Aaplahealth.org+%22APLA+Health%2C+Gleicher%2FChen+Health+Center%2C+Baldwin+Hills%22+dental+dentist+patients,https://www.google.com/search?q=%22APLA+Health+Center%2C+Long+Beach%22+%221043+Elm+Ave+%23302%2C+Long+Beach%2C+CA+90813%22+%22%2B1562-247-7740%22+dentist+dental+patients || https://www.google.com/search?q=%22APLA+Health%2C+Gleicher%2FChen+Health+Center%2C+Baldwin+Hills%22+%223743+S+La+Brea+Ave%2C+Los+Angeles%2C+CA+90016%22+%22%2B1323-329-9900%22+dentist+dental+patients,Review every member. Use one block decision only when the same evidence supports every exact profile; otherwise review profiles separately.
2,eligibility_review_block:2bb67c50689b2015,1,shared_domain_block,2,LA_CA_L,jwchinstitute.org,google:cid:11366871718438330174 || google:cid:12666400545154698834,Jwch Clinic || Wesley Health Centers - Weingart Clinic,"954 N Vermont Ave, Los Angeles, CA 90029 || 515 E 6th St, Los Angeles, CA 90021",Medical clinic,http://jwchinstitute.org/ || https://jwchinstitute.org/,+1323-454-4850 || +1213-270-6564,https://www.google.com/maps?cid=11366871718438330174 || https://www.google.com/maps?cid=12666400545154698834,https://www.google.com/search?q=site%3Ajwchinstitute.org+%22Jwch+Clinic%22+dental+dentist+patients || https://www.google.com/search?q=site%3Ajwchinstitute.org+%22Wesley+Health+Centers+-+Weingart+Clinic%22+dental+dentist+patients,https://www.google.com/search?q=%22Jwch+Clinic%22+%22954+N+Vermont+Ave%2C+Los+Angeles%2C+CA+90029%22+%22%2B1323-454-4850%22+dentist+dental+patients || https://www.google.com/search?q=%22Wesley+Health+Centers+-+Weingart+Clinic%22+%22515+E+6th+St%2C+Los+Angeles%2C+CA+90021%22+%22%2B1213-270-6564%22+dentist+dental+patients,Review every member. Use one block decision only when the same evidence supports every exact profile; otherwise review profiles separately.
3,eligibility_review_block:2536fc2305e6878b,1,shared_domain_block,3,Eureka_CA_S,opendoorhealth.com,google:cid:2468268097554676926 || google:cid:6832263757888478173 || google:cid:3539046292069828800,Open Door Member Services Department || Redwood Community Health Center || Telehealth & Visiting Specialist Center,"1522 3rd St, Eureka, CA 95501 || 2350 Buhne St, Eureka, CA 95501 || 2426 Buhne St, Eureka, CA 95501",Community health center,http://opendoorhealth.com/opendoor/?page_id=458 || http://opendoorhealth.com/opendoor/?page_id=6181 || http://opendoorhealth.com/opendoor/locations/mobile-health-services/,+1707-269-7073 || +1707-443-4593 || +1707-443-4666,https://www.google.com/maps?cid=2468268097554676926 || https://www.google.com/maps?cid=6832263757888478173 || https://www.google.com/maps?cid=3539046292069828800,https://www.google.com/search?q=site%3Aopendoorhealth.com+%22Open+Door+Member+Services+Department%22+dental+dentist+patients || https://www.google.com/search?q=site%3Aopendoorhealth.com+%22Redwood+Community+Health+Center%22+dental+dentist+patients || https://www.google.com/search?q=site%3Aopendoorhealth.com+%22Telehealth+%26+Visiting+Specialist+Center%22+dental+dentist+patients,https://www.google.com/search?q=%22Open+Door+Member+Services+Department%22+%221522+3rd+St%2C+Eureka%2C+CA+95501%22+%22%2B1707-269-7073%22+dentist+dental+patients || https://www.google.com/search?q=%22Redwood+Community+Health+Center%22+%222350+Buhne+St%2C+Eureka%2C+CA+95501%22+%22%2B1707-443-4593%22+dentist+dental+patients || https://www.google.com/search?q=%22Telehealth+%26+Visiting+Specialist+Center%22+%222426+Buhne+St%2C+Eureka%2C+CA+95501%22+%22%2B1707-443-4666%22+dentist+dental+patients,Review every member. Use one block decision only when the same evidence supports every exact profile; otherwise review profiles separately.
4,eligibility_review_block:d37a7d944a1edc24,1,shared_domain_block,2,LA_CA_L,roadsfoundation.org,google:cid:11660717878363179238 || google:cid:17876263272543066434,ROADS Community Clinic - Compton || ROADS Community Clinic - Lynwood,"121 S Long Beach Blvd, Compton, CA 90221 || 3737 Martin Luther King Jr Blvd Ste 402, Lynwood, CA 90262",Community health center,https://roadsfoundation.org/locations/roads-community-clinic-compton/ || https://roadsfoundation.org/,+1855-645-0033 || +1310-639-9363,https://www.google.com/maps?cid=11660717878363179238 || https://www.google.com/maps?cid=17876263272543066434,https://www.google.com/search?q=site%3Aroadsfoundation.org+%22ROADS+Community+Clinic+-+Compton%22+dental+dentist+patients || https://www.google.com/search?q=site%3Aroadsfoundation.org+%22ROADS+Community+Clinic+-+Lynwood%22+dental+dentist+patients,https://www.google.com/search?q=%22ROADS+Community+Clinic+-+Compton%22+%22121+S+Long+Beach+Blvd%2C+Compton%2C+CA+90221%22+%22%2B1855-645-0033%22+dentist+dental+patients || https://www.google.com/search?q=%22ROADS+Community+Clinic+-+Lynwood%22+%223737+Martin+Luther+King+Jr+Blvd+Ste+402%2C+Lynwood%2C+CA+90262%22+%22%2B1310-639-9363%22+dentist+dental+patients,Review every member. Use one block decision only when the same evidence supports every exact profile; otherwise review profiles separately.
5,eligibility_review_block:612ba7b4fee98150,1,shared_domain_block,2,LA_CA_L,serenitycarehealthgroup.org,google:cid:3932807939064839266 || google:cid:6241950912401221942,"Serenity Care Health Group - Atlantic Adult Clinic || Serenity Care Health Group, FQHC-LAL","780 Atlantic Ave 2nd Floor, Long Beach, CA 90813 || 1930 E Anaheim St, Long Beach, CA 90813",Community health center,https://serenitycarehealthgroup.org/atlantic-adult-clinic/?utm_source=gmb&utm_medium=organic || https://serenitycarehealthgroup.org/?utm_source=gmb&utm_medium=organic,+1562-580-0955 || +1562-478-4102,https://www.google.com/maps?cid=3932807939064839266 || https://www.google.com/maps?cid=6241950912401221942,https://www.google.com/search?q=site%3Aserenitycarehealthgroup.org+%22Serenity+Care+Health+Group+-+Atlantic+Adult+Clinic%22+dental+dentist+patients || https://www.google.com/search?q=site%3Aserenitycarehealthgroup.org+%22Serenity+Care+Health+Group%2C+FQHC-LAL%22+dental+dentist+patients,https://www.google.com/search?q=%22Serenity+Care+Health+Group+-+Atlantic+Adult+Clinic%22+%22780+Atlantic+Ave+2nd+Floor%2C+Long+Beach%2C+CA+90813%22+%22%2B1562-580-0955%22+dentist+dental+patients || https://www.google.com/search?q=%22Serenity+Care+Health+Group%2C+FQHC-LAL%22+%221930+E+Anaheim+St%2C+Long+Beach%2C+CA+90813%22+%22%2B1562-478-4102%22+dentist+dental+patients,Review every member. Use one block decision only when the same evidence supports every exact profile; otherwise review profiles separately.
6,eligibility_review_block:5d71e81bea632f59,1,shared_domain_block,3,Atlanta_GA_L || NYC_NY_L,smiledirectclub.com,google:cid:11085259445198486597 || google:cid:11474776953858767803 || google:cid:9001258392962397789,Smile Direct Club,"Located in Peachtree Offices, 3355 Lenox Rd NE Suite 750, Atlanta, GA 30326 || 242 5th Ave, New York, NY 10001 || 525 Atlantic Ave, Brooklyn, NY 11217",Health and beauty shop,https://smiledirectclub.com/location?shop=Atlanta%20-%20Buckhead%20Lenox&shopId=4a3982e2-1c0d-475f-8ffd-b33206a658e7 || https://smiledirectclub.com/smileshops/flat-iron-nyc/ || https://smiledirectclub.com/smileshops/brooklyn-downtown/,+1800-688-4010,https://www.google.com/maps?cid=11085259445198486597 || https://www.google.com/maps?cid=11474776953858767803 || https://www.google.com/maps?cid=9001258392962397789,https://www.google.com/search?q=site%3Asmiledirectclub.com+%22Smile+Direct+Club%22+dental+dentist+patients,https://www.google.com/search?q=%22Smile+Direct+Club%22+%22Located+in+Peachtree+Offices%2C+3355+Lenox+Rd+NE+Suite+750%2C+Atlanta%2C+GA+30326%22+%22%2B1800-688-4010%22+dentist+dental+patients || https://www.google.com/search?q=%22Smile+Direct+Club%22+%22242+5th+Ave%2C+New+York%2C+NY+10001%22+%22%2B1800-688-4010%22+dentist+dental+patients || https://www.google.com/search?q=%22Smile+Direct+Club%22+%22525+Atlantic+Ave%2C+Brooklyn%2C+NY+11217%22+%22%2B1800-688-4010%22+dentist+dental+patients,Review every member. Use one block decision only when the same evidence supports every exact profile; otherwise review profiles separately.
7,eligibility_review_block:e334db8bc5dab65b,1,shared_domain_block,2,NYC_NY_L,www.advantagecaredtc.org,google:cid:15663490496687216379 || google:cid:15902478855329350188,"Advantage Care Health Centers || Advantage Care Health Centers, Brookville, Freeport","230 Hanse Ave, Freeport, NY 11520 || 189 Wheatley Rd, Glen Head, NY 11545",Community health center,http://www.advantagecaredtc.org/,+1516-686-4400,https://www.google.com/maps?cid=15663490496687216379 || https://www.google.com/maps?cid=15902478855329350188,https://www.google.com/search?q=site%3Awww.advantagecaredtc.org+%22Advantage+Care+Health+Centers%22+dental+dentist+patients || https://www.google.com/search?q=site%3Awww.advantagecaredtc.org+%22Advantage+Care+Health+Centers%2C+Brookville%2C+Freeport%22+dental+dentist+patients,https://www.google.com/search?q=%22Advantage+Care+Health+Centers%22+%22230+Hanse+Ave%2C+Freeport%2C+NY+11520%22+%22%2B1516-686-4400%22+dentist+dental+patients || https://www.google.com/search?q=%22Advantage+Care+Health+Centers%2C+Brookville%2C+Freeport%22+%22189+Wheatley+Rd%2C+Glen+Head%2C+NY+11545%22+%22%2B1516-686-4400%22+dentist+dental+patients,Review every member. Use one block decision only when the same evidence supports every exact profile; otherwise review profiles separately.
8,eligibility_review_block:412c3c0374129aa8,1,shared_domain_block,3,Augusta_GA_L,www.alas-csra.org,google:cid:2881003103519768575 || google:cid:16620118602434899245 || google:cid:1016625347654546775,ALAS Free Women's Clinic || Centro Médico || Clínica Latina,"904 Merry St, Augusta, GA 30904",Free clinic,https://www.alas-csra.org/womens-clinic || http://www.alas-csra.org/ || http://www.alas-csra.org/clinica-latina-1,+1706-426-1643 || +1706-940-2527,https://www.google.com/maps?cid=2881003103519768575 || https://www.google.com/maps?cid=16620118602434899245 || https://www.google.com/maps?cid=1016625347654546775,https://www.google.com/search?q=site%3Awww.alas-csra.org+%22ALAS+Free+Women%27s+Clinic%22+dental+dentist+patients || https://www.google.com/search?q=site%3Awww.alas-csra.org+%22Centro+M%C3%A9dico%22+dental+dentist+patients || https://www.google.com/search?q=site%3Awww.alas-csra.org+%22Cl%C3%ADnica+Latina%22+dental+dentist+patients,https://www.google.com/search?q=%22ALAS+Free+Women%27s+Clinic%22+%22904+Merry+St%2C+Augusta%2C+GA+30904%22+%22%2B1706-426-1643%22+dentist+dental+patients || https://www.google.com/search?q=%22Centro+M%C3%A9dico%22+%22904+Merry+St%2C+Augusta%2C+GA+30904%22+dentist+dental+patients || https://www.google.com/search?q=%22Cl%C3%ADnica+Latina%22+%22904+Merry+St%2C+Augusta%2C+GA+30904%22+%22%2B1706-940-2527%22+dentist+dental+patients,Review every member. Use one block decision only when the same evidence supports every exact profile; otherwise review profiles separately.
9,eligibility_review_block:b8163eeba9b28cea,1,shared_domain_block,2,NYC_NY_L,www.centurymedicaldental.com,google:cid:11156333151333039142 || google:cid:8026919671469686565,"Century Medical & Dental Center | Brooklyn, Gravesend || Century Medical & Dental Center | South Bronx","260 Avenue X, Brooklyn, NY 11223 || 425 Westchester Ave, Bronx, NY 10455",Medical Center,https://www.centurymedicaldental.com/gravesend-brooklyn-ny-11223/ || https://www.centurymedicaldental.com/bronx-ny-10455/,+1718-336-8855 || +1718-705-2555,https://www.google.com/maps?cid=11156333151333039142 || https://www.google.com/maps?cid=8026919671469686565,https://www.google.com/search?q=site%3Awww.centurymedicaldental.com+%22Century+Medical+%26+Dental+Center+%7C+Brooklyn%2C+Gravesend%22+dental+dentist+patients || https://www.google.com/search?q=site%3Awww.centurymedicaldental.com+%22Century+Medical+%26+Dental+Center+%7C+South+Bronx%22+dental+dentist+patients,https://www.google.com/search?q=%22Century+Medical+%26+Dental+Center+%7C+Brooklyn%2C+Gravesend%22+%22260+Avenue+X%2C+Brooklyn%2C+NY+11223%22+%22%2B1718-336-8855%22+dentist+dental+patients || https://www.google.com/search?q=%22Century+Medical+%26+Dental+Center+%7C+South+Bronx%22+%22425+Westchester+Ave%2C+Bronx%2C+NY+10455%22+%22%2B1718-705-2555%22+dentist+dental+patients,Review every member. Use one block decision only when the same evidence supports every exact profile; otherwise review profiles separately.
10,eligibility_review_block:9d918db41789d360,1,shared_domain_block,2,NYC_NY_L,www.chnnyc.org,google:cid:12592558756776222246 || google:cid:162871782998748986,Community Healthcare Network – Williamsburg || Community Healthcare Network- Sutphin Boulevard,"94-98 Manhattan Ave, Brooklyn, NY 11206 || 97-04 Sutphin Blvd, Jamaica, NY 11435",Medical clinic,https://www.chnnyc.org/williamsburg/ || https://www.chnnyc.org/sutphin-blvd-health-center/,+1718-388-0390 || +1718-657-7088,https://www.google.com/maps?cid=12592558756776222246 || https://www.google.com/maps?cid=162871782998748986,https://www.google.com/search?q=site%3Awww.chnnyc.org+%22Community+Healthcare+Network+%E2%80%93+Williamsburg%22+dental+dentist+patients || https://www.google.com/search?q=site%3Awww.chnnyc.org+%22Community+Healthcare+Network-+Sutphin+Boulevard%22+dental+dentist+patients,https://www.google.com/search?q=%22Community+Healthcare+Network+%E2%80%93+Williamsburg%22+%2294-98+Manhattan+Ave%2C+Brooklyn%2C+NY+11206%22+%22%2B1718-388-0390%22+dentist+dental+patients || https://www.google.com/search?q=%22Community+Healthcare+Network-+Sutphin+Boulevard%22+%2297-04+Sutphin+Blvd%2C+Jamaica%2C+NY+11435%22+%22%2B1718-657-7088%22+dentist+dental+patients,Review every member. Use one block decision only when the same evidence supports every exact profile; otherwise review profiles separately.
11,eligibility_review_block:e7049a065b0534c1,1,shared_domain_block,3,LA_CA_L,www.eisnerhealth.org,google:cid:1498220725156722538 || google:cid:17835189435584102604 || google:cid:17016569287748856828,Eisner Health - Downtown Los Angeles || Eisner Health - Lynwood || Eisner Health - Sherman Oaks,"1530 S Olive St, Los Angeles, CA 90015 || 3680 E Imperial Hwy #200, Lynwood, CA 90262 || Dental Clinic Suite LL, 15477 Ventura Blvd #300, Sherman Oaks, CA 91403",Medical clinic,http://www.eisnerhealth.org/,+1213-747-5542 || +1310-608-4898 || +1818-907-0322,https://www.google.com/maps?cid=1498220725156722538 || https://www.google.com/maps?cid=17835189435584102604 || https://www.google.com/maps?cid=17016569287748856828,https://www.google.com/search?q=site%3Awww.eisnerhealth.org+%22Eisner+Health+-+Downtown+Los+Angeles%22+dental+dentist+patients || https://www.google.com/search?q=site%3Awww.eisnerhealth.org+%22Eisner+Health+-+Lynwood%22+dental+dentist+patients || https://www.google.com/search?q=site%3Awww.eisnerhealth.org+%22Eisner+Health+-+Sherman+Oaks%22+dental+dentist+patients,https://www.google.com/search?q=%22Eisner+Health+-+Downtown+Los+Angeles%22+%221530+S+Olive+St%2C+Los+Angeles%2C+CA+90015%22+%22%2B1213-747-5542%22+dentist+dental+patients || https://www.google.com/search?q=%22Eisner+Health+-+Lynwood%22+%223680+E+Imperial+Hwy+%23200%2C+Lynwood%2C+CA+90262%22+%22%2B1310-608-4898%22+dentist+dental+patients || https://www.google.com/search?q=%22Eisner+Health+-+Sherman+Oaks%22+%22Dental+Clinic+Suite+LL%2C+15477+Ventura+Blvd+%23300%2C+Sherman+Oaks%2C+CA+91403%22+%22%2B1818-907-0322%22+dentist+dental+patients,Review every member. Use one block decision only when the same evidence supports every exact profile; otherwise review profiles separately.
12,eligibility_review_block:06ca6a64708e9121,1,shared_domain_block,2,Buffalo_NY_L,www.evergreenhs.org,google:cid:15855541177964720473 || google:cid:5257324846144316958,Evergreen Health,"800 Hertel Ave Ste 100, Buffalo, NY 14207 || 206 S Elmwood Ave, Buffalo, NY 14201",Community health center,https://www.evergreenhs.org/ || http://www.evergreenhs.org/,+1716-847-2441,https://www.google.com/maps?cid=15855541177964720473 || https://www.google.com/maps?cid=5257324846144316958,https://www.google.com/search?q=site%3Awww.evergreenhs.org+%22Evergreen+Health%22+dental+dentist+patients,https://www.google.com/search?q=%22Evergreen+Health%22+%22800+Hertel+Ave+Ste+100%2C+Buffalo%2C+NY+14207%22+%22%2B1716-847-2441%22+dentist+dental+patients || https://www.google.com/search?q=%22Evergreen+Health%22+%22206+S+Elmwood+Ave%2C+Buffalo%2C+NY+14201%22+%22%2B1716-847-2441%22+dentist+dental+patients,Review every member. Use one block decision only when the same evidence supports every exact profile; otherwise review profiles separately.
13,eligibility_review_block:ae7b1b62a31a0ab5,1,shared_domain_block,5,NYC_NY_L,www.institute.org,google:cid:17106224640588947992 || google:cid:11781321278977330842 || google:cid:445069592422833706 || google:cid:17125209626621041816 || google:cid:5364480293788529244,Family Health Center of Harlem || Stevenson Family Health Center || The Institute for Family Health at Westchester Square (Open for telehealth) || Urban Horizons Family Health Center || Walton Family Health Center,"1824 Madison Ave, New York, NY 10035 || 731 White Plains Rd, Bronx, NY 10473 || 1420 Ferris Pl, Bronx, NY 10461 || 50 E 168th St, Bronx, NY 10452 || 1894 Walton Ave, Bronx, NY 10453",Medical clinic,http://www.institute.org/ || http://www.institute.org/access,+1212-423-4500 || +1718-589-8775 || +1718-730-1004 || +1718-293-3900 || +1718-583-3060,https://www.google.com/maps?cid=17106224640588947992 || https://www.google.com/maps?cid=11781321278977330842 || https://www.google.com/maps?cid=445069592422833706 || https://www.google.com/maps?cid=17125209626621041816 || https://www.google.com/maps?cid=5364480293788529244,https://www.google.com/search?q=site%3Awww.institute.org+%22Family+Health+Center+of+Harlem%22+dental+dentist+patients || https://www.google.com/search?q=site%3Awww.institute.org+%22Stevenson+Family+Health+Center%22+dental+dentist+patients || https://www.google.com/search?q=site%3Awww.institute.org+%22The+Institute+for+Family+Health+at+Westchester+Square+%28Open+for+telehealth%29%22+dental+dentist+patients || https://www.google.com/search?q=site%3Awww.institute.org+%22Urban+Horizons+Family+Health+Center%22+dental+dentist+patients || https://www.google.com/search?q=site%3Awww.institute.org+%22Walton+Family+Health+Center%22+dental+dentist+patients,https://www.google.com/search?q=%22Family+Health+Center+of+Harlem%22+%221824+Madison+Ave%2C+New+York%2C+NY+10035%22+%22%2B1212-423-4500%22+dentist+dental+patients || https://www.google.com/search?q=%22Stevenson+Family+Health+Center%22+%22731+White+Plains+Rd%2C+Bronx%2C+NY+10473%22+%22%2B1718-589-8775%22+dentist+dental+patients || https://www.google.com/search?q=%22The+Institute+for+Family+Health+at+Westchester+Square+%28Open+for+telehealth%29%22+%221420+Ferris+Pl%2C+Bronx%2C+NY+10461%22+%22%2B1718-730-1004%22+dentist+dental+patients || https://www.google.com/search?q=%22Urban+Horizons+Family+Health+Center%22+%2250+E+168th+St%2C+Bronx%2C+NY+10452%22+%22%2B1718-293-3900%22+dentist+dental+patients || https://www.google.com/search?q=%22Walton+Family+Health+Center%22+%221894+Walton+Ave%2C+Bronx%2C+NY+10453%22+%22%2B1718-583-3060%22+dentist+dental+patients,Review every member. Use one block decision only when the same evidence supports every exact profile; otherwise review profiles separately.
14,eligibility_review_block:fab56810fda7a991,1,shared_domain_block,3,NYC_NY_L,www.mhhc.org,google:cid:6492963245042507531 || google:cid:9516528143012860758 || google:cid:3164012872835746003,MHHC at St. Ann's || MHHC at Vanguard || MHHC at Walton,"625 E 137th St #1776, Bronx, NY 10454 || 825 E 233rd St, Bronx, NY 10466 || 25 E 183rd St, Bronx, NY 10453",Medical clinic,http://www.mhhc.org/,+1718-716-4400,https://www.google.com/maps?cid=6492963245042507531 || https://www.google.com/maps?cid=9516528143012860758 || https://www.google.com/maps?cid=3164012872835746003,https://www.google.com/search?q=site%3Awww.mhhc.org+%22MHHC+at+St.+Ann%27s%22+dental+dentist+patients || https://www.google.com/search?q=site%3Awww.mhhc.org+%22MHHC+at+Vanguard%22+dental+dentist+patients || https://www.google.com/search?q=site%3Awww.mhhc.org+%22MHHC+at+Walton%22+dental+dentist+patients,https://www.google.com/search?q=%22MHHC+at+St.+Ann%27s%22+%22625+E+137th+St+%231776%2C+Bronx%2C+NY+10454%22+%22%2B1718-716-4400%22+dentist+dental+patients || https://www.google.com/search?q=%22MHHC+at+Vanguard%22+%22825+E+233rd+St%2C+Bronx%2C+NY+10466%22+%22%2B1718-716-4400%22+dentist+dental+patients || https://www.google.com/search?q=%22MHHC+at+Walton%22+%2225+E+183rd+St%2C+Bronx%2C+NY+10453%22+%22%2B1718-716-4400%22+dentist+dental+patients,Review every member. Use one block decision only when the same evidence supports every exact profile; otherwise review profiles separately.
15,eligibility_review_block:d7a5aa74bca27ed6,1,shared_domain_block,2,NYC_NY_L,www.mlkhealthcenter.com,google:cid:16423535341868293306 || google:cid:6226833835766794545,BronxCare - Ogden Family Medical and Dental || BronxCare Third Avenue Medical and Dental Practice,"1067 Ogden Ave, Bronx, NY 10451 || 2739 3rd Ave, Bronx, NY 10451",Medical clinic,https://www.mlkhealthcenter.com/locations/bronxcare-ogden-family-medical-and-dental/ || https://www.mlkhealthcenter.com/,+1718-992-7669 || +1718-838-1000,https://www.google.com/maps?cid=16423535341868293306 || https://www.google.com/maps?cid=6226833835766794545,https://www.google.com/search?q=site%3Awww.mlkhealthcenter.com+%22BronxCare+-+Ogden+Family+Medical+and+Dental%22+dental+dentist+patients || https://www.google.com/search?q=site%3Awww.mlkhealthcenter.com+%22BronxCare+Third+Avenue+Medical+and+Dental+Practice%22+dental+dentist+patients,https://www.google.com/search?q=%22BronxCare+-+Ogden+Family+Medical+and+Dental%22+%221067+Ogden+Ave%2C+Bronx%2C+NY+10451%22+%22%2B1718-992-7669%22+dentist+dental+patients || https://www.google.com/search?q=%22BronxCare+Third+Avenue+Medical+and+Dental+Practice%22+%222739+3rd+Ave%2C+Bronx%2C+NY+10451%22+%22%2B1718-838-1000%22+dentist+dental+patients,Review every member. Use one block decision only when the same evidence supports every exact profile; otherwise review profiles separately.
16,eligibility_review_block:3e1c0340286c06e2,1,shared_domain_block,2,NYC_NY_L,www.mountsinai.org,google:cid:14029482900807417077 || google:cid:7511299405233410581,Jack Martin Fund Clinic || Mount Sinai Queens-Family Health,"158 W 124th St, New York, NY 10027 || 31-60 21st St, Astoria, NY 11106",Medical clinic,http://www.mountsinai.org/patient-care/service-areas/infectious-diseases/hiv-aids/jack-martin-fund-clinic || https://www.mountsinai.org/locations/queens/facilities/medical/family-health-associates?y_source=1_MjAxMjU1OTI0OC03MTUtbG9jYXRpb24ud2Vic2l0ZQ%3D%3D,+1332-243-0100 || +1718-808-7300,https://www.google.com/maps?cid=14029482900807417077 || https://www.google.com/maps?cid=7511299405233410581,https://www.google.com/search?q=site%3Awww.mountsinai.org+%22Jack+Martin+Fund+Clinic%22+dental+dentist+patients || https://www.google.com/search?q=site%3Awww.mountsinai.org+%22Mount+Sinai+Queens-Family+Health%22+dental+dentist+patients,https://www.google.com/search?q=%22Jack+Martin+Fund+Clinic%22+%22158+W+124th+St%2C+New+York%2C+NY+10027%22+%22%2B1332-243-0100%22+dentist+dental+patients || https://www.google.com/search?q=%22Mount+Sinai+Queens-Family+Health%22+%2231-60+21st+St%2C+Astoria%2C+NY+11106%22+%22%2B1718-808-7300%22+dentist+dental+patients,Review every member. Use one block decision only when the same evidence supports every exact profile; otherwise review profiles separately.
17,eligibility_review_block:ed339689d4238a92,1,shared_domain_block,2,NYC_NY_L,www.nytmj.com,google:cid:14729043579708094485 || google:cid:12702828959288087172,"Dr. Donald Tanenbaum || New York TMJ & Orofacial Pain (NY, NY 5th Ave)","630 5th Ave Ste. 1857, New York, NY 10111",Pain management physician,https://www.nytmj.com/?utm_source=local_directory&utm_medium=referral&utm_campaign=directory-listing || https://www.nytmj.com/?utm_source=gbp&utm_medium=organic,+1212-265-0110,https://www.google.com/maps?cid=14729043579708094485 || https://www.google.com/maps?cid=12702828959288087172,https://www.google.com/search?q=site%3Awww.nytmj.com+%22Dr.+Donald+Tanenbaum%22+dental+dentist+patients || https://www.google.com/search?q=site%3Awww.nytmj.com+%22New+York+TMJ+%26+Orofacial+Pain+%28NY%2C+NY+5th+Ave%29%22+dental+dentist+patients,https://www.google.com/search?q=%22Dr.+Donald+Tanenbaum%22+%22630+5th+Ave+Ste.+1857%2C+New+York%2C+NY+10111%22+%22%2B1212-265-0110%22+dentist+dental+patients || https://www.google.com/search?q=%22New+York+TMJ+%26+Orofacial+Pain+%28NY%2C+NY+5th+Ave%29%22+%22630+5th+Ave+Ste.+1857%2C+New+York%2C+NY+10111%22+%22%2B1212-265-0110%22+dentist+dental+patients,Review every member. Use one block decision only when the same evidence supports every exact profile; otherwise review profiles separately.
18,eligibility_review_block:89684b9e92614157,1,shared_domain_block,2,LA_CA_L,www.sabancommunityclinic.org,google:cid:10021466510923515615 || google:cid:6573524519892687095,Saban Community Clinic || Saban Community Clinic - Virgil,"8405 Beverly Blvd, Los Angeles, CA 90048 || 137 Virgil Ave, Los Angeles, CA 90004",Community health center,https://www.sabancommunityclinic.org/ || https://www.sabancommunityclinic.org/locations/virgil-family-health-center/,+1323-653-1990,https://www.google.com/maps?cid=10021466510923515615 || https://www.google.com/maps?cid=6573524519892687095,https://www.google.com/search?q=site%3Awww.sabancommunityclinic.org+%22Saban+Community+Clinic%22+dental+dentist+patients || https://www.google.com/search?q=site%3Awww.sabancommunityclinic.org+%22Saban+Community+Clinic+-+Virgil%22+dental+dentist+patients,https://www.google.com/search?q=%22Saban+Community+Clinic%22+%228405+Beverly+Blvd%2C+Los+Angeles%2C+CA+90048%22+%22%2B1323-653-1990%22+dentist+dental+patients || https://www.google.com/search?q=%22Saban+Community+Clinic+-+Virgil%22+%22137+Virgil+Ave%2C+Los+Angeles%2C+CA+90004%22+%22%2B1323-653-1990%22+dentist+dental+patients,Review every member. Use one block decision only when the same evidence supports every exact profile; otherwise review profiles separately.
19,eligibility_review_block:4f16c30f833763cd,1,shared_domain_block,3,LA_CA_L,www.tohelpeveryone.org,google:cid:14004486374216899848 || google:cid:10095274009169916734 || google:cid:17977013904022740629,To Help Everyone - La Brea Health Center || To Help Everyone - Lennox Health Center || To Help Everyone - Western Health Center,"3721 S La Brea Ave, Los Angeles, CA 90016 || 10223 Firmona Ave, Lennox, CA 90304 || 3834 S Western Ave, Los Angeles, CA 90062",Medical clinic,https://www.tohelpeveryone.org/,+1323-730-1920,https://www.google.com/maps?cid=14004486374216899848 || https://www.google.com/maps?cid=10095274009169916734 || https://www.google.com/maps?cid=17977013904022740629,https://www.google.com/search?q=site%3Awww.tohelpeveryone.org+%22To+Help+Everyone+-+La+Brea+Health+Center%22+dental+dentist+patients || https://www.google.com/search?q=site%3Awww.tohelpeveryone.org+%22To+Help+Everyone+-+Lennox+Health+Center%22+dental+dentist+patients || https://www.google.com/search?q=site%3Awww.tohelpeveryone.org+%22To+Help+Everyone+-+Western+Health+Center%22+dental+dentist+patients,https://www.google.com/search?q=%22To+Help+Everyone+-+La+Brea+Health+Center%22+%223721+S+La+Brea+Ave%2C+Los+Angeles%2C+CA+90016%22+%22%2B1323-730-1920%22+dentist+dental+patients || https://www.google.com/search?q=%22To+Help+Everyone+-+Lennox+Health+Center%22+%2210223+Firmona+Ave%2C+Lennox%2C+CA+90304%22+%22%2B1323-730-1920%22+dentist+dental+patients || https://www.google.com/search?q=%22To+Help+Everyone+-+Western+Health+Center%22+%223834+S+Western+Ave%2C+Los+Angeles%2C+CA+90062%22+%22%2B1323-730-1920%22+dentist+dental+patients,Review every member. Use one block decision only when the same evidence supports every exact profile; otherwise review profiles separately.
20,eligibility_review_block:ed13c66e70f61ed4,1,shared_domain_block,2,NYC_NY_L,www.uchcbronx.org,google:cid:10390034255530110063 || google:cid:4935697797244785263,Union Community Health Center - (188th St.) || Union Community Health Center - (2021 Grand Concourse),"260 E 188th St, Bronx, NY 10458 || 2021 Grand Concourse, Bronx, NY 10453",Community health center,http://www.uchcbronx.org/,+1718-220-2020,https://www.google.com/maps?cid=10390034255530110063 || https://www.google.com/maps?cid=4935697797244785263,https://www.google.com/search?q=site%3Awww.uchcbronx.org+%22Union+Community+Health+Center+-+%28188th+St.%29%22+dental+dentist+patients || https://www.google.com/search?q=site%3Awww.uchcbronx.org+%22Union+Community+Health+Center+-+%282021+Grand+Concourse%29%22+dental+dentist+patients,https://www.google.com/search?q=%22Union+Community+Health+Center+-+%28188th+St.%29%22+%22260+E+188th+St%2C+Bronx%2C+NY+10458%22+%22%2B1718-220-2020%22+dentist+dental+patients || https://www.google.com/search?q=%22Union+Community+Health+Center+-+%282021+Grand+Concourse%29%22+%222021+Grand+Concourse%2C+Bronx%2C+NY+10453%22+%22%2B1718-220-2020%22+dentist+dental+patients,Review every member. Use one block decision only when the same evidence supports every exact profile; otherwise review profiles separately.
21,eligibility_review_block:c970ac4ff488624c,2,direct_website_singleton,1,NYC_NY_L,advancedmedicalanddental.com,google:cid:7177437249452483103,Advanced Medical & Dental,"147-12 Rockaway Blvd, Jamaica, NY 11436",Medical clinic,http://advancedmedicalanddental.com/,+1718-732-7744,https://www.google.com/maps?cid=7177437249452483103,https://www.google.com/search?q=site%3Aadvancedmedicalanddental.com+%22Advanced+Medical+%26+Dental%22+dental+dentist+patients,https://www.google.com/search?q=%22Advanced+Medical+%26+Dental%22+%22147-12+Rockaway+Blvd%2C+Jamaica%2C+NY+11436%22+%22%2B1718-732-7744%22+dentist+dental+patients,Review every member. Use one block decision only when the same evidence supports every exact profile; otherwise review profiles separately.
22,eligibility_review_block:049945e26140b61e,2,direct_website_singleton,1,Macon_GA_M,bibbfamilypractice.com,google:cid:920815215444172769,"Bibb Family Practice Associates, PC","721 Riverside Dr Ln, Macon, GA 31201",Medical clinic,http://bibbfamilypractice.com/,+1478-259-3439,https://www.google.com/maps?cid=920815215444172769,https://www.google.com/search?q=site%3Abibbfamilypractice.com+%22Bibb+Family+Practice+Associates%2C+PC%22+dental+dentist+patients,https://www.google.com/search?q=%22Bibb+Family+Practice+Associates%2C+PC%22+%22721+Riverside+Dr+Ln%2C+Macon%2C+GA+31201%22+%22%2B1478-259-3439%22+dentist+dental+patients,Review every member. Use one block decision only when the same evidence supports every exact profile; otherwise review profiles separately.
23,eligibility_review_block:827d8844f8496075,2,direct_website_singleton,1,LA_CA_L,cchccenters.org,google:cid:14327273828255401603,Comprehensive Community Health Centers - CCHC Glendale,"801 S Chevy Chase Dr #250, Glendale, CA 91205",Medical clinic,https://cchccenters.org/,+1818-265-2264,https://www.google.com/maps?cid=14327273828255401603,https://www.google.com/search?q=site%3Acchccenters.org+%22Comprehensive+Community+Health+Centers+-+CCHC+Glendale%22+dental+dentist+patients,https://www.google.com/search?q=%22Comprehensive+Community+Health+Centers+-+CCHC+Glendale%22+%22801+S+Chevy+Chase+Dr+%23250%2C+Glendale%2C+CA+91205%22+%22%2B1818-265-2264%22+dentist+dental+patients,Review every member. Use one block decision only when the same evidence supports every exact profile; otherwise review profiles separately.
24,eligibility_review_block:5c3e369f37db6a5b,2,direct_website_singleton,1,LA_CA_L,cchccenters.org,google:cid:856027905363852558,Comprehensive Community Health Centers - Eagle Rock,"1704 Colorado Blvd, Los Angeles, CA 90041",Non-profit organization,https://cchccenters.org/,+1323-256-4116,https://www.google.com/maps?cid=856027905363852558,https://www.google.com/search?q=site%3Acchccenters.org+%22Comprehensive+Community+Health+Centers+-+Eagle+Rock%22+dental+dentist+patients,https://www.google.com/search?q=%22Comprehensive+Community+Health+Centers+-+Eagle+Rock%22+%221704+Colorado+Blvd%2C+Los+Angeles%2C+CA+90041%22+%22%2B1323-256-4116%22+dentist+dental+patients,Review every member. Use one block decision only when the same evidence supports every exact profile; otherwise review profiles separately.
25,eligibility_review_block:a54d0e1d436c0292,2,direct_website_singleton,1,NYC_NY_L,charlesevanscenter.org,google:cid:16296289560891316346,CEC Health Care - Glen Cove,"113 Glen Cove Ave, Glen Cove, NY 11542",Medical clinic,http://charlesevanscenter.org/,+1516-622-8888,https://www.google.com/maps?cid=16296289560891316346,https://www.google.com/search?q=site%3Acharlesevanscenter.org+%22CEC+Health+Care+-+Glen+Cove%22+dental+dentist+patients,https://www.google.com/search?q=%22CEC+Health+Care+-+Glen+Cove%22+%22113+Glen+Cove+Ave%2C+Glen+Cove%2C+NY+11542%22+%22%2B1516-622-8888%22+dentist+dental+patients,Review every member. Use one block decision only when the same evidence supports every exact profile; otherwise review profiles separately.
26,eligibility_review_block:fc495ff11e40d90a,2,direct_website_singleton,1,Macon_GA_M,childrenshospitalnh.org,google:cid:2483200121336417676,Navicent Health,"1014 Forsyth St, Macon, GA 31201",Medical clinic,http://childrenshospitalnh.org/services-centers/autism-developmental-center/,+1478-633-8500,https://www.google.com/maps?cid=2483200121336417676,https://www.google.com/search?q=site%3Achildrenshospitalnh.org+%22Navicent+Health%22+dental+dentist+patients,https://www.google.com/search?q=%22Navicent+Health%22+%221014+Forsyth+St%2C+Macon%2C+GA+31201%22+%22%2B1478-633-8500%22+dentist+dental+patients,Review every member. Use one block decision only when the same evidence supports every exact profile; otherwise review profiles separately.
27,eligibility_review_block:27d13c04ae8a79d4,2,direct_website_singleton,1,LA_CA_L,coastlanddental.com,google:cid:10671460001844304829,Artur Arkelakyan,"905 S Lake St STE 102, Burbank, CA 91502",Medical clinic,https://coastlanddental.com/about/dr-artur-arkelakyan/,+1818-859-7979,https://www.google.com/maps?cid=10671460001844304829,https://www.google.com/search?q=site%3Acoastlanddental.com+%22Artur+Arkelakyan%22+dental+dentist+patients,https://www.google.com/search?q=%22Artur+Arkelakyan%22+%22905+S+Lake+St+STE+102%2C+Burbank%2C+CA+91502%22+%22%2B1818-859-7979%22+dentist+dental+patients,Review every member. Use one block decision only when the same evidence supports every exact profile; otherwise review profiles separately.
28,eligibility_review_block:fb2c1c9219e47f0f,2,direct_website_singleton,1,LA_CA_L,comphc.org,google:cid:2520457688506967269,Comprehensive Health Care,"3540 Wilshire Blvd #715, Los Angeles, CA 90010",Home health care service,https://comphc.org/,+1213-389-4876,https://www.google.com/maps?cid=2520457688506967269,https://www.google.com/search?q=site%3Acomphc.org+%22Comprehensive+Health+Care%22+dental+dentist+patients,https://www.google.com/search?q=%22Comprehensive+Health+Care%22+%223540+Wilshire+Blvd+%23715%2C+Los+Angeles%2C+CA+90010%22+%22%2B1213-389-4876%22+dentist+dental+patients,Review every member. Use one block decision only when the same evidence supports every exact profile; otherwise review profiles separately.
29,eligibility_review_block:048c12cff57b01e4,2,direct_website_singleton,1,Atlanta_GA_L,dch.georgia.gov,google:cid:8914701910281558014,Georgia Department of Community Health,"2 M.L.K. Jr Dr SE, Atlanta, GA 30334",Public health department,http://dch.georgia.gov/,+1404-656-4507,https://www.google.com/maps?cid=8914701910281558014,https://www.google.com/search?q=site%3Adch.georgia.gov+%22Georgia+Department+of+Community+Health%22+dental+dentist+patients,https://www.google.com/search?q=%22Georgia+Department+of+Community+Health%22+%222+M.L.K.+Jr+Dr+SE%2C+Atlanta%2C+GA+30334%22+%22%2B1404-656-4507%22+dentist+dental+patients,Review every member. Use one block decision only when the same evidence supports every exact profile; otherwise review profiles separately.
30,eligibility_review_block:31d3e981a102c5ae,2,direct_website_singleton,1,NYC_NY_L,dental.nyu.edu,google:cid:3018543719665768431,NYUDentalUrgentCareCtr,"345 E 24th St, New York, NY 10010",Academic department,https://dental.nyu.edu/patientcare/emergency-services-urgent-care.html,+1212-998-9800,https://www.google.com/maps?cid=3018543719665768431,https://www.google.com/search?q=site%3Adental.nyu.edu+%22NYUDentalUrgentCareCtr%22+dental+dentist+patients,https://www.google.com/search?q=%22NYUDentalUrgentCareCtr%22+%22345+E+24th+St%2C+New+York%2C+NY+10010%22+%22%2B1212-998-9800%22+dentist+dental+patients,Review every member. Use one block decision only when the same evidence supports every exact profile; otherwise review profiles separately.
31,eligibility_review_block:dde57ab96bcbcaaa,2,direct_website_singleton,1,LA_CA_L,dentximaging.com,google:cid:13376749074934566412,Dent X Imaging Center,"1323 N San Fernando Blvd, Burbank, CA 91504",X-ray lab,https://dentximaging.com/,+1818-239-5333,https://www.google.com/maps?cid=13376749074934566412,https://www.google.com/search?q=site%3Adentximaging.com+%22Dent+X+Imaging+Center%22+dental+dentist+patients,https://www.google.com/search?q=%22Dent+X+Imaging+Center%22+%221323+N+San+Fernando+Blvd%2C+Burbank%2C+CA+91504%22+%22%2B1818-239-5333%22+dentist+dental+patients,Review every member. Use one block decision only when the same evidence supports every exact profile; otherwise review profiles separately.
32,eligibility_review_block:d3994f3d312eac82,2,direct_website_singleton,1,Vidalia_GA_S,dermatologyassociatesga.com,google:cid:7988439992617257135,Dermatology Associates,"1013 E 1st St, Vidalia, GA 30474",Skin care clinic,https://dermatologyassociatesga.com/,+1912-472-6104,https://www.google.com/maps?cid=7988439992617257135,https://www.google.com/search?q=site%3Adermatologyassociatesga.com+%22Dermatology+Associates%22+dental+dentist+patients,https://www.google.com/search?q=%22Dermatology+Associates%22+%221013+E+1st+St%2C+Vidalia%2C+GA+30474%22+%22%2B1912-472-6104%22+dentist+dental+patients,Review every member. Use one block decision only when the same evidence supports every exact profile; otherwise review profiles separately.
33,eligibility_review_block:c8cdf20390081417,2,direct_website_singleton,1,Augusta_GA_L,ecphd.com,google:cid:14457415903984627262,Richmond County Health Department,"950 Laney Walker Blvd, Augusta, GA 30901",Public health department,http://ecphd.com/counties/richmond-county-health-department/,+1706-721-5800,https://www.google.com/maps?cid=14457415903984627262,https://www.google.com/search?q=site%3Aecphd.com+%22Richmond+County+Health+Department%22+dental+dentist+patients,https://www.google.com/search?q=%22Richmond+County+Health+Department%22+%22950+Laney+Walker+Blvd%2C+Augusta%2C+GA+30901%22+%22%2B1706-721-5800%22+dentist+dental+patients,Review every member. Use one block decision only when the same evidence supports every exact profile; otherwise review profiles separately.
34,eligibility_review_block:b681ad3d6e3d5fcc,2,direct_website_singleton,1,Atlanta_GA_L,fhcga.org,google:cid:6442774181064297868,"The Family Health Centers of Georgia, Inc.","868 York Ave SW, Atlanta, GA 30310",Medical Center,http://fhcga.org/?utm_source=GMBSocialClimb&utm_medium=TheFamilyHealthCentersofGeorgia%2CInc.,+1404-752-1400,https://www.google.com/maps?cid=6442774181064297868,https://www.google.com/search?q=site%3Afhcga.org+%22The+Family+Health+Centers+of+Georgia%2C+Inc.%22+dental+dentist+patients,https://www.google.com/search?q=%22The+Family+Health+Centers+of+Georgia%2C+Inc.%22+%22868+York+Ave+SW%2C+Atlanta%2C+GA+30310%22+%22%2B1404-752-1400%22+dentist+dental+patients,Review every member. Use one block decision only when the same evidence supports every exact profile; otherwise review profiles separately.
35,eligibility_review_block:f1045a1bbc2540fa,2,direct_website_singleton,1,NYC_NY_L,hannafacejaw.com,google:cid:18214434003362221946,Hanna Face and Jaw,"521 Park Ave C, New York, NY 10065",Surgical center,https://hannafacejaw.com/,+1212-779-2787,https://www.google.com/maps?cid=18214434003362221946,https://www.google.com/search?q=site%3Ahannafacejaw.com+%22Hanna+Face+and+Jaw%22+dental+dentist+patients,https://www.google.com/search?q=%22Hanna+Face+and+Jaw%22+%22521+Park+Ave+C%2C+New+York%2C+NY+10065%22+%22%2B1212-779-2787%22+dentist+dental+patients,Review every member. Use one block decision only when the same evidence supports every exact profile; otherwise review profiles separately.
36,eligibility_review_block:d46109d072774289,2,direct_website_singleton,1,NYC_NY_L,harlemunited.org,google:cid:5978500574907670907,Harlem United,"179 E 116th St, New York, NY 10029",Community health center,http://harlemunited.org/,+1212-987-3707,https://www.google.com/maps?cid=5978500574907670907,https://www.google.com/search?q=site%3Aharlemunited.org+%22Harlem+United%22+dental+dentist+patients,https://www.google.com/search?q=%22Harlem+United%22+%22179+E+116th+St%2C+New+York%2C+NY+10029%22+%22%2B1212-987-3707%22+dentist+dental+patients,Review every member. Use one block decision only when the same evidence supports every exact profile; otherwise review profiles separately.
37,eligibility_review_block:e66361ef703d9843,2,direct_website_singleton,1,Atlanta_GA_L,healatlanta.org,google:cid:13815089370373089399,Healing Community Center,"1188 Ralph David Abernathy Blvd SW, Atlanta, GA 30310",Community health center,https://healatlanta.org/,+1404-564-7749,https://www.google.com/maps?cid=13815089370373089399,https://www.google.com/search?q=site%3Ahealatlanta.org+%22Healing+Community+Center%22+dental+dentist+patients,https://www.google.com/search?q=%22Healing+Community+Center%22+%221188+Ralph+David+Abernathy+Blvd+SW%2C+Atlanta%2C+GA+30310%22+%22%2B1404-564-7749%22+dentist+dental+patients,Review every member. Use one block decision only when the same evidence supports every exact profile; otherwise review profiles separately.
38,eligibility_review_block:848929f859c17027,2,direct_website_singleton,1,Atlanta_GA_L,health.gsu.edu,google:cid:1014165455047184436,Georgia State University Student Clinic,"75 Piedmont Ave NE Ste 200, Atlanta, GA 30312",Medical clinic,http://health.gsu.edu/,+1404-413-1930,https://www.google.com/maps?cid=1014165455047184436,https://www.google.com/search?q=site%3Ahealth.gsu.edu+%22Georgia+State+University+Student+Clinic%22+dental+dentist+patients,https://www.google.com/search?q=%22Georgia+State+University+Student+Clinic%22+%2275+Piedmont+Ave+NE+Ste+200%2C+Atlanta%2C+GA+30312%22+%22%2B1404-413-1930%22+dentist+dental+patients,Review every member. Use one block decision only when the same evidence supports every exact profile; otherwise review profiles separately.
39,eligibility_review_block:d7fe3314dc303384,2,direct_website_singleton,1,NYC_NY_L,lacasadesalud.org,google:cid:7258043979584977031,Ramon Velez Health Center,"754 E 151st St, Bronx, NY 10455",Medical clinic,https://lacasadesalud.org/,+1718-734-2539,https://www.google.com/maps?cid=7258043979584977031,https://www.google.com/search?q=site%3Alacasadesalud.org+%22Ramon+Velez+Health+Center%22+dental+dentist+patients,https://www.google.com/search?q=%22Ramon+Velez+Health+Center%22+%22754+E+151st+St%2C+Bronx%2C+NY+10455%22+%22%2B1718-734-2539%22+dentist+dental+patients,Review every member. Use one block decision only when the same evidence supports every exact profile; otherwise review profiles separately.
40,eligibility_review_block:e2bdff965f0fcdfd,2,direct_website_singleton,1,Atlanta_GA_L,leedenturelaboratory.com,google:cid:2389707156626682339,Lee Denture Lab,"171 Cleveland Ave SW, Atlanta, GA 30315",Denture care center,http://leedenturelaboratory.com/,+1404-762-5441,https://www.google.com/maps?cid=2389707156626682339,https://www.google.com/search?q=site%3Aleedenturelaboratory.com+%22Lee+Denture+Lab%22+dental+dentist+patients,https://www.google.com/search?q=%22Lee+Denture+Lab%22+%22171+Cleveland+Ave+SW%2C+Atlanta%2C+GA+30315%22+%22%2B1404-762-5441%22+dentist+dental+patients,Review every member. Use one block decision only when the same evidence supports every exact profile; otherwise review profiles separately.
41,eligibility_review_block:d02060af39cc78df,2,direct_website_singleton,1,Buffalo_NY_L,livewellbuffalo.com,google:cid:17955257316026171728,"Buffalo Family Chiropractic Wellness, P.C.","369 Delaware Ave, Buffalo, NY 14202",Chiropractor,https://livewellbuffalo.com/,+1716-854-1563,https://www.google.com/maps?cid=17955257316026171728,https://www.google.com/search?q=site%3Alivewellbuffalo.com+%22Buffalo+Family+Chiropractic+Wellness%2C+P.C.%22+dental+dentist+patients,https://www.google.com/search?q=%22Buffalo+Family+Chiropractic+Wellness%2C+P.C.%22+%22369+Delaware+Ave%2C+Buffalo%2C+NY+14202%22+%22%2B1716-854-1563%22+dentist+dental+patients,Review every member. Use one block decision only when the same evidence supports every exact profile; otherwise review profiles separately.
42,eligibility_review_block:4b83727581ef5e9d,2,direct_website_singleton,1,NYC_NY_L,longislanddenturecenter.com,google:cid:10654524086348142840,Long Island Denture Center,"142 Union Ave, Lynbrook, NY 11563",Denture care center,https://longislanddenturecenter.com/,+1516-905-3368,https://www.google.com/maps?cid=10654524086348142840,https://www.google.com/search?q=site%3Alongislanddenturecenter.com+%22Long+Island+Denture+Center%22+dental+dentist+patients,https://www.google.com/search?q=%22Long+Island+Denture+Center%22+%22142+Union+Ave%2C+Lynbrook%2C+NY+11563%22+%22%2B1516-905-3368%22+dentist+dental+patients,Review every member. Use one block decision only when the same evidence supports every exact profile; otherwise review profiles separately.
43,eligibility_review_block:c85be1a121dd115f,2,direct_website_singleton,1,SanFrancisco_CA_L,lyon-martin.org,google:cid:3260818236341142390,Lyon-Martin Community Health Services,"1735 Mission St, San Francisco, CA 94103",Medical clinic,http://lyon-martin.org/,+1415-565-7667,https://www.google.com/maps?cid=3260818236341142390,https://www.google.com/search?q=site%3Alyon-martin.org+%22Lyon-Martin+Community+Health+Services%22+dental+dentist+patients,https://www.google.com/search?q=%22Lyon-Martin+Community+Health+Services%22+%221735+Mission+St%2C+San+Francisco%2C+CA+94103%22+%22%2B1415-565-7667%22+dentist+dental+patients,Review every member. Use one block decision only when the same evidence supports every exact profile; otherwise review profiles separately.
44,eligibility_review_block:fde81239f988589c,2,direct_website_singleton,1,Macon_GA_M,maconholistic.com,google:cid:14174239940159880544,Macon Holistic,"1080 3rd St Ste 200, Macon, GA 31201",Acupuncture clinic,http://maconholistic.com/,+1478-284-1576,https://www.google.com/maps?cid=14174239940159880544,https://www.google.com/search?q=site%3Amaconholistic.com+%22Macon+Holistic%22+dental+dentist+patients,https://www.google.com/search?q=%22Macon+Holistic%22+%221080+3rd+St+Ste+200%2C+Macon%2C+GA+31201%22+%22%2B1478-284-1576%22+dentist+dental+patients,Review every member. Use one block decision only when the same evidence supports every exact profile; otherwise review profiles separately.
45,eligibility_review_block:6f72609514868811,2,direct_website_singleton,1,NYC_NY_L,meadowparkrehab.com,google:cid:12734663689420348493,Meadow Park Rehab & Healthcare,"78-10 164th St, Fresh Meadows, NY 11366",Nursing home,http://meadowparkrehab.com/,+1718-591-8300,https://www.google.com/maps?cid=12734663689420348493,https://www.google.com/search?q=site%3Ameadowparkrehab.com+%22Meadow+Park+Rehab+%26+Healthcare%22+dental+dentist+patients,https://www.google.com/search?q=%22Meadow+Park+Rehab+%26+Healthcare%22+%2278-10+164th+St%2C+Fresh+Meadows%2C+NY+11366%22+%22%2B1718-591-8300%22+dentist+dental+patients,Review every member. Use one block decision only when the same evidence supports every exact profile; otherwise review profiles separately.
46,eligibility_review_block:2339edbd9a7901c4,2,direct_website_singleton,1,FortBragg_CA_S,mendocinocoastclinics.org,google:cid:14917014621510948541,"Mendocino Coast Clinics, Inc","205 South St, Fort Bragg, CA 95437",Medical clinic,http://mendocinocoastclinics.org/,+1707-964-1251,https://www.google.com/maps?cid=14917014621510948541,https://www.google.com/search?q=site%3Amendocinocoastclinics.org+%22Mendocino+Coast+Clinics%2C+Inc%22+dental+dentist+patients,https://www.google.com/search?q=%22Mendocino+Coast+Clinics%2C+Inc%22+%22205+South+St%2C+Fort+Bragg%2C+CA+95437%22+%22%2B1707-964-1251%22+dentist+dental+patients,Review every member. Use one block decision only when the same evidence supports every exact profile; otherwise review profiles separately.
47,eligibility_review_block:1b757650ef12cc79,2,direct_website_singleton,1,Atlanta_GA_L,mercyatlanta.org,google:cid:16152439090923692825,Mercy Care at Gateway Center,"275 Pryor St SW, Atlanta, GA 30303",Medical clinic,http://mercyatlanta.org/LOCATION_GATEWAY_CENTER,+1678-843-8600,https://www.google.com/maps?cid=16152439090923692825,https://www.google.com/search?q=site%3Amercyatlanta.org+%22Mercy+Care+at+Gateway+Center%22+dental+dentist+patients,https://www.google.com/search?q=%22Mercy+Care+at+Gateway+Center%22+%22275+Pryor+St+SW%2C+Atlanta%2C+GA+30303%22+%22%2B1678-843-8600%22+dentist+dental+patients,Review every member. Use one block decision only when the same evidence supports every exact profile; otherwise review profiles separately.
48,eligibility_review_block:d7bb651c0151370c,2,direct_website_singleton,1,Augusta_GA_L,mirmakmin.com,google:cid:17592610386023037987,Druid Park Community Health Center,"1018 Druid Park Ave, Augusta, GA 30904",Medical clinic,https://mirmakmin.com/,+1706-738-0455,https://www.google.com/maps?cid=17592610386023037987,https://www.google.com/search?q=site%3Amirmakmin.com+%22Druid+Park+Community+Health+Center%22+dental+dentist+patients,https://www.google.com/search?q=%22Druid+Park+Community+Health+Center%22+%221018+Druid+Park+Ave%2C+Augusta%2C+GA+30904%22+%22%2B1706-738-0455%22+dentist+dental+patients,Review every member. Use one block decision only when the same evidence supports every exact profile; otherwise review profiles separately.
49,eligibility_review_block:6f6fe3623feb01f7,2,direct_website_singleton,1,NYC_NY_L,newyorkfamilydentistry.com,google:cid:295538574977635025,Dr. Lawrence Weiss,"9323 Avenue L, Brooklyn, NY 11236",Medical clinic,https://newyorkfamilydentistry.com/about_us/doctor_weiss/,+1718-531-9100,https://www.google.com/maps?cid=295538574977635025,https://www.google.com/search?q=site%3Anewyorkfamilydentistry.com+%22Dr.+Lawrence+Weiss%22+dental+dentist+patients,https://www.google.com/search?q=%22Dr.+Lawrence+Weiss%22+%229323+Avenue+L%2C+Brooklyn%2C+NY+11236%22+%22%2B1718-531-9100%22+dentist+dental+patients,Review every member. Use one block decision only when the same evidence supports every exact profile; otherwise review profiles separately.
50,eligibility_review_block:626ecc10d472452a,2,direct_website_singleton,1,NYC_NY_L,nysleepsolutions.com,google:cid:14013165419560239248,New York Sleep Solutions,"265 Madison Ave 3rd floor, New York, NY 10016",Sleep clinic,https://nysleepsolutions.com/,+1212-540-1622,https://www.google.com/maps?cid=14013165419560239248,https://www.google.com/search?q=site%3Anysleepsolutions.com+%22New+York+Sleep+Solutions%22+dental+dentist+patients,https://www.google.com/search?q=%22New+York+Sleep+Solutions%22+%22265+Madison+Ave+3rd+floor%2C+New+York%2C+NY+10016%22+%22%2B1212-540-1622%22+dentist+dental+patients,Review every member. Use one block decision only when the same evidence supports every exact profile; otherwise review profiles separately.
51,eligibility_review_block:64e19383c95c8e70,2,direct_website_singleton,1,NYC_NY_L,nyulangone.org,google:cid:7749441387408078850,NYU Lutheran Family Health Centers Brooklyn-Chinese,"5008 7th Ave, Brooklyn, NY 11220",Medical clinic,https://nyulangone.org/locations/seventh-avenue-family-health-center-at-nyu-langone,+1718-210-1030,https://www.google.com/maps?cid=7749441387408078850,https://www.google.com/search?q=site%3Anyulangone.org+%22NYU+Lutheran+Family+Health+Centers+Brooklyn-Chinese%22+dental+dentist+patients,https://www.google.com/search?q=%22NYU+Lutheran+Family+Health+Centers+Brooklyn-Chinese%22+%225008+7th+Ave%2C+Brooklyn%2C+NY+11220%22+%22%2B1718-210-1030%22+dentist+dental+patients,Review every member. Use one block decision only when the same evidence supports every exact profile; otherwise review profiles separately.
52,eligibility_review_block:b8ec56fa7baff676,2,direct_website_singleton,1,NYC_NY_L,odahealth.org,google:cid:15144409111980064554,ODA Crown Heights,"779 E New York Ave, Brooklyn, NY 11203",Community health center,https://odahealth.org/locations/oda-crown-heights.html,+1718-260-4670,https://www.google.com/maps?cid=15144409111980064554,https://www.google.com/search?q=site%3Aodahealth.org+%22ODA+Crown+Heights%22+dental+dentist+patients,https://www.google.com/search?q=%22ODA+Crown+Heights%22+%22779+E+New+York+Ave%2C+Brooklyn%2C+NY+11203%22+%22%2B1718-260-4670%22+dentist+dental+patients,Review every member. Use one block decision only when the same evidence supports every exact profile; otherwise review profiles separately.
53,eligibility_review_block:e90333fd6db06aae,2,direct_website_singleton,1,NYC_NY_L,onehansonplace.nyc,google:cid:14748533435362658906,One Hanson Place,"One Hanson Pl, Brooklyn, NY 11243",Condominium complex,https://onehansonplace.nyc/,+1718-783-6608,https://www.google.com/maps?cid=14748533435362658906,https://www.google.com/search?q=site%3Aonehansonplace.nyc+%22One+Hanson+Place%22+dental+dentist+patients,https://www.google.com/search?q=%22One+Hanson+Place%22+%22One+Hanson+Pl%2C+Brooklyn%2C+NY+11243%22+%22%2B1718-783-6608%22+dentist+dental+patients,Review every member. Use one block decision only when the same evidence supports every exact profile; otherwise review profiles separately.
54,eligibility_review_block:619971a47933ebbf,2,direct_website_singleton,1,Eureka_CA_S,opendoorhealth.com,google:cid:12163677498635139494,Open door clinic,"3rd St, Eureka, CA 95501",Medical clinic,https://opendoorhealth.com/,+1707-443-4666,https://www.google.com/maps?cid=12163677498635139494,https://www.google.com/search?q=site%3Aopendoorhealth.com+%22Open+door+clinic%22+dental+dentist+patients,https://www.google.com/search?q=%22Open+door+clinic%22+%223rd+St%2C+Eureka%2C+CA+95501%22+%22%2B1707-443-4666%22+dentist+dental+patients,Review every member. Use one block decision only when the same evidence supports every exact profile; otherwise review profiles separately.
55,eligibility_review_block:8a887994f814d1e9,2,direct_website_singleton,1,NYC_NY_L,pediatrics.northwell.edu,google:cid:9088123712092137469,Center for Hemifacial Microsomia and Ear Deformities,"1991 Marcus Ave #102, North New Hyde Park, NY 11042",Pediatric ophthalmologist,https://pediatrics.northwell.edu/departments-services/center-for-hemifacial-microsomia-ear-deformities?utm_source=provider_listing&utm_medium=partner&utm_campaign=yext,+1516-497-7900,https://www.google.com/maps?cid=9088123712092137469,https://www.google.com/search?q=site%3Apediatrics.northwell.edu+%22Center+for+Hemifacial+Microsomia+and+Ear+Deformities%22+dental+dentist+patients,https://www.google.com/search?q=%22Center+for+Hemifacial+Microsomia+and+Ear+Deformities%22+%221991+Marcus+Ave+%23102%2C+North+New+Hyde+Park%2C+NY+11042%22+%22%2B1516-497-7900%22+dentist+dental+patients,Review every member. Use one block decision only when the same evidence supports every exact profile; otherwise review profiles separately.
56,eligibility_review_block:25a091681609301a,2,direct_website_singleton,1,Toccoa_GA_S,phdistrict2.org,google:cid:13320476754117954318,Stephens County Health Department,"64 N Blvd, Toccoa, GA 30577",Health,https://phdistrict2.org/stephens-county-health-department/,+1706-282-4507,https://www.google.com/maps?cid=13320476754117954318,https://www.google.com/search?q=site%3Aphdistrict2.org+%22Stephens+County+Health+Department%22+dental+dentist+patients,https://www.google.com/search?q=%22Stephens+County+Health+Department%22+%2264+N+Blvd%2C+Toccoa%2C+GA+30577%22+%22%2B1706-282-4507%22+dentist+dental+patients,Review every member. Use one block decision only when the same evidence supports every exact profile; otherwise review profiles separately.
57,eligibility_review_block:bc1100121070e6f7,2,direct_website_singleton,1,Eureka_CA_S,puremakeupstore.com,google:cid:10342098488761581509,Pure Makeup Studio & Med Spa,"522 F St, Eureka, CA 95501",Make-up artist,http://puremakeupstore.com/,+1707-442-9200,https://www.google.com/maps?cid=10342098488761581509,https://www.google.com/search?q=site%3Apuremakeupstore.com+%22Pure+Makeup+Studio+%26+Med+Spa%22+dental+dentist+patients,https://www.google.com/search?q=%22Pure+Makeup+Studio+%26+Med+Spa%22+%22522+F+St%2C+Eureka%2C+CA+95501%22+%22%2B1707-442-9200%22+dentist+dental+patients,Review every member. Use one block decision only when the same evidence supports every exact profile; otherwise review profiles separately.
58,eligibility_review_block:f108bac8548a4db0,2,direct_website_singleton,1,NYC_NY_L,rambamfamilyhealth.org,google:cid:5575282571407485970,Rambam Family Health Center,"1122 Chestnut Ave, Brooklyn, NY 11230",Medical clinic,https://rambamfamilyhealth.org/,+1718-942-3888,https://www.google.com/maps?cid=5575282571407485970,https://www.google.com/search?q=site%3Arambamfamilyhealth.org+%22Rambam+Family+Health+Center%22+dental+dentist+patients,https://www.google.com/search?q=%22Rambam+Family+Health+Center%22+%221122+Chestnut+Ave%2C+Brooklyn%2C+NY+11230%22+%22%2B1718-942-3888%22+dentist+dental+patients,Review every member. Use one block decision only when the same evidence supports every exact profile; otherwise review profiles separately.
59,eligibility_review_block:56c2836cb025a52a,2,direct_website_singleton,1,NYC_NY_L,refuahfamilydental.com,google:cid:9768454306702895582,Dr. Omid Arastehmanesh,"5313 New Utrecht Ave, Brooklyn, NY 11219",Medical clinic,https://refuahfamilydental.com/,+1718-435-3400,https://www.google.com/maps?cid=9768454306702895582,https://www.google.com/search?q=site%3Arefuahfamilydental.com+%22Dr.+Omid+Arastehmanesh%22+dental+dentist+patients,https://www.google.com/search?q=%22Dr.+Omid+Arastehmanesh%22+%225313+New+Utrecht+Ave%2C+Brooklyn%2C+NY+11219%22+%22%2B1718-435-3400%22+dentist+dental+patients,Review every member. Use one block decision only when the same evidence supports every exact profile; otherwise review profiles separately.
60,eligibility_review_block:8ae10c691fbd5a9e,2,direct_website_singleton,1,NYC_NY_L,restfulsleepsolution.com,google:cid:10128345118129549676,Restful Sleep Solution,"1725 Sheepshead Bay Rd, Brooklyn, NY 11235",Sleep clinic,https://restfulsleepsolution.com/contact-us,+1718-872-7830,https://www.google.com/maps?cid=10128345118129549676,https://www.google.com/search?q=site%3Arestfulsleepsolution.com+%22Restful+Sleep+Solution%22+dental+dentist+patients,https://www.google.com/search?q=%22Restful+Sleep+Solution%22+%221725+Sheepshead+Bay+Rd%2C+Brooklyn%2C+NY+11235%22+%22%2B1718-872-7830%22+dentist+dental+patients,Review every member. Use one block decision only when the same evidence supports every exact profile; otherwise review profiles separately.
61,eligibility_review_block:21627077b3f38f67,2,direct_website_singleton,1,LA_CA_L,roadsfoundation.org,google:cid:3440383556425355901,ROADS Community Clinic - East Long Beach,"4800 E Los Coyotes Diagonal, Long Beach, CA 90815",Medical clinic,https://roadsfoundation.org/,+1562-506-1313,https://www.google.com/maps?cid=3440383556425355901,https://www.google.com/search?q=site%3Aroadsfoundation.org+%22ROADS+Community+Clinic+-+East+Long+Beach%22+dental+dentist+patients,https://www.google.com/search?q=%22ROADS+Community+Clinic+-+East+Long+Beach%22+%224800+E+Los+Coyotes+Diagonal%2C+Long+Beach%2C+CA+90815%22+%22%2B1562-506-1313%22+dentist+dental+patients,Review every member. Use one block decision only when the same evidence supports every exact profile; otherwise review profiles separately.
62,eligibility_review_block:efdc144592ed2f22,2,direct_website_singleton,1,LA_CA_L,sjch.org,google:cid:2699669743953774124,St. John’s Community Health - Leavey-OB Clinic,"3628 E Imperial Hwy #301, Lynwood, CA 90262",Family planning center,http://sjch.org/find-a-clinic/,+1323-541-1411,https://www.google.com/maps?cid=2699669743953774124,https://www.google.com/search?q=site%3Asjch.org+%22St.+John%E2%80%99s+Community+Health+-+Leavey-OB+Clinic%22+dental+dentist+patients,https://www.google.com/search?q=%22St.+John%E2%80%99s+Community+Health+-+Leavey-OB+Clinic%22+%223628+E+Imperial+Hwy+%23301%2C+Lynwood%2C+CA+90262%22+%22%2B1323-541-1411%22+dentist+dental+patients,Review every member. Use one block decision only when the same evidence supports every exact profile; otherwise review profiles separately.
63,eligibility_review_block:273162d348b497fb,2,direct_website_singleton,1,LA_CA_L,sjch.org,google:cid:16921693145374816641,St. John’s Community Health Warner Traynham Clinic,"326 W 23rd St, Los Angeles, CA 90007",Medical clinic,https://sjch.org/,+1323-541-1411,https://www.google.com/maps?cid=16921693145374816641,https://www.google.com/search?q=site%3Asjch.org+%22St.+John%E2%80%99s+Community+Health+Warner+Traynham+Clinic%22+dental+dentist+patients,https://www.google.com/search?q=%22St.+John%E2%80%99s+Community+Health+Warner+Traynham+Clinic%22+%22326+W+23rd+St%2C+Los+Angeles%2C+CA+90007%22+%22%2B1323-541-1411%22+dentist+dental+patients,Review every member. Use one block decision only when the same evidence supports every exact profile; otherwise review profiles separately.
64,eligibility_review_block:498b511e0b067451,2,direct_website_singleton,1,LA_CA_L,specials.zendyhealth.com,google:cid:5839081733048392970,ZendyHealth,"1200 Santee St #201, Los Angeles, CA 90015",Medical clinic,https://specials.zendyhealth.com/hsabank/,+1855-699-3639,https://www.google.com/maps?cid=5839081733048392970,https://www.google.com/search?q=site%3Aspecials.zendyhealth.com+%22ZendyHealth%22+dental+dentist+patients,https://www.google.com/search?q=%22ZendyHealth%22+%221200+Santee+St+%23201%2C+Los+Angeles%2C+CA+90015%22+%22%2B1855-699-3639%22+dentist+dental+patients,Review every member. Use one block decision only when the same evidence supports every exact profile; otherwise review profiles separately.
65,eligibility_review_block:9720555d6a8d1468,2,direct_website_singleton,1,LA_CA_L,stepanyansurgical.com,google:cid:16710840398733596569,Stepanyan Surgical Arts Center,"1500 E Chevy Chase Dr #430, Glendale, CA 91206",Plastic surgeon,https://stepanyansurgical.com/,+1818-551-0088,https://www.google.com/maps?cid=16710840398733596569,https://www.google.com/search?q=site%3Astepanyansurgical.com+%22Stepanyan+Surgical+Arts+Center%22+dental+dentist+patients,https://www.google.com/search?q=%22Stepanyan+Surgical+Arts+Center%22+%221500+E+Chevy+Chase+Dr+%23430%2C+Glendale%2C+CA+91206%22+%22%2B1818-551-0088%22+dentist+dental+patients,Review every member. Use one block decision only when the same evidence supports every exact profile; otherwise review profiles separately.
66,eligibility_review_block:b5017a9567967f01,2,direct_website_singleton,1,LA_CA_L,tccliniic.com,google:cid:17012823065007518935,TC Clinic,"604 Rose Ave, Venice, CA 90291",Medical clinic,http://tccliniic.com/family-clinic/venice-family-clinic-locations-hrs-directions.html,+1310-392-8636,https://www.google.com/maps?cid=17012823065007518935,https://www.google.com/search?q=site%3Atccliniic.com+%22TC+Clinic%22+dental+dentist+patients,https://www.google.com/search?q=%22TC+Clinic%22+%22604+Rose+Ave%2C+Venice%2C+CA+90291%22+%22%2B1310-392-8636%22+dentist+dental+patients,Review every member. Use one block decision only when the same evidence supports every exact profile; otherwise review profiles separately.
67,eligibility_review_block:602117636e38b825,2,direct_website_singleton,1,LA_CA_L,unicarechc.org,google:cid:5424899260031512217,Unicare Community Health Center - Los Angeles,"741 S Alvarado St, Los Angeles, CA 90057",Medical clinic,https://unicarechc.org/,+1213-413-6666,https://www.google.com/maps?cid=5424899260031512217,https://www.google.com/search?q=site%3Aunicarechc.org+%22Unicare+Community+Health+Center+-+Los+Angeles%22+dental+dentist+patients,https://www.google.com/search?q=%22Unicare+Community+Health+Center+-+Los+Angeles%22+%22741+S+Alvarado+St%2C+Los+Angeles%2C+CA+90057%22+%22%2B1213-413-6666%22+dentist+dental+patients,Review every member. Use one block decision only when the same evidence supports every exact profile; otherwise review profiles separately.
68,eligibility_review_block:29bce50425de23df,2,direct_website_singleton,1,LA_CA_L,uniform.land,google:cid:4203108899044058271,Uniformland,"23360 Valencia Blvd Ste G, Valencia, CA 91355",Uniform store,http://uniform.land/,+1661-255-2033,https://www.google.com/maps?cid=4203108899044058271,https://www.google.com/search?q=site%3Auniform.land+%22Uniformland%22+dental+dentist+patients,https://www.google.com/search?q=%22Uniformland%22+%2223360+Valencia+Blvd+Ste+G%2C+Valencia%2C+CA+91355%22+%22%2B1661-255-2033%22+dentist+dental+patients,Review every member. Use one block decision only when the same evidence supports every exact profile; otherwise review profiles separately.
69,eligibility_review_block:6f8050add09e52aa,2,direct_website_singleton,1,Eureka_CA_S,unitedindianhealthservices.org,google:cid:5485192789650701152,Eureka Health Center- United Indian Health Services,"2505 Lucas St Ste a, Eureka, CA 95501",Medical clinic,http://unitedindianhealthservices.org/,+1707-442-0380,https://www.google.com/maps?cid=5485192789650701152,https://www.google.com/search?q=site%3Aunitedindianhealthservices.org+%22Eureka+Health+Center-+United+Indian+Health+Services%22+dental+dentist+patients,https://www.google.com/search?q=%22Eureka+Health+Center-+United+Indian+Health+Services%22+%222505+Lucas+St+Ste+a%2C+Eureka%2C+CA+95501%22+%22%2B1707-442-0380%22+dentist+dental+patients,Review every member. Use one block decision only when the same evidence supports every exact profile; otherwise review profiles separately.
70,eligibility_review_block:d016dd076e909cca,2,direct_website_singleton,1,Eureka_CA_S,unitedindianhealthservices.org,google:cid:13043699129127900103,United Indian Health Services - Downtown Eureka,"434 7th St, Eureka, CA 95501",Public health department,https://unitedindianhealthservices.org/,+1707-296-2500,https://www.google.com/maps?cid=13043699129127900103,https://www.google.com/search?q=site%3Aunitedindianhealthservices.org+%22United+Indian+Health+Services+-+Downtown+Eureka%22+dental+dentist+patients,https://www.google.com/search?q=%22United+Indian+Health+Services+-+Downtown+Eureka%22+%22434+7th+St%2C+Eureka%2C+CA+95501%22+%22%2B1707-296-2500%22+dentist+dental+patients,Review every member. Use one block decision only when the same evidence supports every exact profile; otherwise review profiles separately.
71,eligibility_review_block:6b43b8cf56fca6fa,2,direct_website_singleton,1,LA_CA_L,usoncology.com,google:cid:92410452455775698,Vantage Oncology,"5522 Sepulveda Blvd, Sherman Oaks, CA 91411",Cancer treatment center,https://usoncology.com/news/vantage-oncologys-50-centers-and-more-than-350-affiliated-physicians-join-the-us-oncology-network/,+1818-997-1522,https://www.google.com/maps?cid=92410452455775698,https://www.google.com/search?q=site%3Ausoncology.com+%22Vantage+Oncology%22+dental+dentist+patients,https://www.google.com/search?q=%22Vantage+Oncology%22+%225522+Sepulveda+Blvd%2C+Sherman+Oaks%2C+CA+91411%22+%22%2B1818-997-1522%22+dentist+dental+patients,Review every member. Use one block decision only when the same evidence supports every exact profile; otherwise review profiles separately.
72,eligibility_review_block:a0f3be8b669e721f,2,direct_website_singleton,1,LA_CA_L,valleycommunityhealthcare.org,google:cid:685936001646178210,Valley Community Healthcare,"6801 Coldwater Canyon Ave, North Hollywood, CA 91605",Medical clinic,https://valleycommunityhealthcare.org/,+1818-763-8836,https://www.google.com/maps?cid=685936001646178210,https://www.google.com/search?q=site%3Avalleycommunityhealthcare.org+%22Valley+Community+Healthcare%22+dental+dentist+patients,https://www.google.com/search?q=%22Valley+Community+Healthcare%22+%226801+Coldwater+Canyon+Ave%2C+North+Hollywood%2C+CA+91605%22+%22%2B1818-763-8836%22+dentist+dental+patients,Review every member. Use one block decision only when the same evidence supports every exact profile; otherwise review profiles separately.
73,eligibility_review_block:155ae2123f5f32c2,2,direct_website_singleton,1,Macon_GA_M,walmarthealth.com,google:cid:13284838367573234959,Walmart Health Center,"6020 Harrison Rd Suite B, Macon, GA 31206",Medical clinic,https://walmarthealth.com/,+1478-703-0468,https://www.google.com/maps?cid=13284838367573234959,https://www.google.com/search?q=site%3Awalmarthealth.com+%22Walmart+Health+Center%22+dental+dentist+patients,https://www.google.com/search?q=%22Walmart+Health+Center%22+%226020+Harrison+Rd+Suite+B%2C+Macon%2C+GA+31206%22+%22%2B1478-703-0468%22+dentist+dental+patients,Review every member. Use one block decision only when the same evidence supports every exact profile; otherwise review profiles separately.
74,eligibility_review_block:efc0ad29675fa663,2,direct_website_singleton,1,LA_CA_L,wesleyhealthcenters.com,google:cid:17148503378792403798,Wesley Health Clinic,"522 San Pedro St, Los Angeles, CA 90013",Medical group,http://wesleyhealthcenters.com/,+1562-867-7999,https://www.google.com/maps?cid=17148503378792403798,https://www.google.com/search?q=site%3Awesleyhealthcenters.com+%22Wesley+Health+Clinic%22+dental+dentist+patients,https://www.google.com/search?q=%22Wesley+Health+Clinic%22+%22522+San+Pedro+St%2C+Los+Angeles%2C+CA+90013%22+%22%2B1562-867-7999%22+dentist+dental+patients,Review every member. Use one block decision only when the same evidence supports every exact profile; otherwise review profiles separately.
75,eligibility_review_block:c64197d1b4ae0c54,2,direct_website_singleton,1,Atlanta_GA_L,whitefoord.org,google:cid:374081400048267317,Whitefoord Health Center,"1401 Hosea L Williams Dr NE, Atlanta, GA 30317",Medical clinic,http://whitefoord.org/,+1404-373-6614,https://www.google.com/maps?cid=374081400048267317,https://www.google.com/search?q=site%3Awhitefoord.org+%22Whitefoord+Health+Center%22+dental+dentist+patients,https://www.google.com/search?q=%22Whitefoord+Health+Center%22+%221401+Hosea+L+Williams+Dr+NE%2C+Atlanta%2C+GA+30317%22+%22%2B1404-373-6614%22+dentist+dental+patients,Review every member. Use one block decision only when the same evidence supports every exact profile; otherwise review profiles separately.
76,eligibility_review_block:9f9d425a519b3050,2,direct_website_singleton,1,LA_CA_L,wmchealthcenter.org,google:cid:17578519269912760366,White Memorial Community Health Center - Plaza III,"1828 E Cesar E Chavez Ave, Los Angeles, CA 90033",Medical clinic,https://wmchealthcenter.org/contact/,+1323-987-1200,https://www.google.com/maps?cid=17578519269912760366,https://www.google.com/search?q=site%3Awmchealthcenter.org+%22White+Memorial+Community+Health+Center+-+Plaza+III%22+dental+dentist+patients,https://www.google.com/search?q=%22White+Memorial+Community+Health+Center+-+Plaza+III%22+%221828+E+Cesar+E+Chavez+Ave%2C+Los+Angeles%2C+CA+90033%22+%22%2B1323-987-1200%22+dentist+dental+patients,Review every member. Use one block decision only when the same evidence supports every exact profile; otherwise review profiles separately.
77,eligibility_review_block:27d0aae5d9705545,2,direct_website_singleton,1,LA_CA_L,www.100bmla.net,google:cid:1041337711816604659,100 Black Men of Los Angeles,"3701 Stocker St #309a, Los Angeles, CA 90008",Non-profit organization,https://www.100bmla.net/,+1310-947-7745,https://www.google.com/maps?cid=1041337711816604659,https://www.google.com/search?q=site%3Awww.100bmla.net+%22100+Black+Men+of+Los+Angeles%22+dental+dentist+patients,https://www.google.com/search?q=%22100+Black+Men+of+Los+Angeles%22+%223701+Stocker+St+%23309a%2C+Los+Angeles%2C+CA+90008%22+%22%2B1310-947-7745%22+dentist+dental+patients,Review every member. Use one block decision only when the same evidence supports every exact profile; otherwise review profiles separately.
78,eligibility_review_block:5fe61fe1f649a4f8,2,direct_website_singleton,1,NYC_NY_L,www.addabbo.org,google:cid:18267820865628352209,"The Joseph P. Addabbo Family Health Center, Inc.","62-00 Beach Channel Dr, Arverne, NY 11692",Medical Center,http://www.addabbo.org/,+1718-945-7150,https://www.google.com/maps?cid=18267820865628352209,https://www.google.com/search?q=site%3Awww.addabbo.org+%22The+Joseph+P.+Addabbo+Family+Health+Center%2C+Inc.%22+dental+dentist+patients,https://www.google.com/search?q=%22The+Joseph+P.+Addabbo+Family+Health+Center%2C+Inc.%22+%2262-00+Beach+Channel+Dr%2C+Arverne%2C+NY+11692%22+%22%2B1718-945-7150%22+dentist+dental+patients,Review every member. Use one block decision only when the same evidence supports every exact profile; otherwise review profiles separately.
79,eligibility_review_block:2ca8d26ec4c84e03,2,direct_website_singleton,1,SaranacLake_NY_S,www.adirondackhealth.org,google:cid:10103828371342018102,Adirondack Health,"2233 NY-86, Saranac Lake, NY 12983",Medical clinic,http://www.adirondackhealth.org/,+1518-891-4141,https://www.google.com/maps?cid=10103828371342018102,https://www.google.com/search?q=site%3Awww.adirondackhealth.org+%22Adirondack+Health%22+dental+dentist+patients,https://www.google.com/search?q=%22Adirondack+Health%22+%222233+NY-86%2C+Saranac+Lake%2C+NY+12983%22+%22%2B1518-891-4141%22+dentist+dental+patients,Review every member. Use one block decision only when the same evidence supports every exact profile; otherwise review profiles separately.
80,eligibility_review_block:29f38db4cdbc594d,2,direct_website_singleton,1,FortBragg_CA_S,www.adventisthealth.org,google:cid:5493462293064925102,Adventist Health Mendocino Coast,"700 River Dr, Fort Bragg, CA 95437",Hospital,https://www.adventisthealth.org/mendocino-coast/,+1707-961-1234,https://www.google.com/maps?cid=5493462293064925102,https://www.google.com/search?q=site%3Awww.adventisthealth.org+%22Adventist+Health+Mendocino+Coast%22+dental+dentist+patients,https://www.google.com/search?q=%22Adventist+Health+Mendocino+Coast%22+%22700+River+Dr%2C+Fort+Bragg%2C+CA+95437%22+%22%2B1707-961-1234%22+dentist+dental+patients,Review every member. Use one block decision only when the same evidence supports every exact profile; otherwise review profiles separately.
81,eligibility_review_block:46a52b1dd6bbb716,2,direct_website_singleton,1,LA_CA_L,www.aestheticdecor.com,google:cid:895678497028964503,Aesthetic,"8663 Holloway Plaza Dr, Los Angeles, CA 90069",Furniture maker,http://www.aestheticdecor.com/,+1310-659-6213,https://www.google.com/maps?cid=895678497028964503,https://www.google.com/search?q=site%3Awww.aestheticdecor.com+%22Aesthetic%22+dental+dentist+patients,https://www.google.com/search?q=%22Aesthetic%22+%228663+Holloway+Plaza+Dr%2C+Los+Angeles%2C+CA+90069%22+%22%2B1310-659-6213%22+dentist+dental+patients,Review every member. Use one block decision only when the same evidence supports every exact profile; otherwise review profiles separately.
82,eligibility_review_block:73a856afb4f0d983,2,direct_website_singleton,1,LA_CA_L,www.affinitycosmeticcenter.com,google:cid:15714100834549036307,Affinity Cosmetic Center,"12304 Santa Monica Blvd #101, Los Angeles, CA 90025",Skin care clinic,http://www.affinitycosmeticcenter.com/,+1310-801-6484,https://www.google.com/maps?cid=15714100834549036307,https://www.google.com/search?q=site%3Awww.affinitycosmeticcenter.com+%22Affinity+Cosmetic+Center%22+dental+dentist+patients,https://www.google.com/search?q=%22Affinity+Cosmetic+Center%22+%2212304+Santa+Monica+Blvd+%23101%2C+Los+Angeles%2C+CA+90025%22+%22%2B1310-801-6484%22+dentist+dental+patients,Review every member. Use one block decision only when the same evidence supports every exact profile; otherwise review profiles separately.
83,eligibility_review_block:ecc2ea6e4ea31de8,2,direct_website_singleton,1,LA_CA_L,www.altamed.org,google:cid:8733211690348049313,"AltaMed Medical and Dental Group - Pasadena, Fair Oaks","1855 N Fair Oaks Ave #200, Pasadena, CA 91103",Medical clinic,https://www.altamed.org/,+1888-499-9303,https://www.google.com/maps?cid=8733211690348049313,https://www.google.com/search?q=site%3Awww.altamed.org+%22AltaMed+Medical+and+Dental+Group+-+Pasadena%2C+Fair+Oaks%22+dental+dentist+patients,https://www.google.com/search?q=%22AltaMed+Medical+and+Dental+Group+-+Pasadena%2C+Fair+Oaks%22+%221855+N+Fair+Oaks+Ave+%23200%2C+Pasadena%2C+CA+91103%22+%22%2B1888-499-9303%22+dentist+dental+patients,Review every member. Use one block decision only when the same evidence supports every exact profile; otherwise review profiles separately.
84,eligibility_review_block:44f13bc44b5fc9a8,2,direct_website_singleton,1,LA_CA_L,www.altamed.org,google:cid:11349040228690126297,AltaMed Medical and Dental Group - South Gate,"8627 Atlantic Ave, South Gate, CA 90280",Medical group,http://www.altamed.org/,+1888-499-9303,https://www.google.com/maps?cid=11349040228690126297,https://www.google.com/search?q=site%3Awww.altamed.org+%22AltaMed+Medical+and+Dental+Group+-+South+Gate%22+dental+dentist+patients,https://www.google.com/search?q=%22AltaMed+Medical+and+Dental+Group+-+South+Gate%22+%228627+Atlantic+Ave%2C+South+Gate%2C+CA+90280%22+%22%2B1888-499-9303%22+dentist+dental+patients,Review every member. Use one block decision only when the same evidence supports every exact profile; otherwise review profiles separately.
85,eligibility_review_block:3e1e10cc72501bff,2,direct_website_singleton,1,NYC_NY_L,www.apicha.org,google:cid:18324274402083215110,Apicha Community Health Center - Jackson Heights-Queens,"82-11 37th Ave, Jackson Heights, NY 11372",Medical Center,https://www.apicha.org/locations/jackson-heights-clinic/,+1718-567-5200,https://www.google.com/maps?cid=18324274402083215110,https://www.google.com/search?q=site%3Awww.apicha.org+%22Apicha+Community+Health+Center+-+Jackson+Heights-Queens%22+dental+dentist+patients,https://www.google.com/search?q=%22Apicha+Community+Health+Center+-+Jackson+Heights-Queens%22+%2282-11+37th+Ave%2C+Jackson+Heights%2C+NY+11372%22+%22%2B1718-567-5200%22+dentist+dental+patients,Review every member. Use one block decision only when the same evidence supports every exact profile; otherwise review profiles separately.
86,eligibility_review_block:b3fc68bf30ec615c,2,direct_website_singleton,1,NYC_NY_L,www.aquaticrehabilitation.com,google:cid:15502555001169980906,Aquatic Rehabilitation Center,"1659 78th St, Brooklyn, NY 11214",Rehabilitation center,http://www.aquaticrehabilitation.com/,+1718-234-1212,https://www.google.com/maps?cid=15502555001169980906,https://www.google.com/search?q=site%3Awww.aquaticrehabilitation.com+%22Aquatic+Rehabilitation+Center%22+dental+dentist+patients,https://www.google.com/search?q=%22Aquatic+Rehabilitation+Center%22+%221659+78th+St%2C+Brooklyn%2C+NY+11214%22+%22%2B1718-234-1212%22+dentist+dental+patients,Review every member. Use one block decision only when the same evidence supports every exact profile; otherwise review profiles separately.
87,eligibility_review_block:60a849dfd2738800,2,direct_website_singleton,1,LA_CA_L,www.arcmotionrehab.com,google:cid:8910150710373783377,"Dr. Wei Ching Lee, MD - Arc Motion Rehab Clinic","55 E Huntington Dr #219, Arcadia, CA 91006",Pain management physician,http://www.arcmotionrehab.com/,+1626-817-3422,https://www.google.com/maps?cid=8910150710373783377,https://www.google.com/search?q=site%3Awww.arcmotionrehab.com+%22Dr.+Wei+Ching+Lee%2C+MD+-+Arc+Motion+Rehab+Clinic%22+dental+dentist+patients,https://www.google.com/search?q=%22Dr.+Wei+Ching+Lee%2C+MD+-+Arc+Motion+Rehab+Clinic%22+%2255+E+Huntington+Dr+%23219%2C+Arcadia%2C+CA+91006%22+%22%2B1626-817-3422%22+dentist+dental+patients,Review every member. Use one block decision only when the same evidence supports every exact profile; otherwise review profiles separately.
88,eligibility_review_block:19e6b0cd8bfe6908,2,direct_website_singleton,1,LA_CA_L,www.arroyovista.org,google:cid:11311635005790691978,Wong Jessica Pea MD,"6000 N Figueroa St, Highland Park, CA 90042",Doctor,http://www.arroyovista.org/,+1323-254-5221,https://www.google.com/maps?cid=11311635005790691978,https://www.google.com/search?q=site%3Awww.arroyovista.org+%22Wong+Jessica+Pea+MD%22+dental+dentist+patients,https://www.google.com/search?q=%22Wong+Jessica+Pea+MD%22+%226000+N+Figueroa+St%2C+Highland+Park%2C+CA+90042%22+%22%2B1323-254-5221%22+dentist+dental+patients,Review every member. Use one block decision only when the same evidence supports every exact profile; otherwise review profiles separately.
89,eligibility_review_block:bfdd4f662893030a,2,direct_website_singleton,1,NYC_NY_L,www.aspirehs.com,google:cid:15795670956715437029,Aspire Health Solutions,"8 Davison Plaza, East Rockaway, NY 11518",Home health care service,https://www.aspirehs.com/,+1347-717-4117,https://www.google.com/maps?cid=15795670956715437029,https://www.google.com/search?q=site%3Awww.aspirehs.com+%22Aspire+Health+Solutions%22+dental+dentist+patients,https://www.google.com/search?q=%22Aspire+Health+Solutions%22+%228+Davison+Plaza%2C+East+Rockaway%2C+NY+11518%22+%22%2B1347-717-4117%22+dentist+dental+patients,Review every member. Use one block decision only when the same evidence supports every exact profile; otherwise review profiles separately.
90,eligibility_review_block:7cbbc7672ac0742d,2,direct_website_singleton,1,Augusta_GA_L,www.augusta.va.gov,google:cid:4908311652064968016,VA Downtown Division,"950 15th St, Augusta, GA 30901",Hospital,https://www.augusta.va.gov/locations/directions.asp,+1706-733-0188,https://www.google.com/maps?cid=4908311652064968016,https://www.google.com/search?q=site%3Awww.augusta.va.gov+%22VA+Downtown+Division%22+dental+dentist+patients,https://www.google.com/search?q=%22VA+Downtown+Division%22+%22950+15th+St%2C+Augusta%2C+GA+30901%22+%22%2B1706-733-0188%22+dentist+dental+patients,Review every member. Use one block decision only when the same evidence supports every exact profile; otherwise review profiles separately.
91,eligibility_review_block:ff436f706f385d3e,2,direct_website_singleton,1,NYC_NY_L,www.betances.org,google:cid:9629879480313591668,Betances Health Center,"280 Henry St, New York, NY 10002",Community health center,http://www.betances.org/,+1212-227-8401,https://www.google.com/maps?cid=9629879480313591668,https://www.google.com/search?q=site%3Awww.betances.org+%22Betances+Health+Center%22+dental+dentist+patients,https://www.google.com/search?q=%22Betances+Health+Center%22+%22280+Henry+St%2C+New+York%2C+NY+10002%22+%22%2B1212-227-8401%22+dentist+dental+patients,Review every member. Use one block decision only when the same evidence supports every exact profile; otherwise review profiles separately.
92,eligibility_review_block:2fed6c001288880a,2,direct_website_singleton,1,NYC_NY_L,www.bewellmedical.com,google:cid:5699955828418129941,Be Well Primary Health Care Center,"3007 Farragut Rd, Brooklyn, NY 11210",Internist,http://www.bewellmedical.com/,+1718-253-9355,https://www.google.com/maps?cid=5699955828418129941,https://www.google.com/search?q=site%3Awww.bewellmedical.com+%22Be+Well+Primary+Health+Care+Center%22+dental+dentist+patients,https://www.google.com/search?q=%22Be+Well+Primary+Health+Care+Center%22+%223007+Farragut+Rd%2C+Brooklyn%2C+NY+11210%22+%22%2B1718-253-9355%22+dentist+dental+patients,Review every member. Use one block decision only when the same evidence supports every exact profile; otherwise review profiles separately.
93,eligibility_review_block:50b76de9d5f67b05,2,direct_website_singleton,1,NYC_NY_L,www.bmsfamilyhealth.org,google:cid:3395348879050996542,BMS Family Health and Wellness Centers@Ashford,"650 Ashford St, Brooklyn, NY 11207",Medical Center,https://www.bmsfamilyhealth.org/,+1718-345-5000,https://www.google.com/maps?cid=3395348879050996542,https://www.google.com/search?q=site%3Awww.bmsfamilyhealth.org+%22BMS+Family+Health+and+Wellness+Centers%40Ashford%22+dental+dentist+patients,https://www.google.com/search?q=%22BMS+Family+Health+and+Wellness+Centers%40Ashford%22+%22650+Ashford+St%2C+Brooklyn%2C+NY+11207%22+%22%2B1718-345-5000%22+dentist+dental+patients,Review every member. Use one block decision only when the same evidence supports every exact profile; otherwise review profiles separately.
94,eligibility_review_block:2f91fa2e4ac094e8,2,direct_website_singleton,1,NYC_NY_L,www.brookdalehospital.org,google:cid:4889158453415494831,Brookdale Family Care Center - New Lots,"465 New Lots Ave, Brooklyn, NY 11207",Medical office,http://www.brookdalehospital.org/brookdale-family-care-center-bristol-street.html,+1718-240-8950,https://www.google.com/maps?cid=4889158453415494831,https://www.google.com/search?q=site%3Awww.brookdalehospital.org+%22Brookdale+Family+Care+Center+-+New+Lots%22+dental+dentist+patients,https://www.google.com/search?q=%22Brookdale+Family+Care+Center+-+New+Lots%22+%22465+New+Lots+Ave%2C+Brooklyn%2C+NY+11207%22+%22%2B1718-240-8950%22+dentist+dental+patients,Review every member. Use one block decision only when the same evidence supports every exact profile; otherwise review profiles separately.
95,eligibility_review_block:36385981fbe9dbd7,2,direct_website_singleton,1,NYC_NY_L,www.brooklynplaza.org,google:cid:14221168649792805791,Whitman Ingersoll Farragut Hea,"297 Myrtle Ave, Brooklyn, NY 11205",Medical clinic,http://www.brooklynplaza.org/,+1718-596-8000,https://www.google.com/maps?cid=14221168649792805791,https://www.google.com/search?q=site%3Awww.brooklynplaza.org+%22Whitman+Ingersoll+Farragut+Hea%22+dental+dentist+patients,https://www.google.com/search?q=%22Whitman+Ingersoll+Farragut+Hea%22+%22297+Myrtle+Ave%2C+Brooklyn%2C+NY+11205%22+%22%2B1718-596-8000%22+dentist+dental+patients,Review every member. Use one block decision only when the same evidence supports every exact profile; otherwise review profiles separately.
96,eligibility_review_block:879034564dc36aae,2,direct_website_singleton,1,NYC_NY_L,www.cbwchc.org,google:cid:5427215135935540092,Charles B. Wang Community Health Center,"131-72 40th Rd 4th Floor, Flushing, NY 11354",Medical Center,https://www.cbwchc.org/,+1718-587-1111,https://www.google.com/maps?cid=5427215135935540092,https://www.google.com/search?q=site%3Awww.cbwchc.org+%22Charles+B.+Wang+Community+Health+Center%22+dental+dentist+patients,https://www.google.com/search?q=%22Charles+B.+Wang+Community+Health+Center%22+%22131-72+40th+Rd+4th+Floor%2C+Flushing%2C+NY+11354%22+%22%2B1718-587-1111%22+dentist+dental+patients,Review every member. Use one block decision only when the same evidence supports every exact profile; otherwise review profiles separately.
97,eligibility_review_block:9aa85c1c3f27d980,2,direct_website_singleton,1,NYC_NY_L,www.ccbq.org,google:cid:7617309210467543931,"Antonia Sarris, LCSW","25 Chapel St, Brooklyn, NY 11201",Social services organization,http://www.ccbq.org/,+1718-398-0153,https://www.google.com/maps?cid=7617309210467543931,https://www.google.com/search?q=site%3Awww.ccbq.org+%22Antonia+Sarris%2C+LCSW%22+dental+dentist+patients,https://www.google.com/search?q=%22Antonia+Sarris%2C+LCSW%22+%2225+Chapel+St%2C+Brooklyn%2C+NY+11201%22+%22%2B1718-398-0153%22+dentist+dental+patients,Review every member. Use one block decision only when the same evidence supports every exact profile; otherwise review profiles separately.
98,eligibility_review_block:15a90604db2d1ce1,2,direct_website_singleton,1,Augusta_GA_L,www.cchsaugusta.org,google:cid:15876635400132913439,Christ Community Health Peach Orchard,"2604 Peach Orchard Rd #200, Augusta, GA 30906",Medical clinic,https://www.cchsaugusta.org/,+1706-396-1493,https://www.google.com/maps?cid=15876635400132913439,https://www.google.com/search?q=site%3Awww.cchsaugusta.org+%22Christ+Community+Health+Peach+Orchard%22+dental+dentist+patients,https://www.google.com/search?q=%22Christ+Community+Health+Peach+Orchard%22+%222604+Peach+Orchard+Rd+%23200%2C+Augusta%2C+GA+30906%22+%22%2B1706-396-1493%22+dentist+dental+patients,Review every member. Use one block decision only when the same evidence supports every exact profile; otherwise review profiles separately.
99,eligibility_review_block:009142746158e259,2,direct_website_singleton,1,LA_CA_L,www.cedars-sinai.org,google:cid:10073033236181205716,"Ardeshir Soroushyari, M.D.","5411 Etiwanda Ave #200, Tarzana, CA 91356",Internist,https://www.cedars-sinai.org/provider/ardeshir-soroushyari-2644702.html,+1818-996-5700,https://www.google.com/maps?cid=10073033236181205716,https://www.google.com/search?q=site%3Awww.cedars-sinai.org+%22Ardeshir+Soroushyari%2C+M.D.%22+dental+dentist+patients,https://www.google.com/search?q=%22Ardeshir+Soroushyari%2C+M.D.%22+%225411+Etiwanda+Ave+%23200%2C+Tarzana%2C+CA+91356%22+%22%2B1818-996-5700%22+dentist+dental+patients,Review every member. Use one block decision only when the same evidence supports every exact profile; otherwise review profiles separately.
100,eligibility_review_block:40f74497665d3559,2,direct_website_singleton,1,LA_CA_L,www.centralcityhealth.org,google:cid:6614151412022945732,Central City Community Health Center,"5970 S Central Ave, Los Angeles, CA 90001",Community health center,http://www.centralcityhealth.org/,+1323-234-3280,https://www.google.com/maps?cid=6614151412022945732,https://www.google.com/search?q=site%3Awww.centralcityhealth.org+%22Central+City+Community+Health+Center%22+dental+dentist+patients,https://www.google.com/search?q=%22Central+City+Community+Health+Center%22+%225970+S+Central+Ave%2C+Los+Angeles%2C+CA+90001%22+%22%2B1323-234-3280%22+dentist+dental+patients,Review every member. Use one block decision only when the same evidence supports every exact profile; otherwise review profiles separately.
101,eligibility_review_block:cec2152add9f9036,2,direct_website_singleton,1,NYC_NY_L,www.centurymedicaldental.com,google:cid:3675758136041550130,"Century Medical & Dental Center | Brooklyn, Downtown","200 Livingston St, Brooklyn, NY 11201",Medical clinic,https://www.centurymedicaldental.com/downtown-brooklyn-ny-11201/,+1718-522-3399,https://www.google.com/maps?cid=3675758136041550130,https://www.google.com/search?q=site%3Awww.centurymedicaldental.com+%22Century+Medical+%26+Dental+Center+%7C+Brooklyn%2C+Downtown%22+dental+dentist+patients,https://www.google.com/search?q=%22Century+Medical+%26+Dental+Center+%7C+Brooklyn%2C+Downtown%22+%22200+Livingston+St%2C+Brooklyn%2C+NY+11201%22+%22%2B1718-522-3399%22+dentist+dental+patients,Review every member. Use one block decision only when the same evidence supports every exact profile; otherwise review profiles separately.
102,eligibility_review_block:5fff7d16e629eefe,2,direct_website_singleton,1,NYC_NY_L,www.childrensaidnyc.org,google:cid:14802067086695398071,Children's Aid - Dunlevy Milbank Center,"14-32 W 118th St, New York, NY 10026",Non-profit organization,http://www.childrensaidnyc.org/programs/location/dunlevy-milbank-center,+1212-996-1716,https://www.google.com/maps?cid=14802067086695398071,https://www.google.com/search?q=site%3Awww.childrensaidnyc.org+%22Children%27s+Aid+-+Dunlevy+Milbank+Center%22+dental+dentist+patients,https://www.google.com/search?q=%22Children%27s+Aid+-+Dunlevy+Milbank+Center%22+%2214-32+W+118th+St%2C+New+York%2C+NY+10026%22+%22%2B1212-996-1716%22+dentist+dental+patients,Review every member. Use one block decision only when the same evidence supports every exact profile; otherwise review profiles separately.
103,eligibility_review_block:a84adfff126af993,2,direct_website_singleton,1,NYC_NY_L,www.childrensaidnyc.org,google:cid:5545151789808744503,Children's Aid: Bronx Health Center,"910 E 172nd St, Bronx, NY 10460",Medical Center,http://www.childrensaidnyc.org/health,+1347-767-2200,https://www.google.com/maps?cid=5545151789808744503,https://www.google.com/search?q=site%3Awww.childrensaidnyc.org+%22Children%27s+Aid%3A+Bronx+Health+Center%22+dental+dentist+patients,https://www.google.com/search?q=%22Children%27s+Aid%3A+Bronx+Health+Center%22+%22910+E+172nd+St%2C+Bronx%2C+NY+10460%22+%22%2B1347-767-2200%22+dentist+dental+patients,Review every member. Use one block decision only when the same evidence supports every exact profile; otherwise review profiles separately.
104,eligibility_review_block:3cd0713d348a59b1,2,direct_website_singleton,1,NYC_NY_L,www.chnnyc.org,google:cid:7797290965946195780,Community Healthcare Network – Lower East Side / Catherine M. Abate,"255 E Houston St, New York, NY 10002",Community health center,https://www.chnnyc.org/lower-east-side-center/,+1212-477-1120,https://www.google.com/maps?cid=7797290965946195780,https://www.google.com/search?q=site%3Awww.chnnyc.org+%22Community+Healthcare+Network+%E2%80%93+Lower+East+Side+%2F+Catherine+M.+Abate%22+dental+dentist+patients,https://www.google.com/search?q=%22Community+Healthcare+Network+%E2%80%93+Lower+East+Side+%2F+Catherine+M.+Abate%22+%22255+E+Houston+St%2C+New+York%2C+NY+10002%22+%22%2B1212-477-1120%22+dentist+dental+patients,Review every member. Use one block decision only when the same evidence supports every exact profile; otherwise review profiles separately.
105,eligibility_review_block:92585a739ae9d706,2,direct_website_singleton,1,LA_CA_L,www.clinicas.org,google:cid:7778619330488409355,Clinicas Newbury Park Health Center,"1000 Newbury Rd Ste 150, Newbury Park, CA 91320",Community health center,https://www.clinicas.org/content/newbury-park,+1805-498-3640,https://www.google.com/maps?cid=7778619330488409355,https://www.google.com/search?q=site%3Awww.clinicas.org+%22Clinicas+Newbury+Park+Health+Center%22+dental+dentist+patients,https://www.google.com/search?q=%22Clinicas+Newbury+Park+Health+Center%22+%221000+Newbury+Rd+Ste+150%2C+Newbury+Park%2C+CA+91320%22+%22%2B1805-498-3640%22+dentist+dental+patients,Review every member. Use one block decision only when the same evidence supports every exact profile; otherwise review profiles separately.
106,eligibility_review_block:1877864899329051,2,direct_website_singleton,1,SanFrancisco_CA_L,www.clinicbythebay.org,google:cid:14237711967666725015,Clinic by the Bay,"35 Onondaga Ave, San Francisco, CA 94112",Medical clinic,http://www.clinicbythebay.org/,+1415-405-0222,https://www.google.com/maps?cid=14237711967666725015,https://www.google.com/search?q=site%3Awww.clinicbythebay.org+%22Clinic+by+the+Bay%22+dental+dentist+patients,https://www.google.com/search?q=%22Clinic+by+the+Bay%22+%2235+Onondaga+Ave%2C+San+Francisco%2C+CA+94112%22+%22%2B1415-405-0222%22+dentist+dental+patients,Review every member. Use one block decision only when the same evidence supports every exact profile; otherwise review profiles separately.
107,eligibility_review_block:01175930470c0fab,2,direct_website_singleton,1,NYC_NY_L,www.coffeeandconsultingllc.com,google:cid:7171405538689679713,Coffee and Consulting LLC,"1633 E 15th St, Brooklyn, NY 11229",Bookkeeping service,https://www.coffeeandconsultingllc.com/,+1401-236-7286,https://www.google.com/maps?cid=7171405538689679713,https://www.google.com/search?q=site%3Awww.coffeeandconsultingllc.com+%22Coffee+and+Consulting+LLC%22+dental+dentist+patients,https://www.google.com/search?q=%22Coffee+and+Consulting+LLC%22+%221633+E+15th+St%2C+Brooklyn%2C+NY+11229%22+%22%2B1401-236-7286%22+dentist+dental+patients,Review every member. Use one block decision only when the same evidence supports every exact profile; otherwise review profiles separately.
108,eligibility_review_block:693a1df2c176f4ed,2,direct_website_singleton,1,NYC_NY_L,www.columbiadoctors.org,google:cid:12688400926869408311,ColumbiaDoctors - Midtown,"51 W 51st St, New York, NY 10019",Medical Center,https://www.columbiadoctors.org/locations/columbiadoctors-midtown?utm_source=yextgmb&utm_medium=organic&utm_campaign=yext_doctor_listings,+1212-326-8500,https://www.google.com/maps?cid=12688400926869408311,https://www.google.com/search?q=site%3Awww.columbiadoctors.org+%22ColumbiaDoctors+-+Midtown%22+dental+dentist+patients,https://www.google.com/search?q=%22ColumbiaDoctors+-+Midtown%22+%2251+W+51st+St%2C+New+York%2C+NY+10019%22+%22%2B1212-326-8500%22+dentist+dental+patients,Review every member. Use one block decision only when the same evidence supports every exact profile; otherwise review profiles separately.
109,eligibility_review_block:e2652efb5e169a07,2,direct_website_singleton,1,LA_CA_L,www.cscla.org,google:cid:16938644178152517497,Chinatown Service Center,"767 N Hill St, Los Angeles, CA 90012",Health,https://www.cscla.org/,+1213-808-1792,https://www.google.com/maps?cid=16938644178152517497,https://www.google.com/search?q=site%3Awww.cscla.org+%22Chinatown+Service+Center%22+dental+dentist+patients,https://www.google.com/search?q=%22Chinatown+Service+Center%22+%22767+N+Hill+St%2C+Los+Angeles%2C+CA+90012%22+%22%2B1213-808-1792%22+dentist+dental+patients,Review every member. Use one block decision only when the same evidence supports every exact profile; otherwise review profiles separately.
110,eligibility_review_block:60c1ac06090022eb,2,direct_website_singleton,1,NYC_NY_L,www.csdentalny.com,google:cid:12561385290095799208,Dr. Oleg Zusin,"543A Hempstead Tpke # Nassau, 543 Hempstead Turnpike, West Hempstead, NY 11552",Medical clinic,https://www.csdentalny.com/meet-our-doctors,+1516-564-9444,https://www.google.com/maps?cid=12561385290095799208,https://www.google.com/search?q=site%3Awww.csdentalny.com+%22Dr.+Oleg+Zusin%22+dental+dentist+patients,https://www.google.com/search?q=%22Dr.+Oleg+Zusin%22+%22543A+Hempstead+Tpke+%23+Nassau%2C+543+Hempstead+Turnpike%2C+West+Hempstead%2C+NY+11552%22+%22%2B1516-564-9444%22+dentist+dental+patients,Review every member. Use one block decision only when the same evidence supports every exact profile; otherwise review profiles separately.
111,eligibility_review_block:98f404512480c445,2,direct_website_singleton,1,Buffalo_NY_L,www.curlyjanes.com,google:cid:7759169902728672012,CurlyJanes Crystal Rose,"21 Leroy Ave, Buffalo, NY 14214",Herbalist,http://www.curlyjanes.com/,,https://www.google.com/maps?cid=7759169902728672012,https://www.google.com/search?q=site%3Awww.curlyjanes.com+%22CurlyJanes+Crystal+Rose%22+dental+dentist+patients,https://www.google.com/search?q=%22CurlyJanes+Crystal+Rose%22+%2221+Leroy+Ave%2C+Buffalo%2C+NY+14214%22+dentist+dental+patients,Review every member. Use one block decision only when the same evidence supports every exact profile; otherwise review profiles separately.
112,eligibility_review_block:9fcc6059181e7067,2,direct_website_singleton,1,NYC_NY_L,www.damian.org,google:cid:18239375735290298326,Damian Family Health Center,"137-50 Jamaica Ave, Jamaica, NY 11435",Medical clinic,http://www.damian.org/,+1718-298-5100,https://www.google.com/maps?cid=18239375735290298326,https://www.google.com/search?q=site%3Awww.damian.org+%22Damian+Family+Health+Center%22+dental+dentist+patients,https://www.google.com/search?q=%22Damian+Family+Health+Center%22+%22137-50+Jamaica+Ave%2C+Jamaica%2C+NY+11435%22+%22%2B1718-298-5100%22+dentist+dental+patients,Review every member. Use one block decision only when the same evidence supports every exact profile; otherwise review profiles separately.
113,eligibility_review_block:fa9ddc2c553e4104,2,direct_website_singleton,1,NYC_NY_L,www.devonshirehouse10th.com,google:cid:5452137540325187513,Devonshire House,"28 E 10th St, New York, NY 10003",Condominium complex,https://www.devonshirehouse10th.com/,+1212-254-2053,https://www.google.com/maps?cid=5452137540325187513,https://www.google.com/search?q=site%3Awww.devonshirehouse10th.com+%22Devonshire+House%22+dental+dentist+patients,https://www.google.com/search?q=%22Devonshire+House%22+%2228+E+10th+St%2C+New+York%2C+NY+10003%22+%22%2B1212-254-2053%22+dentist+dental+patients,Review every member. Use one block decision only when the same evidence supports every exact profile; otherwise review profiles separately.
114,eligibility_review_block:85379a70dc451991,2,direct_website_singleton,1,LA_CA_L,www.digestivecareconsultants.net,google:cid:13084037250118456891,Endoscopy Center At Skypark,"23441 Madison St, Torrance, CA 90505",Medical clinic,http://www.digestivecareconsultants.net/,+1310-375-6461,https://www.google.com/maps?cid=13084037250118456891,https://www.google.com/search?q=site%3Awww.digestivecareconsultants.net+%22Endoscopy+Center+At+Skypark%22+dental+dentist+patients,https://www.google.com/search?q=%22Endoscopy+Center+At+Skypark%22+%2223441+Madison+St%2C+Torrance%2C+CA+90505%22+%22%2B1310-375-6461%22+dentist+dental+patients,Review every member. Use one block decision only when the same evidence supports every exact profile; otherwise review profiles separately.
115,eligibility_review_block:cebc96216fba861c,2,direct_website_singleton,1,NYC_NY_L,www.downstate.edu,google:cid:7626899602233517191,Health Science Center At Brooklyn,"450 Clarkson Ave #30, Brooklyn, NY 11203",Medical clinic,http://www.downstate.edu/,+1718-270-1000,https://www.google.com/maps?cid=7626899602233517191,https://www.google.com/search?q=site%3Awww.downstate.edu+%22Health+Science+Center+At+Brooklyn%22+dental+dentist+patients,https://www.google.com/search?q=%22Health+Science+Center+At+Brooklyn%22+%22450+Clarkson+Ave+%2330%2C+Brooklyn%2C+NY+11203%22+%22%2B1718-270-1000%22+dentist+dental+patients,Review every member. Use one block decision only when the same evidence supports every exact profile; otherwise review profiles separately.
116,eligibility_review_block:32f079af42304ab1,2,direct_website_singleton,1,Macon_GA_M,www.dublin.va.gov,google:cid:2683486518035905913,Macon VA Clinic,"5566 Thomaston Rd, Macon, GA 31220",Medical clinic,http://www.dublin.va.gov/,+1478-476-8868,https://www.google.com/maps?cid=2683486518035905913,https://www.google.com/search?q=site%3Awww.dublin.va.gov+%22Macon+VA+Clinic%22+dental+dentist+patients,https://www.google.com/search?q=%22Macon+VA+Clinic%22+%225566+Thomaston+Rd%2C+Macon%2C+GA+31220%22+%22%2B1478-476-8868%22+dentist+dental+patients,Review every member. Use one block decision only when the same evidence supports every exact profile; otherwise review profiles separately.
117,eligibility_review_block:d0e62ff8a53b9af5,2,direct_website_singleton,1,Buffalo_NY_L,www.ecmc.edu,google:cid:9379723610265778813,ECMC Center for Dental Care - Buffalo General Medical Center,"100 High St, Buffalo, NY 14203",Medical clinic,https://www.ecmc.edu/health-services-and-doctors/outpatient-specialty-clinics/dental-clinic/,+1716-859-4180,https://www.google.com/maps?cid=9379723610265778813,https://www.google.com/search?q=site%3Awww.ecmc.edu+%22ECMC+Center+for+Dental+Care+-+Buffalo+General+Medical+Center%22+dental+dentist+patients,https://www.google.com/search?q=%22ECMC+Center+for+Dental+Care+-+Buffalo+General+Medical+Center%22+%22100+High+St%2C+Buffalo%2C+NY+14203%22+%22%2B1716-859-4180%22+dentist+dental+patients,Review every member. Use one block decision only when the same evidence supports every exact profile; otherwise review profiles separately.
118,eligibility_review_block:d930d9ac11ba2df1,2,direct_website_singleton,1,Buffalo_NY_L,www.ecmc.edu,google:cid:9656432255286679171,ECMC Health Campus,"462 Grider St, Buffalo, NY 14215",Medical Center,http://www.ecmc.edu/,+1716-898-3000,https://www.google.com/maps?cid=9656432255286679171,https://www.google.com/search?q=site%3Awww.ecmc.edu+%22ECMC+Health+Campus%22+dental+dentist+patients,https://www.google.com/search?q=%22ECMC+Health+Campus%22+%22462+Grider+St%2C+Buffalo%2C+NY+14215%22+%22%2B1716-898-3000%22+dentist+dental+patients,Review every member. Use one block decision only when the same evidence supports every exact profile; otherwise review profiles separately.
119,eligibility_review_block:ce7d7c93692c2989,2,direct_website_singleton,1,LA_CA_L,www.elproyecto.us,google:cid:7614563752735245075,El Proyecto Del Barrio,"9140 Van Nuys Blvd, Panorama City, CA 91402",Medical clinic,https://www.elproyecto.us/,+1818-830-7181,https://www.google.com/maps?cid=7614563752735245075,https://www.google.com/search?q=site%3Awww.elproyecto.us+%22El+Proyecto+Del+Barrio%22+dental+dentist+patients,https://www.google.com/search?q=%22El+Proyecto+Del+Barrio%22+%229140+Van+Nuys+Blvd%2C+Panorama+City%2C+CA+91402%22+%22%2B1818-830-7181%22+dentist+dental+patients,Review every member. Use one block decision only when the same evidence supports every exact profile; otherwise review profiles separately.
120,eligibility_review_block:7ebf7025ccbbcdfd,2,direct_website_singleton,1,LA_CA_L,www.encinosleepandtmj.com,google:cid:16643914325503616698,Encino Center for Sleep and TMJ Disorders,"16500 Ventura Blvd #370, Encino, CA 91436",Sleep clinic,http://www.encinosleepandtmj.com/,+1818-300-0070,https://www.google.com/maps?cid=16643914325503616698,https://www.google.com/search?q=site%3Awww.encinosleepandtmj.com+%22Encino+Center+for+Sleep+and+TMJ+Disorders%22+dental+dentist+patients,https://www.google.com/search?q=%22Encino+Center+for+Sleep+and+TMJ+Disorders%22+%2216500+Ventura+Blvd+%23370%2C+Encino%2C+CA+91436%22+%22%2B1818-300-0070%22+dentist+dental+patients,Review every member. Use one block decision only when the same evidence supports every exact profile; otherwise review profiles separately.
121,eligibility_review_block:86ab1347f293960d,2,direct_website_singleton,1,SanFrancisco_CA_L,www.envoyhealth.io,google:cid:11372912843166958775,Envoy Health,"5432 Geary Blvd Unit 787, San Francisco, CA 94121",Health consultant,https://www.envoyhealth.io/,+1415-406-6339,https://www.google.com/maps?cid=11372912843166958775,https://www.google.com/search?q=site%3Awww.envoyhealth.io+%22Envoy+Health%22+dental+dentist+patients,https://www.google.com/search?q=%22Envoy+Health%22+%225432+Geary+Blvd+Unit+787%2C+San+Francisco%2C+CA+94121%22+%22%2B1415-406-6339%22+dentist+dental+patients,Review every member. Use one block decision only when the same evidence supports every exact profile; otherwise review profiles separately.
122,eligibility_review_block:7fbbaf9a644ab9be,2,direct_website_singleton,1,Augusta_GA_L,www.facebook.com,google:cid:14702604690810388273,Shifa Care Clinic,"3416 Middleton Dr, Augusta, GA 30907",Medical Center,https://www.facebook.com/shifacareclinic,+1706-513-0582,https://www.google.com/maps?cid=14702604690810388273,https://www.google.com/search?q=site%3Awww.facebook.com+%22Shifa+Care+Clinic%22+dental+dentist+patients,https://www.google.com/search?q=%22Shifa+Care+Clinic%22+%223416+Middleton+Dr%2C+Augusta%2C+GA+30907%22+%22%2B1706-513-0582%22+dentist+dental+patients,Review every member. Use one block decision only when the same evidence supports every exact profile; otherwise review profiles separately.
123,eligibility_review_block:30ec380e1ff1d19e,2,direct_website_singleton,1,SanFrancisco_CA_L,www.facialtherapystudio.com,google:cid:10983116578148769284,Facial Therapy Studio,"90 Gough St, San Francisco, CA 94102",Medical spa,https://www.facialtherapystudio.com/,+1415-706-7687,https://www.google.com/maps?cid=10983116578148769284,https://www.google.com/search?q=site%3Awww.facialtherapystudio.com+%22Facial+Therapy+Studio%22+dental+dentist+patients,https://www.google.com/search?q=%22Facial+Therapy+Studio%22+%2290+Gough+St%2C+San+Francisco%2C+CA+94102%22+%22%2B1415-706-7687%22+dentist+dental+patients,Review every member. Use one block decision only when the same evidence supports every exact profile; otherwise review profiles separately.
124,eligibility_review_block:662db022da9036d7,2,direct_website_singleton,1,Atlanta_GA_L,www.fcaoutdoors.com,google:cid:11970192833599671661,Fellowship For Christian,"2100 Riveredge Pkwy, Atlanta, GA 30328",Religious organization,http://www.fcaoutdoors.com/,+1770-955-1512,https://www.google.com/maps?cid=11970192833599671661,https://www.google.com/search?q=site%3Awww.fcaoutdoors.com+%22Fellowship+For+Christian%22+dental+dentist+patients,https://www.google.com/search?q=%22Fellowship+For+Christian%22+%222100+Riveredge+Pkwy%2C+Atlanta%2C+GA+30328%22+%22%2B1770-955-1512%22+dentist+dental+patients,Review every member. Use one block decision only when the same evidence supports every exact profile; otherwise review profiles separately.
125,eligibility_review_block:a9e4d4d3b293fb70,2,direct_website_singleton,1,Macon_GA_M,www.firstchoiceprimarycare.org,google:cid:15706617772192173359,First Choice Primary Care: Rountree Rhonda MD,"770 Walnut St # 7A, Macon, GA 31201",Registered general nurse,https://www.firstchoiceprimarycare.org/,+1478-787-4266,https://www.google.com/maps?cid=15706617772192173359,https://www.google.com/search?q=site%3Awww.firstchoiceprimarycare.org+%22First+Choice+Primary+Care%3A+Rountree+Rhonda+MD%22+dental+dentist+patients,https://www.google.com/search?q=%22First+Choice+Primary+Care%3A+Rountree+Rhonda+MD%22+%22770+Walnut+St+%23+7A%2C+Macon%2C+GA+31201%22+%22%2B1478-787-4266%22+dentist+dental+patients,Review every member. Use one block decision only when the same evidence supports every exact profile; otherwise review profiles separately.
126,eligibility_review_block:dc219af46be8e5b5,2,direct_website_singleton,1,NYC_NY_L,www.firstfamilycare.com,google:cid:3257959083374607564,First Family Care Medical and Dental,"701 Avenue U, Brooklyn, NY 11223",Medical clinic,http://www.firstfamilycare.com/,+1718-336-0100,https://www.google.com/maps?cid=3257959083374607564,https://www.google.com/search?q=site%3Awww.firstfamilycare.com+%22First+Family+Care+Medical+and+Dental%22+dental+dentist+patients,https://www.google.com/search?q=%22First+Family+Care+Medical+and+Dental%22+%22701+Avenue+U%2C+Brooklyn%2C+NY+11223%22+%22%2B1718-336-0100%22+dentist+dental+patients,Review every member. Use one block decision only when the same evidence supports every exact profile; otherwise review profiles separately.
127,eligibility_review_block:1fee17e85ea9f58c,2,direct_website_singleton,1,LA_CA_L,www.fofhealthcenter.org,google:cid:16173013667061739290,Friends of Family Health Center,"501 S Idaho St, La Habra, CA 90631",Medical clinic,http://www.fofhealthcenter.org/,+1562-690-0400,https://www.google.com/maps?cid=16173013667061739290,https://www.google.com/search?q=site%3Awww.fofhealthcenter.org+%22Friends+of+Family+Health+Center%22+dental+dentist+patients,https://www.google.com/search?q=%22Friends+of+Family+Health+Center%22+%22501+S+Idaho+St%2C+La+Habra%2C+CA+90631%22+%22%2B1562-690-0400%22+dentist+dental+patients,Review every member. Use one block decision only when the same evidence supports every exact profile; otherwise review profiles separately.
128,eligibility_review_block:c252d9495898d037,2,direct_website_singleton,1,Buffalo_NY_L,www.gr8look.com,google:cid:13718650259631278177,Aesthetic Associates Centre,"2500 Kensington Ave, Amherst, NY 14226",Plastic surgery clinic,https://www.gr8look.com/,+1716-839-1700,https://www.google.com/maps?cid=13718650259631278177,https://www.google.com/search?q=site%3Awww.gr8look.com+%22Aesthetic+Associates+Centre%22+dental+dentist+patients,https://www.google.com/search?q=%22Aesthetic+Associates+Centre%22+%222500+Kensington+Ave%2C+Amherst%2C+NY+14226%22+%22%2B1716-839-1700%22+dentist+dental+patients,Review every member. Use one block decision only when the same evidence supports every exact profile; otherwise review profiles separately.
129,eligibility_review_block:5bdcb863be4d6bd3,2,direct_website_singleton,1,Atlanta_GA_L,www.gradyhealth.org,google:cid:13898945642818331032,Grady Health System,"80 Jesse Hill Jr Dr SE, Atlanta, GA 30303",Hospital,https://www.gradyhealth.org/?utm_source=gmb&utm_medium=organic&utm_campaign=sitelink&utm_id=grady,+1404-616-1000,https://www.google.com/maps?cid=13898945642818331032,https://www.google.com/search?q=site%3Awww.gradyhealth.org+%22Grady+Health+System%22+dental+dentist+patients,https://www.google.com/search?q=%22Grady+Health+System%22+%2280+Jesse+Hill+Jr+Dr+SE%2C+Atlanta%2C+GA+30303%22+%22%2B1404-616-1000%22+dentist+dental+patients,Review every member. Use one block decision only when the same evidence supports every exact profile; otherwise review profiles separately.
130,eligibility_review_block:91500f742546c595,2,direct_website_singleton,1,Atlanta_GA_L,www.gradyhealth.org,google:cid:14051362357773369561,Ponce De Leon Center,"341 Ponce De Leon Ave NE, Atlanta, GA 30308",STD clinic,https://www.gradyhealth.org/locations/ponce-de-leon-center/?utm_source=gmb&utm_medium=organic&utm_campaign=sitelink&utm_id=ponce,+1404-616-2440,https://www.google.com/maps?cid=14051362357773369561,https://www.google.com/search?q=site%3Awww.gradyhealth.org+%22Ponce+De+Leon+Center%22+dental+dentist+patients,https://www.google.com/search?q=%22Ponce+De+Leon+Center%22+%22341+Ponce+De+Leon+Ave+NE%2C+Atlanta%2C+GA+30308%22+%22%2B1404-616-2440%22+dentist+dental+patients,Review every member. Use one block decision only when the same evidence supports every exact profile; otherwise review profiles separately.
131,eligibility_review_block:e30d818ea0c7d7d5,2,direct_website_singleton,1,NYC_NY_L,www.halberstadtortho.com,google:cid:15971631033806517776,Geoffrey Halberstadt,"364 Merrick Rd, Rockville Centre, NY 11570",Medical clinic,https://www.halberstadtortho.com/,+1516-594-9510,https://www.google.com/maps?cid=15971631033806517776,https://www.google.com/search?q=site%3Awww.halberstadtortho.com+%22Geoffrey+Halberstadt%22+dental+dentist+patients,https://www.google.com/search?q=%22Geoffrey+Halberstadt%22+%22364+Merrick+Rd%2C+Rockville+Centre%2C+NY+11570%22+%22%2B1516-594-9510%22+dentist+dental+patients,Review every member. Use one block decision only when the same evidence supports every exact profile; otherwise review profiles separately.
132,eligibility_review_block:375ea063c5ac25d7,2,direct_website_singleton,1,NYC_NY_L,www.harlemunited.org,google:cid:1233923132299180747,Harlem United's The Nest Community Health Center,"169 W 133rd St, New York, NY 10030",Community health center,http://www.harlemunited.org/,+1844-464-2753,https://www.google.com/maps?cid=1233923132299180747,https://www.google.com/search?q=site%3Awww.harlemunited.org+%22Harlem+United%27s+The+Nest+Community+Health+Center%22+dental+dentist+patients,https://www.google.com/search?q=%22Harlem+United%27s+The+Nest+Community+Health+Center%22+%22169+W+133rd+St%2C+New+York%2C+NY+10030%22+%22%2B1844-464-2753%22+dentist+dental+patients,Review every member. Use one block decision only when the same evidence supports every exact profile; otherwise review profiles separately.
133,eligibility_review_block:8e804d2e1514eb69,2,direct_website_singleton,1,Buffalo_NY_L,www.harvesthousebuffalo.org,google:cid:2431502444806696710,Good Neighbors Health Care,"175 Jefferson Ave, Buffalo, NY 14210",Medical clinic,https://www.harvesthousebuffalo.org/good-neighbors-health-care,+1716-856-2400,https://www.google.com/maps?cid=2431502444806696710,https://www.google.com/search?q=site%3Awww.harvesthousebuffalo.org+%22Good+Neighbors+Health+Care%22+dental+dentist+patients,https://www.google.com/search?q=%22Good+Neighbors+Health+Care%22+%22175+Jefferson+Ave%2C+Buffalo%2C+NY+14210%22+%22%2B1716-856-2400%22+dentist+dental+patients,Review every member. Use one block decision only when the same evidence supports every exact profile; otherwise review profiles separately.
134,eligibility_review_block:5fd1c17645389daa,2,direct_website_singleton,1,SanFrancisco_CA_L,www.healthright360.org,google:cid:7955568972727550025,HealthRIGHT 360,"1563 Mission St, San Francisco, CA 94103",Addiction treatment center,http://www.healthright360.org/,+1415-762-3700,https://www.google.com/maps?cid=7955568972727550025,https://www.google.com/search?q=site%3Awww.healthright360.org+%22HealthRIGHT+360%22+dental+dentist+patients,https://www.google.com/search?q=%22HealthRIGHT+360%22+%221563+Mission+St%2C+San+Francisco%2C+CA+94103%22+%22%2B1415-762-3700%22+dentist+dental+patients,Review every member. Use one block decision only when the same evidence supports every exact profile; otherwise review profiles separately.
135,eligibility_review_block:9d5ca6e1f78928ea,2,direct_website_singleton,1,LA_CA_L,www.interdent.com,google:cid:7646798875731967891,"InterDent, Inc.","2260 E Imperial Hwy, El Segundo, CA 90245",Business to business service,https://www.interdent.com/,+1310-765-2400,https://www.google.com/maps?cid=7646798875731967891,https://www.google.com/search?q=site%3Awww.interdent.com+%22InterDent%2C+Inc.%22+dental+dentist+patients,https://www.google.com/search?q=%22InterDent%2C+Inc.%22+%222260+E+Imperial+Hwy%2C+El+Segundo%2C+CA+90245%22+%22%2B1310-765-2400%22+dentist+dental+patients,Review every member. Use one block decision only when the same evidence supports every exact profile; otherwise review profiles separately.
136,eligibility_review_block:529daee86191b13c,2,direct_website_singleton,1,LA_CA_L,www.jawsurgerylosangeles.com,google:cid:12486001094639181232,Jaw Surgery Los Angeles,"2811 Wilshire Blvd Suite 940B, Santa Monica, CA 90403",Plastic surgery clinic,https://www.jawsurgerylosangeles.com/?y_source=1_MTY5Njc1NzctNzE1LWxvY2F0aW9uLndlYnNpdGU%3D,+1310-857-2088,https://www.google.com/maps?cid=12486001094639181232,https://www.google.com/search?q=site%3Awww.jawsurgerylosangeles.com+%22Jaw+Surgery+Los+Angeles%22+dental+dentist+patients,https://www.google.com/search?q=%22Jaw+Surgery+Los+Angeles%22+%222811+Wilshire+Blvd+Suite+940B%2C+Santa+Monica%2C+CA+90403%22+%22%2B1310-857-2088%22+dentist+dental+patients,Review every member. Use one block decision only when the same evidence supports every exact profile; otherwise review profiles separately.
137,eligibility_review_block:8941a678d1b3e684,2,direct_website_singleton,1,Buffalo_NY_L,www.jrchc.org,google:cid:6809714559291597152,Jericho Road Community Health Center at Buffalo City Mission,"100 E Tupper St, Buffalo, NY 14203",Community health center,http://www.jrchc.org/,+1716-919-6870,https://www.google.com/maps?cid=6809714559291597152,https://www.google.com/search?q=site%3Awww.jrchc.org+%22Jericho+Road+Community+Health+Center+at+Buffalo+City+Mission%22+dental+dentist+patients,https://www.google.com/search?q=%22Jericho+Road+Community+Health+Center+at+Buffalo+City+Mission%22+%22100+E+Tupper+St%2C+Buffalo%2C+NY+14203%22+%22%2B1716-919-6870%22+dentist+dental+patients,Review every member. Use one block decision only when the same evidence supports every exact profile; otherwise review profiles separately.
138,eligibility_review_block:deaaf2fef2a1628f,2,direct_website_singleton,1,LA_CA_L,www.k9loft.com,google:cid:15738244679380707742,K9 LOFT,"2170 Sunset Blvd, Los Angeles, CA 90026",Pet boarding service,http://www.k9loft.com/,+1213-484-6006,https://www.google.com/maps?cid=15738244679380707742,https://www.google.com/search?q=site%3Awww.k9loft.com+%22K9+LOFT%22+dental+dentist+patients,https://www.google.com/search?q=%22K9+LOFT%22+%222170+Sunset+Blvd%2C+Los+Angeles%2C+CA+90026%22+%22%2B1213-484-6006%22+dentist+dental+patients,Review every member. Use one block decision only when the same evidence supports every exact profile; otherwise review profiles separately.
139,eligibility_review_block:36286df988a212c2,2,direct_website_singleton,1,LA_CA_L,www.k9loft.com,google:cid:6628421155979957422,K9 Loft,"14257 Ventura Blvd, Sherman Oaks, CA 91423",Pet groomer,http://www.k9loft.com/,+1818-905-6006,https://www.google.com/maps?cid=6628421155979957422,https://www.google.com/search?q=site%3Awww.k9loft.com+%22K9+Loft%22+dental+dentist+patients,https://www.google.com/search?q=%22K9+Loft%22+%2214257+Ventura+Blvd%2C+Sherman+Oaks%2C+CA+91423%22+%22%2B1818-905-6006%22+dentist+dental+patients,Review every member. Use one block decision only when the same evidence supports every exact profile; otherwise review profiles separately.
140,eligibility_review_block:c4e461a591802370,2,direct_website_singleton,1,LA_CA_L,www.k9loft.com,google:cid:8520393266508949767,K9 Loft,"450 S Arroyo Pkwy, Pasadena, CA 91105",Kennel,http://www.k9loft.com/,+1626-795-6060,https://www.google.com/maps?cid=8520393266508949767,https://www.google.com/search?q=site%3Awww.k9loft.com+%22K9+Loft%22+dental+dentist+patients,https://www.google.com/search?q=%22K9+Loft%22+%22450+S+Arroyo+Pkwy%2C+Pasadena%2C+CA+91105%22+%22%2B1626-795-6060%22+dentist+dental+patients,Review every member. Use one block decision only when the same evidence supports every exact profile; otherwise review profiles separately.
141,eligibility_review_block:84d5cfec82085514,2,direct_website_singleton,1,LA_CA_L,www.kcsinc.org,google:cid:6196496635137087288,KCS Health Center - Orangethorpe,"7212 Orangethorpe Ave #9a, Buena Park, CA 90621",Medical clinic,https://www.kcsinc.org/,+1714-503-6550,https://www.google.com/maps?cid=6196496635137087288,https://www.google.com/search?q=site%3Awww.kcsinc.org+%22KCS+Health+Center+-+Orangethorpe%22+dental+dentist+patients,https://www.google.com/search?q=%22KCS+Health+Center+-+Orangethorpe%22+%227212+Orangethorpe+Ave+%239a%2C+Buena+Park%2C+CA+90621%22+%22%2B1714-503-6550%22+dentist+dental+patients,Review every member. Use one block decision only when the same evidence supports every exact profile; otherwise review profiles separately.
142,eligibility_review_block:92d8a1d1ce5ca255,2,direct_website_singleton,1,LA_CA_L,www.lakheir.org,google:cid:8154161051919693340,Kheir Clinic Suite 120,"3255 Wilshire Blvd, Los Angeles, CA 90010",Medical clinic,http://www.lakheir.org/,+1213-235-2500,https://www.google.com/maps?cid=8154161051919693340,https://www.google.com/search?q=site%3Awww.lakheir.org+%22Kheir+Clinic+Suite+120%22+dental+dentist+patients,https://www.google.com/search?q=%22Kheir+Clinic+Suite+120%22+%223255+Wilshire+Blvd%2C+Los+Angeles%2C+CA+90010%22+%22%2B1213-235-2500%22+dentist+dental+patients,Review every member. Use one block decision only when the same evidence supports every exact profile; otherwise review profiles separately.
143,eligibility_review_block:11d466aedcb2403d,2,direct_website_singleton,1,SanFrancisco_CA_L,www.losportalesmd.com,google:cid:12517242987390427288,Los Portales Medical and Dental Center,"2480 Mission St, San Francisco, CA 94110",Medical Center,https://www.losportalesmd.com/,,https://www.google.com/maps?cid=12517242987390427288,https://www.google.com/search?q=site%3Awww.losportalesmd.com+%22Los+Portales+Medical+and+Dental+Center%22+dental+dentist+patients,https://www.google.com/search?q=%22Los+Portales+Medical+and+Dental+Center%22+%222480+Mission+St%2C+San+Francisco%2C+CA+94110%22+dentist+dental+patients,Review every member. Use one block decision only when the same evidence supports every exact profile; otherwise review profiles separately.
144,eligibility_review_block:c455c41a26e4db76,2,direct_website_singleton,1,FortBragg_CA_S,www.lynetteklineod.com,google:cid:3097706296214713699,"Lynette Kline, OD","510 Cypress St # A, Fort Bragg, CA 95437",Optometrist,http://www.lynetteklineod.com/,+1707-961-1037,https://www.google.com/maps?cid=3097706296214713699,https://www.google.com/search?q=site%3Awww.lynetteklineod.com+%22Lynette+Kline%2C+OD%22+dental+dentist+patients,https://www.google.com/search?q=%22Lynette+Kline%2C+OD%22+%22510+Cypress+St+%23+A%2C+Fort+Bragg%2C+CA+95437%22+%22%2B1707-961-1037%22+dentist+dental+patients,Review every member. Use one block decision only when the same evidence supports every exact profile; otherwise review profiles separately.
145,eligibility_review_block:791b53455ab73cba,2,direct_website_singleton,1,Macon_GA_M,www.maconvolunteerclinic.org,google:cid:4599951736689123327,Macon Volunteer Clinic,"770 Walnut St, Macon, GA 31201",Medical clinic,http://www.maconvolunteerclinic.org/,+1478-755-1110,https://www.google.com/maps?cid=4599951736689123327,https://www.google.com/search?q=site%3Awww.maconvolunteerclinic.org+%22Macon+Volunteer+Clinic%22+dental+dentist+patients,https://www.google.com/search?q=%22Macon+Volunteer+Clinic%22+%22770+Walnut+St%2C+Macon%2C+GA+31201%22+%22%2B1478-755-1110%22+dentist+dental+patients,Review every member. Use one block decision only when the same evidence supports every exact profile; otherwise review profiles separately.
146,eligibility_review_block:7267602f470246f5,2,direct_website_singleton,1,NYC_NY_L,www.manhattanaudiology.com,google:cid:12316060239770702726,Queens Audiology PLLC,"150-12 14th Ave, Whitestone, NY 11357",Medical clinic,https://www.manhattanaudiology.com/,+1718-279-4327,https://www.google.com/maps?cid=12316060239770702726,https://www.google.com/search?q=site%3Awww.manhattanaudiology.com+%22Queens+Audiology+PLLC%22+dental+dentist+patients,https://www.google.com/search?q=%22Queens+Audiology+PLLC%22+%22150-12+14th+Ave%2C+Whitestone%2C+NY+11357%22+%22%2B1718-279-4327%22+dentist+dental+patients,Review every member. Use one block decision only when the same evidence supports every exact profile; otherwise review profiles separately.
147,eligibility_review_block:c4c3768b075529ec,2,direct_website_singleton,1,NYC_NY_L,www.marvabuttersdpm.com,google:cid:18302922146132025269,Sterling Podiatric PC,"1250 E 223rd St, Bronx, NY 10466",Medical clinic,http://www.marvabuttersdpm.com/,+1347-602-5881,https://www.google.com/maps?cid=18302922146132025269,https://www.google.com/search?q=site%3Awww.marvabuttersdpm.com+%22Sterling+Podiatric+PC%22+dental+dentist+patients,https://www.google.com/search?q=%22Sterling+Podiatric+PC%22+%221250+E+223rd+St%2C+Bronx%2C+NY+10466%22+%22%2B1347-602-5881%22+dentist+dental+patients,Review every member. Use one block decision only when the same evidence supports every exact profile; otherwise review profiles separately.
148,eligibility_review_block:8f83604a46ab74d8,2,direct_website_singleton,1,LA_CA_L,www.mccn.org,google:cid:2840277457789965236,"Mission City Community Network, Inc - North Hills","15206 Parthenia St, North Hills, CA 91343",Medical clinic,http://www.mccn.org/,+1818-895-3100,https://www.google.com/maps?cid=2840277457789965236,https://www.google.com/search?q=site%3Awww.mccn.org+%22Mission+City+Community+Network%2C+Inc+-+North+Hills%22+dental+dentist+patients,https://www.google.com/search?q=%22Mission+City+Community+Network%2C+Inc+-+North+Hills%22+%2215206+Parthenia+St%2C+North+Hills%2C+CA+91343%22+%22%2B1818-895-3100%22+dentist+dental+patients,Review every member. Use one block decision only when the same evidence supports every exact profile; otherwise review profiles separately.
149,eligibility_review_block:fb16e77201fa99ba,2,direct_website_singleton,1,NYC_NY_L,www.medicalorthodontics.org,google:cid:6815302961615898188,Medical Orthodontics,"45 Park Ave PH 01, New York, NY 10016",Medical spa,http://www.medicalorthodontics.org/,+1212-779-8442,https://www.google.com/maps?cid=6815302961615898188,https://www.google.com/search?q=site%3Awww.medicalorthodontics.org+%22Medical+Orthodontics%22+dental+dentist+patients,https://www.google.com/search?q=%22Medical+Orthodontics%22+%2245+Park+Ave+PH+01%2C+New+York%2C+NY+10016%22+%22%2B1212-779-8442%22+dentist+dental+patients,Review every member. Use one block decision only when the same evidence supports every exact profile; otherwise review profiles separately.
150,eligibility_review_block:5627fefc69762b1a,2,direct_website_singleton,1,FortBragg_CA_S,www.mendocinocoasteyecare.com,google:cid:17036417683359244779,"J. Kyle Smith, OD","450 N McPherson St, Fort Bragg, CA 95437",Optometrist,http://www.mendocinocoasteyecare.com/,+1707-964-5927,https://www.google.com/maps?cid=17036417683359244779,https://www.google.com/search?q=site%3Awww.mendocinocoasteyecare.com+%22J.+Kyle+Smith%2C+OD%22+dental+dentist+patients,https://www.google.com/search?q=%22J.+Kyle+Smith%2C+OD%22+%22450+N+McPherson+St%2C+Fort+Bragg%2C+CA+95437%22+%22%2B1707-964-5927%22+dentist+dental+patients,Review every member. Use one block decision only when the same evidence supports every exact profile; otherwise review profiles separately.
151,eligibility_review_block:c09be474f1284d24,2,direct_website_singleton,1,NYC_NY_L,www.mhhc.org,google:cid:13390369086248022341,Morris Heights Health Center,"85 W Burnside Ave, Bronx, NY 10453",Medical Center,https://www.mhhc.org/,+1718-716-4400,https://www.google.com/maps?cid=13390369086248022341,https://www.google.com/search?q=site%3Awww.mhhc.org+%22Morris+Heights+Health+Center%22+dental+dentist+patients,https://www.google.com/search?q=%22Morris+Heights+Health+Center%22+%2285+W+Burnside+Ave%2C+Bronx%2C+NY+10453%22+%22%2B1718-716-4400%22+dentist+dental+patients,Review every member. Use one block decision only when the same evidence supports every exact profile; otherwise review profiles separately.
152,eligibility_review_block:b258b5e8e399eb66,2,direct_website_singleton,1,LA_CA_L,www.millenniumhealthcenters.com,google:cid:8342031488362629794,Millennium Health Group,"16661 Ventura Blvd #716, Encino, CA 91436",Alternative medicine practitioner,http://www.millenniumhealthcenters.com/,+1818-990-1166,https://www.google.com/maps?cid=8342031488362629794,https://www.google.com/search?q=site%3Awww.millenniumhealthcenters.com+%22Millennium+Health+Group%22+dental+dentist+patients,https://www.google.com/search?q=%22Millennium+Health+Group%22+%2216661+Ventura+Blvd+%23716%2C+Encino%2C+CA+91436%22+%22%2B1818-990-1166%22+dentist+dental+patients,Review every member. Use one block decision only when the same evidence supports every exact profile; otherwise review profiles separately.
153,eligibility_review_block:03630f4f40fbfee8,2,direct_website_singleton,1,LA_CA_L,www.mobile3dadvantage.com,google:cid:539673608057027857,Mobile 3D Advantage,"10315 Los Alamitos Blvd, Los Alamitos, CA 90720",X-ray lab,https://www.mobile3dadvantage.com/,+1949-282-0083,https://www.google.com/maps?cid=539673608057027857,https://www.google.com/search?q=site%3Awww.mobile3dadvantage.com+%22Mobile+3D+Advantage%22+dental+dentist+patients,https://www.google.com/search?q=%22Mobile+3D+Advantage%22+%2210315+Los+Alamitos+Blvd%2C+Los+Alamitos%2C+CA+90720%22+%22%2B1949-282-0083%22+dentist+dental+patients,Review every member. Use one block decision only when the same evidence supports every exact profile; otherwise review profiles separately.
154,eligibility_review_block:f70ed30abd1f6c7a,2,direct_website_singleton,1,NYC_NY_L,www.montefiore.org,google:cid:18397791011711702157,Montefiore Janice A Simpson,"1625 Poplar St, Bronx, NY 10461",Medical clinic,http://www.montefiore.org/,+1866-662-9729,https://www.google.com/maps?cid=18397791011711702157,https://www.google.com/search?q=site%3Awww.montefiore.org+%22Montefiore+Janice+A+Simpson%22+dental+dentist+patients,https://www.google.com/search?q=%22Montefiore+Janice+A+Simpson%22+%221625+Poplar+St%2C+Bronx%2C+NY+10461%22+%22%2B1866-662-9729%22+dentist+dental+patients,Review every member. Use one block decision only when the same evidence supports every exact profile; otherwise review profiles separately.
155,eligibility_review_block:8eb204c9b069280e,2,direct_website_singleton,1,SanFrancisco_CA_L,www.nativehealth.org,google:cid:12201026490335252961,Native American Health Center - 160 Capp St,"160 Capp St, San Francisco, CA 94110",Medical clinic,http://www.nativehealth.org/,+1415-417-3500,https://www.google.com/maps?cid=12201026490335252961,https://www.google.com/search?q=site%3Awww.nativehealth.org+%22Native+American+Health+Center+-+160+Capp+St%22+dental+dentist+patients,https://www.google.com/search?q=%22Native+American+Health+Center+-+160+Capp+St%22+%22160+Capp+St%2C+San+Francisco%2C+CA+94110%22+%22%2B1415-417-3500%22+dentist+dental+patients,Review every member. Use one block decision only when the same evidence supports every exact profile; otherwise review profiles separately.
156,eligibility_review_block:96aff60da7afb43a,2,direct_website_singleton,1,SanFrancisco_CA_L,www.nemspace.org,google:cid:14242845636480544373,NEMS PACE San Francisco Chinatown Center,"728 Pacific Ave Ste 200, San Francisco, CA 94133",Community health center,https://www.nemspace.org/,+1888-981-8909,https://www.google.com/maps?cid=14242845636480544373,https://www.google.com/search?q=site%3Awww.nemspace.org+%22NEMS+PACE+San+Francisco+Chinatown+Center%22+dental+dentist+patients,https://www.google.com/search?q=%22NEMS+PACE+San+Francisco+Chinatown+Center%22+%22728+Pacific+Ave+Ste+200%2C+San+Francisco%2C+CA+94133%22+%22%2B1888-981-8909%22+dentist+dental+patients,Review every member. Use one block decision only when the same evidence supports every exact profile; otherwise review profiles separately.
157,eligibility_review_block:787b501f5bf87685,2,direct_website_singleton,1,LA_CA_L,www.neobiotechusa.com,google:cid:339669297753351258,Neobiotech USA,"2700 E Foothill Blvd Unit 121, Pasadena, CA 91107",Medical equipment supplier,http://www.neobiotechusa.com/,+1213-387-7704,https://www.google.com/maps?cid=339669297753351258,https://www.google.com/search?q=site%3Awww.neobiotechusa.com+%22Neobiotech+USA%22+dental+dentist+patients,https://www.google.com/search?q=%22Neobiotech+USA%22+%222700+E+Foothill+Blvd+Unit+121%2C+Pasadena%2C+CA+91107%22+%22%2B1213-387-7704%22+dentist+dental+patients,Review every member. Use one block decision only when the same evidence supports every exact profile; otherwise review profiles separately.
158,eligibility_review_block:b7d7081bc212d943,2,direct_website_singleton,1,LA_CA_L,www.nevhc.org,google:cid:3096215368823140089,Northeast Valley Health Corporation (San Fernando Health Center),"1600 San Fernando Rd, San Fernando, CA 91340",Medical clinic,http://www.nevhc.org/,+1818-365-8086,https://www.google.com/maps?cid=3096215368823140089,https://www.google.com/search?q=site%3Awww.nevhc.org+%22Northeast+Valley+Health+Corporation+%28San+Fernando+Health+Center%29%22+dental+dentist+patients,https://www.google.com/search?q=%22Northeast+Valley+Health+Corporation+%28San+Fernando+Health+Center%29%22+%221600+San+Fernando+Rd%2C+San+Fernando%2C+CA+91340%22+%22%2B1818-365-8086%22+dentist+dental+patients,Review every member. Use one block decision only when the same evidence supports every exact profile; otherwise review profiles separately.
159,eligibility_review_block:2653e847e6824843,2,direct_website_singleton,1,Macon_GA_M,www.northcentralhealthdistrict.org,google:cid:135096128598810680,North Central Health District,"201 2nd St, Macon, GA 31201",State government office,http://www.northcentralhealthdistrict.org/,+1478-751-6303,https://www.google.com/maps?cid=135096128598810680,https://www.google.com/search?q=site%3Awww.northcentralhealthdistrict.org+%22North+Central+Health+District%22+dental+dentist+patients,https://www.google.com/search?q=%22North+Central+Health+District%22+%22201+2nd+St%2C+Macon%2C+GA+31201%22+%22%2B1478-751-6303%22+dentist+dental+patients,Review every member. Use one block decision only when the same evidence supports every exact profile; otherwise review profiles separately.
160,eligibility_review_block:378cfb7193162fc7,2,direct_website_singleton,1,Eureka_CA_S,www.northcoastclinics.org,google:cid:1858770223063797444,North Coast Clinics Network,"1036 5th St Ste c, Eureka, CA 95501",Business administration service,http://www.northcoastclinics.org/,+1707-444-6226,https://www.google.com/maps?cid=1858770223063797444,https://www.google.com/search?q=site%3Awww.northcoastclinics.org+%22North+Coast+Clinics+Network%22+dental+dentist+patients,https://www.google.com/search?q=%22North+Coast+Clinics+Network%22+%221036+5th+St+Ste+c%2C+Eureka%2C+CA+95501%22+%22%2B1707-444-6226%22+dentist+dental+patients,Review every member. Use one block decision only when the same evidence supports every exact profile; otherwise review profiles separately.
161,eligibility_review_block:bd676fb32d21ac53,2,direct_website_singleton,1,Buffalo_NY_L,www.ochbuffalo.org,google:cid:7387759025015642405,Oishei Healthy Kids,"1100 Main St, Buffalo, NY 14209",Medical Center,https://www.ochbuffalo.org/care-treatment/Oishei-Healthy-Kids-Health-Home,+1716-370-1000,https://www.google.com/maps?cid=7387759025015642405,https://www.google.com/search?q=site%3Awww.ochbuffalo.org+%22Oishei+Healthy+Kids%22+dental+dentist+patients,https://www.google.com/search?q=%22Oishei+Healthy+Kids%22+%221100+Main+St%2C+Buffalo%2C+NY+14209%22+%22%2B1716-370-1000%22+dentist+dental+patients,Review every member. Use one block decision only when the same evidence supports every exact profile; otherwise review profiles separately.
162,eligibility_review_block:d8943c6ce852d028,2,direct_website_singleton,1,Buffalo_NY_L,www.ochbuffalo.org,google:cid:15791159538290549542,Pediatric Dental – Golisano Children’s Buffalo Outpatient Center (Conventus),"1001 Main St, Buffalo, NY 14203",Medical clinic,https://www.ochbuffalo.org/care-treatment/Craniofacial-Center-of-Western-New-York/,+1716-323-6040,https://www.google.com/maps?cid=15791159538290549542,https://www.google.com/search?q=site%3Awww.ochbuffalo.org+%22Pediatric+Dental+%E2%80%93+Golisano+Children%E2%80%99s+Buffalo+Outpatient+Center+%28Conventus%29%22+dental+dentist+patients,https://www.google.com/search?q=%22Pediatric+Dental+%E2%80%93+Golisano+Children%E2%80%99s+Buffalo+Outpatient+Center+%28Conventus%29%22+%221001+Main+St%2C+Buffalo%2C+NY+14203%22+%22%2B1716-323-6040%22+dentist+dental+patients,Review every member. Use one block decision only when the same evidence supports every exact profile; otherwise review profiles separately.
163,eligibility_review_block:107964ab97cc6dba,2,direct_website_singleton,1,Toccoa_GA_S,www.openarmsclinicga.com,google:cid:1725797652379241771,Open Arms Clinic,"109 Big A Rd, Toccoa, GA 30577",Medical clinic,http://www.openarmsclinicga.com/,+1706-886-0940,https://www.google.com/maps?cid=1725797652379241771,https://www.google.com/search?q=site%3Awww.openarmsclinicga.com+%22Open+Arms+Clinic%22+dental+dentist+patients,https://www.google.com/search?q=%22Open+Arms+Clinic%22+%22109+Big+A+Rd%2C+Toccoa%2C+GA+30577%22+%22%2B1706-886-0940%22+dentist+dental+patients,Review every member. Use one block decision only when the same evidence supports every exact profile; otherwise review profiles separately.
164,eligibility_review_block:4800eb18d564991b,2,direct_website_singleton,1,SanFrancisco_CA_L,www.pacific.edu,google:cid:3964837681164051013,"University of Pacific (UOP), San Francisco","155 5th St #2919, San Francisco, CA 94103",Graduate school,http://www.pacific.edu/San-Francisco-Campus,+1415-400-8222,https://www.google.com/maps?cid=3964837681164051013,https://www.google.com/search?q=site%3Awww.pacific.edu+%22University+of+Pacific+%28UOP%29%2C+San+Francisco%22+dental+dentist+patients,https://www.google.com/search?q=%22University+of+Pacific+%28UOP%29%2C+San+Francisco%22+%22155+5th+St+%232919%2C+San+Francisco%2C+CA+94103%22+%22%2B1415-400-8222%22+dentist+dental+patients,Review every member. Use one block decision only when the same evidence supports every exact profile; otherwise review profiles separately.
165,eligibility_review_block:32c78f498de5b468,2,direct_website_singleton,1,SanFrancisco_CA_L,www.pacific.edu,google:cid:15999424789158348057,"University of the Pacific, Arthur A. Dugoni School of Dentistry","155 5th St, San Francisco, CA 94103",University,http://www.pacific.edu/dental,+1415-929-6501,https://www.google.com/maps?cid=15999424789158348057,https://www.google.com/search?q=site%3Awww.pacific.edu+%22University+of+the+Pacific%2C+Arthur+A.+Dugoni+School+of+Dentistry%22+dental+dentist+patients,https://www.google.com/search?q=%22University+of+the+Pacific%2C+Arthur+A.+Dugoni+School+of+Dentistry%22+%22155+5th+St%2C+San+Francisco%2C+CA+94103%22+%22%2B1415-929-6501%22+dentist+dental+patients,Review every member. Use one block decision only when the same evidence supports every exact profile; otherwise review profiles separately.
166,eligibility_review_block:b239fe801ce6031c,2,direct_website_singleton,1,Eureka_CA_S,www.partnershiphp.org,google:cid:7161334439902583112,Partnership Healthplan Of California,"1036 5th St, Eureka, CA 95501",Government office,http://www.partnershiphp.org/,+1800-863-4155,https://www.google.com/maps?cid=7161334439902583112,https://www.google.com/search?q=site%3Awww.partnershiphp.org+%22Partnership+Healthplan+Of+California%22+dental+dentist+patients,https://www.google.com/search?q=%22Partnership+Healthplan+Of+California%22+%221036+5th+St%2C+Eureka%2C+CA+95501%22+%22%2B1800-863-4155%22+dentist+dental+patients,Review every member. Use one block decision only when the same evidence supports every exact profile; otherwise review profiles separately.
167,eligibility_review_block:3ce0aa1cf632b127,2,direct_website_singleton,1,NYC_NY_L,www.projectrenewal.org,google:cid:13044985527534183180,Project Renewal Fort Washington Men's Shelter,"651 W 168th St, New York, NY 10032",Homeless shelter,http://www.projectrenewal.org/,+1212-740-1780,https://www.google.com/maps?cid=13044985527534183180,https://www.google.com/search?q=site%3Awww.projectrenewal.org+%22Project+Renewal+Fort+Washington+Men%27s+Shelter%22+dental+dentist+patients,https://www.google.com/search?q=%22Project+Renewal+Fort+Washington+Men%27s+Shelter%22+%22651+W+168th+St%2C+New+York%2C+NY+10032%22+%22%2B1212-740-1780%22+dentist+dental+patients,Review every member. Use one block decision only when the same evidence supports every exact profile; otherwise review profiles separately.
168,eligibility_review_block:dc8ab16dcab90fab,2,direct_website_singleton,1,LA_CA_L,www.raddico.com,google:cid:11920906171447464232,Granada Hills Radiology,"10515 Balboa Blvd #240, Granada Hills, CA 91344",X-ray lab,http://www.raddico.com/,+1818-832-3300,https://www.google.com/maps?cid=11920906171447464232,https://www.google.com/search?q=site%3Awww.raddico.com+%22Granada+Hills+Radiology%22+dental+dentist+patients,https://www.google.com/search?q=%22Granada+Hills+Radiology%22+%2210515+Balboa+Blvd+%23240%2C+Granada+Hills%2C+CA+91344%22+%22%2B1818-832-3300%22+dentist+dental+patients,Review every member. Use one block decision only when the same evidence supports every exact profile; otherwise review profiles separately.
169,eligibility_review_block:9c0cf569b6e7adc4,2,direct_website_singleton,1,Buffalo_NY_L,www.rjimmigrationlaw.com,google:cid:13263697866949406865,Richards and Jurusik Immigration Lawyers,"5 Niagara Square, Buffalo, NY 14202",Immigration attorney,https://www.rjimmigrationlaw.com/,+1716-970-4007,https://www.google.com/maps?cid=13263697866949406865,https://www.google.com/search?q=site%3Awww.rjimmigrationlaw.com+%22Richards+and+Jurusik+Immigration+Lawyers%22+dental+dentist+patients,https://www.google.com/search?q=%22Richards+and+Jurusik+Immigration+Lawyers%22+%225+Niagara+Square%2C+Buffalo%2C+NY+14202%22+%22%2B1716-970-4007%22+dentist+dental+patients,Review every member. Use one block decision only when the same evidence supports every exact profile; otherwise review profiles separately.
170,eligibility_review_block:624507677e9fd2aa,2,direct_website_singleton,1,NYC_NY_L,www.ronrinaldi.com,google:cid:12506336222272585870,Ron Rinaldi Photography,"225 W 28th St, New York, NY 10001",Photographer,http://www.ronrinaldi.com/,+1917-868-3059,https://www.google.com/maps?cid=12506336222272585870,https://www.google.com/search?q=site%3Awww.ronrinaldi.com+%22Ron+Rinaldi+Photography%22+dental+dentist+patients,https://www.google.com/search?q=%22Ron+Rinaldi+Photography%22+%22225+W+28th+St%2C+New+York%2C+NY+10001%22+%22%2B1917-868-3059%22+dentist+dental+patients,Review every member. Use one block decision only when the same evidence supports every exact profile; otherwise review profiles separately.
171,eligibility_review_block:1fce31c52bba2e6d,2,direct_website_singleton,1,LA_CA_L,www.sabancommunityclinic.org,google:cid:6179340572617374652,The Wallis Annenberg Children & Family Health Center at Hollywood Wilshire Health Center,"5205 Melrose Ave, Los Angeles, CA 90038",Mental health clinic,http://www.sabancommunityclinic.org/,+1323-653-8622,https://www.google.com/maps?cid=6179340572617374652,https://www.google.com/search?q=site%3Awww.sabancommunityclinic.org+%22The+Wallis+Annenberg+Children+%26+Family+Health+Center+at+Hollywood+Wilshire+Health+Center%22+dental+dentist+patients,https://www.google.com/search?q=%22The+Wallis+Annenberg+Children+%26+Family+Health+Center+at+Hollywood+Wilshire+Health+Center%22+%225205+Melrose+Ave%2C+Los+Angeles%2C+CA+90038%22+%22%2B1323-653-8622%22+dentist+dental+patients,Review every member. Use one block decision only when the same evidence supports every exact profile; otherwise review profiles separately.
172,eligibility_review_block:3c705ff237e69cef,2,direct_website_singleton,1,SanFrancisco_CA_L,www.sf.gov,google:cid:11713460053424059316,Tom Waddell Urban Health Center,"230 Golden Gate Ave, San Francisco, CA 94102",Medical clinic,http://www.sf.gov/location/tom-waddell-urban-health-clinic,+1415-355-7500,https://www.google.com/maps?cid=11713460053424059316,https://www.google.com/search?q=site%3Awww.sf.gov+%22Tom+Waddell+Urban+Health+Center%22+dental+dentist+patients,https://www.google.com/search?q=%22Tom+Waddell+Urban+Health+Center%22+%22230+Golden+Gate+Ave%2C+San+Francisco%2C+CA+94102%22+%22%2B1415-355-7500%22+dentist+dental+patients,Review every member. Use one block decision only when the same evidence supports every exact profile; otherwise review profiles separately.
173,eligibility_review_block:ba1d819abe5c7597,2,direct_website_singleton,1,Atlanta_GA_L,www.sleepdunwoody.com,google:cid:2869506919639306180,Sleep Better Georgia,"1719 Mt Vernon Rd, Dunwoody, GA 30338",Sleep clinic,https://www.sleepdunwoody.com/?utm_source=google&utm_medium=organic&utm_campaign=gbpDunwoody,+1770-626-5652,https://www.google.com/maps?cid=2869506919639306180,https://www.google.com/search?q=site%3Awww.sleepdunwoody.com+%22Sleep+Better+Georgia%22+dental+dentist+patients,https://www.google.com/search?q=%22Sleep+Better+Georgia%22+%221719+Mt+Vernon+Rd%2C+Dunwoody%2C+GA+30338%22+%22%2B1770-626-5652%22+dentist+dental+patients,Review every member. Use one block decision only when the same evidence supports every exact profile; otherwise review profiles separately.
174,eligibility_review_block:9a78754eb6133ea8,2,direct_website_singleton,1,NYC_NY_L,www.sleepwellorthotics.com,google:cid:18166011723617241542,SleepWell Orthotics,"693 5th Ave Ste 1400, New York, NY 10022",Sleep clinic,https://www.sleepwellorthotics.com/,+1212-777-6725,https://www.google.com/maps?cid=18166011723617241542,https://www.google.com/search?q=site%3Awww.sleepwellorthotics.com+%22SleepWell+Orthotics%22+dental+dentist+patients,https://www.google.com/search?q=%22SleepWell+Orthotics%22+%22693+5th+Ave+Ste+1400%2C+New+York%2C+NY+10022%22+%22%2B1212-777-6725%22+dentist+dental+patients,Review every member. Use one block decision only when the same evidence supports every exact profile; otherwise review profiles separately.
175,eligibility_review_block:e9a6162a99add76b,2,direct_website_singleton,1,NYC_NY_L,www.sunriver.org,google:cid:14534325133775607876,Sun River Health Staten Island,"57 Bay St 1st & 3rd Floor, Staten Island, NY 10301",Medical clinic,https://www.sunriver.org/your-health/sun-river-health-staten-island/,+1844-400-1975,https://www.google.com/maps?cid=14534325133775607876,https://www.google.com/search?q=site%3Awww.sunriver.org+%22Sun+River+Health+Staten+Island%22+dental+dentist+patients,https://www.google.com/search?q=%22Sun+River+Health+Staten+Island%22+%2257+Bay+St+1st+%26+3rd+Floor%2C+Staten+Island%2C+NY+10301%22+%22%2B1844-400-1975%22+dentist+dental+patients,Review every member. Use one block decision only when the same evidence supports every exact profile; otherwise review profiles separately.
176,eligibility_review_block:39334aa2da413e50,2,direct_website_singleton,1,NYC_NY_L,www.superdoctors.com,google:cid:6683947002764799178,Head & Neck Surgical Group,"425 W 59th St #1, New York, NY 10019",Otolaryngology clinic,https://www.superdoctors.com/new-york-metro/hospital-clinic/Head-and-Neck-Surgical-Group/c8bd9019-fa74-4f4c-985a-8a1ec915098f.html,+1212-523-7791,https://www.google.com/maps?cid=6683947002764799178,https://www.google.com/search?q=site%3Awww.superdoctors.com+%22Head+%26+Neck+Surgical+Group%22+dental+dentist+patients,https://www.google.com/search?q=%22Head+%26+Neck+Surgical+Group%22+%22425+W+59th+St+%231%2C+New+York%2C+NY+10019%22+%22%2B1212-523-7791%22+dentist+dental+patients,Review every member. Use one block decision only when the same evidence supports every exact profile; otherwise review profiles separately.
177,eligibility_review_block:51e1ee095cd63c36,2,direct_website_singleton,1,Buffalo_NY_L,www.thecompound716.com,google:cid:18370073229225808885,Struggle Compound,"1841 Seneca St, Buffalo, NY 14210",Clothing store,https://www.thecompound716.com/,+1716-931-5046,https://www.google.com/maps?cid=18370073229225808885,https://www.google.com/search?q=site%3Awww.thecompound716.com+%22Struggle+Compound%22+dental+dentist+patients,https://www.google.com/search?q=%22Struggle+Compound%22+%221841+Seneca+St%2C+Buffalo%2C+NY+14210%22+%22%2B1716-931-5046%22+dentist+dental+patients,Review every member. Use one block decision only when the same evidence supports every exact profile; otherwise review profiles separately.
178,eligibility_review_block:a1d0e6e5db16a891,2,direct_website_singleton,1,SanFrancisco_CA_L,www.ucsfhealth.org,google:cid:4203807645744766748,"Richard Jordan, D.D.S.","1825 4th St, San Francisco, CA 94158",Pathologist,https://www.ucsfhealth.org/providers/dr-richard-c-jordan,+1415-885-7528,https://www.google.com/maps?cid=4203807645744766748,https://www.google.com/search?q=site%3Awww.ucsfhealth.org+%22Richard+Jordan%2C+D.D.S.%22+dental+dentist+patients,https://www.google.com/search?q=%22Richard+Jordan%2C+D.D.S.%22+%221825+4th+St%2C+San+Francisco%2C+CA+94158%22+%22%2B1415-885-7528%22+dentist+dental+patients,Review every member. Use one block decision only when the same evidence supports every exact profile; otherwise review profiles separately.
179,eligibility_review_block:8c56a146890145f2,2,direct_website_singleton,1,NYC_NY_L,www.urbanhealthplan.org,google:cid:8780094804165839386,Urban Health Plan,"1065 Southern Blvd, Bronx, NY 10459",Medical clinic,http://www.urbanhealthplan.org/,+1718-589-2440,https://www.google.com/maps?cid=8780094804165839386,https://www.google.com/search?q=site%3Awww.urbanhealthplan.org+%22Urban+Health+Plan%22+dental+dentist+patients,https://www.google.com/search?q=%22Urban+Health+Plan%22+%221065+Southern+Blvd%2C+Bronx%2C+NY+10459%22+%22%2B1718-589-2440%22+dentist+dental+patients,Review every member. Use one block decision only when the same evidence supports every exact profile; otherwise review profiles separately.
180,eligibility_review_block:158705282396dbfd,2,direct_website_singleton,1,Eureka_CA_S,www.va.gov,google:cid:14667082976660505393,Eureka VA Clinic,"930 W Harris St, Eureka, CA 95501",Medical clinic,https://www.va.gov/san-francisco-health-care/locations/eureka-va-clinic/,+1707-269-7500,https://www.google.com/maps?cid=14667082976660505393,https://www.google.com/search?q=site%3Awww.va.gov+%22Eureka+VA+Clinic%22+dental+dentist+patients,https://www.google.com/search?q=%22Eureka+VA+Clinic%22+%22930+W+Harris+St%2C+Eureka%2C+CA+95501%22+%22%2B1707-269-7500%22+dentist+dental+patients,Review every member. Use one block decision only when the same evidence supports every exact profile; otherwise review profiles separately.
181,eligibility_review_block:89092459c850517d,2,direct_website_singleton,1,LA_CA_L,www.venicefamilyclinic.org,google:cid:1439068570786713565,Venice Family Clinic - Simms/Mann Health Ctr,"2509 Pico Blvd, Santa Monica, CA 90405",Medical clinic,https://www.venicefamilyclinic.org/,+1310-392-8636,https://www.google.com/maps?cid=1439068570786713565,https://www.google.com/search?q=site%3Awww.venicefamilyclinic.org+%22Venice+Family+Clinic+-+Simms%2FMann+Health+Ctr%22+dental+dentist+patients,https://www.google.com/search?q=%22Venice+Family+Clinic+-+Simms%2FMann+Health+Ctr%22+%222509+Pico+Blvd%2C+Santa+Monica%2C+CA+90405%22+%22%2B1310-392-8636%22+dentist+dental+patients,Review every member. Use one block decision only when the same evidence supports every exact profile; otherwise review profiles separately.
182,eligibility_review_block:40aa3ebf615d3fda,2,direct_website_singleton,1,LA_CA_L,www.viacarela.org,google:cid:2329387890553899643,Via Care Cesar Chavez Health Center,"4755 E Cesar E Chavez Ave, East Los Angeles, CA 90022",Medical clinic,https://www.viacarela.org/,+1323-268-9191,https://www.google.com/maps?cid=2329387890553899643,https://www.google.com/search?q=site%3Awww.viacarela.org+%22Via+Care+Cesar+Chavez+Health+Center%22+dental+dentist+patients,https://www.google.com/search?q=%22Via+Care+Cesar+Chavez+Health+Center%22+%224755+E+Cesar+E+Chavez+Ave%2C+East+Los+Angeles%2C+CA+90022%22+%22%2B1323-268-9191%22+dentist+dental+patients,Review every member. Use one block decision only when the same evidence supports every exact profile; otherwise review profiles separately.
183,eligibility_review_block:761ecb78576ac102,2,direct_website_singleton,1,NYC_NY_L,www.visodentnyc.com,google:cid:8290167571579195981,"VisoDent NYC - Teeth whitening, Invisalign, Aesthetics clinic","903 Park Avenue Main Floor Office, New York, NY 10075",Doctor,https://www.visodentnyc.com/,+1212-991-9095,https://www.google.com/maps?cid=8290167571579195981,https://www.google.com/search?q=site%3Awww.visodentnyc.com+%22VisoDent+NYC+-+Teeth+whitening%2C+Invisalign%2C+Aesthetics+clinic%22+dental+dentist+patients,https://www.google.com/search?q=%22VisoDent+NYC+-+Teeth+whitening%2C+Invisalign%2C+Aesthetics+clinic%22+%22903+Park+Avenue+Main+Floor+Office%2C+New+York%2C+NY+10075%22+%22%2B1212-991-9095%22+dentist+dental+patients,Review every member. Use one block decision only when the same evidence supports every exact profile; otherwise review profiles separately.
184,eligibility_review_block:0f9c62a7cb88bc5b,2,direct_website_singleton,1,LA_CA_L,www.vistacommunityclinic.org,google:cid:17820276821066351545,VCC: The Gary Center,"201 S Harbor Blvd, La Habra, CA 90631",Medical clinic,https://www.vistacommunityclinic.org/events/grand-opening-vcc-gary-center/,+1562-264-6000,https://www.google.com/maps?cid=17820276821066351545,https://www.google.com/search?q=site%3Awww.vistacommunityclinic.org+%22VCC%3A+The+Gary+Center%22+dental+dentist+patients,https://www.google.com/search?q=%22VCC%3A+The+Gary+Center%22+%22201+S+Harbor+Blvd%2C+La+Habra%2C+CA+90631%22+%22%2B1562-264-6000%22+dentist+dental+patients,Review every member. Use one block decision only when the same evidence supports every exact profile; otherwise review profiles separately.
185,eligibility_review_block:7a29ede9493a7d8c,2,direct_website_singleton,1,LA_CA_L,www.wattshealth.org,google:cid:17870772743849719591,Watts Healthcare - Watts Health Center,"10300 Compton Ave, Los Angeles, CA 90002",Community health center,http://www.wattshealth.org/,+1323-564-4331,https://www.google.com/maps?cid=17870772743849719591,https://www.google.com/search?q=site%3Awww.wattshealth.org+%22Watts+Healthcare+-+Watts+Health+Center%22+dental+dentist+patients,https://www.google.com/search?q=%22Watts+Healthcare+-+Watts+Health+Center%22+%2210300+Compton+Ave%2C+Los+Angeles%2C+CA+90002%22+%22%2B1323-564-4331%22+dentist+dental+patients,Review every member. Use one block decision only when the same evidence supports every exact profile; otherwise review profiles separately.
186,eligibility_review_block:bd420ca7392f1a01,2,direct_website_singleton,1,Atlanta_GA_L,www.whitefoord.org,google:cid:16197116083296152898,"Whitefoord, Inc.","35 Whitefoord Ave SE, Atlanta, GA 30317",Medical clinic,http://www.whitefoord.org/,+1404-373-6614,https://www.google.com/maps?cid=16197116083296152898,https://www.google.com/search?q=site%3Awww.whitefoord.org+%22Whitefoord%2C+Inc.%22+dental+dentist+patients,https://www.google.com/search?q=%22Whitefoord%2C+Inc.%22+%2235+Whitefoord+Ave+SE%2C+Atlanta%2C+GA+30317%22+%22%2B1404-373-6614%22+dentist+dental+patients,Review every member. Use one block decision only when the same evidence supports every exact profile; otherwise review profiles separately.
187,eligibility_review_block:f02162f4a2df191a,2,direct_website_singleton,1,NYC_NY_L,www.windsorpodiatry.com,google:cid:10928271238652832087,Windsor Podiatry,"1655 Flatbush Ave # A103, Brooklyn, NY 11210",Medical clinic,http://www.windsorpodiatry.com/,+1718-252-2727,https://www.google.com/maps?cid=10928271238652832087,https://www.google.com/search?q=site%3Awww.windsorpodiatry.com+%22Windsor+Podiatry%22+dental+dentist+patients,https://www.google.com/search?q=%22Windsor+Podiatry%22+%221655+Flatbush+Ave+%23+A103%2C+Brooklyn%2C+NY+11210%22+%22%2B1718-252-2727%22+dentist+dental+patients,Review every member. Use one block decision only when the same evidence supports every exact profile; otherwise review profiles separately.
188,eligibility_review_block:f3dfd5fc24484083,2,direct_website_singleton,1,NYC_NY_L,www.yai.org,google:cid:15896470951924789074,Premier HealthCare & YAI Center for Specialty Therapy,"227 E 41st St 8th floor, New York, NY 10017",Medical clinic,https://www.yai.org/locations/healthcare,+1212-273-6272,https://www.google.com/maps?cid=15896470951924789074,https://www.google.com/search?q=site%3Awww.yai.org+%22Premier+HealthCare+%26+YAI+Center+for+Specialty+Therapy%22+dental+dentist+patients,https://www.google.com/search?q=%22Premier+HealthCare+%26+YAI+Center+for+Specialty+Therapy%22+%22227+E+41st+St+8th+floor%2C+New+York%2C+NY+10017%22+%22%2B1212-273-6272%22+dentist+dental+patients,Review every member. Use one block decision only when the same evidence supports every exact profile; otherwise review profiles separately.
189,eligibility_review_block:a6f1f36cba13bcc3,3,phone_and_profile_singleton,1,Atlanta_GA_L,,google:cid:2428785299818441667,Medhanie Berhane,"2020 Peachtree Rd NW, Atlanta, GA 30309",Surgeon,,+1404-350-3602,https://www.google.com/maps?cid=2428785299818441667,,https://www.google.com/search?q=%22Medhanie+Berhane%22+%222020+Peachtree+Rd+NW%2C+Atlanta%2C+GA+30309%22+%22%2B1404-350-3602%22+dentist+dental+patients,Review every member. Use one block decision only when the same evidence supports every exact profile; otherwise review profiles separately.
190,eligibility_review_block:c45c0e23ada8fd09,3,phone_and_profile_singleton,1,Atlanta_GA_L,,google:cid:17876037465300181764,Southside Health Care Inc: Mills Anthony MD,"1046 Ridge Ave SW #4, Atlanta, GA 30315",Medical Center,,+1404-688-1350,https://www.google.com/maps?cid=17876037465300181764,,https://www.google.com/search?q=%22Southside+Health+Care+Inc%3A+Mills+Anthony+MD%22+%221046+Ridge+Ave+SW+%234%2C+Atlanta%2C+GA+30315%22+%22%2B1404-688-1350%22+dentist+dental+patients,Review every member. Use one block decision only when the same evidence supports every exact profile; otherwise review profiles separately.
191,eligibility_review_block:c9b86f0155b41261,3,phone_and_profile_singleton,1,Augusta_GA_L,,google:cid:16042696556243485449,TMJ Associates,"456 Furys Ferry Rd, Augusta, GA 30907",Cancer treatment center,,+1706-836-8840,https://www.google.com/maps?cid=16042696556243485449,,https://www.google.com/search?q=%22TMJ+Associates%22+%22456+Furys+Ferry+Rd%2C+Augusta%2C+GA+30907%22+%22%2B1706-836-8840%22+dentist+dental+patients,Review every member. Use one block decision only when the same evidence supports every exact profile; otherwise review profiles separately.
192,eligibility_review_block:993c355ef4785fad,3,phone_and_profile_singleton,1,Buffalo_NY_L,,google:cid:16190680881071780487,City Smiles,"2264 Main St Apt 1, Buffalo, NY 14214",Medical clinic,,+1716-837-4029,https://www.google.com/maps?cid=16190680881071780487,,https://www.google.com/search?q=%22City+Smiles%22+%222264+Main+St+Apt+1%2C+Buffalo%2C+NY+14214%22+%22%2B1716-837-4029%22+dentist+dental+patients,Review every member. Use one block decision only when the same evidence supports every exact profile; otherwise review profiles separately.
193,eligibility_review_block:de11e0dc34fb36d9,3,phone_and_profile_singleton,1,Buffalo_NY_L,,google:cid:11366070002874749651,Dr MGK,"University at Buffalo South Campus, State, 3435 Main St, Buffalo, NY 14215",,,+1304-508-8588,https://www.google.com/maps?cid=11366070002874749651,,https://www.google.com/search?q=%22Dr+MGK%22+%22University+at+Buffalo+South+Campus%2C+State%2C+3435+Main+St%2C+Buffalo%2C+NY+14215%22+%22%2B1304-508-8588%22+dentist+dental+patients,Review every member. Use one block decision only when the same evidence supports every exact profile; otherwise review profiles separately.
194,eligibility_review_block:9bcc91b45e04eebf,3,phone_and_profile_singleton,1,Buffalo_NY_L,,google:cid:126764987546349880,Smile Direct Club,"Located inside Sola Salon, 4110 Maple Rd, Buffalo, NY 14226",Health and beauty shop,,+1800-688-4010,https://www.google.com/maps?cid=126764987546349880,,https://www.google.com/search?q=%22Smile+Direct+Club%22+%22Located+inside+Sola+Salon%2C+4110+Maple+Rd%2C+Buffalo%2C+NY+14226%22+%22%2B1800-688-4010%22+dentist+dental+patients,Review every member. Use one block decision only when the same evidence supports every exact profile; otherwise review profiles separately.
195,eligibility_review_block:41efcc276edea1f7,3,phone_and_profile_singleton,1,Buffalo_NY_L,,google:cid:4884419086949519441,The Cardiac Connection,"5427 Transit Rd, Williamsville, NY 14221",Medical clinic,,+1716-639-0200,https://www.google.com/maps?cid=4884419086949519441,,https://www.google.com/search?q=%22The+Cardiac+Connection%22+%225427+Transit+Rd%2C+Williamsville%2C+NY+14221%22+%22%2B1716-639-0200%22+dentist+dental+patients,Review every member. Use one block decision only when the same evidence supports every exact profile; otherwise review profiles separately.
196,eligibility_review_block:fba07c19aa99e90a,3,phone_and_profile_singleton,1,Eureka_CA_S,,google:cid:637581436883905048,Casey Kelly,"2200 Tydd St, Eureka, CA 95501",Physician assistant,,+1707-269-7051,https://www.google.com/maps?cid=637581436883905048,,https://www.google.com/search?q=%22Casey+Kelly%22+%222200+Tydd+St%2C+Eureka%2C+CA+95501%22+%22%2B1707-269-7051%22+dentist+dental+patients,Review every member. Use one block decision only when the same evidence supports every exact profile; otherwise review profiles separately.
197,eligibility_review_block:04ca1c406fc2af4a,3,phone_and_profile_singleton,1,FortBragg_CA_S,,google:cid:7813504546310747474,Align Orthotics & Prosthetics,"401 Cypress St, Fort Bragg, CA 95437",Orthotics & prosthetics service,,+1707-937-3003,https://www.google.com/maps?cid=7813504546310747474,,https://www.google.com/search?q=%22Align+Orthotics+%26+Prosthetics%22+%22401+Cypress+St%2C+Fort+Bragg%2C+CA+95437%22+%22%2B1707-937-3003%22+dentist+dental+patients,Review every member. Use one block decision only when the same evidence supports every exact profile; otherwise review profiles separately.
198,eligibility_review_block:e9ad4d4fff724825,3,phone_and_profile_singleton,1,FortBragg_CA_S,,google:cid:8005356864665464194,My Beautiful Nails,"120 E Redwood Ave, Fort Bragg, CA 95437",Nail salon,,+1707-964-3001,https://www.google.com/maps?cid=8005356864665464194,,https://www.google.com/search?q=%22My+Beautiful+Nails%22+%22120+E+Redwood+Ave%2C+Fort+Bragg%2C+CA+95437%22+%22%2B1707-964-3001%22+dentist+dental+patients,Review every member. Use one block decision only when the same evidence supports every exact profile; otherwise review profiles separately.
199,eligibility_review_block:b6a5c9b5a59d6464,3,phone_and_profile_singleton,1,LA_CA_L,,google:cid:3746368657671100983,AmeriplanUsa,"760 W Lomita Blvd, Harbor City, CA 90710",Chiropractor,,+1800-467-0708,https://www.google.com/maps?cid=3746368657671100983,,https://www.google.com/search?q=%22AmeriplanUsa%22+%22760+W+Lomita+Blvd%2C+Harbor+City%2C+CA+90710%22+%22%2B1800-467-0708%22+dentist+dental+patients,Review every member. Use one block decision only when the same evidence supports every exact profile; otherwise review profiles separately.
200,eligibility_review_block:a279597c1f1bcfba,3,phone_and_profile_singleton,1,LA_CA_L,,google:cid:14188941666966415095,Appliance Therapy Group,"9129 Lurline Ave, Chatsworth, CA 91311",Appliance store,,+1800-423-3270,https://www.google.com/maps?cid=14188941666966415095,,https://www.google.com/search?q=%22Appliance+Therapy+Group%22+%229129+Lurline+Ave%2C+Chatsworth%2C+CA+91311%22+%22%2B1800-423-3270%22+dentist+dental+patients,Review every member. Use one block decision only when the same evidence supports every exact profile; otherwise review profiles separately.
201,eligibility_review_block:b07f6a619e55d6f2,3,phone_and_profile_singleton,1,LA_CA_L,,google:cid:2810400098018904937,Best Choice Denture Implants and Repair,"8833 Reseda Blvd, Northridge, CA 91324",Denture care center,,+1213-733-9617,https://www.google.com/maps?cid=2810400098018904937,,https://www.google.com/search?q=%22Best+Choice+Denture+Implants+and+Repair%22+%228833+Reseda+Blvd%2C+Northridge%2C+CA+91324%22+%22%2B1213-733-9617%22+dentist+dental+patients,Review every member. Use one block decision only when the same evidence supports every exact profile; otherwise review profiles separately.
202,eligibility_review_block:18128ac84c4d359b,3,phone_and_profile_singleton,1,LA_CA_L,,google:cid:17695359038008349542,Beverly Hills Augmentation & Tuck,"436 N Roxbury Dr Ste Penthouse South B, Beverly Hills, CA 90210",Plastic surgeon,,+1310-999-0418,https://www.google.com/maps?cid=17695359038008349542,,https://www.google.com/search?q=%22Beverly+Hills+Augmentation+%26+Tuck%22+%22436+N+Roxbury+Dr+Ste+Penthouse+South+B%2C+Beverly+Hills%2C+CA+90210%22+%22%2B1310-999-0418%22+dentist+dental+patients,Review every member. Use one block decision only when the same evidence supports every exact profile; otherwise review profiles separately.
203,eligibility_review_block:4ff6d04b5a110b97,3,phone_and_profile_singleton,1,LA_CA_L,,google:cid:8725559073317735762,Denture Care Services,"4686 Woodside Dr Apt 201, Los Angeles, CA 90065",Denture care center,,+1626-263-8528,https://www.google.com/maps?cid=8725559073317735762,,https://www.google.com/search?q=%22Denture+Care+Services%22+%224686+Woodside+Dr+Apt+201%2C+Los+Angeles%2C+CA+90065%22+%22%2B1626-263-8528%22+dentist+dental+patients,Review every member. Use one block decision only when the same evidence supports every exact profile; otherwise review profiles separately.
204,eligibility_review_block:15c0309c3c9fc3b9,3,phone_and_profile_singleton,1,LA_CA_L,,google:cid:5006005254849634573,Dr. Martin Galstyan,"813 Fair Oaks Ave, South Pasadena, CA 91030",Medical clinic,,+1626-593-0053,https://www.google.com/maps?cid=5006005254849634573,,https://www.google.com/search?q=%22Dr.+Martin+Galstyan%22+%22813+Fair+Oaks+Ave%2C+South+Pasadena%2C+CA+91030%22+%22%2B1626-593-0053%22+dentist+dental+patients,Review every member. Use one block decision only when the same evidence supports every exact profile; otherwise review profiles separately.
205,eligibility_review_block:c013c3dc307ae282,3,phone_and_profile_singleton,1,LA_CA_L,,google:cid:2649598478930240656,Dr. Ruben Baghdassarian,"2888 Long Beach Blvd #265, Long Beach, CA 90806",Urologist,,+1562-598-6166,https://www.google.com/maps?cid=2649598478930240656,,https://www.google.com/search?q=%22Dr.+Ruben+Baghdassarian%22+%222888+Long+Beach+Blvd+%23265%2C+Long+Beach%2C+CA+90806%22+%22%2B1562-598-6166%22+dentist+dental+patients,Review every member. Use one block decision only when the same evidence supports every exact profile; otherwise review profiles separately.
206,eligibility_review_block:932b150e4e68c68d,3,phone_and_profile_singleton,1,LA_CA_L,,google:cid:4180294560927685777,Foster Mall,"13408 Woodruff Ave, Bellflower, CA 90706",Shopping mall,,+1626-802-5595,https://www.google.com/maps?cid=4180294560927685777,,https://www.google.com/search?q=%22Foster+Mall%22+%2213408+Woodruff+Ave%2C+Bellflower%2C+CA+90706%22+%22%2B1626-802-5595%22+dentist+dental+patients,Review every member. Use one block decision only when the same evidence supports every exact profile; otherwise review profiles separately.
207,eligibility_review_block:e1af862ce0923dd2,3,phone_and_profile_singleton,1,LA_CA_L,,google:cid:7491525317975939457,Jeffrey Ashraf Hammoudeh,"1510 San Pablo St, Los Angeles, CA 90033",Plastic surgeon,,+1323-442-5908,https://www.google.com/maps?cid=7491525317975939457,,https://www.google.com/search?q=%22Jeffrey+Ashraf+Hammoudeh%22+%221510+San+Pablo+St%2C+Los+Angeles%2C+CA+90033%22+%22%2B1323-442-5908%22+dentist+dental+patients,Review every member. Use one block decision only when the same evidence supports every exact profile; otherwise review profiles separately.
208,eligibility_review_block:cb98f9a6be846e47,3,phone_and_profile_singleton,1,LA_CA_L,,google:cid:706109540966761708,"Mark M. Urata, MD","4650 Sunset Blvd, Los Angeles, CA 90027",Plastic surgeon,,+1323-361-2154,https://www.google.com/maps?cid=706109540966761708,,https://www.google.com/search?q=%22Mark+M.+Urata%2C+MD%22+%224650+Sunset+Blvd%2C+Los+Angeles%2C+CA+90027%22+%22%2B1323-361-2154%22+dentist+dental+patients,Review every member. Use one block decision only when the same evidence supports every exact profile; otherwise review profiles separately.
209,eligibility_review_block:69918f93543f1e20,3,phone_and_profile_singleton,1,LA_CA_L,,google:cid:11349239648908701467,Mr. John Whitley,"10436 Sepulveda Blvd, Mission Hills, CA 91345",Medical clinic,,+1562-445-4267,https://www.google.com/maps?cid=11349239648908701467,,https://www.google.com/search?q=%22Mr.+John+Whitley%22+%2210436+Sepulveda+Blvd%2C+Mission+Hills%2C+CA+91345%22+%22%2B1562-445-4267%22+dentist+dental+patients,Review every member. Use one block decision only when the same evidence supports every exact profile; otherwise review profiles separately.
210,eligibility_review_block:89b8b4dabb24bec0,3,phone_and_profile_singleton,1,LA_CA_L,,google:cid:9661089799132322437,Mundrugstore,"6333 W 3rd St, Los Angeles, CA 90036",Alternative medicine practitioner,,+1561-285-2397,https://www.google.com/maps?cid=9661089799132322437,,https://www.google.com/search?q=%22Mundrugstore%22+%226333+W+3rd+St%2C+Los+Angeles%2C+CA+90036%22+%22%2B1561-285-2397%22+dentist+dental+patients,Review every member. Use one block decision only when the same evidence supports every exact profile; otherwise review profiles separately.
211,eligibility_review_block:076620a60702bd7f,3,phone_and_profile_singleton,1,LA_CA_L,,google:cid:11990484528381377309,"Pearlman D Hicks, Jr, MD","2360 Long Beach Blvd, Long Beach, CA 90806",Plastic surgeon,,+1562-595-9493,https://www.google.com/maps?cid=11990484528381377309,,https://www.google.com/search?q=%22Pearlman+D+Hicks%2C+Jr%2C+MD%22+%222360+Long+Beach+Blvd%2C+Long+Beach%2C+CA+90806%22+%22%2B1562-595-9493%22+dentist+dental+patients,Review every member. Use one block decision only when the same evidence supports every exact profile; otherwise review profiles separately.
212,eligibility_review_block:3f2c09d94c4caf37,3,phone_and_profile_singleton,1,LA_CA_L,,google:cid:8019442712982059650,Primary Denture Repair and Implants,"15234 Crenshaw Blvd, Gardena, CA 90249",Denture care center,,+1424-610-9061,https://www.google.com/maps?cid=8019442712982059650,,https://www.google.com/search?q=%22Primary+Denture+Repair+and+Implants%22+%2215234+Crenshaw+Blvd%2C+Gardena%2C+CA+90249%22+%22%2B1424-610-9061%22+dentist+dental+patients,Review every member. Use one block decision only when the same evidence supports every exact profile; otherwise review profiles separately.
213,eligibility_review_block:ced90942ddaf0cf2,3,phone_and_profile_singleton,1,LA_CA_L,,google:cid:15466958758423106428,Sleep Apnea Sherman Oaks,"4521 Sherman Oaks Ave Ste 201, Sherman Oaks, CA 91403",Sleep clinic,,+1323-287-9569,https://www.google.com/maps?cid=15466958758423106428,,https://www.google.com/search?q=%22Sleep+Apnea+Sherman+Oaks%22+%224521+Sherman+Oaks+Ave+Ste+201%2C+Sherman+Oaks%2C+CA+91403%22+%22%2B1323-287-9569%22+dentist+dental+patients,Review every member. Use one block decision only when the same evidence supports every exact profile; otherwise review profiles separately.
214,eligibility_review_block:536e252326dc6742,3,phone_and_profile_singleton,1,LA_CA_L,,google:cid:7827430601838141701,Studer Performance Art,"4135 Laurel Canyon Blvd, Studio City, CA 91604",Music instruction,,+1818-284-2468,https://www.google.com/maps?cid=7827430601838141701,,https://www.google.com/search?q=%22Studer+Performance+Art%22+%224135+Laurel+Canyon+Blvd%2C+Studio+City%2C+CA+91604%22+%22%2B1818-284-2468%22+dentist+dental+patients,Review every member. Use one block decision only when the same evidence supports every exact profile; otherwise review profiles separately.
215,eligibility_review_block:470d90260693674d,3,phone_and_profile_singleton,1,LA_CA_L,,google:cid:9861830449886396311,TelerainMD-Online Doctor Consultation,"19360 Rinaldi St #375, Porter Ranch, CA 91326",Home health care service,,+1858-437-5812,https://www.google.com/maps?cid=9861830449886396311,,https://www.google.com/search?q=%22TelerainMD-Online+Doctor+Consultation%22+%2219360+Rinaldi+St+%23375%2C+Porter+Ranch%2C+CA+91326%22+%22%2B1858-437-5812%22+dentist+dental+patients,Review every member. Use one block decision only when the same evidence supports every exact profile; otherwise review profiles separately.
216,eligibility_review_block:3f21e0a4570e8447,3,phone_and_profile_singleton,1,LA_CA_L,,google:cid:15840384001208137121,The Allergy Eliminator,"1306 W Glenoaks Blvd, Glendale, CA 91201",Medical clinic,,+1818-247-4766,https://www.google.com/maps?cid=15840384001208137121,,https://www.google.com/search?q=%22The+Allergy+Eliminator%22+%221306+W+Glenoaks+Blvd%2C+Glendale%2C+CA+91201%22+%22%2B1818-247-4766%22+dentist+dental+patients,Review every member. Use one block decision only when the same evidence supports every exact profile; otherwise review profiles separately.
217,eligibility_review_block:2002a0bcb3a5a556,3,phone_and_profile_singleton,1,LA_CA_L,,google:cid:8776957313786257906,U Snore No More Treatment Center,"25856 Hemingway Ave, Stevenson Ranch, CA 91381",Medical clinic,,+1818-205-1122,https://www.google.com/maps?cid=8776957313786257906,,https://www.google.com/search?q=%22U+Snore+No+More+Treatment+Center%22+%2225856+Hemingway+Ave%2C+Stevenson+Ranch%2C+CA+91381%22+%22%2B1818-205-1122%22+dentist+dental+patients,Review every member. Use one block decision only when the same evidence supports every exact profile; otherwise review profiles separately.
218,eligibility_review_block:52fd2bfc8c173032,3,phone_and_profile_singleton,1,LA_CA_L,,google:cid:3964067785989222189,Workforce Resource & Management Group,"5150 CA-1, Long Beach, CA 90804",Consultant,,+1562-497-0861,https://www.google.com/maps?cid=3964067785989222189,,https://www.google.com/search?q=%22Workforce+Resource+%26+Management+Group%22+%225150+CA-1%2C+Long+Beach%2C+CA+90804%22+%22%2B1562-497-0861%22+dentist+dental+patients,Review every member. Use one block decision only when the same evidence supports every exact profile; otherwise review profiles separately.
219,eligibility_review_block:0afc4d33c90a61aa,3,phone_and_profile_singleton,1,LA_CA_L,,google:cid:5546745703059237379,Yang Bao Bin MD,"149 N 6th St, Montebello, CA 90640",Cardiologist,,+1323-721-5121,https://www.google.com/maps?cid=5546745703059237379,,https://www.google.com/search?q=%22Yang+Bao+Bin+MD%22+%22149+N+6th+St%2C+Montebello%2C+CA+90640%22+%22%2B1323-721-5121%22+dentist+dental+patients,Review every member. Use one block decision only when the same evidence supports every exact profile; otherwise review profiles separately.
220,eligibility_review_block:572d91b4219ccbc8,3,phone_and_profile_singleton,1,Macon_GA_M,,google:cid:4691704608957327781,Jasmine Edwards,"205 Tom Hill Sr Blvd Ste B, Macon, GA 31210",Medical clinic,,+1478-654-3111,https://www.google.com/maps?cid=4691704608957327781,,https://www.google.com/search?q=%22Jasmine+Edwards%22+%22205+Tom+Hill+Sr+Blvd+Ste+B%2C+Macon%2C+GA+31210%22+%22%2B1478-654-3111%22+dentist+dental+patients,Review every member. Use one block decision only when the same evidence supports every exact profile; otherwise review profiles separately.
221,eligibility_review_block:a5567b94b567a125,3,phone_and_profile_singleton,1,NYC_NY_L,,google:cid:1196111142762645885,3D Imaging Inc,"1560 Broadway, New York, NY 10036",Medical diagnostic imaging center,,+1212-354-6444,https://www.google.com/maps?cid=1196111142762645885,,https://www.google.com/search?q=%223D+Imaging+Inc%22+%221560+Broadway%2C+New+York%2C+NY+10036%22+%22%2B1212-354-6444%22+dentist+dental+patients,Review every member. Use one block decision only when the same evidence supports every exact profile; otherwise review profiles separately.
222,eligibility_review_block:e845dea1783fca37,3,phone_and_profile_singleton,1,NYC_NY_L,,google:cid:15322627160932991390,AV Sleep Company,"635 Madison Ave Fl 19, New York, NY 10022",Sleep clinic,,+1631-352-0856,https://www.google.com/maps?cid=15322627160932991390,,https://www.google.com/search?q=%22AV+Sleep+Company%22+%22635+Madison+Ave+Fl+19%2C+New+York%2C+NY+10022%22+%22%2B1631-352-0856%22+dentist+dental+patients,Review every member. Use one block decision only when the same evidence supports every exact profile; otherwise review profiles separately.
223,eligibility_review_block:42983d00b3e73cf7,3,phone_and_profile_singleton,1,NYC_NY_L,,google:cid:36045056295983553,Akpinar Bill B,"61-10 Marathon Pkwy, Flushing, NY 11362",Acupuncturist,,+1718-428-2780,https://www.google.com/maps?cid=36045056295983553,,https://www.google.com/search?q=%22Akpinar+Bill+B%22+%2261-10+Marathon+Pkwy%2C+Flushing%2C+NY+11362%22+%22%2B1718-428-2780%22+dentist+dental+patients,Review every member. Use one block decision only when the same evidence supports every exact profile; otherwise review profiles separately.
224,eligibility_review_block:c0f721ea7ea7da6f,3,phone_and_profile_singleton,1,NYC_NY_L,,google:cid:8627939193481494640,Art Investment Consultancy,"851 5th Ave, New York, NY 10065",Art gallery,,+1212-734-0000,https://www.google.com/maps?cid=8627939193481494640,,https://www.google.com/search?q=%22Art+Investment+Consultancy%22+%22851+5th+Ave%2C+New+York%2C+NY+10065%22+%22%2B1212-734-0000%22+dentist+dental+patients,Review every member. Use one block decision only when the same evidence supports every exact profile; otherwise review profiles separately.
225,eligibility_review_block:f4c2797be5d8fc40,3,phone_and_profile_singleton,1,NYC_NY_L,,google:cid:6263446382272302887,Brooklyn Medcare,"445 Kings Hwy Fl 2, Brooklyn, NY 11223",Medical Center,,+1718-645-0300,https://www.google.com/maps?cid=6263446382272302887,,https://www.google.com/search?q=%22Brooklyn+Medcare%22+%22445+Kings+Hwy+Fl+2%2C+Brooklyn%2C+NY+11223%22+%22%2B1718-645-0300%22+dentist+dental+patients,Review every member. Use one block decision only when the same evidence supports every exact profile; otherwise review profiles separately.
226,eligibility_review_block:c63ebf933de2b9bd,3,phone_and_profile_singleton,1,NYC_NY_L,,google:cid:3053711292195176961,"Deborah M. Swiderski, MD","111 E 210th St, Bronx, NY 10467",Internist,,+1718-920-5521,https://www.google.com/maps?cid=3053711292195176961,,https://www.google.com/search?q=%22Deborah+M.+Swiderski%2C+MD%22+%22111+E+210th+St%2C+Bronx%2C+NY+10467%22+%22%2B1718-920-5521%22+dentist+dental+patients,Review every member. Use one block decision only when the same evidence supports every exact profile; otherwise review profiles separately.
227,eligibility_review_block:fc0f10fd44195313,3,phone_and_profile_singleton,1,NYC_NY_L,,google:cid:8516860510085333250,Dr. Caroline Nup,"2 Allen St, New York, NY 10002",Medical clinic,,+1212-226-3250,https://www.google.com/maps?cid=8516860510085333250,,https://www.google.com/search?q=%22Dr.+Caroline+Nup%22+%222+Allen+St%2C+New+York%2C+NY+10002%22+%22%2B1212-226-3250%22+dentist+dental+patients,Review every member. Use one block decision only when the same evidence supports every exact profile; otherwise review profiles separately.
228,eligibility_review_block:c0f6f340fed7ebb3,3,phone_and_profile_singleton,1,NYC_NY_L,,google:cid:9953255016073954045,Dr. Frank Lo,"80 Broad St, New York, NY 10004",Physical therapist,,+1212-493-4999,https://www.google.com/maps?cid=9953255016073954045,,https://www.google.com/search?q=%22Dr.+Frank+Lo%22+%2280+Broad+St%2C+New+York%2C+NY+10004%22+%22%2B1212-493-4999%22+dentist+dental+patients,Review every member. Use one block decision only when the same evidence supports every exact profile; otherwise review profiles separately.
229,eligibility_review_block:5378e85b3823826e,3,phone_and_profile_singleton,1,NYC_NY_L,,google:cid:12624793362500748108,Dr. Luzmarina Coffey,"220 13th St, Brooklyn, NY 11215",Medical clinic,,+1718-832-5980,https://www.google.com/maps?cid=12624793362500748108,,https://www.google.com/search?q=%22Dr.+Luzmarina+Coffey%22+%22220+13th+St%2C+Brooklyn%2C+NY+11215%22+%22%2B1718-832-5980%22+dentist+dental+patients,Review every member. Use one block decision only when the same evidence supports every exact profile; otherwise review profiles separately.
230,eligibility_review_block:11411dee260641f8,3,phone_and_profile_singleton,1,NYC_NY_L,,google:cid:15164199505872784181,Dr. Michael Devito,"6 E 45th St Rm 1200, New York, NY 10017",Medical clinic,,+1212-302-4132,https://www.google.com/maps?cid=15164199505872784181,,https://www.google.com/search?q=%22Dr.+Michael+Devito%22+%226+E+45th+St+Rm+1200%2C+New+York%2C+NY+10017%22+%22%2B1212-302-4132%22+dentist+dental+patients,Review every member. Use one block decision only when the same evidence supports every exact profile; otherwise review profiles separately.
231,eligibility_review_block:9c5051e5fa7e4f07,3,phone_and_profile_singleton,1,NYC_NY_L,,google:cid:15310307393337248434,Dr. Michael Yeung,"217 Grand St #801, New York, NY 10013",Medical clinic,,+1212-680-0573,https://www.google.com/maps?cid=15310307393337248434,,https://www.google.com/search?q=%22Dr.+Michael+Yeung%22+%22217+Grand+St+%23801%2C+New+York%2C+NY+10013%22+%22%2B1212-680-0573%22+dentist+dental+patients,Review every member. Use one block decision only when the same evidence supports every exact profile; otherwise review profiles separately.
232,eligibility_review_block:9b6841e82e39baad,3,phone_and_profile_singleton,1,NYC_NY_L,,google:cid:6451845079583961423,Dr. Opal Goodridge,"462 1st Ave, New York, NY 10016",Medical clinic,,+1212-562-8780,https://www.google.com/maps?cid=6451845079583961423,,https://www.google.com/search?q=%22Dr.+Opal+Goodridge%22+%22462+1st+Ave%2C+New+York%2C+NY+10016%22+%22%2B1212-562-8780%22+dentist+dental+patients,Review every member. Use one block decision only when the same evidence supports every exact profile; otherwise review profiles separately.
233,eligibility_review_block:77df7f5ce749b192,3,phone_and_profile_singleton,1,NYC_NY_L,,google:cid:6164055533882993300,Dr. Rakesh Khilwani,"2279 Hempstead Tpke, East Meadow, NY 11554",Medical clinic,,+1516-489-1199,https://www.google.com/maps?cid=6164055533882993300,,https://www.google.com/search?q=%22Dr.+Rakesh+Khilwani%22+%222279+Hempstead+Tpke%2C+East+Meadow%2C+NY+11554%22+%22%2B1516-489-1199%22+dentist+dental+patients,Review every member. Use one block decision only when the same evidence supports every exact profile; otherwise review profiles separately.
234,eligibility_review_block:379795e9694f4fb1,3,phone_and_profile_singleton,1,NYC_NY_L,,google:cid:6881627921830420633,Dr. Siamak Rambod,"72-21 Vleigh Pl, Kew Gardens Hills, NY 11367",Medical clinic,,+1718-268-3384,https://www.google.com/maps?cid=6881627921830420633,,https://www.google.com/search?q=%22Dr.+Siamak+Rambod%22+%2272-21+Vleigh+Pl%2C+Kew+Gardens+Hills%2C+NY+11367%22+%22%2B1718-268-3384%22+dentist+dental+patients,Review every member. Use one block decision only when the same evidence supports every exact profile; otherwise review profiles separately.
235,eligibility_review_block:ba4933a300c220b8,3,phone_and_profile_singleton,1,NYC_NY_L,,google:cid:5725267993414120448,El Nuevo San Juan Health Center- Urban Health Plan,"1065 Southern Blvd #8, Bronx, NY 10459",Medical clinic,,+1718-589-2440,https://www.google.com/maps?cid=5725267993414120448,,https://www.google.com/search?q=%22El+Nuevo+San+Juan+Health+Center-+Urban+Health+Plan%22+%221065+Southern+Blvd+%238%2C+Bronx%2C+NY+10459%22+%22%2B1718-589-2440%22+dentist+dental+patients,Review every member. Use one block decision only when the same evidence supports every exact profile; otherwise review profiles separately.
236,eligibility_review_block:5af3333a907bedb1,3,phone_and_profile_singleton,1,NYC_NY_L,,google:cid:10257469848042679318,James Bradley,"110 E 59th St, New York, NY 10022",Plastic surgeon,,+1516-927-1500,https://www.google.com/maps?cid=10257469848042679318,,https://www.google.com/search?q=%22James+Bradley%22+%22110+E+59th+St%2C+New+York%2C+NY+10022%22+%22%2B1516-927-1500%22+dentist+dental+patients,Review every member. Use one block decision only when the same evidence supports every exact profile; otherwise review profiles separately.
237,eligibility_review_block:f04795ccc9044ba1,3,phone_and_profile_singleton,1,NYC_NY_L,,google:cid:8712220723097576755,John Spina Dpm,"2015 Bath Ave, Brooklyn, NY 11214",Podiatrist,,+1718-313-0065,https://www.google.com/maps?cid=8712220723097576755,,https://www.google.com/search?q=%22John+Spina+Dpm%22+%222015+Bath+Ave%2C+Brooklyn%2C+NY+11214%22+%22%2B1718-313-0065%22+dentist+dental+patients,Review every member. Use one block decision only when the same evidence supports every exact profile; otherwise review profiles separately.
238,eligibility_review_block:62a7a4967b652f2a,3,phone_and_profile_singleton,1,NYC_NY_L,,google:cid:10487271695260862641,New York City Publishers,"305 Madison Ave #449, New York, NY 10017",Medical clinic,,+1212-697-0939,https://www.google.com/maps?cid=10487271695260862641,,https://www.google.com/search?q=%22New+York+City+Publishers%22+%22305+Madison+Ave+%23449%2C+New+York%2C+NY+10017%22+%22%2B1212-697-0939%22+dentist+dental+patients,Review every member. Use one block decision only when the same evidence supports every exact profile; otherwise review profiles separately.
239,eligibility_review_block:7c7ee287e64f0031,3,phone_and_profile_singleton,1,NYC_NY_L,,google:cid:2981445453940694204,Park Avenue Neurology & Sleep,"737 Park Ave Apt 1C, New York, NY 10021",Medical clinic,,+1212-288-6060,https://www.google.com/maps?cid=2981445453940694204,,https://www.google.com/search?q=%22Park+Avenue+Neurology+%26+Sleep%22+%22737+Park+Ave+Apt+1C%2C+New+York%2C+NY+10021%22+%22%2B1212-288-6060%22+dentist+dental+patients,Review every member. Use one block decision only when the same evidence supports every exact profile; otherwise review profiles separately.
240,eligibility_review_block:732e0898d029cc8f,3,phone_and_profile_singleton,1,NYC_NY_L,,google:cid:9802149004801648262,Richter & Co Inc,"450 Park Ave, New York, NY 10022",Bank,,+1212-758-5305,https://www.google.com/maps?cid=9802149004801648262,,https://www.google.com/search?q=%22Richter+%26+Co+Inc%22+%22450+Park+Ave%2C+New+York%2C+NY+10022%22+%22%2B1212-758-5305%22+dentist+dental+patients,Review every member. Use one block decision only when the same evidence supports every exact profile; otherwise review profiles separately.
241,eligibility_review_block:1a22ec62639a8438,3,phone_and_profile_singleton,1,NYC_NY_L,,google:cid:689736336193155396,Smile Time NY & Meikkos Juice Bar,"89-02 165th Street (Jamaica Colosseum Mall NW 22, Jamaica, NY 11432",Day spa,,+1718-880-1844,https://www.google.com/maps?cid=689736336193155396,,https://www.google.com/search?q=%22Smile+Time+NY+%26+Meikkos+Juice+Bar%22+%2289-02+165th+Street+%28Jamaica+Colosseum+Mall+NW+22%2C+Jamaica%2C+NY+11432%22+%22%2B1718-880-1844%22+dentist+dental+patients,Review every member. Use one block decision only when the same evidence supports every exact profile; otherwise review profiles separately.
242,eligibility_review_block:466e385c629f5f95,3,phone_and_profile_singleton,1,NYC_NY_L,,google:cid:726771841321324320,"Spanish American Medical Dental Society of New York, Inc.","104-01 Roosevelt Ave, Corona, NY 11368",Association / Organization,,+1718-505-2037,https://www.google.com/maps?cid=726771841321324320,,https://www.google.com/search?q=%22Spanish+American+Medical+Dental+Society+of+New+York%2C+Inc.%22+%22104-01+Roosevelt+Ave%2C+Corona%2C+NY+11368%22+%22%2B1718-505-2037%22+dentist+dental+patients,Review every member. Use one block decision only when the same evidence supports every exact profile; otherwise review profiles separately.
243,eligibility_review_block:6e5d45e8df0dc5bb,3,phone_and_profile_singleton,1,NYC_NY_L,,google:cid:10842945812211081545,Steve Taranov,"11 Broadway, New York, NY 10004",Medical clinic,,+1212-425-0505,https://www.google.com/maps?cid=10842945812211081545,,https://www.google.com/search?q=%22Steve+Taranov%22+%2211+Broadway%2C+New+York%2C+NY+10004%22+%22%2B1212-425-0505%22+dentist+dental+patients,Review every member. Use one block decision only when the same evidence supports every exact profile; otherwise review profiles separately.
244,eligibility_review_block:e04220e4e9f72fb1,3,phone_and_profile_singleton,1,NYC_NY_L,,google:cid:1252474763438112699,Uppal Rajinder MD,"16-70 Putnam Ave, Ridgewood, NY 11385",Internist,,+1718-417-7200,https://www.google.com/maps?cid=1252474763438112699,,https://www.google.com/search?q=%22Uppal+Rajinder+MD%22+%2216-70+Putnam+Ave%2C+Ridgewood%2C+NY+11385%22+%22%2B1718-417-7200%22+dentist+dental+patients,Review every member. Use one block decision only when the same evidence supports every exact profile; otherwise review profiles separately.
245,eligibility_review_block:97c82299835b1616,3,phone_and_profile_singleton,1,NYC_NY_L,,google:cid:8951881897675096385,Virtual House Call Docs NYC,"970 Park Ave Ste 1, New York, NY 10028",Medical group,,+1646-520-0628,https://www.google.com/maps?cid=8951881897675096385,,https://www.google.com/search?q=%22Virtual+House+Call+Docs+NYC%22+%22970+Park+Ave+Ste+1%2C+New+York%2C+NY+10028%22+%22%2B1646-520-0628%22+dentist+dental+patients,Review every member. Use one block decision only when the same evidence supports every exact profile; otherwise review profiles separately.
246,eligibility_review_block:34c398e95335045d,3,phone_and_profile_singleton,1,SanFrancisco_CA_L,,google:cid:11047455065508509761,Health Right 360,"1468 Carroll Ave, San Francisco, CA 94124",Medical clinic,,+1800-200-7181,https://www.google.com/maps?cid=11047455065508509761,,https://www.google.com/search?q=%22Health+Right+360%22+%221468+Carroll+Ave%2C+San+Francisco%2C+CA+94124%22+%22%2B1800-200-7181%22+dentist+dental+patients,Review every member. Use one block decision only when the same evidence supports every exact profile; otherwise review profiles separately.
247,eligibility_review_block:2e793ca1063b8f0e,3,phone_and_profile_singleton,1,SanFrancisco_CA_L,,google:cid:12780241047922579012,"Joan Demartini Warren, PSYD","1738 Union St, San Francisco, CA 94123",Psychologist,,+1415-262-0166,https://www.google.com/maps?cid=12780241047922579012,,https://www.google.com/search?q=%22Joan+Demartini+Warren%2C+PSYD%22+%221738+Union+St%2C+San+Francisco%2C+CA+94123%22+%22%2B1415-262-0166%22+dentist+dental+patients,Review every member. Use one block decision only when the same evidence supports every exact profile; otherwise review profiles separately.
248,eligibility_review_block:9e9f3d1af8aaf08b,4,profile_only_singleton,1,LA_CA_L,,google:cid:10636425930933224952,Denture Repair and Implants,"3506 Whittier Blvd, Los Angeles, CA 90023",Denture care center,,,https://www.google.com/maps?cid=10636425930933224952,,https://www.google.com/search?q=%22Denture+Repair+and+Implants%22+%223506+Whittier+Blvd%2C+Los+Angeles%2C+CA+90023%22+dentist+dental+patients,Review every member. Use one block decision only when the same evidence supports every exact profile; otherwise review profiles separately.
249,eligibility_review_block:7b15ab25d1c44c08,4,profile_only_singleton,1,LA_CA_L,,google:cid:10967843234449240540,Dr. Fouy Chau,"5363 Balboa Blvd Ste 328, Encino, CA 91316",Medical clinic,,,https://www.google.com/maps?cid=10967843234449240540,,https://www.google.com/search?q=%22Dr.+Fouy+Chau%22+%225363+Balboa+Blvd+Ste+328%2C+Encino%2C+CA+91316%22+dentist+dental+patients,Review every member. Use one block decision only when the same evidence supports every exact profile; otherwise review profiles separately.
250,eligibility_review_block:84024fdd1b906b78,4,profile_only_singleton,1,LA_CA_L,,google:cid:4243264581896210541,POLY PLAZA,"1434 Atlantic Ave, Long Beach, CA 90813",Shopping mall,,,https://www.google.com/maps?cid=4243264581896210541,,https://www.google.com/search?q=%22POLY+PLAZA%22+%221434+Atlantic+Ave%2C+Long+Beach%2C+CA+90813%22+dentist+dental+patients,Review every member. Use one block decision only when the same evidence supports every exact profile; otherwise review profiles separately.
251,eligibility_review_block:1b603f17744a25ad,4,profile_only_singleton,1,LA_CA_L,,google:cid:10667488645197953416,TTW,"6551 Van Nuys Blvd, Van Nuys, CA 91401",Medical clinic,,,https://www.google.com/maps?cid=10667488645197953416,,https://www.google.com/search?q=%22TTW%22+%226551+Van+Nuys+Blvd%2C+Van+Nuys%2C+CA+91401%22+dentist+dental+patients,Review every member. Use one block decision only when the same evidence supports every exact profile; otherwise review profiles separately.
252,eligibility_review_block:f381375e07d09794,4,profile_only_singleton,1,NYC_NY_L,,google:cid:5141540515377181725,Lower Manhattan Sleep Apnea Treatment,"Chetham Green, 215 Park Row #1, New York, NY 10038",Sleep clinic,,,https://www.google.com/maps?cid=5141540515377181725,,https://www.google.com/search?q=%22Lower+Manhattan+Sleep+Apnea+Treatment%22+%22Chetham+Green%2C+215+Park+Row+%231%2C+New+York%2C+NY+10038%22+dentist+dental+patients,Review every member. Use one block decision only when the same evidence supports every exact profile; otherwise review profiles separately.
