profile_audit_sequence,decision_id,market,profile_key,title,address,observed_sources,observed_categories,observed_source_decisions,profile_status_basis,allowed_manual_decisions,manual_decision,decision_evidence,evidence_url,reviewed_by,reviewed_on,category_group_id,category_rule_pattern,category_rule_reasons,unknown_categories,dental_title_signals,nondental_title_signals,category_nonprovider_signals,suggested_manual_decision,review_tier,suggestion_basis,automatic_final_decision_applied,source_phone,source_domain,source_website_url,source_votes_count,source_latitude,source_longitude,verified_decision_applied,direct_profile_evidence_url,existing_evidence_route,normalized_source_domain,review_block_id,review_block_basis,row_review_note,audit_unit_profile_count,evidence_route,audit_priority,profile_search_query,profile_search_url,official_site_search_query,official_site_search_url,audit_rule
1,profile:LA_CA_L:google:cid:14523467718029744471,LA_CA_L,google:cid:14523467718029744471,"APLA Health Center, Long Beach","1043 Elm Ave #302, Long Beach, CA 90813",business_listings,Medical clinic,needs_category_review,unreviewed_or_conflicting_category_evidence,exclude_non_dentist_category|include_dental_provider,,,,,,eligibility_group:504917ff371eb69d,manual_review,Medical clinic: Category alone does not establish whether dental care is provided,,,,,,external_evidence_required,category and title evidence do not support a safe batch suggestion,False,+1562-247-7740,aplahealth.org,https://aplahealth.org/locations/apla-health-center-long-beach/,84.0,33.779705,-118.188409,False,https://www.google.com/maps?cid=14523467718029744471,website_then_google_profile,aplahealth.org,eligibility_review_block:5b6be2e06fc03bf0,shared_domain_within_category_group,"Fill this row only when it is an exception to a reviewed group decision, or when its group is marked individual_review.",2,shared_domain_block,1,"""APLA Health Center, Long Beach"" ""1043 Elm Ave #302, Long Beach, CA 90813"" ""+1562-247-7740"" dentist dental patients",https://www.google.com/search?q=%22APLA+Health+Center%2C+Long+Beach%22+%221043+Elm+Ave+%23302%2C+Long+Beach%2C+CA+90813%22+%22%2B1562-247-7740%22+dentist+dental+patients,"site:aplahealth.org ""APLA Health Center, Long Beach"" dental dentist patients",https://www.google.com/search?q=site%3Aaplahealth.org+%22APLA+Health+Center%2C+Long+Beach%22+dental+dentist+patients,Verify current patient-facing dental service for this exact profile and address; a shared domain alone is not a decision.
2,profile:LA_CA_L:google:cid:14508613773664398805,LA_CA_L,google:cid:14508613773664398805,"APLA Health, Gleicher/Chen Health Center, Baldwin Hills","3743 S La Brea Ave, Los Angeles, CA 90016",business_listings,Medical clinic,needs_category_review,unreviewed_or_conflicting_category_evidence,exclude_non_dentist_category|include_dental_provider,,,,,,eligibility_group:504917ff371eb69d,manual_review,Medical clinic: Category alone does not establish whether dental care is provided,,,,,,external_evidence_required,category and title evidence do not support a safe batch suggestion,False,+1323-329-9900,aplahealth.org,https://aplahealth.org/locations/gleicher-chen-health-center-baldwin-hills/,71.0,34.018727,-118.356329,False,https://www.google.com/maps?cid=14508613773664398805,website_then_google_profile,aplahealth.org,eligibility_review_block:5b6be2e06fc03bf0,shared_domain_within_category_group,"Fill this row only when it is an exception to a reviewed group decision, or when its group is marked individual_review.",2,shared_domain_block,1,"""APLA Health, Gleicher/Chen Health Center, Baldwin Hills"" ""3743 S La Brea Ave, Los Angeles, CA 90016"" ""+1323-329-9900"" dentist dental patients",https://www.google.com/search?q=%22APLA+Health%2C+Gleicher%2FChen+Health+Center%2C+Baldwin+Hills%22+%223743+S+La+Brea+Ave%2C+Los+Angeles%2C+CA+90016%22+%22%2B1323-329-9900%22+dentist+dental+patients,"site:aplahealth.org ""APLA Health, Gleicher/Chen Health Center, Baldwin Hills"" dental dentist patients",https://www.google.com/search?q=site%3Aaplahealth.org+%22APLA+Health%2C+Gleicher%2FChen+Health+Center%2C+Baldwin+Hills%22+dental+dentist+patients,Verify current patient-facing dental service for this exact profile and address; a shared domain alone is not a decision.
3,profile:LA_CA_L:google:cid:11366871718438330174,LA_CA_L,google:cid:11366871718438330174,Jwch Clinic,"954 N Vermont Ave, Los Angeles, CA 90029",business_listings,Medical clinic,needs_category_review,unreviewed_or_conflicting_category_evidence,exclude_non_dentist_category|include_dental_provider,,,,,,eligibility_group:504917ff371eb69d,manual_review,Medical clinic: Category alone does not establish whether dental care is provided,,,,,,external_evidence_required,category and title evidence do not support a safe batch suggestion,False,+1323-454-4850,jwchinstitute.org,http://jwchinstitute.org/,14.0,34.0888909,-118.2914886,False,https://www.google.com/maps?cid=11366871718438330174,website_then_google_profile,jwchinstitute.org,eligibility_review_block:2bb67c50689b2015,shared_domain_within_category_group,"Fill this row only when it is an exception to a reviewed group decision, or when its group is marked individual_review.",2,shared_domain_block,1,"""Jwch Clinic"" ""954 N Vermont Ave, Los Angeles, CA 90029"" ""+1323-454-4850"" dentist dental patients",https://www.google.com/search?q=%22Jwch+Clinic%22+%22954+N+Vermont+Ave%2C+Los+Angeles%2C+CA+90029%22+%22%2B1323-454-4850%22+dentist+dental+patients,"site:jwchinstitute.org ""Jwch Clinic"" dental dentist patients",https://www.google.com/search?q=site%3Ajwchinstitute.org+%22Jwch+Clinic%22+dental+dentist+patients,Verify current patient-facing dental service for this exact profile and address; a shared domain alone is not a decision.
4,profile:LA_CA_L:google:cid:12666400545154698834,LA_CA_L,google:cid:12666400545154698834,Wesley Health Centers - Weingart Clinic,"515 E 6th St, Los Angeles, CA 90021",business_listings,Medical clinic,needs_category_review,unreviewed_or_conflicting_category_evidence,exclude_non_dentist_category|include_dental_provider,,,,,,eligibility_group:504917ff371eb69d,manual_review,Medical clinic: Category alone does not establish whether dental care is provided,,,,,,external_evidence_required,category and title evidence do not support a safe batch suggestion,False,+1213-270-6564,jwchinstitute.org,https://jwchinstitute.org/,6.0,34.042216,-118.2447028,False,https://www.google.com/maps?cid=12666400545154698834,website_then_google_profile,jwchinstitute.org,eligibility_review_block:2bb67c50689b2015,shared_domain_within_category_group,"Fill this row only when it is an exception to a reviewed group decision, or when its group is marked individual_review.",2,shared_domain_block,1,"""Wesley Health Centers - Weingart Clinic"" ""515 E 6th St, Los Angeles, CA 90021"" ""+1213-270-6564"" dentist dental patients",https://www.google.com/search?q=%22Wesley+Health+Centers+-+Weingart+Clinic%22+%22515+E+6th+St%2C+Los+Angeles%2C+CA+90021%22+%22%2B1213-270-6564%22+dentist+dental+patients,"site:jwchinstitute.org ""Wesley Health Centers - Weingart Clinic"" dental dentist patients",https://www.google.com/search?q=site%3Ajwchinstitute.org+%22Wesley+Health+Centers+-+Weingart+Clinic%22+dental+dentist+patients,Verify current patient-facing dental service for this exact profile and address; a shared domain alone is not a decision.
5,profile:Eureka_CA_S:google:cid:2468268097554676926,Eureka_CA_S,google:cid:2468268097554676926,Open Door Member Services Department,"1522 3rd St, Eureka, CA 95501",maps_core,Community health center,needs_category_review,unreviewed_or_conflicting_category_evidence,exclude_non_dentist_category|include_dental_provider,,,,,,eligibility_group:75eedbc19c8622b7,manual_review,Community health center: Category alone does not establish whether dental care is provided,,,,,,external_evidence_required,category and title evidence do not support a safe batch suggestion,False,+1707-269-7073,opendoorhealth.com,http://opendoorhealth.com/opendoor/?page_id=458,9.0,40.8053948,-124.1553488,False,https://www.google.com/maps?cid=2468268097554676926,website_then_google_profile,opendoorhealth.com,eligibility_review_block:2536fc2305e6878b,shared_domain_within_category_group,"Fill this row only when it is an exception to a reviewed group decision, or when its group is marked individual_review.",3,shared_domain_block,1,"""Open Door Member Services Department"" ""1522 3rd St, Eureka, CA 95501"" ""+1707-269-7073"" dentist dental patients",https://www.google.com/search?q=%22Open+Door+Member+Services+Department%22+%221522+3rd+St%2C+Eureka%2C+CA+95501%22+%22%2B1707-269-7073%22+dentist+dental+patients,"site:opendoorhealth.com ""Open Door Member Services Department"" dental dentist patients",https://www.google.com/search?q=site%3Aopendoorhealth.com+%22Open+Door+Member+Services+Department%22+dental+dentist+patients,Verify current patient-facing dental service for this exact profile and address; a shared domain alone is not a decision.
6,profile:Eureka_CA_S:google:cid:6832263757888478173,Eureka_CA_S,google:cid:6832263757888478173,Redwood Community Health Center,"2350 Buhne St, Eureka, CA 95501",maps_core,Community health center,needs_category_review,unreviewed_or_conflicting_category_evidence,exclude_non_dentist_category|include_dental_provider,,,,,,eligibility_group:75eedbc19c8622b7,manual_review,Community health center: Category alone does not establish whether dental care is provided,,,,,,external_evidence_required,category and title evidence do not support a safe batch suggestion,False,+1707-443-4593,opendoorhealth.com,http://opendoorhealth.com/opendoor/?page_id=6181,101.0,40.7852436,-124.1422364,False,https://www.google.com/maps?cid=6832263757888478173,website_then_google_profile,opendoorhealth.com,eligibility_review_block:2536fc2305e6878b,shared_domain_within_category_group,"Fill this row only when it is an exception to a reviewed group decision, or when its group is marked individual_review.",3,shared_domain_block,1,"""Redwood Community Health Center"" ""2350 Buhne St, Eureka, CA 95501"" ""+1707-443-4593"" dentist dental patients",https://www.google.com/search?q=%22Redwood+Community+Health+Center%22+%222350+Buhne+St%2C+Eureka%2C+CA+95501%22+%22%2B1707-443-4593%22+dentist+dental+patients,"site:opendoorhealth.com ""Redwood Community Health Center"" dental dentist patients",https://www.google.com/search?q=site%3Aopendoorhealth.com+%22Redwood+Community+Health+Center%22+dental+dentist+patients,Verify current patient-facing dental service for this exact profile and address; a shared domain alone is not a decision.
7,profile:Eureka_CA_S:google:cid:3539046292069828800,Eureka_CA_S,google:cid:3539046292069828800,Telehealth & Visiting Specialist Center,"2426 Buhne St, Eureka, CA 95501",maps_core,Community health center,needs_category_review,unreviewed_or_conflicting_category_evidence,exclude_non_dentist_category|include_dental_provider,,,,,,eligibility_group:75eedbc19c8622b7,manual_review,Community health center: Category alone does not establish whether dental care is provided,,,,,,external_evidence_required,category and title evidence do not support a safe batch suggestion,False,+1707-443-4666,opendoorhealth.com,http://opendoorhealth.com/opendoor/locations/mobile-health-services/,44.0,40.7856598,-124.140686,False,https://www.google.com/maps?cid=3539046292069828800,website_then_google_profile,opendoorhealth.com,eligibility_review_block:2536fc2305e6878b,shared_domain_within_category_group,"Fill this row only when it is an exception to a reviewed group decision, or when its group is marked individual_review.",3,shared_domain_block,1,"""Telehealth & Visiting Specialist Center"" ""2426 Buhne St, Eureka, CA 95501"" ""+1707-443-4666"" dentist dental patients",https://www.google.com/search?q=%22Telehealth+%26+Visiting+Specialist+Center%22+%222426+Buhne+St%2C+Eureka%2C+CA+95501%22+%22%2B1707-443-4666%22+dentist+dental+patients,"site:opendoorhealth.com ""Telehealth & Visiting Specialist Center"" dental dentist patients",https://www.google.com/search?q=site%3Aopendoorhealth.com+%22Telehealth+%26+Visiting+Specialist+Center%22+dental+dentist+patients,Verify current patient-facing dental service for this exact profile and address; a shared domain alone is not a decision.
8,profile:LA_CA_L:google:cid:11660717878363179238,LA_CA_L,google:cid:11660717878363179238,ROADS Community Clinic - Compton,"121 S Long Beach Blvd, Compton, CA 90221",business_listings,Community health center,needs_category_review,unreviewed_or_conflicting_category_evidence,exclude_non_dentist_category|include_dental_provider,,,,,,eligibility_group:75eedbc19c8622b7,manual_review,Community health center: Category alone does not establish whether dental care is provided,,,,,,external_evidence_required,category and title evidence do not support a safe batch suggestion,False,+1855-645-0033,roadsfoundation.org,https://roadsfoundation.org/locations/roads-community-clinic-compton/,197.0,33.894956,-118.208363,False,https://www.google.com/maps?cid=11660717878363179238,website_then_google_profile,roadsfoundation.org,eligibility_review_block:d37a7d944a1edc24,shared_domain_within_category_group,"Fill this row only when it is an exception to a reviewed group decision, or when its group is marked individual_review.",2,shared_domain_block,1,"""ROADS Community Clinic - Compton"" ""121 S Long Beach Blvd, Compton, CA 90221"" ""+1855-645-0033"" dentist dental patients",https://www.google.com/search?q=%22ROADS+Community+Clinic+-+Compton%22+%22121+S+Long+Beach+Blvd%2C+Compton%2C+CA+90221%22+%22%2B1855-645-0033%22+dentist+dental+patients,"site:roadsfoundation.org ""ROADS Community Clinic - Compton"" dental dentist patients",https://www.google.com/search?q=site%3Aroadsfoundation.org+%22ROADS+Community+Clinic+-+Compton%22+dental+dentist+patients,Verify current patient-facing dental service for this exact profile and address; a shared domain alone is not a decision.
9,profile:LA_CA_L:google:cid:17876263272543066434,LA_CA_L,google:cid:17876263272543066434,ROADS Community Clinic - Lynwood,"3737 Martin Luther King Jr Blvd Ste 402, Lynwood, CA 90262",business_listings,Community health center,needs_category_review,unreviewed_or_conflicting_category_evidence,exclude_non_dentist_category|include_dental_provider,,,,,,eligibility_group:75eedbc19c8622b7,manual_review,Community health center: Category alone does not establish whether dental care is provided,,,,,,external_evidence_required,category and title evidence do not support a safe batch suggestion,False,+1310-639-9363,roadsfoundation.org,https://roadsfoundation.org/,10.0,33.9288011,-118.20028,False,https://www.google.com/maps?cid=17876263272543066434,website_then_google_profile,roadsfoundation.org,eligibility_review_block:d37a7d944a1edc24,shared_domain_within_category_group,"Fill this row only when it is an exception to a reviewed group decision, or when its group is marked individual_review.",2,shared_domain_block,1,"""ROADS Community Clinic - Lynwood"" ""3737 Martin Luther King Jr Blvd Ste 402, Lynwood, CA 90262"" ""+1310-639-9363"" dentist dental patients",https://www.google.com/search?q=%22ROADS+Community+Clinic+-+Lynwood%22+%223737+Martin+Luther+King+Jr+Blvd+Ste+402%2C+Lynwood%2C+CA+90262%22+%22%2B1310-639-9363%22+dentist+dental+patients,"site:roadsfoundation.org ""ROADS Community Clinic - Lynwood"" dental dentist patients",https://www.google.com/search?q=site%3Aroadsfoundation.org+%22ROADS+Community+Clinic+-+Lynwood%22+dental+dentist+patients,Verify current patient-facing dental service for this exact profile and address; a shared domain alone is not a decision.
10,profile:LA_CA_L:google:cid:3932807939064839266,LA_CA_L,google:cid:3932807939064839266,Serenity Care Health Group - Atlantic Adult Clinic,"780 Atlantic Ave 2nd Floor, Long Beach, CA 90813",business_listings,Community health center,needs_category_review,unreviewed_or_conflicting_category_evidence,exclude_non_dentist_category|include_dental_provider,,,,,,eligibility_group:75eedbc19c8622b7,manual_review,Community health center: Category alone does not establish whether dental care is provided,,,,,,external_evidence_required,category and title evidence do not support a safe batch suggestion,False,+1562-580-0955,serenitycarehealthgroup.org,https://serenitycarehealthgroup.org/atlantic-adult-clinic/?utm_source=gmb&utm_medium=organic,,33.7763243,-118.1847838,False,https://www.google.com/maps?cid=3932807939064839266,website_then_google_profile,serenitycarehealthgroup.org,eligibility_review_block:612ba7b4fee98150,shared_domain_within_category_group,"Fill this row only when it is an exception to a reviewed group decision, or when its group is marked individual_review.",2,shared_domain_block,1,"""Serenity Care Health Group - Atlantic Adult Clinic"" ""780 Atlantic Ave 2nd Floor, Long Beach, CA 90813"" ""+1562-580-0955"" dentist dental patients",https://www.google.com/search?q=%22Serenity+Care+Health+Group+-+Atlantic+Adult+Clinic%22+%22780+Atlantic+Ave+2nd+Floor%2C+Long+Beach%2C+CA+90813%22+%22%2B1562-580-0955%22+dentist+dental+patients,"site:serenitycarehealthgroup.org ""Serenity Care Health Group - Atlantic Adult Clinic"" dental dentist patients",https://www.google.com/search?q=site%3Aserenitycarehealthgroup.org+%22Serenity+Care+Health+Group+-+Atlantic+Adult+Clinic%22+dental+dentist+patients,Verify current patient-facing dental service for this exact profile and address; a shared domain alone is not a decision.
11,profile:LA_CA_L:google:cid:6241950912401221942,LA_CA_L,google:cid:6241950912401221942,"Serenity Care Health Group, FQHC-LAL","1930 E Anaheim St, Long Beach, CA 90813",business_listings,Community health center,needs_category_review,unreviewed_or_conflicting_category_evidence,exclude_non_dentist_category|include_dental_provider,,,,,,eligibility_group:75eedbc19c8622b7,manual_review,Community health center: Category alone does not establish whether dental care is provided,,,,,,external_evidence_required,category and title evidence do not support a safe batch suggestion,False,+1562-478-4102,serenitycarehealthgroup.org,https://serenitycarehealthgroup.org/?utm_source=gmb&utm_medium=organic,27.0,33.7822692,-118.1680986,False,https://www.google.com/maps?cid=6241950912401221942,website_then_google_profile,serenitycarehealthgroup.org,eligibility_review_block:612ba7b4fee98150,shared_domain_within_category_group,"Fill this row only when it is an exception to a reviewed group decision, or when its group is marked individual_review.",2,shared_domain_block,1,"""Serenity Care Health Group, FQHC-LAL"" ""1930 E Anaheim St, Long Beach, CA 90813"" ""+1562-478-4102"" dentist dental patients",https://www.google.com/search?q=%22Serenity+Care+Health+Group%2C+FQHC-LAL%22+%221930+E+Anaheim+St%2C+Long+Beach%2C+CA+90813%22+%22%2B1562-478-4102%22+dentist+dental+patients,"site:serenitycarehealthgroup.org ""Serenity Care Health Group, FQHC-LAL"" dental dentist patients",https://www.google.com/search?q=site%3Aserenitycarehealthgroup.org+%22Serenity+Care+Health+Group%2C+FQHC-LAL%22+dental+dentist+patients,Verify current patient-facing dental service for this exact profile and address; a shared domain alone is not a decision.
12,profile:Atlanta_GA_L:google:cid:11085259445198486597,Atlanta_GA_L,google:cid:11085259445198486597,Smile Direct Club,"Located in Peachtree Offices, 3355 Lenox Rd NE Suite 750, Atlanta, GA 30326",business_listings,Health and beauty shop,needs_category_review,unreviewed_or_conflicting_category_evidence,exclude_non_dentist_category|include_dental_provider,,,,,,eligibility_group:8ab421eda41309f2,unknown,,Health and beauty shop,,,,,external_evidence_required,category and title evidence do not support a safe batch suggestion,False,+1800-688-4010,smiledirectclub.com,https://smiledirectclub.com/location?shop=Atlanta%20-%20Buckhead%20Lenox&shopId=4a3982e2-1c0d-475f-8ffd-b33206a658e7,1657.0,33.846719799999995,-84.3579821,False,https://www.google.com/maps?cid=11085259445198486597,website_then_google_profile,smiledirectclub.com,eligibility_review_block:5d71e81bea632f59,shared_domain_within_category_group,"Fill this row only when it is an exception to a reviewed group decision, or when its group is marked individual_review.",3,shared_domain_block,1,"""Smile Direct Club"" ""Located in Peachtree Offices, 3355 Lenox Rd NE Suite 750, Atlanta, GA 30326"" ""+1800-688-4010"" dentist dental patients",https://www.google.com/search?q=%22Smile+Direct+Club%22+%22Located+in+Peachtree+Offices%2C+3355+Lenox+Rd+NE+Suite+750%2C+Atlanta%2C+GA+30326%22+%22%2B1800-688-4010%22+dentist+dental+patients,"site:smiledirectclub.com ""Smile Direct Club"" dental dentist patients",https://www.google.com/search?q=site%3Asmiledirectclub.com+%22Smile+Direct+Club%22+dental+dentist+patients,Verify current patient-facing dental service for this exact profile and address; a shared domain alone is not a decision.
13,profile:NYC_NY_L:google:cid:11474776953858767803,NYC_NY_L,google:cid:11474776953858767803,Smile Direct Club,"242 5th Ave, New York, NY 10001",business_listings,Health and beauty shop,needs_category_review,unreviewed_or_conflicting_category_evidence,exclude_non_dentist_category|include_dental_provider,,,,,,eligibility_group:8ab421eda41309f2,unknown,,Health and beauty shop,,,,,external_evidence_required,category and title evidence do not support a safe batch suggestion,False,+1800-688-4010,smiledirectclub.com,https://smiledirectclub.com/smileshops/flat-iron-nyc/,819.0,40.7445656,-73.9877588,False,https://www.google.com/maps?cid=11474776953858767803,website_then_google_profile,smiledirectclub.com,eligibility_review_block:5d71e81bea632f59,shared_domain_within_category_group,"Fill this row only when it is an exception to a reviewed group decision, or when its group is marked individual_review.",3,shared_domain_block,1,"""Smile Direct Club"" ""242 5th Ave, New York, NY 10001"" ""+1800-688-4010"" dentist dental patients",https://www.google.com/search?q=%22Smile+Direct+Club%22+%22242+5th+Ave%2C+New+York%2C+NY+10001%22+%22%2B1800-688-4010%22+dentist+dental+patients,"site:smiledirectclub.com ""Smile Direct Club"" dental dentist patients",https://www.google.com/search?q=site%3Asmiledirectclub.com+%22Smile+Direct+Club%22+dental+dentist+patients,Verify current patient-facing dental service for this exact profile and address; a shared domain alone is not a decision.
14,profile:NYC_NY_L:google:cid:9001258392962397789,NYC_NY_L,google:cid:9001258392962397789,Smile Direct Club,"525 Atlantic Ave, Brooklyn, NY 11217",business_listings,Health and beauty shop,needs_category_review,unreviewed_or_conflicting_category_evidence,exclude_non_dentist_category|include_dental_provider,,,,,,eligibility_group:8ab421eda41309f2,unknown,,Health and beauty shop,,,,,external_evidence_required,category and title evidence do not support a safe batch suggestion,False,+1800-688-4010,smiledirectclub.com,https://smiledirectclub.com/smileshops/brooklyn-downtown/,1273.0,40.6853297,-73.9801086,False,https://www.google.com/maps?cid=9001258392962397789,website_then_google_profile,smiledirectclub.com,eligibility_review_block:5d71e81bea632f59,shared_domain_within_category_group,"Fill this row only when it is an exception to a reviewed group decision, or when its group is marked individual_review.",3,shared_domain_block,1,"""Smile Direct Club"" ""525 Atlantic Ave, Brooklyn, NY 11217"" ""+1800-688-4010"" dentist dental patients",https://www.google.com/search?q=%22Smile+Direct+Club%22+%22525+Atlantic+Ave%2C+Brooklyn%2C+NY+11217%22+%22%2B1800-688-4010%22+dentist+dental+patients,"site:smiledirectclub.com ""Smile Direct Club"" dental dentist patients",https://www.google.com/search?q=site%3Asmiledirectclub.com+%22Smile+Direct+Club%22+dental+dentist+patients,Verify current patient-facing dental service for this exact profile and address; a shared domain alone is not a decision.
15,profile:NYC_NY_L:google:cid:15663490496687216379,NYC_NY_L,google:cid:15663490496687216379,Advantage Care Health Centers,"230 Hanse Ave, Freeport, NY 11520",business_listings,Community health center,needs_category_review,unreviewed_or_conflicting_category_evidence,exclude_non_dentist_category|include_dental_provider,,,,,,eligibility_group:75eedbc19c8622b7,manual_review,Community health center: Category alone does not establish whether dental care is provided,,,,,,external_evidence_required,category and title evidence do not support a safe batch suggestion,False,+1516-686-4400,www.advantagecaredtc.org,http://www.advantagecaredtc.org/,18.0,40.6454188,-73.57088329999999,False,https://www.google.com/maps?cid=15663490496687216379,website_then_google_profile,www.advantagecaredtc.org,eligibility_review_block:e334db8bc5dab65b,shared_domain_within_category_group,"Fill this row only when it is an exception to a reviewed group decision, or when its group is marked individual_review.",2,shared_domain_block,1,"""Advantage Care Health Centers"" ""230 Hanse Ave, Freeport, NY 11520"" ""+1516-686-4400"" dentist dental patients",https://www.google.com/search?q=%22Advantage+Care+Health+Centers%22+%22230+Hanse+Ave%2C+Freeport%2C+NY+11520%22+%22%2B1516-686-4400%22+dentist+dental+patients,"site:www.advantagecaredtc.org ""Advantage Care Health Centers"" dental dentist patients",https://www.google.com/search?q=site%3Awww.advantagecaredtc.org+%22Advantage+Care+Health+Centers%22+dental+dentist+patients,Verify current patient-facing dental service for this exact profile and address; a shared domain alone is not a decision.
16,profile:NYC_NY_L:google:cid:15902478855329350188,NYC_NY_L,google:cid:15902478855329350188,"Advantage Care Health Centers, Brookville, Freeport","189 Wheatley Rd, Glen Head, NY 11545",business_listings,Community health center,needs_category_review,unreviewed_or_conflicting_category_evidence,exclude_non_dentist_category|include_dental_provider,,,,,,eligibility_group:75eedbc19c8622b7,manual_review,Community health center: Category alone does not establish whether dental care is provided,,,,,,external_evidence_required,category and title evidence do not support a safe batch suggestion,False,+1516-686-4400,www.advantagecaredtc.org,http://www.advantagecaredtc.org/,18.0,40.8085179,-73.58104159999999,False,https://www.google.com/maps?cid=15902478855329350188,website_then_google_profile,www.advantagecaredtc.org,eligibility_review_block:e334db8bc5dab65b,shared_domain_within_category_group,"Fill this row only when it is an exception to a reviewed group decision, or when its group is marked individual_review.",2,shared_domain_block,1,"""Advantage Care Health Centers, Brookville, Freeport"" ""189 Wheatley Rd, Glen Head, NY 11545"" ""+1516-686-4400"" dentist dental patients",https://www.google.com/search?q=%22Advantage+Care+Health+Centers%2C+Brookville%2C+Freeport%22+%22189+Wheatley+Rd%2C+Glen+Head%2C+NY+11545%22+%22%2B1516-686-4400%22+dentist+dental+patients,"site:www.advantagecaredtc.org ""Advantage Care Health Centers, Brookville, Freeport"" dental dentist patients",https://www.google.com/search?q=site%3Awww.advantagecaredtc.org+%22Advantage+Care+Health+Centers%2C+Brookville%2C+Freeport%22+dental+dentist+patients,Verify current patient-facing dental service for this exact profile and address; a shared domain alone is not a decision.
17,profile:Augusta_GA_L:google:cid:2881003103519768575,Augusta_GA_L,google:cid:2881003103519768575,ALAS Free Women's Clinic,"904 Merry St, Augusta, GA 30904",maps_core,Free clinic,needs_category_review,unreviewed_or_conflicting_category_evidence,exclude_non_dentist_category|include_dental_provider,,,,,,eligibility_group:8550c2bf40cd4dfa,manual_review,Free clinic: Category alone does not establish whether dental care is provided,,,,,,external_evidence_required,category and title evidence do not support a safe batch suggestion,False,+1706-426-1643,www.alas-csra.org,https://www.alas-csra.org/womens-clinic,,33.4751219,-82.0006897,False,https://www.google.com/maps?cid=2881003103519768575,website_then_google_profile,www.alas-csra.org,eligibility_review_block:412c3c0374129aa8,shared_domain_within_category_group,"Fill this row only when it is an exception to a reviewed group decision, or when its group is marked individual_review.",3,shared_domain_block,1,"""ALAS Free Women's Clinic"" ""904 Merry St, Augusta, GA 30904"" ""+1706-426-1643"" dentist dental patients",https://www.google.com/search?q=%22ALAS+Free+Women%27s+Clinic%22+%22904+Merry+St%2C+Augusta%2C+GA+30904%22+%22%2B1706-426-1643%22+dentist+dental+patients,"site:www.alas-csra.org ""ALAS Free Women's Clinic"" dental dentist patients",https://www.google.com/search?q=site%3Awww.alas-csra.org+%22ALAS+Free+Women%27s+Clinic%22+dental+dentist+patients,Verify current patient-facing dental service for this exact profile and address; a shared domain alone is not a decision.
18,profile:Augusta_GA_L:google:cid:16620118602434899245,Augusta_GA_L,google:cid:16620118602434899245,Centro Médico,"904 Merry St, Augusta, GA 30904",maps_core,Free clinic,needs_category_review,unreviewed_or_conflicting_category_evidence,exclude_non_dentist_category|include_dental_provider,,,,,,eligibility_group:8550c2bf40cd4dfa,manual_review,Free clinic: Category alone does not establish whether dental care is provided,,,,,,external_evidence_required,category and title evidence do not support a safe batch suggestion,False,,www.alas-csra.org,http://www.alas-csra.org/,3.0,33.4751286,-82.00070989999999,False,https://www.google.com/maps?cid=16620118602434899245,website_then_google_profile,www.alas-csra.org,eligibility_review_block:412c3c0374129aa8,shared_domain_within_category_group,"Fill this row only when it is an exception to a reviewed group decision, or when its group is marked individual_review.",3,shared_domain_block,1,"""Centro Médico"" ""904 Merry St, Augusta, GA 30904"" dentist dental patients",https://www.google.com/search?q=%22Centro+M%C3%A9dico%22+%22904+Merry+St%2C+Augusta%2C+GA+30904%22+dentist+dental+patients,"site:www.alas-csra.org ""Centro Médico"" dental dentist patients",https://www.google.com/search?q=site%3Awww.alas-csra.org+%22Centro+M%C3%A9dico%22+dental+dentist+patients,Verify current patient-facing dental service for this exact profile and address; a shared domain alone is not a decision.
19,profile:Augusta_GA_L:google:cid:1016625347654546775,Augusta_GA_L,google:cid:1016625347654546775,Clínica Latina,"904 Merry St, Augusta, GA 30904",maps_core,Free clinic,needs_category_review,unreviewed_or_conflicting_category_evidence,exclude_non_dentist_category|include_dental_provider,,,,,,eligibility_group:8550c2bf40cd4dfa,manual_review,Free clinic: Category alone does not establish whether dental care is provided,,,,,,external_evidence_required,category and title evidence do not support a safe batch suggestion,False,+1706-940-2527,www.alas-csra.org,http://www.alas-csra.org/clinica-latina-1,5.0,33.4751276,-82.0007523,False,https://www.google.com/maps?cid=1016625347654546775,website_then_google_profile,www.alas-csra.org,eligibility_review_block:412c3c0374129aa8,shared_domain_within_category_group,"Fill this row only when it is an exception to a reviewed group decision, or when its group is marked individual_review.",3,shared_domain_block,1,"""Clínica Latina"" ""904 Merry St, Augusta, GA 30904"" ""+1706-940-2527"" dentist dental patients",https://www.google.com/search?q=%22Cl%C3%ADnica+Latina%22+%22904+Merry+St%2C+Augusta%2C+GA+30904%22+%22%2B1706-940-2527%22+dentist+dental+patients,"site:www.alas-csra.org ""Clínica Latina"" dental dentist patients",https://www.google.com/search?q=site%3Awww.alas-csra.org+%22Cl%C3%ADnica+Latina%22+dental+dentist+patients,Verify current patient-facing dental service for this exact profile and address; a shared domain alone is not a decision.
20,profile:NYC_NY_L:google:cid:11156333151333039142,NYC_NY_L,google:cid:11156333151333039142,"Century Medical & Dental Center | Brooklyn, Gravesend","260 Avenue X, Brooklyn, NY 11223",business_listings,Medical Center,needs_category_review,unreviewed_or_conflicting_category_evidence,exclude_non_dentist_category|include_dental_provider,,,,,,eligibility_group:b070ffeb7e138d00,manual_review,Medical Center: Category alone does not establish whether dental care is provided,,dental,medical,,,external_evidence_required,category and title evidence do not support a safe batch suggestion,False,+1718-336-8855,www.centurymedicaldental.com,https://www.centurymedicaldental.com/gravesend-brooklyn-ny-11223/,525.0,40.5899691,-73.97338069999999,False,https://www.google.com/maps?cid=11156333151333039142,website_then_google_profile,www.centurymedicaldental.com,eligibility_review_block:b8163eeba9b28cea,shared_domain_within_category_group,"Fill this row only when it is an exception to a reviewed group decision, or when its group is marked individual_review.",2,shared_domain_block,1,"""Century Medical & Dental Center | Brooklyn, Gravesend"" ""260 Avenue X, Brooklyn, NY 11223"" ""+1718-336-8855"" dentist dental patients",https://www.google.com/search?q=%22Century+Medical+%26+Dental+Center+%7C+Brooklyn%2C+Gravesend%22+%22260+Avenue+X%2C+Brooklyn%2C+NY+11223%22+%22%2B1718-336-8855%22+dentist+dental+patients,"site:www.centurymedicaldental.com ""Century Medical & Dental Center | Brooklyn, Gravesend"" dental dentist patients",https://www.google.com/search?q=site%3Awww.centurymedicaldental.com+%22Century+Medical+%26+Dental+Center+%7C+Brooklyn%2C+Gravesend%22+dental+dentist+patients,Verify current patient-facing dental service for this exact profile and address; a shared domain alone is not a decision.
21,profile:NYC_NY_L:google:cid:8026919671469686565,NYC_NY_L,google:cid:8026919671469686565,Century Medical & Dental Center | South Bronx,"425 Westchester Ave, Bronx, NY 10455",business_listings,Medical Center,needs_category_review,unreviewed_or_conflicting_category_evidence,exclude_non_dentist_category|include_dental_provider,,,,,,eligibility_group:b070ffeb7e138d00,manual_review,Medical Center: Category alone does not establish whether dental care is provided,,dental,medical,,,external_evidence_required,category and title evidence do not support a safe batch suggestion,False,+1718-705-2555,www.centurymedicaldental.com,https://www.centurymedicaldental.com/bronx-ny-10455/,36.0,40.8167113,-73.915691,False,https://www.google.com/maps?cid=8026919671469686565,website_then_google_profile,www.centurymedicaldental.com,eligibility_review_block:b8163eeba9b28cea,shared_domain_within_category_group,"Fill this row only when it is an exception to a reviewed group decision, or when its group is marked individual_review.",2,shared_domain_block,1,"""Century Medical & Dental Center | South Bronx"" ""425 Westchester Ave, Bronx, NY 10455"" ""+1718-705-2555"" dentist dental patients",https://www.google.com/search?q=%22Century+Medical+%26+Dental+Center+%7C+South+Bronx%22+%22425+Westchester+Ave%2C+Bronx%2C+NY+10455%22+%22%2B1718-705-2555%22+dentist+dental+patients,"site:www.centurymedicaldental.com ""Century Medical & Dental Center | South Bronx"" dental dentist patients",https://www.google.com/search?q=site%3Awww.centurymedicaldental.com+%22Century+Medical+%26+Dental+Center+%7C+South+Bronx%22+dental+dentist+patients,Verify current patient-facing dental service for this exact profile and address; a shared domain alone is not a decision.
22,profile:NYC_NY_L:google:cid:12592558756776222246,NYC_NY_L,google:cid:12592558756776222246,Community Healthcare Network – Williamsburg,"94-98 Manhattan Ave, Brooklyn, NY 11206",business_listings,Medical clinic,needs_category_review,unreviewed_or_conflicting_category_evidence,exclude_non_dentist_category|include_dental_provider,,,,,,eligibility_group:504917ff371eb69d,manual_review,Medical clinic: Category alone does not establish whether dental care is provided,,,,,,external_evidence_required,category and title evidence do not support a safe batch suggestion,False,+1718-388-0390,www.chnnyc.org,https://www.chnnyc.org/williamsburg/,90.0,40.7056408,-73.9443598,False,https://www.google.com/maps?cid=12592558756776222246,website_then_google_profile,www.chnnyc.org,eligibility_review_block:9d918db41789d360,shared_domain_within_category_group,"Fill this row only when it is an exception to a reviewed group decision, or when its group is marked individual_review.",2,shared_domain_block,1,"""Community Healthcare Network – Williamsburg"" ""94-98 Manhattan Ave, Brooklyn, NY 11206"" ""+1718-388-0390"" dentist dental patients",https://www.google.com/search?q=%22Community+Healthcare+Network+%E2%80%93+Williamsburg%22+%2294-98+Manhattan+Ave%2C+Brooklyn%2C+NY+11206%22+%22%2B1718-388-0390%22+dentist+dental+patients,"site:www.chnnyc.org ""Community Healthcare Network – Williamsburg"" dental dentist patients",https://www.google.com/search?q=site%3Awww.chnnyc.org+%22Community+Healthcare+Network+%E2%80%93+Williamsburg%22+dental+dentist+patients,Verify current patient-facing dental service for this exact profile and address; a shared domain alone is not a decision.
23,profile:NYC_NY_L:google:cid:162871782998748986,NYC_NY_L,google:cid:162871782998748986,Community Healthcare Network- Sutphin Boulevard,"97-04 Sutphin Blvd, Jamaica, NY 11435",business_listings,Medical clinic,needs_category_review,unreviewed_or_conflicting_category_evidence,exclude_non_dentist_category|include_dental_provider,,,,,,eligibility_group:504917ff371eb69d,manual_review,Medical clinic: Category alone does not establish whether dental care is provided,,,,,,external_evidence_required,category and title evidence do not support a safe batch suggestion,False,+1718-657-7088,www.chnnyc.org,https://www.chnnyc.org/sutphin-blvd-health-center/,42.0,40.6969931,-73.8058029,False,https://www.google.com/maps?cid=162871782998748986,website_then_google_profile,www.chnnyc.org,eligibility_review_block:9d918db41789d360,shared_domain_within_category_group,"Fill this row only when it is an exception to a reviewed group decision, or when its group is marked individual_review.",2,shared_domain_block,1,"""Community Healthcare Network- Sutphin Boulevard"" ""97-04 Sutphin Blvd, Jamaica, NY 11435"" ""+1718-657-7088"" dentist dental patients",https://www.google.com/search?q=%22Community+Healthcare+Network-+Sutphin+Boulevard%22+%2297-04+Sutphin+Blvd%2C+Jamaica%2C+NY+11435%22+%22%2B1718-657-7088%22+dentist+dental+patients,"site:www.chnnyc.org ""Community Healthcare Network- Sutphin Boulevard"" dental dentist patients",https://www.google.com/search?q=site%3Awww.chnnyc.org+%22Community+Healthcare+Network-+Sutphin+Boulevard%22+dental+dentist+patients,Verify current patient-facing dental service for this exact profile and address; a shared domain alone is not a decision.
24,profile:LA_CA_L:google:cid:1498220725156722538,LA_CA_L,google:cid:1498220725156722538,Eisner Health - Downtown Los Angeles,"1530 S Olive St, Los Angeles, CA 90015",business_listings,Medical clinic,needs_category_review,unreviewed_or_conflicting_category_evidence,exclude_non_dentist_category|include_dental_provider,,,,,,eligibility_group:504917ff371eb69d,manual_review,Medical clinic: Category alone does not establish whether dental care is provided,,,,,,external_evidence_required,category and title evidence do not support a safe batch suggestion,False,+1213-747-5542,www.eisnerhealth.org,http://www.eisnerhealth.org/,410.0,34.035289,-118.2650867,False,https://www.google.com/maps?cid=1498220725156722538,website_then_google_profile,www.eisnerhealth.org,eligibility_review_block:e7049a065b0534c1,shared_domain_within_category_group,"Fill this row only when it is an exception to a reviewed group decision, or when its group is marked individual_review.",3,shared_domain_block,1,"""Eisner Health - Downtown Los Angeles"" ""1530 S Olive St, Los Angeles, CA 90015"" ""+1213-747-5542"" dentist dental patients",https://www.google.com/search?q=%22Eisner+Health+-+Downtown+Los+Angeles%22+%221530+S+Olive+St%2C+Los+Angeles%2C+CA+90015%22+%22%2B1213-747-5542%22+dentist+dental+patients,"site:www.eisnerhealth.org ""Eisner Health - Downtown Los Angeles"" dental dentist patients",https://www.google.com/search?q=site%3Awww.eisnerhealth.org+%22Eisner+Health+-+Downtown+Los+Angeles%22+dental+dentist+patients,Verify current patient-facing dental service for this exact profile and address; a shared domain alone is not a decision.
25,profile:LA_CA_L:google:cid:17835189435584102604,LA_CA_L,google:cid:17835189435584102604,Eisner Health - Lynwood,"3680 E Imperial Hwy #200, Lynwood, CA 90262",business_listings,Medical clinic,needs_category_review,unreviewed_or_conflicting_category_evidence,exclude_non_dentist_category|include_dental_provider,,,,,,eligibility_group:504917ff371eb69d,manual_review,Medical clinic: Category alone does not establish whether dental care is provided,,,,,,external_evidence_required,category and title evidence do not support a safe batch suggestion,False,+1310-608-4898,www.eisnerhealth.org,http://www.eisnerhealth.org/,90.0,33.9318538,-118.2009874,False,https://www.google.com/maps?cid=17835189435584102604,website_then_google_profile,www.eisnerhealth.org,eligibility_review_block:e7049a065b0534c1,shared_domain_within_category_group,"Fill this row only when it is an exception to a reviewed group decision, or when its group is marked individual_review.",3,shared_domain_block,1,"""Eisner Health - Lynwood"" ""3680 E Imperial Hwy #200, Lynwood, CA 90262"" ""+1310-608-4898"" dentist dental patients",https://www.google.com/search?q=%22Eisner+Health+-+Lynwood%22+%223680+E+Imperial+Hwy+%23200%2C+Lynwood%2C+CA+90262%22+%22%2B1310-608-4898%22+dentist+dental+patients,"site:www.eisnerhealth.org ""Eisner Health - Lynwood"" dental dentist patients",https://www.google.com/search?q=site%3Awww.eisnerhealth.org+%22Eisner+Health+-+Lynwood%22+dental+dentist+patients,Verify current patient-facing dental service for this exact profile and address; a shared domain alone is not a decision.
26,profile:LA_CA_L:google:cid:17016569287748856828,LA_CA_L,google:cid:17016569287748856828,Eisner Health - Sherman Oaks,"Dental Clinic Suite LL, 15477 Ventura Blvd #300, Sherman Oaks, CA 91403",business_listings,Medical clinic,needs_category_review,unreviewed_or_conflicting_category_evidence,exclude_non_dentist_category|include_dental_provider,,,,,,eligibility_group:504917ff371eb69d,manual_review,Medical clinic: Category alone does not establish whether dental care is provided,,,,,,external_evidence_required,category and title evidence do not support a safe batch suggestion,False,+1818-907-0322,www.eisnerhealth.org,http://www.eisnerhealth.org/,139.0,34.1549501,-118.4711322,False,https://www.google.com/maps?cid=17016569287748856828,website_then_google_profile,www.eisnerhealth.org,eligibility_review_block:e7049a065b0534c1,shared_domain_within_category_group,"Fill this row only when it is an exception to a reviewed group decision, or when its group is marked individual_review.",3,shared_domain_block,1,"""Eisner Health - Sherman Oaks"" ""Dental Clinic Suite LL, 15477 Ventura Blvd #300, Sherman Oaks, CA 91403"" ""+1818-907-0322"" dentist dental patients",https://www.google.com/search?q=%22Eisner+Health+-+Sherman+Oaks%22+%22Dental+Clinic+Suite+LL%2C+15477+Ventura+Blvd+%23300%2C+Sherman+Oaks%2C+CA+91403%22+%22%2B1818-907-0322%22+dentist+dental+patients,"site:www.eisnerhealth.org ""Eisner Health - Sherman Oaks"" dental dentist patients",https://www.google.com/search?q=site%3Awww.eisnerhealth.org+%22Eisner+Health+-+Sherman+Oaks%22+dental+dentist+patients,Verify current patient-facing dental service for this exact profile and address; a shared domain alone is not a decision.
27,profile:Buffalo_NY_L:google:cid:15855541177964720473,Buffalo_NY_L,google:cid:15855541177964720473,Evergreen Health,"800 Hertel Ave Ste 100, Buffalo, NY 14207",maps_core,Community health center,needs_category_review,unreviewed_or_conflicting_category_evidence,exclude_non_dentist_category|include_dental_provider,,,,,,eligibility_group:75eedbc19c8622b7,manual_review,Community health center: Category alone does not establish whether dental care is provided,,,,,,external_evidence_required,category and title evidence do not support a safe batch suggestion,False,+1716-847-2441,www.evergreenhs.org,https://www.evergreenhs.org/,50.0,42.9484588,-78.8795662,False,https://www.google.com/maps?cid=15855541177964720473,website_then_google_profile,www.evergreenhs.org,eligibility_review_block:06ca6a64708e9121,shared_domain_within_category_group,"Fill this row only when it is an exception to a reviewed group decision, or when its group is marked individual_review.",2,shared_domain_block,1,"""Evergreen Health"" ""800 Hertel Ave Ste 100, Buffalo, NY 14207"" ""+1716-847-2441"" dentist dental patients",https://www.google.com/search?q=%22Evergreen+Health%22+%22800+Hertel+Ave+Ste+100%2C+Buffalo%2C+NY+14207%22+%22%2B1716-847-2441%22+dentist+dental+patients,"site:www.evergreenhs.org ""Evergreen Health"" dental dentist patients",https://www.google.com/search?q=site%3Awww.evergreenhs.org+%22Evergreen+Health%22+dental+dentist+patients,Verify current patient-facing dental service for this exact profile and address; a shared domain alone is not a decision.
28,profile:Buffalo_NY_L:google:cid:5257324846144316958,Buffalo_NY_L,google:cid:5257324846144316958,Evergreen Health,"206 S Elmwood Ave, Buffalo, NY 14201",maps_core,Community health center,needs_category_review,unreviewed_or_conflicting_category_evidence,exclude_non_dentist_category|include_dental_provider,,,,,,eligibility_group:75eedbc19c8622b7,manual_review,Community health center: Category alone does not establish whether dental care is provided,,,,,,external_evidence_required,category and title evidence do not support a safe batch suggestion,False,+1716-847-2441,www.evergreenhs.org,http://www.evergreenhs.org/,217.0,42.8908197,-78.8786604,False,https://www.google.com/maps?cid=5257324846144316958,website_then_google_profile,www.evergreenhs.org,eligibility_review_block:06ca6a64708e9121,shared_domain_within_category_group,"Fill this row only when it is an exception to a reviewed group decision, or when its group is marked individual_review.",2,shared_domain_block,1,"""Evergreen Health"" ""206 S Elmwood Ave, Buffalo, NY 14201"" ""+1716-847-2441"" dentist dental patients",https://www.google.com/search?q=%22Evergreen+Health%22+%22206+S+Elmwood+Ave%2C+Buffalo%2C+NY+14201%22+%22%2B1716-847-2441%22+dentist+dental+patients,"site:www.evergreenhs.org ""Evergreen Health"" dental dentist patients",https://www.google.com/search?q=site%3Awww.evergreenhs.org+%22Evergreen+Health%22+dental+dentist+patients,Verify current patient-facing dental service for this exact profile and address; a shared domain alone is not a decision.
29,profile:NYC_NY_L:google:cid:17106224640588947992,NYC_NY_L,google:cid:17106224640588947992,Family Health Center of Harlem,"1824 Madison Ave, New York, NY 10035",business_listings,Medical clinic,needs_category_review,unreviewed_or_conflicting_category_evidence,exclude_non_dentist_category|include_dental_provider,,,,,,eligibility_group:504917ff371eb69d,manual_review,Medical clinic: Category alone does not establish whether dental care is provided,,,,,,external_evidence_required,category and title evidence do not support a safe batch suggestion,False,+1212-423-4500,www.institute.org,http://www.institute.org/,312.0,40.8018227,-73.9438005,False,https://www.google.com/maps?cid=17106224640588947992,website_then_google_profile,www.institute.org,eligibility_review_block:ae7b1b62a31a0ab5,shared_domain_within_category_group,"Fill this row only when it is an exception to a reviewed group decision, or when its group is marked individual_review.",5,shared_domain_block,1,"""Family Health Center of Harlem"" ""1824 Madison Ave, New York, NY 10035"" ""+1212-423-4500"" dentist dental patients",https://www.google.com/search?q=%22Family+Health+Center+of+Harlem%22+%221824+Madison+Ave%2C+New+York%2C+NY+10035%22+%22%2B1212-423-4500%22+dentist+dental+patients,"site:www.institute.org ""Family Health Center of Harlem"" dental dentist patients",https://www.google.com/search?q=site%3Awww.institute.org+%22Family+Health+Center+of+Harlem%22+dental+dentist+patients,Verify current patient-facing dental service for this exact profile and address; a shared domain alone is not a decision.
30,profile:NYC_NY_L:google:cid:11781321278977330842,NYC_NY_L,google:cid:11781321278977330842,Stevenson Family Health Center,"731 White Plains Rd, Bronx, NY 10473",business_listings,Medical clinic,needs_category_review,unreviewed_or_conflicting_category_evidence,exclude_non_dentist_category|include_dental_provider,,,,,,eligibility_group:504917ff371eb69d,manual_review,Medical clinic: Category alone does not establish whether dental care is provided,,,,,,external_evidence_required,category and title evidence do not support a safe batch suggestion,False,+1718-589-8775,www.institute.org,http://www.institute.org/,184.0,40.8204612,-73.8582229,False,https://www.google.com/maps?cid=11781321278977330842,website_then_google_profile,www.institute.org,eligibility_review_block:ae7b1b62a31a0ab5,shared_domain_within_category_group,"Fill this row only when it is an exception to a reviewed group decision, or when its group is marked individual_review.",5,shared_domain_block,1,"""Stevenson Family Health Center"" ""731 White Plains Rd, Bronx, NY 10473"" ""+1718-589-8775"" dentist dental patients",https://www.google.com/search?q=%22Stevenson+Family+Health+Center%22+%22731+White+Plains+Rd%2C+Bronx%2C+NY+10473%22+%22%2B1718-589-8775%22+dentist+dental+patients,"site:www.institute.org ""Stevenson Family Health Center"" dental dentist patients",https://www.google.com/search?q=site%3Awww.institute.org+%22Stevenson+Family+Health+Center%22+dental+dentist+patients,Verify current patient-facing dental service for this exact profile and address; a shared domain alone is not a decision.
31,profile:NYC_NY_L:google:cid:445069592422833706,NYC_NY_L,google:cid:445069592422833706,The Institute for Family Health at Westchester Square (Open for telehealth),"1420 Ferris Pl, Bronx, NY 10461",business_listings,Medical clinic,needs_category_review,unreviewed_or_conflicting_category_evidence,exclude_non_dentist_category|include_dental_provider,,,,,,eligibility_group:504917ff371eb69d,manual_review,Medical clinic: Category alone does not establish whether dental care is provided,,,,,,external_evidence_required,category and title evidence do not support a safe batch suggestion,False,+1718-730-1004,www.institute.org,http://www.institute.org/access,13.0,40.8393984,-73.8414215,False,https://www.google.com/maps?cid=445069592422833706,website_then_google_profile,www.institute.org,eligibility_review_block:ae7b1b62a31a0ab5,shared_domain_within_category_group,"Fill this row only when it is an exception to a reviewed group decision, or when its group is marked individual_review.",5,shared_domain_block,1,"""The Institute for Family Health at Westchester Square (Open for telehealth)"" ""1420 Ferris Pl, Bronx, NY 10461"" ""+1718-730-1004"" dentist dental patients",https://www.google.com/search?q=%22The+Institute+for+Family+Health+at+Westchester+Square+%28Open+for+telehealth%29%22+%221420+Ferris+Pl%2C+Bronx%2C+NY+10461%22+%22%2B1718-730-1004%22+dentist+dental+patients,"site:www.institute.org ""The Institute for Family Health at Westchester Square (Open for telehealth)"" dental dentist patients",https://www.google.com/search?q=site%3Awww.institute.org+%22The+Institute+for+Family+Health+at+Westchester+Square+%28Open+for+telehealth%29%22+dental+dentist+patients,Verify current patient-facing dental service for this exact profile and address; a shared domain alone is not a decision.
32,profile:NYC_NY_L:google:cid:17125209626621041816,NYC_NY_L,google:cid:17125209626621041816,Urban Horizons Family Health Center,"50 E 168th St, Bronx, NY 10452",business_listings,Medical clinic,needs_category_review,unreviewed_or_conflicting_category_evidence,exclude_non_dentist_category|include_dental_provider,,,,,,eligibility_group:504917ff371eb69d,manual_review,Medical clinic: Category alone does not establish whether dental care is provided,,,,,,external_evidence_required,category and title evidence do not support a safe batch suggestion,False,+1718-293-3900,www.institute.org,http://www.institute.org/,30.0,40.8364448,-73.9192411,False,https://www.google.com/maps?cid=17125209626621041816,website_then_google_profile,www.institute.org,eligibility_review_block:ae7b1b62a31a0ab5,shared_domain_within_category_group,"Fill this row only when it is an exception to a reviewed group decision, or when its group is marked individual_review.",5,shared_domain_block,1,"""Urban Horizons Family Health Center"" ""50 E 168th St, Bronx, NY 10452"" ""+1718-293-3900"" dentist dental patients",https://www.google.com/search?q=%22Urban+Horizons+Family+Health+Center%22+%2250+E+168th+St%2C+Bronx%2C+NY+10452%22+%22%2B1718-293-3900%22+dentist+dental+patients,"site:www.institute.org ""Urban Horizons Family Health Center"" dental dentist patients",https://www.google.com/search?q=site%3Awww.institute.org+%22Urban+Horizons+Family+Health+Center%22+dental+dentist+patients,Verify current patient-facing dental service for this exact profile and address; a shared domain alone is not a decision.
33,profile:NYC_NY_L:google:cid:5364480293788529244,NYC_NY_L,google:cid:5364480293788529244,Walton Family Health Center,"1894 Walton Ave, Bronx, NY 10453",business_listings,Medical clinic,needs_category_review,unreviewed_or_conflicting_category_evidence,exclude_non_dentist_category|include_dental_provider,,,,,,eligibility_group:504917ff371eb69d,manual_review,Medical clinic: Category alone does not establish whether dental care is provided,,,,,,external_evidence_required,category and title evidence do not support a safe batch suggestion,False,+1718-583-3060,www.institute.org,http://www.institute.org/,144.0,40.8497084,-73.9089837,False,https://www.google.com/maps?cid=5364480293788529244,website_then_google_profile,www.institute.org,eligibility_review_block:ae7b1b62a31a0ab5,shared_domain_within_category_group,"Fill this row only when it is an exception to a reviewed group decision, or when its group is marked individual_review.",5,shared_domain_block,1,"""Walton Family Health Center"" ""1894 Walton Ave, Bronx, NY 10453"" ""+1718-583-3060"" dentist dental patients",https://www.google.com/search?q=%22Walton+Family+Health+Center%22+%221894+Walton+Ave%2C+Bronx%2C+NY+10453%22+%22%2B1718-583-3060%22+dentist+dental+patients,"site:www.institute.org ""Walton Family Health Center"" dental dentist patients",https://www.google.com/search?q=site%3Awww.institute.org+%22Walton+Family+Health+Center%22+dental+dentist+patients,Verify current patient-facing dental service for this exact profile and address; a shared domain alone is not a decision.
34,profile:NYC_NY_L:google:cid:6492963245042507531,NYC_NY_L,google:cid:6492963245042507531,MHHC at St. Ann's,"625 E 137th St #1776, Bronx, NY 10454",business_listings,Medical clinic,needs_category_review,unreviewed_or_conflicting_category_evidence,exclude_non_dentist_category|include_dental_provider,,,,,,eligibility_group:504917ff371eb69d,manual_review,Medical clinic: Category alone does not establish whether dental care is provided,,,,,,external_evidence_required,category and title evidence do not support a safe batch suggestion,False,+1718-716-4400,www.mhhc.org,http://www.mhhc.org/,9.0,40.8054607,-73.9159844,False,https://www.google.com/maps?cid=6492963245042507531,website_then_google_profile,www.mhhc.org,eligibility_review_block:fab56810fda7a991,shared_domain_within_category_group,"Fill this row only when it is an exception to a reviewed group decision, or when its group is marked individual_review.",3,shared_domain_block,1,"""MHHC at St. Ann's"" ""625 E 137th St #1776, Bronx, NY 10454"" ""+1718-716-4400"" dentist dental patients",https://www.google.com/search?q=%22MHHC+at+St.+Ann%27s%22+%22625+E+137th+St+%231776%2C+Bronx%2C+NY+10454%22+%22%2B1718-716-4400%22+dentist+dental+patients,"site:www.mhhc.org ""MHHC at St. Ann's"" dental dentist patients",https://www.google.com/search?q=site%3Awww.mhhc.org+%22MHHC+at+St.+Ann%27s%22+dental+dentist+patients,Verify current patient-facing dental service for this exact profile and address; a shared domain alone is not a decision.
35,profile:NYC_NY_L:google:cid:9516528143012860758,NYC_NY_L,google:cid:9516528143012860758,MHHC at Vanguard,"825 E 233rd St, Bronx, NY 10466",business_listings,Medical clinic,needs_category_review,unreviewed_or_conflicting_category_evidence,exclude_non_dentist_category|include_dental_provider,,,,,,eligibility_group:504917ff371eb69d,manual_review,Medical clinic: Category alone does not establish whether dental care is provided,,,,,,external_evidence_required,category and title evidence do not support a safe batch suggestion,False,+1718-716-4400,www.mhhc.org,http://www.mhhc.org/,42.0,40.8924148,-73.8535364,False,https://www.google.com/maps?cid=9516528143012860758,website_then_google_profile,www.mhhc.org,eligibility_review_block:fab56810fda7a991,shared_domain_within_category_group,"Fill this row only when it is an exception to a reviewed group decision, or when its group is marked individual_review.",3,shared_domain_block,1,"""MHHC at Vanguard"" ""825 E 233rd St, Bronx, NY 10466"" ""+1718-716-4400"" dentist dental patients",https://www.google.com/search?q=%22MHHC+at+Vanguard%22+%22825+E+233rd+St%2C+Bronx%2C+NY+10466%22+%22%2B1718-716-4400%22+dentist+dental+patients,"site:www.mhhc.org ""MHHC at Vanguard"" dental dentist patients",https://www.google.com/search?q=site%3Awww.mhhc.org+%22MHHC+at+Vanguard%22+dental+dentist+patients,Verify current patient-facing dental service for this exact profile and address; a shared domain alone is not a decision.
36,profile:NYC_NY_L:google:cid:3164012872835746003,NYC_NY_L,google:cid:3164012872835746003,MHHC at Walton,"25 E 183rd St, Bronx, NY 10453",business_listings,Medical clinic,needs_category_review,unreviewed_or_conflicting_category_evidence,exclude_non_dentist_category|include_dental_provider,,,,,,eligibility_group:504917ff371eb69d,manual_review,Medical clinic: Category alone does not establish whether dental care is provided,,,,,,external_evidence_required,category and title evidence do not support a safe batch suggestion,False,+1718-716-4400,www.mhhc.org,http://www.mhhc.org/,119.0,40.8586718,-73.9029548,False,https://www.google.com/maps?cid=3164012872835746003,website_then_google_profile,www.mhhc.org,eligibility_review_block:fab56810fda7a991,shared_domain_within_category_group,"Fill this row only when it is an exception to a reviewed group decision, or when its group is marked individual_review.",3,shared_domain_block,1,"""MHHC at Walton"" ""25 E 183rd St, Bronx, NY 10453"" ""+1718-716-4400"" dentist dental patients",https://www.google.com/search?q=%22MHHC+at+Walton%22+%2225+E+183rd+St%2C+Bronx%2C+NY+10453%22+%22%2B1718-716-4400%22+dentist+dental+patients,"site:www.mhhc.org ""MHHC at Walton"" dental dentist patients",https://www.google.com/search?q=site%3Awww.mhhc.org+%22MHHC+at+Walton%22+dental+dentist+patients,Verify current patient-facing dental service for this exact profile and address; a shared domain alone is not a decision.
37,profile:NYC_NY_L:google:cid:16423535341868293306,NYC_NY_L,google:cid:16423535341868293306,BronxCare - Ogden Family Medical and Dental,"1067 Ogden Ave, Bronx, NY 10451",business_listings,Medical clinic,needs_category_review,unreviewed_or_conflicting_category_evidence,exclude_non_dentist_category|include_dental_provider,,,,,,eligibility_group:504917ff371eb69d,manual_review,Medical clinic: Category alone does not establish whether dental care is provided,,dental,medical,,,external_evidence_required,category and title evidence do not support a safe batch suggestion,False,+1718-992-7669,www.mlkhealthcenter.com,https://www.mlkhealthcenter.com/locations/bronxcare-ogden-family-medical-and-dental/,29.0,40.8350395,-73.9283562,False,https://www.google.com/maps?cid=16423535341868293306,website_then_google_profile,www.mlkhealthcenter.com,eligibility_review_block:d7a5aa74bca27ed6,shared_domain_within_category_group,"Fill this row only when it is an exception to a reviewed group decision, or when its group is marked individual_review.",2,shared_domain_block,1,"""BronxCare - Ogden Family Medical and Dental"" ""1067 Ogden Ave, Bronx, NY 10451"" ""+1718-992-7669"" dentist dental patients",https://www.google.com/search?q=%22BronxCare+-+Ogden+Family+Medical+and+Dental%22+%221067+Ogden+Ave%2C+Bronx%2C+NY+10451%22+%22%2B1718-992-7669%22+dentist+dental+patients,"site:www.mlkhealthcenter.com ""BronxCare - Ogden Family Medical and Dental"" dental dentist patients",https://www.google.com/search?q=site%3Awww.mlkhealthcenter.com+%22BronxCare+-+Ogden+Family+Medical+and+Dental%22+dental+dentist+patients,Verify current patient-facing dental service for this exact profile and address; a shared domain alone is not a decision.
38,profile:NYC_NY_L:google:cid:6226833835766794545,NYC_NY_L,google:cid:6226833835766794545,BronxCare Third Avenue Medical and Dental Practice,"2739 3rd Ave, Bronx, NY 10451",business_listings,Medical clinic,needs_category_review,unreviewed_or_conflicting_category_evidence,exclude_non_dentist_category|include_dental_provider,,,,,,eligibility_group:504917ff371eb69d,manual_review,Medical clinic: Category alone does not establish whether dental care is provided,,dental,medical,,,external_evidence_required,category and title evidence do not support a safe batch suggestion,False,+1718-838-1000,www.mlkhealthcenter.com,https://www.mlkhealthcenter.com/,81.0,40.8145881,-73.92084969999999,False,https://www.google.com/maps?cid=6226833835766794545,website_then_google_profile,www.mlkhealthcenter.com,eligibility_review_block:d7a5aa74bca27ed6,shared_domain_within_category_group,"Fill this row only when it is an exception to a reviewed group decision, or when its group is marked individual_review.",2,shared_domain_block,1,"""BronxCare Third Avenue Medical and Dental Practice"" ""2739 3rd Ave, Bronx, NY 10451"" ""+1718-838-1000"" dentist dental patients",https://www.google.com/search?q=%22BronxCare+Third+Avenue+Medical+and+Dental+Practice%22+%222739+3rd+Ave%2C+Bronx%2C+NY+10451%22+%22%2B1718-838-1000%22+dentist+dental+patients,"site:www.mlkhealthcenter.com ""BronxCare Third Avenue Medical and Dental Practice"" dental dentist patients",https://www.google.com/search?q=site%3Awww.mlkhealthcenter.com+%22BronxCare+Third+Avenue+Medical+and+Dental+Practice%22+dental+dentist+patients,Verify current patient-facing dental service for this exact profile and address; a shared domain alone is not a decision.
39,profile:NYC_NY_L:google:cid:14029482900807417077,NYC_NY_L,google:cid:14029482900807417077,Jack Martin Fund Clinic,"158 W 124th St, New York, NY 10027",business_listings,Medical clinic,needs_category_review,unreviewed_or_conflicting_category_evidence,exclude_non_dentist_category|include_dental_provider,,,,,,eligibility_group:504917ff371eb69d,manual_review,Medical clinic: Category alone does not establish whether dental care is provided,,,,,,external_evidence_required,category and title evidence do not support a safe batch suggestion,False,+1332-243-0100,www.mountsinai.org,http://www.mountsinai.org/patient-care/service-areas/infectious-diseases/hiv-aids/jack-martin-fund-clinic,16.0,40.8078908,-73.9483328,False,https://www.google.com/maps?cid=14029482900807417077,website_then_google_profile,www.mountsinai.org,eligibility_review_block:3e1c0340286c06e2,shared_domain_within_category_group,"Fill this row only when it is an exception to a reviewed group decision, or when its group is marked individual_review.",2,shared_domain_block,1,"""Jack Martin Fund Clinic"" ""158 W 124th St, New York, NY 10027"" ""+1332-243-0100"" dentist dental patients",https://www.google.com/search?q=%22Jack+Martin+Fund+Clinic%22+%22158+W+124th+St%2C+New+York%2C+NY+10027%22+%22%2B1332-243-0100%22+dentist+dental+patients,"site:www.mountsinai.org ""Jack Martin Fund Clinic"" dental dentist patients",https://www.google.com/search?q=site%3Awww.mountsinai.org+%22Jack+Martin+Fund+Clinic%22+dental+dentist+patients,Verify current patient-facing dental service for this exact profile and address; a shared domain alone is not a decision.
40,profile:NYC_NY_L:google:cid:7511299405233410581,NYC_NY_L,google:cid:7511299405233410581,Mount Sinai Queens-Family Health,"31-60 21st St, Astoria, NY 11106",business_listings,Medical clinic,needs_category_review,unreviewed_or_conflicting_category_evidence,exclude_non_dentist_category|include_dental_provider,,,,,,eligibility_group:504917ff371eb69d,manual_review,Medical clinic: Category alone does not establish whether dental care is provided,,,,,,external_evidence_required,category and title evidence do not support a safe batch suggestion,False,+1718-808-7300,www.mountsinai.org,https://www.mountsinai.org/locations/queens/facilities/medical/family-health-associates?y_source=1_MjAxMjU1OTI0OC03MTUtbG9jYXRpb24ud2Vic2l0ZQ%3D%3D,82.0,40.7659771,-73.931296,False,https://www.google.com/maps?cid=7511299405233410581,website_then_google_profile,www.mountsinai.org,eligibility_review_block:3e1c0340286c06e2,shared_domain_within_category_group,"Fill this row only when it is an exception to a reviewed group decision, or when its group is marked individual_review.",2,shared_domain_block,1,"""Mount Sinai Queens-Family Health"" ""31-60 21st St, Astoria, NY 11106"" ""+1718-808-7300"" dentist dental patients",https://www.google.com/search?q=%22Mount+Sinai+Queens-Family+Health%22+%2231-60+21st+St%2C+Astoria%2C+NY+11106%22+%22%2B1718-808-7300%22+dentist+dental+patients,"site:www.mountsinai.org ""Mount Sinai Queens-Family Health"" dental dentist patients",https://www.google.com/search?q=site%3Awww.mountsinai.org+%22Mount+Sinai+Queens-Family+Health%22+dental+dentist+patients,Verify current patient-facing dental service for this exact profile and address; a shared domain alone is not a decision.
41,profile:NYC_NY_L:google:cid:14729043579708094485,NYC_NY_L,google:cid:14729043579708094485,Dr. Donald Tanenbaum,"630 5th Ave Ste. 1857, New York, NY 10111",business_listings,Pain management physician,needs_category_review,unreviewed_or_conflicting_category_evidence,exclude_non_dentist_category|include_dental_provider,,,,,,eligibility_group:da5f0c039fc4a778,unknown,,Pain management physician,,,,,external_evidence_required,category and title evidence do not support a safe batch suggestion,False,+1212-265-0110,www.nytmj.com,https://www.nytmj.com/?utm_source=local_directory&utm_medium=referral&utm_campaign=directory-listing,52.0,40.758995,-73.9772981,False,https://www.google.com/maps?cid=14729043579708094485,website_then_google_profile,www.nytmj.com,eligibility_review_block:ed339689d4238a92,shared_domain_within_category_group,"Fill this row only when it is an exception to a reviewed group decision, or when its group is marked individual_review.",2,shared_domain_block,1,"""Dr. Donald Tanenbaum"" ""630 5th Ave Ste. 1857, New York, NY 10111"" ""+1212-265-0110"" dentist dental patients",https://www.google.com/search?q=%22Dr.+Donald+Tanenbaum%22+%22630+5th+Ave+Ste.+1857%2C+New+York%2C+NY+10111%22+%22%2B1212-265-0110%22+dentist+dental+patients,"site:www.nytmj.com ""Dr. Donald Tanenbaum"" dental dentist patients",https://www.google.com/search?q=site%3Awww.nytmj.com+%22Dr.+Donald+Tanenbaum%22+dental+dentist+patients,Verify current patient-facing dental service for this exact profile and address; a shared domain alone is not a decision.
42,profile:NYC_NY_L:google:cid:12702828959288087172,NYC_NY_L,google:cid:12702828959288087172,"New York TMJ & Orofacial Pain (NY, NY 5th Ave)","630 5th Ave Ste. 1857, New York, NY 10111",business_listings,Pain management physician,needs_category_review,unreviewed_or_conflicting_category_evidence,exclude_non_dentist_category|include_dental_provider,,,,,,eligibility_group:da5f0c039fc4a778,unknown,,Pain management physician,,,,,external_evidence_required,category and title evidence do not support a safe batch suggestion,False,+1212-265-0110,www.nytmj.com,https://www.nytmj.com/?utm_source=gbp&utm_medium=organic,65.0,40.758995,-73.9772981,False,https://www.google.com/maps?cid=12702828959288087172,website_then_google_profile,www.nytmj.com,eligibility_review_block:ed339689d4238a92,shared_domain_within_category_group,"Fill this row only when it is an exception to a reviewed group decision, or when its group is marked individual_review.",2,shared_domain_block,1,"""New York TMJ & Orofacial Pain (NY, NY 5th Ave)"" ""630 5th Ave Ste. 1857, New York, NY 10111"" ""+1212-265-0110"" dentist dental patients",https://www.google.com/search?q=%22New+York+TMJ+%26+Orofacial+Pain+%28NY%2C+NY+5th+Ave%29%22+%22630+5th+Ave+Ste.+1857%2C+New+York%2C+NY+10111%22+%22%2B1212-265-0110%22+dentist+dental+patients,"site:www.nytmj.com ""New York TMJ & Orofacial Pain (NY, NY 5th Ave)"" dental dentist patients",https://www.google.com/search?q=site%3Awww.nytmj.com+%22New+York+TMJ+%26+Orofacial+Pain+%28NY%2C+NY+5th+Ave%29%22+dental+dentist+patients,Verify current patient-facing dental service for this exact profile and address; a shared domain alone is not a decision.
43,profile:LA_CA_L:google:cid:10021466510923515615,LA_CA_L,google:cid:10021466510923515615,Saban Community Clinic,"8405 Beverly Blvd, Los Angeles, CA 90048",business_listings,Community health center,needs_category_review,unreviewed_or_conflicting_category_evidence,exclude_non_dentist_category|include_dental_provider,,,,,,eligibility_group:75eedbc19c8622b7,manual_review,Community health center: Category alone does not establish whether dental care is provided,,,,,,external_evidence_required,category and title evidence do not support a safe batch suggestion,False,+1323-653-1990,www.sabancommunityclinic.org,https://www.sabancommunityclinic.org/,228.0,34.0763569,-118.3734012,False,https://www.google.com/maps?cid=10021466510923515615,website_then_google_profile,www.sabancommunityclinic.org,eligibility_review_block:89684b9e92614157,shared_domain_within_category_group,"Fill this row only when it is an exception to a reviewed group decision, or when its group is marked individual_review.",2,shared_domain_block,1,"""Saban Community Clinic"" ""8405 Beverly Blvd, Los Angeles, CA 90048"" ""+1323-653-1990"" dentist dental patients",https://www.google.com/search?q=%22Saban+Community+Clinic%22+%228405+Beverly+Blvd%2C+Los+Angeles%2C+CA+90048%22+%22%2B1323-653-1990%22+dentist+dental+patients,"site:www.sabancommunityclinic.org ""Saban Community Clinic"" dental dentist patients",https://www.google.com/search?q=site%3Awww.sabancommunityclinic.org+%22Saban+Community+Clinic%22+dental+dentist+patients,Verify current patient-facing dental service for this exact profile and address; a shared domain alone is not a decision.
44,profile:LA_CA_L:google:cid:6573524519892687095,LA_CA_L,google:cid:6573524519892687095,Saban Community Clinic - Virgil,"137 Virgil Ave, Los Angeles, CA 90004",business_listings,Community health center,needs_category_review,unreviewed_or_conflicting_category_evidence,exclude_non_dentist_category|include_dental_provider,,,,,,eligibility_group:75eedbc19c8622b7,manual_review,Community health center: Category alone does not establish whether dental care is provided,,,,,,external_evidence_required,category and title evidence do not support a safe batch suggestion,False,+1323-653-1990,www.sabancommunityclinic.org,https://www.sabancommunityclinic.org/locations/virgil-family-health-center/,54.0,34.074600499999995,-118.2871851,False,https://www.google.com/maps?cid=6573524519892687095,website_then_google_profile,www.sabancommunityclinic.org,eligibility_review_block:89684b9e92614157,shared_domain_within_category_group,"Fill this row only when it is an exception to a reviewed group decision, or when its group is marked individual_review.",2,shared_domain_block,1,"""Saban Community Clinic - Virgil"" ""137 Virgil Ave, Los Angeles, CA 90004"" ""+1323-653-1990"" dentist dental patients",https://www.google.com/search?q=%22Saban+Community+Clinic+-+Virgil%22+%22137+Virgil+Ave%2C+Los+Angeles%2C+CA+90004%22+%22%2B1323-653-1990%22+dentist+dental+patients,"site:www.sabancommunityclinic.org ""Saban Community Clinic - Virgil"" dental dentist patients",https://www.google.com/search?q=site%3Awww.sabancommunityclinic.org+%22Saban+Community+Clinic+-+Virgil%22+dental+dentist+patients,Verify current patient-facing dental service for this exact profile and address; a shared domain alone is not a decision.
45,profile:LA_CA_L:google:cid:14004486374216899848,LA_CA_L,google:cid:14004486374216899848,To Help Everyone - La Brea Health Center,"3721 S La Brea Ave, Los Angeles, CA 90016",business_listings,Medical clinic,needs_category_review,unreviewed_or_conflicting_category_evidence,exclude_non_dentist_category|include_dental_provider,,,,,,eligibility_group:504917ff371eb69d,manual_review,Medical clinic: Category alone does not establish whether dental care is provided,,,,,,external_evidence_required,category and title evidence do not support a safe batch suggestion,False,+1323-730-1920,www.tohelpeveryone.org,https://www.tohelpeveryone.org/,35.0,34.019045,-118.3560497,False,https://www.google.com/maps?cid=14004486374216899848,website_then_google_profile,www.tohelpeveryone.org,eligibility_review_block:4f16c30f833763cd,shared_domain_within_category_group,"Fill this row only when it is an exception to a reviewed group decision, or when its group is marked individual_review.",3,shared_domain_block,1,"""To Help Everyone - La Brea Health Center"" ""3721 S La Brea Ave, Los Angeles, CA 90016"" ""+1323-730-1920"" dentist dental patients",https://www.google.com/search?q=%22To+Help+Everyone+-+La+Brea+Health+Center%22+%223721+S+La+Brea+Ave%2C+Los+Angeles%2C+CA+90016%22+%22%2B1323-730-1920%22+dentist+dental+patients,"site:www.tohelpeveryone.org ""To Help Everyone - La Brea Health Center"" dental dentist patients",https://www.google.com/search?q=site%3Awww.tohelpeveryone.org+%22To+Help+Everyone+-+La+Brea+Health+Center%22+dental+dentist+patients,Verify current patient-facing dental service for this exact profile and address; a shared domain alone is not a decision.
46,profile:LA_CA_L:google:cid:10095274009169916734,LA_CA_L,google:cid:10095274009169916734,To Help Everyone - Lennox Health Center,"10223 Firmona Ave, Lennox, CA 90304",business_listings,Medical clinic,needs_category_review,unreviewed_or_conflicting_category_evidence,exclude_non_dentist_category|include_dental_provider,,,,,,eligibility_group:504917ff371eb69d,manual_review,Medical clinic: Category alone does not establish whether dental care is provided,,,,,,external_evidence_required,category and title evidence do not support a safe batch suggestion,False,+1323-730-1920,www.tohelpeveryone.org,https://www.tohelpeveryone.org/,16.0,33.9430079,-118.3572074,False,https://www.google.com/maps?cid=10095274009169916734,website_then_google_profile,www.tohelpeveryone.org,eligibility_review_block:4f16c30f833763cd,shared_domain_within_category_group,"Fill this row only when it is an exception to a reviewed group decision, or when its group is marked individual_review.",3,shared_domain_block,1,"""To Help Everyone - Lennox Health Center"" ""10223 Firmona Ave, Lennox, CA 90304"" ""+1323-730-1920"" dentist dental patients",https://www.google.com/search?q=%22To+Help+Everyone+-+Lennox+Health+Center%22+%2210223+Firmona+Ave%2C+Lennox%2C+CA+90304%22+%22%2B1323-730-1920%22+dentist+dental+patients,"site:www.tohelpeveryone.org ""To Help Everyone - Lennox Health Center"" dental dentist patients",https://www.google.com/search?q=site%3Awww.tohelpeveryone.org+%22To+Help+Everyone+-+Lennox+Health+Center%22+dental+dentist+patients,Verify current patient-facing dental service for this exact profile and address; a shared domain alone is not a decision.
47,profile:LA_CA_L:google:cid:17977013904022740629,LA_CA_L,google:cid:17977013904022740629,To Help Everyone - Western Health Center,"3834 S Western Ave, Los Angeles, CA 90062",business_listings,Medical clinic,needs_category_review,unreviewed_or_conflicting_category_evidence,exclude_non_dentist_category|include_dental_provider,,,,,,eligibility_group:504917ff371eb69d,manual_review,Medical clinic: Category alone does not establish whether dental care is provided,,,,,,external_evidence_required,category and title evidence do not support a safe batch suggestion,False,+1323-730-1920,www.tohelpeveryone.org,https://www.tohelpeveryone.org/,96.0,34.0161799,-118.3085939,False,https://www.google.com/maps?cid=17977013904022740629,website_then_google_profile,www.tohelpeveryone.org,eligibility_review_block:4f16c30f833763cd,shared_domain_within_category_group,"Fill this row only when it is an exception to a reviewed group decision, or when its group is marked individual_review.",3,shared_domain_block,1,"""To Help Everyone - Western Health Center"" ""3834 S Western Ave, Los Angeles, CA 90062"" ""+1323-730-1920"" dentist dental patients",https://www.google.com/search?q=%22To+Help+Everyone+-+Western+Health+Center%22+%223834+S+Western+Ave%2C+Los+Angeles%2C+CA+90062%22+%22%2B1323-730-1920%22+dentist+dental+patients,"site:www.tohelpeveryone.org ""To Help Everyone - Western Health Center"" dental dentist patients",https://www.google.com/search?q=site%3Awww.tohelpeveryone.org+%22To+Help+Everyone+-+Western+Health+Center%22+dental+dentist+patients,Verify current patient-facing dental service for this exact profile and address; a shared domain alone is not a decision.
48,profile:NYC_NY_L:google:cid:10390034255530110063,NYC_NY_L,google:cid:10390034255530110063,Union Community Health Center - (188th St.),"260 E 188th St, Bronx, NY 10458",business_listings,Community health center,needs_category_review,unreviewed_or_conflicting_category_evidence,exclude_non_dentist_category|include_dental_provider,,,,,,eligibility_group:75eedbc19c8622b7,manual_review,Community health center: Category alone does not establish whether dental care is provided,,,,,,external_evidence_required,category and title evidence do not support a safe batch suggestion,False,+1718-220-2020,www.uchcbronx.org,http://www.uchcbronx.org/,196.0,40.8606063,-73.8960238,False,https://www.google.com/maps?cid=10390034255530110063,website_then_google_profile,www.uchcbronx.org,eligibility_review_block:ed13c66e70f61ed4,shared_domain_within_category_group,"Fill this row only when it is an exception to a reviewed group decision, or when its group is marked individual_review.",2,shared_domain_block,1,"""Union Community Health Center - (188th St.)"" ""260 E 188th St, Bronx, NY 10458"" ""+1718-220-2020"" dentist dental patients",https://www.google.com/search?q=%22Union+Community+Health+Center+-+%28188th+St.%29%22+%22260+E+188th+St%2C+Bronx%2C+NY+10458%22+%22%2B1718-220-2020%22+dentist+dental+patients,"site:www.uchcbronx.org ""Union Community Health Center - (188th St.)"" dental dentist patients",https://www.google.com/search?q=site%3Awww.uchcbronx.org+%22Union+Community+Health+Center+-+%28188th+St.%29%22+dental+dentist+patients,Verify current patient-facing dental service for this exact profile and address; a shared domain alone is not a decision.
49,profile:NYC_NY_L:google:cid:4935697797244785263,NYC_NY_L,google:cid:4935697797244785263,Union Community Health Center - (2021 Grand Concourse),"2021 Grand Concourse, Bronx, NY 10453",business_listings,Community health center,needs_category_review,unreviewed_or_conflicting_category_evidence,exclude_non_dentist_category|include_dental_provider,,,,,,eligibility_group:75eedbc19c8622b7,manual_review,Community health center: Category alone does not establish whether dental care is provided,,,,,,external_evidence_required,category and title evidence do not support a safe batch suggestion,False,+1718-220-2020,www.uchcbronx.org,http://www.uchcbronx.org/,119.0,40.8519806,-73.90454199999999,False,https://www.google.com/maps?cid=4935697797244785263,website_then_google_profile,www.uchcbronx.org,eligibility_review_block:ed13c66e70f61ed4,shared_domain_within_category_group,"Fill this row only when it is an exception to a reviewed group decision, or when its group is marked individual_review.",2,shared_domain_block,1,"""Union Community Health Center - (2021 Grand Concourse)"" ""2021 Grand Concourse, Bronx, NY 10453"" ""+1718-220-2020"" dentist dental patients",https://www.google.com/search?q=%22Union+Community+Health+Center+-+%282021+Grand+Concourse%29%22+%222021+Grand+Concourse%2C+Bronx%2C+NY+10453%22+%22%2B1718-220-2020%22+dentist+dental+patients,"site:www.uchcbronx.org ""Union Community Health Center - (2021 Grand Concourse)"" dental dentist patients",https://www.google.com/search?q=site%3Awww.uchcbronx.org+%22Union+Community+Health+Center+-+%282021+Grand+Concourse%29%22+dental+dentist+patients,Verify current patient-facing dental service for this exact profile and address; a shared domain alone is not a decision.
50,profile:NYC_NY_L:google:cid:7177437249452483103,NYC_NY_L,google:cid:7177437249452483103,Advanced Medical & Dental,"147-12 Rockaway Blvd, Jamaica, NY 11436",business_listings,Medical clinic,needs_category_review,unreviewed_or_conflicting_category_evidence,exclude_non_dentist_category|include_dental_provider,,,,,,eligibility_group:504917ff371eb69d,manual_review,Medical clinic: Category alone does not establish whether dental care is provided,,dental,medical,,,external_evidence_required,category and title evidence do not support a safe batch suggestion,False,+1718-732-7744,advancedmedicalanddental.com,http://advancedmedicalanddental.com/,28.0,40.6731547,-73.7903668,False,https://www.google.com/maps?cid=7177437249452483103,website_then_google_profile,advancedmedicalanddental.com,eligibility_review_block:c970ac4ff488624c,singleton_profile,"Fill this row only when it is an exception to a reviewed group decision, or when its group is marked individual_review.",1,direct_website_singleton,2,"""Advanced Medical & Dental"" ""147-12 Rockaway Blvd, Jamaica, NY 11436"" ""+1718-732-7744"" dentist dental patients",https://www.google.com/search?q=%22Advanced+Medical+%26+Dental%22+%22147-12+Rockaway+Blvd%2C+Jamaica%2C+NY+11436%22+%22%2B1718-732-7744%22+dentist+dental+patients,"site:advancedmedicalanddental.com ""Advanced Medical & Dental"" dental dentist patients",https://www.google.com/search?q=site%3Aadvancedmedicalanddental.com+%22Advanced+Medical+%26+Dental%22+dental+dentist+patients,Verify current patient-facing dental service for this exact profile and address; a shared domain alone is not a decision.
51,profile:Macon_GA_M:google:cid:920815215444172769,Macon_GA_M,google:cid:920815215444172769,"Bibb Family Practice Associates, PC","721 Riverside Dr Ln, Macon, GA 31201",maps_core,Medical clinic,needs_category_review,unreviewed_or_conflicting_category_evidence,exclude_non_dentist_category|include_dental_provider,,,,,,eligibility_group:504917ff371eb69d,manual_review,Medical clinic: Category alone does not establish whether dental care is provided,,,,,,external_evidence_required,category and title evidence do not support a safe batch suggestion,False,+1478-259-3439,bibbfamilypractice.com,http://bibbfamilypractice.com/,11.0,32.8414236,-83.6281958,False,https://www.google.com/maps?cid=920815215444172769,website_then_google_profile,bibbfamilypractice.com,eligibility_review_block:049945e26140b61e,singleton_profile,"Fill this row only when it is an exception to a reviewed group decision, or when its group is marked individual_review.",1,direct_website_singleton,2,"""Bibb Family Practice Associates, PC"" ""721 Riverside Dr Ln, Macon, GA 31201"" ""+1478-259-3439"" dentist dental patients",https://www.google.com/search?q=%22Bibb+Family+Practice+Associates%2C+PC%22+%22721+Riverside+Dr+Ln%2C+Macon%2C+GA+31201%22+%22%2B1478-259-3439%22+dentist+dental+patients,"site:bibbfamilypractice.com ""Bibb Family Practice Associates, PC"" dental dentist patients",https://www.google.com/search?q=site%3Abibbfamilypractice.com+%22Bibb+Family+Practice+Associates%2C+PC%22+dental+dentist+patients,Verify current patient-facing dental service for this exact profile and address; a shared domain alone is not a decision.
52,profile:LA_CA_L:google:cid:14327273828255401603,LA_CA_L,google:cid:14327273828255401603,Comprehensive Community Health Centers - CCHC Glendale,"801 S Chevy Chase Dr #250, Glendale, CA 91205",business_listings,Medical clinic,needs_category_review,unreviewed_or_conflicting_category_evidence,exclude_non_dentist_category|include_dental_provider,,,,,,eligibility_group:504917ff371eb69d,manual_review,Medical clinic: Category alone does not establish whether dental care is provided,,,,,,external_evidence_required,category and title evidence do not support a safe batch suggestion,False,+1818-265-2264,cchccenters.org,https://cchccenters.org/,520.0,34.1366539,-118.2402801,False,https://www.google.com/maps?cid=14327273828255401603,website_then_google_profile,cchccenters.org,eligibility_review_block:827d8844f8496075,singleton_profile,"Fill this row only when it is an exception to a reviewed group decision, or when its group is marked individual_review.",1,direct_website_singleton,2,"""Comprehensive Community Health Centers - CCHC Glendale"" ""801 S Chevy Chase Dr #250, Glendale, CA 91205"" ""+1818-265-2264"" dentist dental patients",https://www.google.com/search?q=%22Comprehensive+Community+Health+Centers+-+CCHC+Glendale%22+%22801+S+Chevy+Chase+Dr+%23250%2C+Glendale%2C+CA+91205%22+%22%2B1818-265-2264%22+dentist+dental+patients,"site:cchccenters.org ""Comprehensive Community Health Centers - CCHC Glendale"" dental dentist patients",https://www.google.com/search?q=site%3Acchccenters.org+%22Comprehensive+Community+Health+Centers+-+CCHC+Glendale%22+dental+dentist+patients,Verify current patient-facing dental service for this exact profile and address; a shared domain alone is not a decision.
53,profile:LA_CA_L:google:cid:856027905363852558,LA_CA_L,google:cid:856027905363852558,Comprehensive Community Health Centers - Eagle Rock,"1704 Colorado Blvd, Los Angeles, CA 90041",business_listings,Non-profit organization,needs_category_review,unreviewed_or_conflicting_category_evidence,exclude_non_dentist_category|include_dental_provider,,,,,,eligibility_group:284d9dbfa1c169a1,unknown,,Non-profit organization,,,,,external_evidence_required,category and title evidence do not support a safe batch suggestion,False,+1323-256-4116,cchccenters.org,https://cchccenters.org/,289.0,34.1391136,-118.2039119,False,https://www.google.com/maps?cid=856027905363852558,website_then_google_profile,cchccenters.org,eligibility_review_block:5c3e369f37db6a5b,singleton_profile,"Fill this row only when it is an exception to a reviewed group decision, or when its group is marked individual_review.",1,direct_website_singleton,2,"""Comprehensive Community Health Centers - Eagle Rock"" ""1704 Colorado Blvd, Los Angeles, CA 90041"" ""+1323-256-4116"" dentist dental patients",https://www.google.com/search?q=%22Comprehensive+Community+Health+Centers+-+Eagle+Rock%22+%221704+Colorado+Blvd%2C+Los+Angeles%2C+CA+90041%22+%22%2B1323-256-4116%22+dentist+dental+patients,"site:cchccenters.org ""Comprehensive Community Health Centers - Eagle Rock"" dental dentist patients",https://www.google.com/search?q=site%3Acchccenters.org+%22Comprehensive+Community+Health+Centers+-+Eagle+Rock%22+dental+dentist+patients,Verify current patient-facing dental service for this exact profile and address; a shared domain alone is not a decision.
54,profile:NYC_NY_L:google:cid:16296289560891316346,NYC_NY_L,google:cid:16296289560891316346,CEC Health Care - Glen Cove,"113 Glen Cove Ave, Glen Cove, NY 11542",business_listings,Medical clinic,needs_category_review,unreviewed_or_conflicting_category_evidence,exclude_non_dentist_category|include_dental_provider,,,,,,eligibility_group:504917ff371eb69d,manual_review,Medical clinic: Category alone does not establish whether dental care is provided,,,,,,external_evidence_required,category and title evidence do not support a safe batch suggestion,False,+1516-622-8888,charlesevanscenter.org,http://charlesevanscenter.org/,22.0,40.8572377,-73.6345826,False,https://www.google.com/maps?cid=16296289560891316346,website_then_google_profile,charlesevanscenter.org,eligibility_review_block:a54d0e1d436c0292,singleton_profile,"Fill this row only when it is an exception to a reviewed group decision, or when its group is marked individual_review.",1,direct_website_singleton,2,"""CEC Health Care - Glen Cove"" ""113 Glen Cove Ave, Glen Cove, NY 11542"" ""+1516-622-8888"" dentist dental patients",https://www.google.com/search?q=%22CEC+Health+Care+-+Glen+Cove%22+%22113+Glen+Cove+Ave%2C+Glen+Cove%2C+NY+11542%22+%22%2B1516-622-8888%22+dentist+dental+patients,"site:charlesevanscenter.org ""CEC Health Care - Glen Cove"" dental dentist patients",https://www.google.com/search?q=site%3Acharlesevanscenter.org+%22CEC+Health+Care+-+Glen+Cove%22+dental+dentist+patients,Verify current patient-facing dental service for this exact profile and address; a shared domain alone is not a decision.
55,profile:Macon_GA_M:google:cid:2483200121336417676,Macon_GA_M,google:cid:2483200121336417676,Navicent Health,"1014 Forsyth St, Macon, GA 31201",maps_core,Medical clinic,needs_category_review,unreviewed_or_conflicting_category_evidence,exclude_non_dentist_category|include_dental_provider,,,,,,eligibility_group:504917ff371eb69d,manual_review,Medical clinic: Category alone does not establish whether dental care is provided,,,,,,external_evidence_required,category and title evidence do not support a safe batch suggestion,False,+1478-633-8500,childrenshospitalnh.org,http://childrenshospitalnh.org/services-centers/autism-developmental-center/,26.0,32.8353402,-83.63768139999999,False,https://www.google.com/maps?cid=2483200121336417676,website_then_google_profile,childrenshospitalnh.org,eligibility_review_block:fc495ff11e40d90a,singleton_profile,"Fill this row only when it is an exception to a reviewed group decision, or when its group is marked individual_review.",1,direct_website_singleton,2,"""Navicent Health"" ""1014 Forsyth St, Macon, GA 31201"" ""+1478-633-8500"" dentist dental patients",https://www.google.com/search?q=%22Navicent+Health%22+%221014+Forsyth+St%2C+Macon%2C+GA+31201%22+%22%2B1478-633-8500%22+dentist+dental+patients,"site:childrenshospitalnh.org ""Navicent Health"" dental dentist patients",https://www.google.com/search?q=site%3Achildrenshospitalnh.org+%22Navicent+Health%22+dental+dentist+patients,Verify current patient-facing dental service for this exact profile and address; a shared domain alone is not a decision.
56,profile:LA_CA_L:google:cid:10671460001844304829,LA_CA_L,google:cid:10671460001844304829,Artur Arkelakyan,"905 S Lake St STE 102, Burbank, CA 91502",business_listings,Medical clinic,needs_category_review,unreviewed_or_conflicting_category_evidence,exclude_non_dentist_category|include_dental_provider,,,,,,eligibility_group:504917ff371eb69d,manual_review,Medical clinic: Category alone does not establish whether dental care is provided,,,,,,external_evidence_required,category and title evidence do not support a safe batch suggestion,False,+1818-859-7979,coastlanddental.com,https://coastlanddental.com/about/dr-artur-arkelakyan/,1.0,34.1694336,-118.3061976,False,https://www.google.com/maps?cid=10671460001844304829,website_then_google_profile,coastlanddental.com,eligibility_review_block:27d13c04ae8a79d4,singleton_profile,"Fill this row only when it is an exception to a reviewed group decision, or when its group is marked individual_review.",1,direct_website_singleton,2,"""Artur Arkelakyan"" ""905 S Lake St STE 102, Burbank, CA 91502"" ""+1818-859-7979"" dentist dental patients",https://www.google.com/search?q=%22Artur+Arkelakyan%22+%22905+S+Lake+St+STE+102%2C+Burbank%2C+CA+91502%22+%22%2B1818-859-7979%22+dentist+dental+patients,"site:coastlanddental.com ""Artur Arkelakyan"" dental dentist patients",https://www.google.com/search?q=site%3Acoastlanddental.com+%22Artur+Arkelakyan%22+dental+dentist+patients,Verify current patient-facing dental service for this exact profile and address; a shared domain alone is not a decision.
57,profile:LA_CA_L:google:cid:2520457688506967269,LA_CA_L,google:cid:2520457688506967269,Comprehensive Health Care,"3540 Wilshire Blvd #715, Los Angeles, CA 90010",business_listings,Home health care service,needs_category_review,unreviewed_or_conflicting_category_evidence,exclude_non_dentist_category|include_dental_provider,,,,,,eligibility_group:3fb50d6253134f7d,unknown,,Home health care service,,,,,external_evidence_required,category and title evidence do not support a safe batch suggestion,False,+1213-389-4876,comphc.org,https://comphc.org/,1.0,34.0614464,-118.3016875,False,https://www.google.com/maps?cid=2520457688506967269,website_then_google_profile,comphc.org,eligibility_review_block:fb2c1c9219e47f0f,singleton_profile,"Fill this row only when it is an exception to a reviewed group decision, or when its group is marked individual_review.",1,direct_website_singleton,2,"""Comprehensive Health Care"" ""3540 Wilshire Blvd #715, Los Angeles, CA 90010"" ""+1213-389-4876"" dentist dental patients",https://www.google.com/search?q=%22Comprehensive+Health+Care%22+%223540+Wilshire+Blvd+%23715%2C+Los+Angeles%2C+CA+90010%22+%22%2B1213-389-4876%22+dentist+dental+patients,"site:comphc.org ""Comprehensive Health Care"" dental dentist patients",https://www.google.com/search?q=site%3Acomphc.org+%22Comprehensive+Health+Care%22+dental+dentist+patients,Verify current patient-facing dental service for this exact profile and address; a shared domain alone is not a decision.
58,profile:Atlanta_GA_L:google:cid:8914701910281558014,Atlanta_GA_L,google:cid:8914701910281558014,Georgia Department of Community Health,"2 M.L.K. Jr Dr SE, Atlanta, GA 30334",maps_core,Public health department,needs_category_review,unreviewed_or_conflicting_category_evidence,exclude_non_dentist_category|include_dental_provider,,,,,,eligibility_group:cc959e46f76b4a21,unknown,,Public health department,,,,,external_evidence_required,category and title evidence do not support a safe batch suggestion,False,+1404-656-4507,dch.georgia.gov,http://dch.georgia.gov/,21.0,33.7498461,-84.3861355,False,https://www.google.com/maps?cid=8914701910281558014,website_then_google_profile,dch.georgia.gov,eligibility_review_block:048c12cff57b01e4,singleton_profile,"Fill this row only when it is an exception to a reviewed group decision, or when its group is marked individual_review.",1,direct_website_singleton,2,"""Georgia Department of Community Health"" ""2 M.L.K. Jr Dr SE, Atlanta, GA 30334"" ""+1404-656-4507"" dentist dental patients",https://www.google.com/search?q=%22Georgia+Department+of+Community+Health%22+%222+M.L.K.+Jr+Dr+SE%2C+Atlanta%2C+GA+30334%22+%22%2B1404-656-4507%22+dentist+dental+patients,"site:dch.georgia.gov ""Georgia Department of Community Health"" dental dentist patients",https://www.google.com/search?q=site%3Adch.georgia.gov+%22Georgia+Department+of+Community+Health%22+dental+dentist+patients,Verify current patient-facing dental service for this exact profile and address; a shared domain alone is not a decision.
59,profile:NYC_NY_L:google:cid:3018543719665768431,NYC_NY_L,google:cid:3018543719665768431,NYUDentalUrgentCareCtr,"345 E 24th St, New York, NY 10010",business_listings,Academic department,needs_category_review,unreviewed_or_conflicting_category_evidence,exclude_non_dentist_category|include_dental_provider,,,,,,eligibility_group:02dcfcd73b831370,unknown,,Academic department,,,,,external_evidence_required,category and title evidence do not support a safe batch suggestion,False,+1212-998-9800,dental.nyu.edu,https://dental.nyu.edu/patientcare/emergency-services-urgent-care.html,144.0,40.7383132,-73.9785261,False,https://www.google.com/maps?cid=3018543719665768431,website_then_google_profile,dental.nyu.edu,eligibility_review_block:31d3e981a102c5ae,singleton_profile,"Fill this row only when it is an exception to a reviewed group decision, or when its group is marked individual_review.",1,direct_website_singleton,2,"""NYUDentalUrgentCareCtr"" ""345 E 24th St, New York, NY 10010"" ""+1212-998-9800"" dentist dental patients",https://www.google.com/search?q=%22NYUDentalUrgentCareCtr%22+%22345+E+24th+St%2C+New+York%2C+NY+10010%22+%22%2B1212-998-9800%22+dentist+dental+patients,"site:dental.nyu.edu ""NYUDentalUrgentCareCtr"" dental dentist patients",https://www.google.com/search?q=site%3Adental.nyu.edu+%22NYUDentalUrgentCareCtr%22+dental+dentist+patients,Verify current patient-facing dental service for this exact profile and address; a shared domain alone is not a decision.
60,profile:LA_CA_L:google:cid:13376749074934566412,LA_CA_L,google:cid:13376749074934566412,Dent X Imaging Center,"1323 N San Fernando Blvd, Burbank, CA 91504",business_listings,X-ray lab,needs_category_review,unreviewed_or_conflicting_category_evidence,exclude_non_dentist_category|include_dental_provider,,,,,,eligibility_group:bcde824d5b399027,unknown,,X-ray lab,,,,,external_evidence_required,category and title evidence do not support a safe batch suggestion,False,+1818-239-5333,dentximaging.com,https://dentximaging.com/,9.0,34.189706,-118.3210956,False,https://www.google.com/maps?cid=13376749074934566412,website_then_google_profile,dentximaging.com,eligibility_review_block:dde57ab96bcbcaaa,singleton_profile,"Fill this row only when it is an exception to a reviewed group decision, or when its group is marked individual_review.",1,direct_website_singleton,2,"""Dent X Imaging Center"" ""1323 N San Fernando Blvd, Burbank, CA 91504"" ""+1818-239-5333"" dentist dental patients",https://www.google.com/search?q=%22Dent+X+Imaging+Center%22+%221323+N+San+Fernando+Blvd%2C+Burbank%2C+CA+91504%22+%22%2B1818-239-5333%22+dentist+dental+patients,"site:dentximaging.com ""Dent X Imaging Center"" dental dentist patients",https://www.google.com/search?q=site%3Adentximaging.com+%22Dent+X+Imaging+Center%22+dental+dentist+patients,Verify current patient-facing dental service for this exact profile and address; a shared domain alone is not a decision.
61,profile:Vidalia_GA_S:google:cid:7988439992617257135,Vidalia_GA_S,google:cid:7988439992617257135,Dermatology Associates,"1013 E 1st St, Vidalia, GA 30474",maps_core,Skin care clinic,needs_category_review,unreviewed_or_conflicting_category_evidence,exclude_non_dentist_category|include_dental_provider,,,,,,eligibility_group:7a6b4d7abd08fee8,unknown,,Skin care clinic,,,,,external_evidence_required,category and title evidence do not support a safe batch suggestion,False,+1912-472-6104,dermatologyassociatesga.com,https://dermatologyassociatesga.com/,144.0,32.2117118,-82.40216819999999,False,https://www.google.com/maps?cid=7988439992617257135,website_then_google_profile,dermatologyassociatesga.com,eligibility_review_block:d3994f3d312eac82,singleton_profile,"Fill this row only when it is an exception to a reviewed group decision, or when its group is marked individual_review.",1,direct_website_singleton,2,"""Dermatology Associates"" ""1013 E 1st St, Vidalia, GA 30474"" ""+1912-472-6104"" dentist dental patients",https://www.google.com/search?q=%22Dermatology+Associates%22+%221013+E+1st+St%2C+Vidalia%2C+GA+30474%22+%22%2B1912-472-6104%22+dentist+dental+patients,"site:dermatologyassociatesga.com ""Dermatology Associates"" dental dentist patients",https://www.google.com/search?q=site%3Adermatologyassociatesga.com+%22Dermatology+Associates%22+dental+dentist+patients,Verify current patient-facing dental service for this exact profile and address; a shared domain alone is not a decision.
62,profile:Augusta_GA_L:google:cid:14457415903984627262,Augusta_GA_L,google:cid:14457415903984627262,Richmond County Health Department,"950 Laney Walker Blvd, Augusta, GA 30901",maps_core,Public health department,needs_category_review,unreviewed_or_conflicting_category_evidence,exclude_non_dentist_category|include_dental_provider,,,,,,eligibility_group:cc959e46f76b4a21,unknown,,Public health department,,,,,external_evidence_required,category and title evidence do not support a safe batch suggestion,False,+1706-721-5800,ecphd.com,http://ecphd.com/counties/richmond-county-health-department/,94.0,33.4637039,-81.9753999,False,https://www.google.com/maps?cid=14457415903984627262,website_then_google_profile,ecphd.com,eligibility_review_block:c8cdf20390081417,singleton_profile,"Fill this row only when it is an exception to a reviewed group decision, or when its group is marked individual_review.",1,direct_website_singleton,2,"""Richmond County Health Department"" ""950 Laney Walker Blvd, Augusta, GA 30901"" ""+1706-721-5800"" dentist dental patients",https://www.google.com/search?q=%22Richmond+County+Health+Department%22+%22950+Laney+Walker+Blvd%2C+Augusta%2C+GA+30901%22+%22%2B1706-721-5800%22+dentist+dental+patients,"site:ecphd.com ""Richmond County Health Department"" dental dentist patients",https://www.google.com/search?q=site%3Aecphd.com+%22Richmond+County+Health+Department%22+dental+dentist+patients,Verify current patient-facing dental service for this exact profile and address; a shared domain alone is not a decision.
63,profile:Atlanta_GA_L:google:cid:6442774181064297868,Atlanta_GA_L,google:cid:6442774181064297868,"The Family Health Centers of Georgia, Inc.","868 York Ave SW, Atlanta, GA 30310",maps_core,Medical Center,needs_category_review,unreviewed_or_conflicting_category_evidence,exclude_non_dentist_category|include_dental_provider,,,,,,eligibility_group:b070ffeb7e138d00,manual_review,Medical Center: Category alone does not establish whether dental care is provided,,,,,,external_evidence_required,category and title evidence do not support a safe batch suggestion,False,+1404-752-1400,fhcga.org,http://fhcga.org/?utm_source=GMBSocialClimb&utm_medium=TheFamilyHealthCentersofGeorgia%2CInc.,1312.0,33.736796,-84.41637399999999,False,https://www.google.com/maps?cid=6442774181064297868,website_then_google_profile,fhcga.org,eligibility_review_block:b681ad3d6e3d5fcc,singleton_profile,"Fill this row only when it is an exception to a reviewed group decision, or when its group is marked individual_review.",1,direct_website_singleton,2,"""The Family Health Centers of Georgia, Inc."" ""868 York Ave SW, Atlanta, GA 30310"" ""+1404-752-1400"" dentist dental patients",https://www.google.com/search?q=%22The+Family+Health+Centers+of+Georgia%2C+Inc.%22+%22868+York+Ave+SW%2C+Atlanta%2C+GA+30310%22+%22%2B1404-752-1400%22+dentist+dental+patients,"site:fhcga.org ""The Family Health Centers of Georgia, Inc."" dental dentist patients",https://www.google.com/search?q=site%3Afhcga.org+%22The+Family+Health+Centers+of+Georgia%2C+Inc.%22+dental+dentist+patients,Verify current patient-facing dental service for this exact profile and address; a shared domain alone is not a decision.
64,profile:NYC_NY_L:google:cid:18214434003362221946,NYC_NY_L,google:cid:18214434003362221946,Hanna Face and Jaw,"521 Park Ave C, New York, NY 10065",business_listings,Surgical center,needs_category_review,unreviewed_or_conflicting_category_evidence,exclude_non_dentist_category|include_dental_provider,,,,,,eligibility_group:0f60d922875b512e,manual_review,Surgical center: Category alone does not establish whether oral surgery is provided,,,,,,external_evidence_required,category and title evidence do not support a safe batch suggestion,False,+1212-779-2787,hannafacejaw.com,https://hannafacejaw.com/,80.0,40.7636187,-73.9689386,False,https://www.google.com/maps?cid=18214434003362221946,website_then_google_profile,hannafacejaw.com,eligibility_review_block:f1045a1bbc2540fa,singleton_profile,"Fill this row only when it is an exception to a reviewed group decision, or when its group is marked individual_review.",1,direct_website_singleton,2,"""Hanna Face and Jaw"" ""521 Park Ave C, New York, NY 10065"" ""+1212-779-2787"" dentist dental patients",https://www.google.com/search?q=%22Hanna+Face+and+Jaw%22+%22521+Park+Ave+C%2C+New+York%2C+NY+10065%22+%22%2B1212-779-2787%22+dentist+dental+patients,"site:hannafacejaw.com ""Hanna Face and Jaw"" dental dentist patients",https://www.google.com/search?q=site%3Ahannafacejaw.com+%22Hanna+Face+and+Jaw%22+dental+dentist+patients,Verify current patient-facing dental service for this exact profile and address; a shared domain alone is not a decision.
65,profile:NYC_NY_L:google:cid:5978500574907670907,NYC_NY_L,google:cid:5978500574907670907,Harlem United,"179 E 116th St, New York, NY 10029",business_listings,Community health center,needs_category_review,unreviewed_or_conflicting_category_evidence,exclude_non_dentist_category|include_dental_provider,,,,,,eligibility_group:75eedbc19c8622b7,manual_review,Community health center: Category alone does not establish whether dental care is provided,,,,,,external_evidence_required,category and title evidence do not support a safe batch suggestion,False,+1212-987-3707,harlemunited.org,http://harlemunited.org/,3.0,40.7983831,-73.94034719999999,False,https://www.google.com/maps?cid=5978500574907670907,website_then_google_profile,harlemunited.org,eligibility_review_block:d46109d072774289,singleton_profile,"Fill this row only when it is an exception to a reviewed group decision, or when its group is marked individual_review.",1,direct_website_singleton,2,"""Harlem United"" ""179 E 116th St, New York, NY 10029"" ""+1212-987-3707"" dentist dental patients",https://www.google.com/search?q=%22Harlem+United%22+%22179+E+116th+St%2C+New+York%2C+NY+10029%22+%22%2B1212-987-3707%22+dentist+dental+patients,"site:harlemunited.org ""Harlem United"" dental dentist patients",https://www.google.com/search?q=site%3Aharlemunited.org+%22Harlem+United%22+dental+dentist+patients,Verify current patient-facing dental service for this exact profile and address; a shared domain alone is not a decision.
66,profile:Atlanta_GA_L:google:cid:13815089370373089399,Atlanta_GA_L,google:cid:13815089370373089399,Healing Community Center,"1188 Ralph David Abernathy Blvd SW, Atlanta, GA 30310",maps_core,Community health center,needs_category_review,unreviewed_or_conflicting_category_evidence,exclude_non_dentist_category|include_dental_provider,,,,,,eligibility_group:75eedbc19c8622b7,manual_review,Community health center: Category alone does not establish whether dental care is provided,,,,,,external_evidence_required,category and title evidence do not support a safe batch suggestion,False,+1404-564-7749,healatlanta.org,https://healatlanta.org/,4.0,33.7380341,-84.42697319999999,False,https://www.google.com/maps?cid=13815089370373089399,website_then_google_profile,healatlanta.org,eligibility_review_block:e66361ef703d9843,singleton_profile,"Fill this row only when it is an exception to a reviewed group decision, or when its group is marked individual_review.",1,direct_website_singleton,2,"""Healing Community Center"" ""1188 Ralph David Abernathy Blvd SW, Atlanta, GA 30310"" ""+1404-564-7749"" dentist dental patients",https://www.google.com/search?q=%22Healing+Community+Center%22+%221188+Ralph+David+Abernathy+Blvd+SW%2C+Atlanta%2C+GA+30310%22+%22%2B1404-564-7749%22+dentist+dental+patients,"site:healatlanta.org ""Healing Community Center"" dental dentist patients",https://www.google.com/search?q=site%3Ahealatlanta.org+%22Healing+Community+Center%22+dental+dentist+patients,Verify current patient-facing dental service for this exact profile and address; a shared domain alone is not a decision.
67,profile:Atlanta_GA_L:google:cid:1014165455047184436,Atlanta_GA_L,google:cid:1014165455047184436,Georgia State University Student Clinic,"75 Piedmont Ave NE Ste 200, Atlanta, GA 30312",maps_core,Medical clinic,needs_category_review,unreviewed_or_conflicting_category_evidence,exclude_non_dentist_category|include_dental_provider,,,,,,eligibility_group:504917ff371eb69d,manual_review,Medical clinic: Category alone does not establish whether dental care is provided,,,,,,external_evidence_required,category and title evidence do not support a safe batch suggestion,False,+1404-413-1930,health.gsu.edu,http://health.gsu.edu/,71.0,33.7566635,-84.3819613,False,https://www.google.com/maps?cid=1014165455047184436,website_then_google_profile,health.gsu.edu,eligibility_review_block:848929f859c17027,singleton_profile,"Fill this row only when it is an exception to a reviewed group decision, or when its group is marked individual_review.",1,direct_website_singleton,2,"""Georgia State University Student Clinic"" ""75 Piedmont Ave NE Ste 200, Atlanta, GA 30312"" ""+1404-413-1930"" dentist dental patients",https://www.google.com/search?q=%22Georgia+State+University+Student+Clinic%22+%2275+Piedmont+Ave+NE+Ste+200%2C+Atlanta%2C+GA+30312%22+%22%2B1404-413-1930%22+dentist+dental+patients,"site:health.gsu.edu ""Georgia State University Student Clinic"" dental dentist patients",https://www.google.com/search?q=site%3Ahealth.gsu.edu+%22Georgia+State+University+Student+Clinic%22+dental+dentist+patients,Verify current patient-facing dental service for this exact profile and address; a shared domain alone is not a decision.
68,profile:NYC_NY_L:google:cid:7258043979584977031,NYC_NY_L,google:cid:7258043979584977031,Ramon Velez Health Center,"754 E 151st St, Bronx, NY 10455",business_listings,Medical clinic,needs_category_review,unreviewed_or_conflicting_category_evidence,exclude_non_dentist_category|include_dental_provider,,,,,,eligibility_group:504917ff371eb69d,manual_review,Medical clinic: Category alone does not establish whether dental care is provided,,,,,,external_evidence_required,category and title evidence do not support a safe batch suggestion,False,+1718-734-2539,lacasadesalud.org,https://lacasadesalud.org/,102.0,40.8146303,-73.90727729999999,False,https://www.google.com/maps?cid=7258043979584977031,website_then_google_profile,lacasadesalud.org,eligibility_review_block:d7fe3314dc303384,singleton_profile,"Fill this row only when it is an exception to a reviewed group decision, or when its group is marked individual_review.",1,direct_website_singleton,2,"""Ramon Velez Health Center"" ""754 E 151st St, Bronx, NY 10455"" ""+1718-734-2539"" dentist dental patients",https://www.google.com/search?q=%22Ramon+Velez+Health+Center%22+%22754+E+151st+St%2C+Bronx%2C+NY+10455%22+%22%2B1718-734-2539%22+dentist+dental+patients,"site:lacasadesalud.org ""Ramon Velez Health Center"" dental dentist patients",https://www.google.com/search?q=site%3Alacasadesalud.org+%22Ramon+Velez+Health+Center%22+dental+dentist+patients,Verify current patient-facing dental service for this exact profile and address; a shared domain alone is not a decision.
69,profile:Atlanta_GA_L:google:cid:2389707156626682339,Atlanta_GA_L,google:cid:2389707156626682339,Lee Denture Lab,"171 Cleveland Ave SW, Atlanta, GA 30315",business_listings,Denture care center,needs_category_review,unreviewed_or_conflicting_category_evidence,exclude_non_dentist_category|include_dental_provider,,,,,,eligibility_group:fe4a0b2a99a6e2f0,unknown,,Denture care center,,,,,external_evidence_required,category and title evidence do not support a safe batch suggestion,False,+1404-762-5441,leedenturelaboratory.com,http://leedenturelaboratory.com/,31.0,33.6815609,-84.3946002,False,https://www.google.com/maps?cid=2389707156626682339,website_then_google_profile,leedenturelaboratory.com,eligibility_review_block:e2bdff965f0fcdfd,singleton_profile,"Fill this row only when it is an exception to a reviewed group decision, or when its group is marked individual_review.",1,direct_website_singleton,2,"""Lee Denture Lab"" ""171 Cleveland Ave SW, Atlanta, GA 30315"" ""+1404-762-5441"" dentist dental patients",https://www.google.com/search?q=%22Lee+Denture+Lab%22+%22171+Cleveland+Ave+SW%2C+Atlanta%2C+GA+30315%22+%22%2B1404-762-5441%22+dentist+dental+patients,"site:leedenturelaboratory.com ""Lee Denture Lab"" dental dentist patients",https://www.google.com/search?q=site%3Aleedenturelaboratory.com+%22Lee+Denture+Lab%22+dental+dentist+patients,Verify current patient-facing dental service for this exact profile and address; a shared domain alone is not a decision.
70,profile:Buffalo_NY_L:google:cid:17955257316026171728,Buffalo_NY_L,google:cid:17955257316026171728,"Buffalo Family Chiropractic Wellness, P.C.","369 Delaware Ave, Buffalo, NY 14202",maps_core,Chiropractor,needs_category_review,unreviewed_or_conflicting_category_evidence,exclude_non_dentist_category|include_dental_provider,,,,,,eligibility_group:dedfc745d89f2414,unknown,,Chiropractor,,,,,external_evidence_required,category and title evidence do not support a safe batch suggestion,False,+1716-854-1563,livewellbuffalo.com,https://livewellbuffalo.com/,60.0,42.8943384,-78.87533859999999,False,https://www.google.com/maps?cid=17955257316026171728,website_then_google_profile,livewellbuffalo.com,eligibility_review_block:d02060af39cc78df,singleton_profile,"Fill this row only when it is an exception to a reviewed group decision, or when its group is marked individual_review.",1,direct_website_singleton,2,"""Buffalo Family Chiropractic Wellness, P.C."" ""369 Delaware Ave, Buffalo, NY 14202"" ""+1716-854-1563"" dentist dental patients",https://www.google.com/search?q=%22Buffalo+Family+Chiropractic+Wellness%2C+P.C.%22+%22369+Delaware+Ave%2C+Buffalo%2C+NY+14202%22+%22%2B1716-854-1563%22+dentist+dental+patients,"site:livewellbuffalo.com ""Buffalo Family Chiropractic Wellness, P.C."" dental dentist patients",https://www.google.com/search?q=site%3Alivewellbuffalo.com+%22Buffalo+Family+Chiropractic+Wellness%2C+P.C.%22+dental+dentist+patients,Verify current patient-facing dental service for this exact profile and address; a shared domain alone is not a decision.
71,profile:NYC_NY_L:google:cid:10654524086348142840,NYC_NY_L,google:cid:10654524086348142840,Long Island Denture Center,"142 Union Ave, Lynbrook, NY 11563",business_listings,Denture care center,needs_category_review,unreviewed_or_conflicting_category_evidence,exclude_non_dentist_category|include_dental_provider,,,,,,eligibility_group:fe4a0b2a99a6e2f0,unknown,,Denture care center,,,,,external_evidence_required,category and title evidence do not support a safe batch suggestion,False,+1516-905-3368,longislanddenturecenter.com,https://longislanddenturecenter.com/,2.0,40.6497456,-73.67539579999999,False,https://www.google.com/maps?cid=10654524086348142840,website_then_google_profile,longislanddenturecenter.com,eligibility_review_block:4b83727581ef5e9d,singleton_profile,"Fill this row only when it is an exception to a reviewed group decision, or when its group is marked individual_review.",1,direct_website_singleton,2,"""Long Island Denture Center"" ""142 Union Ave, Lynbrook, NY 11563"" ""+1516-905-3368"" dentist dental patients",https://www.google.com/search?q=%22Long+Island+Denture+Center%22+%22142+Union+Ave%2C+Lynbrook%2C+NY+11563%22+%22%2B1516-905-3368%22+dentist+dental+patients,"site:longislanddenturecenter.com ""Long Island Denture Center"" dental dentist patients",https://www.google.com/search?q=site%3Alongislanddenturecenter.com+%22Long+Island+Denture+Center%22+dental+dentist+patients,Verify current patient-facing dental service for this exact profile and address; a shared domain alone is not a decision.
72,profile:SanFrancisco_CA_L:google:cid:3260818236341142390,SanFrancisco_CA_L,google:cid:3260818236341142390,Lyon-Martin Community Health Services,"1735 Mission St, San Francisco, CA 94103",maps_core,Medical clinic,needs_category_review,unreviewed_or_conflicting_category_evidence,exclude_non_dentist_category|include_dental_provider,,,,,,eligibility_group:504917ff371eb69d,manual_review,Medical clinic: Category alone does not establish whether dental care is provided,,,,,,external_evidence_required,category and title evidence do not support a safe batch suggestion,False,+1415-565-7667,lyon-martin.org,http://lyon-martin.org/,63.0,37.7693726,-122.4197856,False,https://www.google.com/maps?cid=3260818236341142390,website_then_google_profile,lyon-martin.org,eligibility_review_block:c85be1a121dd115f,singleton_profile,"Fill this row only when it is an exception to a reviewed group decision, or when its group is marked individual_review.",1,direct_website_singleton,2,"""Lyon-Martin Community Health Services"" ""1735 Mission St, San Francisco, CA 94103"" ""+1415-565-7667"" dentist dental patients",https://www.google.com/search?q=%22Lyon-Martin+Community+Health+Services%22+%221735+Mission+St%2C+San+Francisco%2C+CA+94103%22+%22%2B1415-565-7667%22+dentist+dental+patients,"site:lyon-martin.org ""Lyon-Martin Community Health Services"" dental dentist patients",https://www.google.com/search?q=site%3Alyon-martin.org+%22Lyon-Martin+Community+Health+Services%22+dental+dentist+patients,Verify current patient-facing dental service for this exact profile and address; a shared domain alone is not a decision.
73,profile:Macon_GA_M:google:cid:14174239940159880544,Macon_GA_M,google:cid:14174239940159880544,Macon Holistic,"1080 3rd St Ste 200, Macon, GA 31201",maps_core,Acupuncture clinic,needs_category_review,unreviewed_or_conflicting_category_evidence,exclude_non_dentist_category|include_dental_provider,,,,,,eligibility_group:11aa1e916db1aa85,unknown,,Acupuncture clinic,,,,,external_evidence_required,category and title evidence do not support a safe batch suggestion,False,+1478-284-1576,maconholistic.com,http://maconholistic.com/,37.0,32.8279774,-83.6333236,False,https://www.google.com/maps?cid=14174239940159880544,website_then_google_profile,maconholistic.com,eligibility_review_block:fde81239f988589c,singleton_profile,"Fill this row only when it is an exception to a reviewed group decision, or when its group is marked individual_review.",1,direct_website_singleton,2,"""Macon Holistic"" ""1080 3rd St Ste 200, Macon, GA 31201"" ""+1478-284-1576"" dentist dental patients",https://www.google.com/search?q=%22Macon+Holistic%22+%221080+3rd+St+Ste+200%2C+Macon%2C+GA+31201%22+%22%2B1478-284-1576%22+dentist+dental+patients,"site:maconholistic.com ""Macon Holistic"" dental dentist patients",https://www.google.com/search?q=site%3Amaconholistic.com+%22Macon+Holistic%22+dental+dentist+patients,Verify current patient-facing dental service for this exact profile and address; a shared domain alone is not a decision.
74,profile:NYC_NY_L:google:cid:12734663689420348493,NYC_NY_L,google:cid:12734663689420348493,Meadow Park Rehab & Healthcare,"78-10 164th St, Fresh Meadows, NY 11366",business_listings,Nursing home,needs_category_review,unreviewed_or_conflicting_category_evidence,exclude_non_dentist_category|include_dental_provider,,,,,,eligibility_group:0ec14e66a4663c8f,unknown,,Nursing home,,,,,external_evidence_required,category and title evidence do not support a safe batch suggestion,False,+1718-591-8300,meadowparkrehab.com,http://meadowparkrehab.com/,239.0,40.722552,-73.8049346,False,https://www.google.com/maps?cid=12734663689420348493,website_then_google_profile,meadowparkrehab.com,eligibility_review_block:6f72609514868811,singleton_profile,"Fill this row only when it is an exception to a reviewed group decision, or when its group is marked individual_review.",1,direct_website_singleton,2,"""Meadow Park Rehab & Healthcare"" ""78-10 164th St, Fresh Meadows, NY 11366"" ""+1718-591-8300"" dentist dental patients",https://www.google.com/search?q=%22Meadow+Park+Rehab+%26+Healthcare%22+%2278-10+164th+St%2C+Fresh+Meadows%2C+NY+11366%22+%22%2B1718-591-8300%22+dentist+dental+patients,"site:meadowparkrehab.com ""Meadow Park Rehab & Healthcare"" dental dentist patients",https://www.google.com/search?q=site%3Ameadowparkrehab.com+%22Meadow+Park+Rehab+%26+Healthcare%22+dental+dentist+patients,Verify current patient-facing dental service for this exact profile and address; a shared domain alone is not a decision.
75,profile:FortBragg_CA_S:google:cid:14917014621510948541,FortBragg_CA_S,google:cid:14917014621510948541,"Mendocino Coast Clinics, Inc","205 South St, Fort Bragg, CA 95437",maps_core|maps_specialist,Medical clinic,needs_category_review,unreviewed_or_conflicting_category_evidence,exclude_non_dentist_category|include_dental_provider,,,,,,eligibility_group:504917ff371eb69d,manual_review,Medical clinic: Category alone does not establish whether dental care is provided,,,,,,external_evidence_required,category and title evidence do not support a safe batch suggestion,False,+1707-964-1251,mendocinocoastclinics.org,http://mendocinocoastclinics.org/,39.0,39.4316044,-123.8037061,False,https://www.google.com/maps?cid=14917014621510948541,website_then_google_profile,mendocinocoastclinics.org,eligibility_review_block:2339edbd9a7901c4,singleton_profile,"Fill this row only when it is an exception to a reviewed group decision, or when its group is marked individual_review.",1,direct_website_singleton,2,"""Mendocino Coast Clinics, Inc"" ""205 South St, Fort Bragg, CA 95437"" ""+1707-964-1251"" dentist dental patients",https://www.google.com/search?q=%22Mendocino+Coast+Clinics%2C+Inc%22+%22205+South+St%2C+Fort+Bragg%2C+CA+95437%22+%22%2B1707-964-1251%22+dentist+dental+patients,"site:mendocinocoastclinics.org ""Mendocino Coast Clinics, Inc"" dental dentist patients",https://www.google.com/search?q=site%3Amendocinocoastclinics.org+%22Mendocino+Coast+Clinics%2C+Inc%22+dental+dentist+patients,Verify current patient-facing dental service for this exact profile and address; a shared domain alone is not a decision.
76,profile:Atlanta_GA_L:google:cid:16152439090923692825,Atlanta_GA_L,google:cid:16152439090923692825,Mercy Care at Gateway Center,"275 Pryor St SW, Atlanta, GA 30303",maps_core,Medical clinic,needs_category_review,unreviewed_or_conflicting_category_evidence,exclude_non_dentist_category|include_dental_provider,,,,,,eligibility_group:504917ff371eb69d,manual_review,Medical clinic: Category alone does not establish whether dental care is provided,,,,,,external_evidence_required,category and title evidence do not support a safe batch suggestion,False,+1678-843-8600,mercyatlanta.org,http://mercyatlanta.org/LOCATION_GATEWAY_CENTER,15.0,33.7475406,-84.3943666,False,https://www.google.com/maps?cid=16152439090923692825,website_then_google_profile,mercyatlanta.org,eligibility_review_block:1b757650ef12cc79,singleton_profile,"Fill this row only when it is an exception to a reviewed group decision, or when its group is marked individual_review.",1,direct_website_singleton,2,"""Mercy Care at Gateway Center"" ""275 Pryor St SW, Atlanta, GA 30303"" ""+1678-843-8600"" dentist dental patients",https://www.google.com/search?q=%22Mercy+Care+at+Gateway+Center%22+%22275+Pryor+St+SW%2C+Atlanta%2C+GA+30303%22+%22%2B1678-843-8600%22+dentist+dental+patients,"site:mercyatlanta.org ""Mercy Care at Gateway Center"" dental dentist patients",https://www.google.com/search?q=site%3Amercyatlanta.org+%22Mercy+Care+at+Gateway+Center%22+dental+dentist+patients,Verify current patient-facing dental service for this exact profile and address; a shared domain alone is not a decision.
77,profile:Augusta_GA_L:google:cid:17592610386023037987,Augusta_GA_L,google:cid:17592610386023037987,Druid Park Community Health Center,"1018 Druid Park Ave, Augusta, GA 30904",maps_core,Medical clinic,needs_category_review,unreviewed_or_conflicting_category_evidence,exclude_non_dentist_category|include_dental_provider,,,,,,eligibility_group:504917ff371eb69d,manual_review,Medical clinic: Category alone does not establish whether dental care is provided,,,,,,external_evidence_required,category and title evidence do not support a safe batch suggestion,False,+1706-738-0455,mirmakmin.com,https://mirmakmin.com/,28.0,33.4738714,-81.9960672,False,https://www.google.com/maps?cid=17592610386023037987,website_then_google_profile,mirmakmin.com,eligibility_review_block:d7bb651c0151370c,singleton_profile,"Fill this row only when it is an exception to a reviewed group decision, or when its group is marked individual_review.",1,direct_website_singleton,2,"""Druid Park Community Health Center"" ""1018 Druid Park Ave, Augusta, GA 30904"" ""+1706-738-0455"" dentist dental patients",https://www.google.com/search?q=%22Druid+Park+Community+Health+Center%22+%221018+Druid+Park+Ave%2C+Augusta%2C+GA+30904%22+%22%2B1706-738-0455%22+dentist+dental+patients,"site:mirmakmin.com ""Druid Park Community Health Center"" dental dentist patients",https://www.google.com/search?q=site%3Amirmakmin.com+%22Druid+Park+Community+Health+Center%22+dental+dentist+patients,Verify current patient-facing dental service for this exact profile and address; a shared domain alone is not a decision.
78,profile:NYC_NY_L:google:cid:295538574977635025,NYC_NY_L,google:cid:295538574977635025,Dr. Lawrence Weiss,"9323 Avenue L, Brooklyn, NY 11236",business_listings,Medical clinic,needs_category_review,unreviewed_or_conflicting_category_evidence,exclude_non_dentist_category|include_dental_provider,,,,,,eligibility_group:504917ff371eb69d,manual_review,Medical clinic: Category alone does not establish whether dental care is provided,,,,,,external_evidence_required,category and title evidence do not support a safe batch suggestion,False,+1718-531-9100,newyorkfamilydentistry.com,https://newyorkfamilydentistry.com/about_us/doctor_weiss/,,40.637236,-73.8978645,False,https://www.google.com/maps?cid=295538574977635025,website_then_google_profile,newyorkfamilydentistry.com,eligibility_review_block:6f6fe3623feb01f7,singleton_profile,"Fill this row only when it is an exception to a reviewed group decision, or when its group is marked individual_review.",1,direct_website_singleton,2,"""Dr. Lawrence Weiss"" ""9323 Avenue L, Brooklyn, NY 11236"" ""+1718-531-9100"" dentist dental patients",https://www.google.com/search?q=%22Dr.+Lawrence+Weiss%22+%229323+Avenue+L%2C+Brooklyn%2C+NY+11236%22+%22%2B1718-531-9100%22+dentist+dental+patients,"site:newyorkfamilydentistry.com ""Dr. Lawrence Weiss"" dental dentist patients",https://www.google.com/search?q=site%3Anewyorkfamilydentistry.com+%22Dr.+Lawrence+Weiss%22+dental+dentist+patients,Verify current patient-facing dental service for this exact profile and address; a shared domain alone is not a decision.
79,profile:NYC_NY_L:google:cid:14013165419560239248,NYC_NY_L,google:cid:14013165419560239248,New York Sleep Solutions,"265 Madison Ave 3rd floor, New York, NY 10016",business_listings,Sleep clinic,needs_category_review,unreviewed_or_conflicting_category_evidence,exclude_non_dentist_category|include_dental_provider,,,,,,eligibility_group:d73fe04c4858867b,unknown,,Sleep clinic,,,,,external_evidence_required,category and title evidence do not support a safe batch suggestion,False,+1212-540-1622,nysleepsolutions.com,https://nysleepsolutions.com/,10.0,40.750899,-73.980313,False,https://www.google.com/maps?cid=14013165419560239248,website_then_google_profile,nysleepsolutions.com,eligibility_review_block:626ecc10d472452a,singleton_profile,"Fill this row only when it is an exception to a reviewed group decision, or when its group is marked individual_review.",1,direct_website_singleton,2,"""New York Sleep Solutions"" ""265 Madison Ave 3rd floor, New York, NY 10016"" ""+1212-540-1622"" dentist dental patients",https://www.google.com/search?q=%22New+York+Sleep+Solutions%22+%22265+Madison+Ave+3rd+floor%2C+New+York%2C+NY+10016%22+%22%2B1212-540-1622%22+dentist+dental+patients,"site:nysleepsolutions.com ""New York Sleep Solutions"" dental dentist patients",https://www.google.com/search?q=site%3Anysleepsolutions.com+%22New+York+Sleep+Solutions%22+dental+dentist+patients,Verify current patient-facing dental service for this exact profile and address; a shared domain alone is not a decision.
80,profile:NYC_NY_L:google:cid:7749441387408078850,NYC_NY_L,google:cid:7749441387408078850,NYU Lutheran Family Health Centers Brooklyn-Chinese,"5008 7th Ave, Brooklyn, NY 11220",business_listings,Medical clinic,needs_category_review,unreviewed_or_conflicting_category_evidence,exclude_non_dentist_category|include_dental_provider,,,,,,eligibility_group:504917ff371eb69d,manual_review,Medical clinic: Category alone does not establish whether dental care is provided,,,,,,external_evidence_required,category and title evidence do not support a safe batch suggestion,False,+1718-210-1030,nyulangone.org,https://nyulangone.org/locations/seventh-avenue-family-health-center-at-nyu-langone,50.0,40.6423881,-74.006221,False,https://www.google.com/maps?cid=7749441387408078850,website_then_google_profile,nyulangone.org,eligibility_review_block:64e19383c95c8e70,singleton_profile,"Fill this row only when it is an exception to a reviewed group decision, or when its group is marked individual_review.",1,direct_website_singleton,2,"""NYU Lutheran Family Health Centers Brooklyn-Chinese"" ""5008 7th Ave, Brooklyn, NY 11220"" ""+1718-210-1030"" dentist dental patients",https://www.google.com/search?q=%22NYU+Lutheran+Family+Health+Centers+Brooklyn-Chinese%22+%225008+7th+Ave%2C+Brooklyn%2C+NY+11220%22+%22%2B1718-210-1030%22+dentist+dental+patients,"site:nyulangone.org ""NYU Lutheran Family Health Centers Brooklyn-Chinese"" dental dentist patients",https://www.google.com/search?q=site%3Anyulangone.org+%22NYU+Lutheran+Family+Health+Centers+Brooklyn-Chinese%22+dental+dentist+patients,Verify current patient-facing dental service for this exact profile and address; a shared domain alone is not a decision.
81,profile:NYC_NY_L:google:cid:15144409111980064554,NYC_NY_L,google:cid:15144409111980064554,ODA Crown Heights,"779 E New York Ave, Brooklyn, NY 11203",business_listings,Community health center,needs_category_review,unreviewed_or_conflicting_category_evidence,exclude_non_dentist_category|include_dental_provider,,,,,,eligibility_group:75eedbc19c8622b7,manual_review,Community health center: Category alone does not establish whether dental care is provided,,,,,,external_evidence_required,category and title evidence do not support a safe batch suggestion,False,+1718-260-4670,odahealth.org,https://odahealth.org/locations/oda-crown-heights.html,75.0,40.6625692,-73.9366833,False,https://www.google.com/maps?cid=15144409111980064554,website_then_google_profile,odahealth.org,eligibility_review_block:b8ec56fa7baff676,singleton_profile,"Fill this row only when it is an exception to a reviewed group decision, or when its group is marked individual_review.",1,direct_website_singleton,2,"""ODA Crown Heights"" ""779 E New York Ave, Brooklyn, NY 11203"" ""+1718-260-4670"" dentist dental patients",https://www.google.com/search?q=%22ODA+Crown+Heights%22+%22779+E+New+York+Ave%2C+Brooklyn%2C+NY+11203%22+%22%2B1718-260-4670%22+dentist+dental+patients,"site:odahealth.org ""ODA Crown Heights"" dental dentist patients",https://www.google.com/search?q=site%3Aodahealth.org+%22ODA+Crown+Heights%22+dental+dentist+patients,Verify current patient-facing dental service for this exact profile and address; a shared domain alone is not a decision.
82,profile:NYC_NY_L:google:cid:14748533435362658906,NYC_NY_L,google:cid:14748533435362658906,One Hanson Place,"One Hanson Pl, Brooklyn, NY 11243",business_listings,Condominium complex,needs_category_review,unreviewed_or_conflicting_category_evidence,exclude_non_dentist_category|include_dental_provider,,,,,,eligibility_group:690588d673aff3e0,unknown,,Condominium complex,,,,,external_evidence_required,category and title evidence do not support a safe batch suggestion,False,+1718-783-6608,onehansonplace.nyc,https://onehansonplace.nyc/,12.0,40.6852379,-73.9776115,False,https://www.google.com/maps?cid=14748533435362658906,website_then_google_profile,onehansonplace.nyc,eligibility_review_block:e90333fd6db06aae,singleton_profile,"Fill this row only when it is an exception to a reviewed group decision, or when its group is marked individual_review.",1,direct_website_singleton,2,"""One Hanson Place"" ""One Hanson Pl, Brooklyn, NY 11243"" ""+1718-783-6608"" dentist dental patients",https://www.google.com/search?q=%22One+Hanson+Place%22+%22One+Hanson+Pl%2C+Brooklyn%2C+NY+11243%22+%22%2B1718-783-6608%22+dentist+dental+patients,"site:onehansonplace.nyc ""One Hanson Place"" dental dentist patients",https://www.google.com/search?q=site%3Aonehansonplace.nyc+%22One+Hanson+Place%22+dental+dentist+patients,Verify current patient-facing dental service for this exact profile and address; a shared domain alone is not a decision.
83,profile:Eureka_CA_S:google:cid:12163677498635139494,Eureka_CA_S,google:cid:12163677498635139494,Open door clinic,"3rd St, Eureka, CA 95501",maps_core,Medical clinic,needs_category_review,unreviewed_or_conflicting_category_evidence,exclude_non_dentist_category|include_dental_provider,,,,,,eligibility_group:504917ff371eb69d,manual_review,Medical clinic: Category alone does not establish whether dental care is provided,,,,,,external_evidence_required,category and title evidence do not support a safe batch suggestion,False,+1707-443-4666,opendoorhealth.com,https://opendoorhealth.com/,3.0,40.804664,-124.1587569,False,https://www.google.com/maps?cid=12163677498635139494,website_then_google_profile,opendoorhealth.com,eligibility_review_block:619971a47933ebbf,singleton_profile,"Fill this row only when it is an exception to a reviewed group decision, or when its group is marked individual_review.",1,direct_website_singleton,2,"""Open door clinic"" ""3rd St, Eureka, CA 95501"" ""+1707-443-4666"" dentist dental patients",https://www.google.com/search?q=%22Open+door+clinic%22+%223rd+St%2C+Eureka%2C+CA+95501%22+%22%2B1707-443-4666%22+dentist+dental+patients,"site:opendoorhealth.com ""Open door clinic"" dental dentist patients",https://www.google.com/search?q=site%3Aopendoorhealth.com+%22Open+door+clinic%22+dental+dentist+patients,Verify current patient-facing dental service for this exact profile and address; a shared domain alone is not a decision.
84,profile:NYC_NY_L:google:cid:9088123712092137469,NYC_NY_L,google:cid:9088123712092137469,Center for Hemifacial Microsomia and Ear Deformities,"1991 Marcus Ave #102, North New Hyde Park, NY 11042",business_listings,Pediatric ophthalmologist,needs_category_review,unreviewed_or_conflicting_category_evidence,exclude_non_dentist_category|include_dental_provider,,,,,,eligibility_group:2e00f425af73d508,unknown,,Pediatric ophthalmologist,,,,,external_evidence_required,category and title evidence do not support a safe batch suggestion,False,+1516-497-7900,pediatrics.northwell.edu,https://pediatrics.northwell.edu/departments-services/center-for-hemifacial-microsomia-ear-deformities?utm_source=provider_listing&utm_medium=partner&utm_campaign=yext,,40.7553484,-73.6915918,False,https://www.google.com/maps?cid=9088123712092137469,website_then_google_profile,pediatrics.northwell.edu,eligibility_review_block:8a887994f814d1e9,singleton_profile,"Fill this row only when it is an exception to a reviewed group decision, or when its group is marked individual_review.",1,direct_website_singleton,2,"""Center for Hemifacial Microsomia and Ear Deformities"" ""1991 Marcus Ave #102, North New Hyde Park, NY 11042"" ""+1516-497-7900"" dentist dental patients",https://www.google.com/search?q=%22Center+for+Hemifacial+Microsomia+and+Ear+Deformities%22+%221991+Marcus+Ave+%23102%2C+North+New+Hyde+Park%2C+NY+11042%22+%22%2B1516-497-7900%22+dentist+dental+patients,"site:pediatrics.northwell.edu ""Center for Hemifacial Microsomia and Ear Deformities"" dental dentist patients",https://www.google.com/search?q=site%3Apediatrics.northwell.edu+%22Center+for+Hemifacial+Microsomia+and+Ear+Deformities%22+dental+dentist+patients,Verify current patient-facing dental service for this exact profile and address; a shared domain alone is not a decision.
85,profile:Toccoa_GA_S:google:cid:13320476754117954318,Toccoa_GA_S,google:cid:13320476754117954318,Stephens County Health Department,"64 N Blvd, Toccoa, GA 30577",maps_core,Health,needs_category_review,unreviewed_or_conflicting_category_evidence,exclude_non_dentist_category|include_dental_provider,,,,,,eligibility_group:996c37683b16ba16,unknown,,Health,,,,,external_evidence_required,category and title evidence do not support a safe batch suggestion,False,+1706-282-4507,phdistrict2.org,https://phdistrict2.org/stephens-county-health-department/,13.0,34.581581799999995,-83.3145165,False,https://www.google.com/maps?cid=13320476754117954318,website_then_google_profile,phdistrict2.org,eligibility_review_block:25a091681609301a,singleton_profile,"Fill this row only when it is an exception to a reviewed group decision, or when its group is marked individual_review.",1,direct_website_singleton,2,"""Stephens County Health Department"" ""64 N Blvd, Toccoa, GA 30577"" ""+1706-282-4507"" dentist dental patients",https://www.google.com/search?q=%22Stephens+County+Health+Department%22+%2264+N+Blvd%2C+Toccoa%2C+GA+30577%22+%22%2B1706-282-4507%22+dentist+dental+patients,"site:phdistrict2.org ""Stephens County Health Department"" dental dentist patients",https://www.google.com/search?q=site%3Aphdistrict2.org+%22Stephens+County+Health+Department%22+dental+dentist+patients,Verify current patient-facing dental service for this exact profile and address; a shared domain alone is not a decision.
86,profile:Eureka_CA_S:google:cid:10342098488761581509,Eureka_CA_S,google:cid:10342098488761581509,Pure Makeup Studio & Med Spa,"522 F St, Eureka, CA 95501",maps_core,Make-up artist,needs_category_review,unreviewed_or_conflicting_category_evidence,exclude_non_dentist_category|include_dental_provider,,,,,,eligibility_group:951745147fdc1790,unknown,,Make-up artist,,,,,external_evidence_required,category and title evidence do not support a safe batch suggestion,False,+1707-442-9200,puremakeupstore.com,http://puremakeupstore.com/,8.0,40.8013764,-124.1661406,False,https://www.google.com/maps?cid=10342098488761581509,website_then_google_profile,puremakeupstore.com,eligibility_review_block:bc1100121070e6f7,singleton_profile,"Fill this row only when it is an exception to a reviewed group decision, or when its group is marked individual_review.",1,direct_website_singleton,2,"""Pure Makeup Studio & Med Spa"" ""522 F St, Eureka, CA 95501"" ""+1707-442-9200"" dentist dental patients",https://www.google.com/search?q=%22Pure+Makeup+Studio+%26+Med+Spa%22+%22522+F+St%2C+Eureka%2C+CA+95501%22+%22%2B1707-442-9200%22+dentist+dental+patients,"site:puremakeupstore.com ""Pure Makeup Studio & Med Spa"" dental dentist patients",https://www.google.com/search?q=site%3Apuremakeupstore.com+%22Pure+Makeup+Studio+%26+Med+Spa%22+dental+dentist+patients,Verify current patient-facing dental service for this exact profile and address; a shared domain alone is not a decision.
87,profile:NYC_NY_L:google:cid:5575282571407485970,NYC_NY_L,google:cid:5575282571407485970,Rambam Family Health Center,"1122 Chestnut Ave, Brooklyn, NY 11230",business_listings,Medical clinic,needs_category_review,unreviewed_or_conflicting_category_evidence,exclude_non_dentist_category|include_dental_provider,,,,,,eligibility_group:504917ff371eb69d,manual_review,Medical clinic: Category alone does not establish whether dental care is provided,,,,,,external_evidence_required,category and title evidence do not support a safe batch suggestion,False,+1718-942-3888,rambamfamilyhealth.org,https://rambamfamilyhealth.org/,1289.0,40.6173075,-73.9633279,False,https://www.google.com/maps?cid=5575282571407485970,website_then_google_profile,rambamfamilyhealth.org,eligibility_review_block:f108bac8548a4db0,singleton_profile,"Fill this row only when it is an exception to a reviewed group decision, or when its group is marked individual_review.",1,direct_website_singleton,2,"""Rambam Family Health Center"" ""1122 Chestnut Ave, Brooklyn, NY 11230"" ""+1718-942-3888"" dentist dental patients",https://www.google.com/search?q=%22Rambam+Family+Health+Center%22+%221122+Chestnut+Ave%2C+Brooklyn%2C+NY+11230%22+%22%2B1718-942-3888%22+dentist+dental+patients,"site:rambamfamilyhealth.org ""Rambam Family Health Center"" dental dentist patients",https://www.google.com/search?q=site%3Arambamfamilyhealth.org+%22Rambam+Family+Health+Center%22+dental+dentist+patients,Verify current patient-facing dental service for this exact profile and address; a shared domain alone is not a decision.
88,profile:NYC_NY_L:google:cid:9768454306702895582,NYC_NY_L,google:cid:9768454306702895582,Dr. Omid Arastehmanesh,"5313 New Utrecht Ave, Brooklyn, NY 11219",business_listings,Medical clinic,needs_category_review,unreviewed_or_conflicting_category_evidence,exclude_non_dentist_category|include_dental_provider,,,,,,eligibility_group:504917ff371eb69d,manual_review,Medical clinic: Category alone does not establish whether dental care is provided,,,,,,external_evidence_required,category and title evidence do not support a safe batch suggestion,False,+1718-435-3400,refuahfamilydental.com,https://refuahfamilydental.com/,,40.6327364,-73.9950203,False,https://www.google.com/maps?cid=9768454306702895582,website_then_google_profile,refuahfamilydental.com,eligibility_review_block:56c2836cb025a52a,singleton_profile,"Fill this row only when it is an exception to a reviewed group decision, or when its group is marked individual_review.",1,direct_website_singleton,2,"""Dr. Omid Arastehmanesh"" ""5313 New Utrecht Ave, Brooklyn, NY 11219"" ""+1718-435-3400"" dentist dental patients",https://www.google.com/search?q=%22Dr.+Omid+Arastehmanesh%22+%225313+New+Utrecht+Ave%2C+Brooklyn%2C+NY+11219%22+%22%2B1718-435-3400%22+dentist+dental+patients,"site:refuahfamilydental.com ""Dr. Omid Arastehmanesh"" dental dentist patients",https://www.google.com/search?q=site%3Arefuahfamilydental.com+%22Dr.+Omid+Arastehmanesh%22+dental+dentist+patients,Verify current patient-facing dental service for this exact profile and address; a shared domain alone is not a decision.
89,profile:NYC_NY_L:google:cid:10128345118129549676,NYC_NY_L,google:cid:10128345118129549676,Restful Sleep Solution,"1725 Sheepshead Bay Rd, Brooklyn, NY 11235",business_listings,Sleep clinic,needs_category_review,unreviewed_or_conflicting_category_evidence,exclude_non_dentist_category|include_dental_provider,,,,,,eligibility_group:d73fe04c4858867b,unknown,,Sleep clinic,,,,,external_evidence_required,category and title evidence do not support a safe batch suggestion,False,+1718-872-7830,restfulsleepsolution.com,https://restfulsleepsolution.com/contact-us,,40.5853505,-73.951194,False,https://www.google.com/maps?cid=10128345118129549676,website_then_google_profile,restfulsleepsolution.com,eligibility_review_block:8ae10c691fbd5a9e,singleton_profile,"Fill this row only when it is an exception to a reviewed group decision, or when its group is marked individual_review.",1,direct_website_singleton,2,"""Restful Sleep Solution"" ""1725 Sheepshead Bay Rd, Brooklyn, NY 11235"" ""+1718-872-7830"" dentist dental patients",https://www.google.com/search?q=%22Restful+Sleep+Solution%22+%221725+Sheepshead+Bay+Rd%2C+Brooklyn%2C+NY+11235%22+%22%2B1718-872-7830%22+dentist+dental+patients,"site:restfulsleepsolution.com ""Restful Sleep Solution"" dental dentist patients",https://www.google.com/search?q=site%3Arestfulsleepsolution.com+%22Restful+Sleep+Solution%22+dental+dentist+patients,Verify current patient-facing dental service for this exact profile and address; a shared domain alone is not a decision.
90,profile:LA_CA_L:google:cid:3440383556425355901,LA_CA_L,google:cid:3440383556425355901,ROADS Community Clinic - East Long Beach,"4800 E Los Coyotes Diagonal, Long Beach, CA 90815",business_listings,Medical clinic,needs_category_review,unreviewed_or_conflicting_category_evidence,exclude_non_dentist_category|include_dental_provider,,,,,,eligibility_group:504917ff371eb69d,manual_review,Medical clinic: Category alone does not establish whether dental care is provided,,,,,,external_evidence_required,category and title evidence do not support a safe batch suggestion,False,+1562-506-1313,roadsfoundation.org,https://roadsfoundation.org/,55.0,33.7928638,-118.1375988,False,https://www.google.com/maps?cid=3440383556425355901,website_then_google_profile,roadsfoundation.org,eligibility_review_block:21627077b3f38f67,singleton_profile,"Fill this row only when it is an exception to a reviewed group decision, or when its group is marked individual_review.",1,direct_website_singleton,2,"""ROADS Community Clinic - East Long Beach"" ""4800 E Los Coyotes Diagonal, Long Beach, CA 90815"" ""+1562-506-1313"" dentist dental patients",https://www.google.com/search?q=%22ROADS+Community+Clinic+-+East+Long+Beach%22+%224800+E+Los+Coyotes+Diagonal%2C+Long+Beach%2C+CA+90815%22+%22%2B1562-506-1313%22+dentist+dental+patients,"site:roadsfoundation.org ""ROADS Community Clinic - East Long Beach"" dental dentist patients",https://www.google.com/search?q=site%3Aroadsfoundation.org+%22ROADS+Community+Clinic+-+East+Long+Beach%22+dental+dentist+patients,Verify current patient-facing dental service for this exact profile and address; a shared domain alone is not a decision.
91,profile:LA_CA_L:google:cid:2699669743953774124,LA_CA_L,google:cid:2699669743953774124,St. John’s Community Health - Leavey-OB Clinic,"3628 E Imperial Hwy #301, Lynwood, CA 90262",business_listings,Family planning center,needs_category_review,unreviewed_or_conflicting_category_evidence,exclude_non_dentist_category|include_dental_provider,,,,,,eligibility_group:557fbafaadfc06c0,unknown,,Family planning center,,,,,external_evidence_required,category and title evidence do not support a safe batch suggestion,False,+1323-541-1411,sjch.org,http://sjch.org/find-a-clinic/,201.0,33.9304969,-118.2043075,False,https://www.google.com/maps?cid=2699669743953774124,website_then_google_profile,sjch.org,eligibility_review_block:efdc144592ed2f22,singleton_profile,"Fill this row only when it is an exception to a reviewed group decision, or when its group is marked individual_review.",1,direct_website_singleton,2,"""St. John’s Community Health - Leavey-OB Clinic"" ""3628 E Imperial Hwy #301, Lynwood, CA 90262"" ""+1323-541-1411"" dentist dental patients",https://www.google.com/search?q=%22St.+John%E2%80%99s+Community+Health+-+Leavey-OB+Clinic%22+%223628+E+Imperial+Hwy+%23301%2C+Lynwood%2C+CA+90262%22+%22%2B1323-541-1411%22+dentist+dental+patients,"site:sjch.org ""St. John’s Community Health - Leavey-OB Clinic"" dental dentist patients",https://www.google.com/search?q=site%3Asjch.org+%22St.+John%E2%80%99s+Community+Health+-+Leavey-OB+Clinic%22+dental+dentist+patients,Verify current patient-facing dental service for this exact profile and address; a shared domain alone is not a decision.
92,profile:LA_CA_L:google:cid:16921693145374816641,LA_CA_L,google:cid:16921693145374816641,St. John’s Community Health Warner Traynham Clinic,"326 W 23rd St, Los Angeles, CA 90007",business_listings,Medical clinic,needs_category_review,unreviewed_or_conflicting_category_evidence,exclude_non_dentist_category|include_dental_provider,,,,,,eligibility_group:504917ff371eb69d,manual_review,Medical clinic: Category alone does not establish whether dental care is provided,,,,,,external_evidence_required,category and title evidence do not support a safe batch suggestion,False,+1323-541-1411,sjch.org,https://sjch.org/,394.0,34.029281,-118.2715524,False,https://www.google.com/maps?cid=16921693145374816641,website_then_google_profile,sjch.org,eligibility_review_block:273162d348b497fb,singleton_profile,"Fill this row only when it is an exception to a reviewed group decision, or when its group is marked individual_review.",1,direct_website_singleton,2,"""St. John’s Community Health Warner Traynham Clinic"" ""326 W 23rd St, Los Angeles, CA 90007"" ""+1323-541-1411"" dentist dental patients",https://www.google.com/search?q=%22St.+John%E2%80%99s+Community+Health+Warner+Traynham+Clinic%22+%22326+W+23rd+St%2C+Los+Angeles%2C+CA+90007%22+%22%2B1323-541-1411%22+dentist+dental+patients,"site:sjch.org ""St. John’s Community Health Warner Traynham Clinic"" dental dentist patients",https://www.google.com/search?q=site%3Asjch.org+%22St.+John%E2%80%99s+Community+Health+Warner+Traynham+Clinic%22+dental+dentist+patients,Verify current patient-facing dental service for this exact profile and address; a shared domain alone is not a decision.
93,profile:LA_CA_L:google:cid:5839081733048392970,LA_CA_L,google:cid:5839081733048392970,ZendyHealth,"1200 Santee St #201, Los Angeles, CA 90015",business_listings,Medical clinic,needs_category_review,unreviewed_or_conflicting_category_evidence,exclude_non_dentist_category|include_dental_provider,,,,,,eligibility_group:504917ff371eb69d,manual_review,Medical clinic: Category alone does not establish whether dental care is provided,,,,,,external_evidence_required,category and title evidence do not support a safe batch suggestion,False,+1855-699-3639,specials.zendyhealth.com,https://specials.zendyhealth.com/hsabank/,5.0,34.0359797,-118.2573566,False,https://www.google.com/maps?cid=5839081733048392970,website_then_google_profile,specials.zendyhealth.com,eligibility_review_block:498b511e0b067451,singleton_profile,"Fill this row only when it is an exception to a reviewed group decision, or when its group is marked individual_review.",1,direct_website_singleton,2,"""ZendyHealth"" ""1200 Santee St #201, Los Angeles, CA 90015"" ""+1855-699-3639"" dentist dental patients",https://www.google.com/search?q=%22ZendyHealth%22+%221200+Santee+St+%23201%2C+Los+Angeles%2C+CA+90015%22+%22%2B1855-699-3639%22+dentist+dental+patients,"site:specials.zendyhealth.com ""ZendyHealth"" dental dentist patients",https://www.google.com/search?q=site%3Aspecials.zendyhealth.com+%22ZendyHealth%22+dental+dentist+patients,Verify current patient-facing dental service for this exact profile and address; a shared domain alone is not a decision.
94,profile:LA_CA_L:google:cid:16710840398733596569,LA_CA_L,google:cid:16710840398733596569,Stepanyan Surgical Arts Center,"1500 E Chevy Chase Dr #430, Glendale, CA 91206",business_listings,Plastic surgeon,needs_category_review,unreviewed_or_conflicting_category_evidence,exclude_non_dentist_category|include_dental_provider,,,,,,eligibility_group:ad9d7cea6cadeae3,unknown,,Plastic surgeon,,,,,external_evidence_required,category and title evidence do not support a safe batch suggestion,False,+1818-551-0088,stepanyansurgical.com,https://stepanyansurgical.com/,68.0,34.1517682,-118.2320956,False,https://www.google.com/maps?cid=16710840398733596569,website_then_google_profile,stepanyansurgical.com,eligibility_review_block:9720555d6a8d1468,singleton_profile,"Fill this row only when it is an exception to a reviewed group decision, or when its group is marked individual_review.",1,direct_website_singleton,2,"""Stepanyan Surgical Arts Center"" ""1500 E Chevy Chase Dr #430, Glendale, CA 91206"" ""+1818-551-0088"" dentist dental patients",https://www.google.com/search?q=%22Stepanyan+Surgical+Arts+Center%22+%221500+E+Chevy+Chase+Dr+%23430%2C+Glendale%2C+CA+91206%22+%22%2B1818-551-0088%22+dentist+dental+patients,"site:stepanyansurgical.com ""Stepanyan Surgical Arts Center"" dental dentist patients",https://www.google.com/search?q=site%3Astepanyansurgical.com+%22Stepanyan+Surgical+Arts+Center%22+dental+dentist+patients,Verify current patient-facing dental service for this exact profile and address; a shared domain alone is not a decision.
95,profile:LA_CA_L:google:cid:17012823065007518935,LA_CA_L,google:cid:17012823065007518935,TC Clinic,"604 Rose Ave, Venice, CA 90291",business_listings,Medical clinic,needs_category_review,unreviewed_or_conflicting_category_evidence,exclude_non_dentist_category|include_dental_provider,,,,,,eligibility_group:504917ff371eb69d,manual_review,Medical clinic: Category alone does not establish whether dental care is provided,,,,,,external_evidence_required,category and title evidence do not support a safe batch suggestion,False,+1310-392-8636,tccliniic.com,http://tccliniic.com/family-clinic/venice-family-clinic-locations-hrs-directions.html,,33.9991486,-118.4715237,False,https://www.google.com/maps?cid=17012823065007518935,website_then_google_profile,tccliniic.com,eligibility_review_block:b5017a9567967f01,singleton_profile,"Fill this row only when it is an exception to a reviewed group decision, or when its group is marked individual_review.",1,direct_website_singleton,2,"""TC Clinic"" ""604 Rose Ave, Venice, CA 90291"" ""+1310-392-8636"" dentist dental patients",https://www.google.com/search?q=%22TC+Clinic%22+%22604+Rose+Ave%2C+Venice%2C+CA+90291%22+%22%2B1310-392-8636%22+dentist+dental+patients,"site:tccliniic.com ""TC Clinic"" dental dentist patients",https://www.google.com/search?q=site%3Atccliniic.com+%22TC+Clinic%22+dental+dentist+patients,Verify current patient-facing dental service for this exact profile and address; a shared domain alone is not a decision.
96,profile:LA_CA_L:google:cid:5424899260031512217,LA_CA_L,google:cid:5424899260031512217,Unicare Community Health Center - Los Angeles,"741 S Alvarado St, Los Angeles, CA 90057",business_listings,Medical clinic,needs_category_review,unreviewed_or_conflicting_category_evidence,exclude_non_dentist_category|include_dental_provider,,,,,,eligibility_group:504917ff371eb69d,manual_review,Medical clinic: Category alone does not establish whether dental care is provided,,,,,,external_evidence_required,category and title evidence do not support a safe batch suggestion,False,+1213-413-6666,unicarechc.org,https://unicarechc.org/,36.0,34.0554564,-118.2776422,False,https://www.google.com/maps?cid=5424899260031512217,website_then_google_profile,unicarechc.org,eligibility_review_block:602117636e38b825,singleton_profile,"Fill this row only when it is an exception to a reviewed group decision, or when its group is marked individual_review.",1,direct_website_singleton,2,"""Unicare Community Health Center - Los Angeles"" ""741 S Alvarado St, Los Angeles, CA 90057"" ""+1213-413-6666"" dentist dental patients",https://www.google.com/search?q=%22Unicare+Community+Health+Center+-+Los+Angeles%22+%22741+S+Alvarado+St%2C+Los+Angeles%2C+CA+90057%22+%22%2B1213-413-6666%22+dentist+dental+patients,"site:unicarechc.org ""Unicare Community Health Center - Los Angeles"" dental dentist patients",https://www.google.com/search?q=site%3Aunicarechc.org+%22Unicare+Community+Health+Center+-+Los+Angeles%22+dental+dentist+patients,Verify current patient-facing dental service for this exact profile and address; a shared domain alone is not a decision.
97,profile:LA_CA_L:google:cid:4203108899044058271,LA_CA_L,google:cid:4203108899044058271,Uniformland,"23360 Valencia Blvd Ste G, Valencia, CA 91355",business_listings,Uniform store,needs_category_review,unreviewed_or_conflicting_category_evidence,exclude_non_dentist_category|include_dental_provider,,,,,,eligibility_group:a11b09fd5b033ba3,unknown,,Uniform store,,,,,external_evidence_required,category and title evidence do not support a safe batch suggestion,False,+1661-255-2033,uniform.land,http://uniform.land/,27.0,34.4215503,-118.5466238,False,https://www.google.com/maps?cid=4203108899044058271,website_then_google_profile,uniform.land,eligibility_review_block:29bce50425de23df,singleton_profile,"Fill this row only when it is an exception to a reviewed group decision, or when its group is marked individual_review.",1,direct_website_singleton,2,"""Uniformland"" ""23360 Valencia Blvd Ste G, Valencia, CA 91355"" ""+1661-255-2033"" dentist dental patients",https://www.google.com/search?q=%22Uniformland%22+%2223360+Valencia+Blvd+Ste+G%2C+Valencia%2C+CA+91355%22+%22%2B1661-255-2033%22+dentist+dental+patients,"site:uniform.land ""Uniformland"" dental dentist patients",https://www.google.com/search?q=site%3Auniform.land+%22Uniformland%22+dental+dentist+patients,Verify current patient-facing dental service for this exact profile and address; a shared domain alone is not a decision.
98,profile:Eureka_CA_S:google:cid:5485192789650701152,Eureka_CA_S,google:cid:5485192789650701152,Eureka Health Center- United Indian Health Services,"2505 Lucas St Ste a, Eureka, CA 95501",maps_core,Medical clinic,needs_category_review,unreviewed_or_conflicting_category_evidence,exclude_non_dentist_category|include_dental_provider,,,,,,eligibility_group:504917ff371eb69d,manual_review,Medical clinic: Category alone does not establish whether dental care is provided,,,,,,external_evidence_required,category and title evidence do not support a safe batch suggestion,False,+1707-442-0380,unitedindianhealthservices.org,http://unitedindianhealthservices.org/,6.0,40.7914404,-124.1393086,False,https://www.google.com/maps?cid=5485192789650701152,website_then_google_profile,unitedindianhealthservices.org,eligibility_review_block:6f8050add09e52aa,singleton_profile,"Fill this row only when it is an exception to a reviewed group decision, or when its group is marked individual_review.",1,direct_website_singleton,2,"""Eureka Health Center- United Indian Health Services"" ""2505 Lucas St Ste a, Eureka, CA 95501"" ""+1707-442-0380"" dentist dental patients",https://www.google.com/search?q=%22Eureka+Health+Center-+United+Indian+Health+Services%22+%222505+Lucas+St+Ste+a%2C+Eureka%2C+CA+95501%22+%22%2B1707-442-0380%22+dentist+dental+patients,"site:unitedindianhealthservices.org ""Eureka Health Center- United Indian Health Services"" dental dentist patients",https://www.google.com/search?q=site%3Aunitedindianhealthservices.org+%22Eureka+Health+Center-+United+Indian+Health+Services%22+dental+dentist+patients,Verify current patient-facing dental service for this exact profile and address; a shared domain alone is not a decision.
99,profile:Eureka_CA_S:google:cid:13043699129127900103,Eureka_CA_S,google:cid:13043699129127900103,United Indian Health Services - Downtown Eureka,"434 7th St, Eureka, CA 95501",maps_core,Public health department,needs_category_review,unreviewed_or_conflicting_category_evidence,exclude_non_dentist_category|include_dental_provider,,,,,,eligibility_group:cc959e46f76b4a21,unknown,,Public health department,,,,,external_evidence_required,category and title evidence do not support a safe batch suggestion,False,+1707-296-2500,unitedindianhealthservices.org,https://unitedindianhealthservices.org/,5.0,40.8000619,-124.1658891,False,https://www.google.com/maps?cid=13043699129127900103,website_then_google_profile,unitedindianhealthservices.org,eligibility_review_block:d016dd076e909cca,singleton_profile,"Fill this row only when it is an exception to a reviewed group decision, or when its group is marked individual_review.",1,direct_website_singleton,2,"""United Indian Health Services - Downtown Eureka"" ""434 7th St, Eureka, CA 95501"" ""+1707-296-2500"" dentist dental patients",https://www.google.com/search?q=%22United+Indian+Health+Services+-+Downtown+Eureka%22+%22434+7th+St%2C+Eureka%2C+CA+95501%22+%22%2B1707-296-2500%22+dentist+dental+patients,"site:unitedindianhealthservices.org ""United Indian Health Services - Downtown Eureka"" dental dentist patients",https://www.google.com/search?q=site%3Aunitedindianhealthservices.org+%22United+Indian+Health+Services+-+Downtown+Eureka%22+dental+dentist+patients,Verify current patient-facing dental service for this exact profile and address; a shared domain alone is not a decision.
100,profile:LA_CA_L:google:cid:92410452455775698,LA_CA_L,google:cid:92410452455775698,Vantage Oncology,"5522 Sepulveda Blvd, Sherman Oaks, CA 91411",business_listings,Cancer treatment center,needs_category_review,unreviewed_or_conflicting_category_evidence,exclude_non_dentist_category|include_dental_provider,,,,,,eligibility_group:58feeb0c4d85c099,unknown,,Cancer treatment center,,,,,external_evidence_required,category and title evidence do not support a safe batch suggestion,False,+1818-997-1522,usoncology.com,https://usoncology.com/news/vantage-oncologys-50-centers-and-more-than-350-affiliated-physicians-join-the-us-oncology-network/,,34.1711034,-118.465489,False,https://www.google.com/maps?cid=92410452455775698,website_then_google_profile,usoncology.com,eligibility_review_block:6b43b8cf56fca6fa,singleton_profile,"Fill this row only when it is an exception to a reviewed group decision, or when its group is marked individual_review.",1,direct_website_singleton,2,"""Vantage Oncology"" ""5522 Sepulveda Blvd, Sherman Oaks, CA 91411"" ""+1818-997-1522"" dentist dental patients",https://www.google.com/search?q=%22Vantage+Oncology%22+%225522+Sepulveda+Blvd%2C+Sherman+Oaks%2C+CA+91411%22+%22%2B1818-997-1522%22+dentist+dental+patients,"site:usoncology.com ""Vantage Oncology"" dental dentist patients",https://www.google.com/search?q=site%3Ausoncology.com+%22Vantage+Oncology%22+dental+dentist+patients,Verify current patient-facing dental service for this exact profile and address; a shared domain alone is not a decision.
101,profile:LA_CA_L:google:cid:685936001646178210,LA_CA_L,google:cid:685936001646178210,Valley Community Healthcare,"6801 Coldwater Canyon Ave, North Hollywood, CA 91605",business_listings,Medical clinic,needs_category_review,unreviewed_or_conflicting_category_evidence,exclude_non_dentist_category|include_dental_provider,,,,,,eligibility_group:504917ff371eb69d,manual_review,Medical clinic: Category alone does not establish whether dental care is provided,,,,,,external_evidence_required,category and title evidence do not support a safe batch suggestion,False,+1818-763-8836,valleycommunityhealthcare.org,https://valleycommunityhealthcare.org/,241.0,34.1943608,-118.414939,False,https://www.google.com/maps?cid=685936001646178210,website_then_google_profile,valleycommunityhealthcare.org,eligibility_review_block:a0f3be8b669e721f,singleton_profile,"Fill this row only when it is an exception to a reviewed group decision, or when its group is marked individual_review.",1,direct_website_singleton,2,"""Valley Community Healthcare"" ""6801 Coldwater Canyon Ave, North Hollywood, CA 91605"" ""+1818-763-8836"" dentist dental patients",https://www.google.com/search?q=%22Valley+Community+Healthcare%22+%226801+Coldwater+Canyon+Ave%2C+North+Hollywood%2C+CA+91605%22+%22%2B1818-763-8836%22+dentist+dental+patients,"site:valleycommunityhealthcare.org ""Valley Community Healthcare"" dental dentist patients",https://www.google.com/search?q=site%3Avalleycommunityhealthcare.org+%22Valley+Community+Healthcare%22+dental+dentist+patients,Verify current patient-facing dental service for this exact profile and address; a shared domain alone is not a decision.
102,profile:Macon_GA_M:google:cid:13284838367573234959,Macon_GA_M,google:cid:13284838367573234959,Walmart Health Center,"6020 Harrison Rd Suite B, Macon, GA 31206",business_listings,Medical clinic,needs_category_review,unreviewed_or_conflicting_category_evidence,exclude_non_dentist_category|include_dental_provider,,,,,,eligibility_group:504917ff371eb69d,manual_review,Medical clinic: Category alone does not establish whether dental care is provided,,,,,,external_evidence_required,category and title evidence do not support a safe batch suggestion,False,+1478-703-0468,walmarthealth.com,https://walmarthealth.com/,27.0,32.8091422,-83.7184363,False,https://www.google.com/maps?cid=13284838367573234959,website_then_google_profile,walmarthealth.com,eligibility_review_block:155ae2123f5f32c2,singleton_profile,"Fill this row only when it is an exception to a reviewed group decision, or when its group is marked individual_review.",1,direct_website_singleton,2,"""Walmart Health Center"" ""6020 Harrison Rd Suite B, Macon, GA 31206"" ""+1478-703-0468"" dentist dental patients",https://www.google.com/search?q=%22Walmart+Health+Center%22+%226020+Harrison+Rd+Suite+B%2C+Macon%2C+GA+31206%22+%22%2B1478-703-0468%22+dentist+dental+patients,"site:walmarthealth.com ""Walmart Health Center"" dental dentist patients",https://www.google.com/search?q=site%3Awalmarthealth.com+%22Walmart+Health+Center%22+dental+dentist+patients,Verify current patient-facing dental service for this exact profile and address; a shared domain alone is not a decision.
103,profile:LA_CA_L:google:cid:17148503378792403798,LA_CA_L,google:cid:17148503378792403798,Wesley Health Clinic,"522 San Pedro St, Los Angeles, CA 90013",maps_core,Medical group,needs_category_review,unreviewed_or_conflicting_category_evidence,exclude_non_dentist_category|include_dental_provider,,,,,,eligibility_group:a7d77b97fc90c3df,manual_review,Medical group: Category alone does not establish whether dental care is provided,,,,,,external_evidence_required,category and title evidence do not support a safe batch suggestion,False,+1562-867-7999,wesleyhealthcenters.com,http://wesleyhealthcenters.com/,81.0,34.043420999999995,-118.244091,False,https://www.google.com/maps?cid=17148503378792403798,website_then_google_profile,wesleyhealthcenters.com,eligibility_review_block:efc0ad29675fa663,singleton_profile,"Fill this row only when it is an exception to a reviewed group decision, or when its group is marked individual_review.",1,direct_website_singleton,2,"""Wesley Health Clinic"" ""522 San Pedro St, Los Angeles, CA 90013"" ""+1562-867-7999"" dentist dental patients",https://www.google.com/search?q=%22Wesley+Health+Clinic%22+%22522+San+Pedro+St%2C+Los+Angeles%2C+CA+90013%22+%22%2B1562-867-7999%22+dentist+dental+patients,"site:wesleyhealthcenters.com ""Wesley Health Clinic"" dental dentist patients",https://www.google.com/search?q=site%3Awesleyhealthcenters.com+%22Wesley+Health+Clinic%22+dental+dentist+patients,Verify current patient-facing dental service for this exact profile and address; a shared domain alone is not a decision.
104,profile:Atlanta_GA_L:google:cid:374081400048267317,Atlanta_GA_L,google:cid:374081400048267317,Whitefoord Health Center,"1401 Hosea L Williams Dr NE, Atlanta, GA 30317",business_listings,Medical clinic,needs_category_review,unreviewed_or_conflicting_category_evidence,exclude_non_dentist_category|include_dental_provider,,,,,,eligibility_group:504917ff371eb69d,manual_review,Medical clinic: Category alone does not establish whether dental care is provided,,,,,,external_evidence_required,category and title evidence do not support a safe batch suggestion,False,+1404-373-6614,whitefoord.org,http://whitefoord.org/,124.0,33.7531661,-84.3417968,False,https://www.google.com/maps?cid=374081400048267317,website_then_google_profile,whitefoord.org,eligibility_review_block:c64197d1b4ae0c54,singleton_profile,"Fill this row only when it is an exception to a reviewed group decision, or when its group is marked individual_review.",1,direct_website_singleton,2,"""Whitefoord Health Center"" ""1401 Hosea L Williams Dr NE, Atlanta, GA 30317"" ""+1404-373-6614"" dentist dental patients",https://www.google.com/search?q=%22Whitefoord+Health+Center%22+%221401+Hosea+L+Williams+Dr+NE%2C+Atlanta%2C+GA+30317%22+%22%2B1404-373-6614%22+dentist+dental+patients,"site:whitefoord.org ""Whitefoord Health Center"" dental dentist patients",https://www.google.com/search?q=site%3Awhitefoord.org+%22Whitefoord+Health+Center%22+dental+dentist+patients,Verify current patient-facing dental service for this exact profile and address; a shared domain alone is not a decision.
105,profile:LA_CA_L:google:cid:17578519269912760366,LA_CA_L,google:cid:17578519269912760366,White Memorial Community Health Center - Plaza III,"1828 E Cesar E Chavez Ave, Los Angeles, CA 90033",business_listings,Medical clinic,needs_category_review,unreviewed_or_conflicting_category_evidence,exclude_non_dentist_category|include_dental_provider,,,,,,eligibility_group:504917ff371eb69d,manual_review,Medical clinic: Category alone does not establish whether dental care is provided,,,,,,external_evidence_required,category and title evidence do not support a safe batch suggestion,False,+1323-987-1200,wmchealthcenter.org,https://wmchealthcenter.org/contact/,62.0,34.0499582,-118.2155778,False,https://www.google.com/maps?cid=17578519269912760366,website_then_google_profile,wmchealthcenter.org,eligibility_review_block:9f9d425a519b3050,singleton_profile,"Fill this row only when it is an exception to a reviewed group decision, or when its group is marked individual_review.",1,direct_website_singleton,2,"""White Memorial Community Health Center - Plaza III"" ""1828 E Cesar E Chavez Ave, Los Angeles, CA 90033"" ""+1323-987-1200"" dentist dental patients",https://www.google.com/search?q=%22White+Memorial+Community+Health+Center+-+Plaza+III%22+%221828+E+Cesar+E+Chavez+Ave%2C+Los+Angeles%2C+CA+90033%22+%22%2B1323-987-1200%22+dentist+dental+patients,"site:wmchealthcenter.org ""White Memorial Community Health Center - Plaza III"" dental dentist patients",https://www.google.com/search?q=site%3Awmchealthcenter.org+%22White+Memorial+Community+Health+Center+-+Plaza+III%22+dental+dentist+patients,Verify current patient-facing dental service for this exact profile and address; a shared domain alone is not a decision.
106,profile:LA_CA_L:google:cid:1041337711816604659,LA_CA_L,google:cid:1041337711816604659,100 Black Men of Los Angeles,"3701 Stocker St #309a, Los Angeles, CA 90008",business_listings,Non-profit organization,needs_category_review,unreviewed_or_conflicting_category_evidence,exclude_non_dentist_category|include_dental_provider,,,,,,eligibility_group:284d9dbfa1c169a1,unknown,,Non-profit organization,,,,,external_evidence_required,category and title evidence do not support a safe batch suggestion,False,+1310-947-7745,www.100bmla.net,https://www.100bmla.net/,5.0,34.0070736,-118.33791,False,https://www.google.com/maps?cid=1041337711816604659,website_then_google_profile,www.100bmla.net,eligibility_review_block:27d0aae5d9705545,singleton_profile,"Fill this row only when it is an exception to a reviewed group decision, or when its group is marked individual_review.",1,direct_website_singleton,2,"""100 Black Men of Los Angeles"" ""3701 Stocker St #309a, Los Angeles, CA 90008"" ""+1310-947-7745"" dentist dental patients",https://www.google.com/search?q=%22100+Black+Men+of+Los+Angeles%22+%223701+Stocker+St+%23309a%2C+Los+Angeles%2C+CA+90008%22+%22%2B1310-947-7745%22+dentist+dental+patients,"site:www.100bmla.net ""100 Black Men of Los Angeles"" dental dentist patients",https://www.google.com/search?q=site%3Awww.100bmla.net+%22100+Black+Men+of+Los+Angeles%22+dental+dentist+patients,Verify current patient-facing dental service for this exact profile and address; a shared domain alone is not a decision.
107,profile:NYC_NY_L:google:cid:18267820865628352209,NYC_NY_L,google:cid:18267820865628352209,"The Joseph P. Addabbo Family Health Center, Inc.","62-00 Beach Channel Dr, Arverne, NY 11692",business_listings,Medical Center,needs_category_review,unreviewed_or_conflicting_category_evidence,exclude_non_dentist_category|include_dental_provider,,,,,,eligibility_group:b070ffeb7e138d00,manual_review,Medical Center: Category alone does not establish whether dental care is provided,,,,,,external_evidence_required,category and title evidence do not support a safe batch suggestion,False,+1718-945-7150,www.addabbo.org,http://www.addabbo.org/,365.0,40.5934632,-73.791738,False,https://www.google.com/maps?cid=18267820865628352209,website_then_google_profile,www.addabbo.org,eligibility_review_block:5fe61fe1f649a4f8,singleton_profile,"Fill this row only when it is an exception to a reviewed group decision, or when its group is marked individual_review.",1,direct_website_singleton,2,"""The Joseph P. Addabbo Family Health Center, Inc."" ""62-00 Beach Channel Dr, Arverne, NY 11692"" ""+1718-945-7150"" dentist dental patients",https://www.google.com/search?q=%22The+Joseph+P.+Addabbo+Family+Health+Center%2C+Inc.%22+%2262-00+Beach+Channel+Dr%2C+Arverne%2C+NY+11692%22+%22%2B1718-945-7150%22+dentist+dental+patients,"site:www.addabbo.org ""The Joseph P. Addabbo Family Health Center, Inc."" dental dentist patients",https://www.google.com/search?q=site%3Awww.addabbo.org+%22The+Joseph+P.+Addabbo+Family+Health+Center%2C+Inc.%22+dental+dentist+patients,Verify current patient-facing dental service for this exact profile and address; a shared domain alone is not a decision.
108,profile:SaranacLake_NY_S:google:cid:10103828371342018102,SaranacLake_NY_S,google:cid:10103828371342018102,Adirondack Health,"2233 NY-86, Saranac Lake, NY 12983",maps_core,Medical clinic,needs_category_review,unreviewed_or_conflicting_category_evidence,exclude_non_dentist_category|include_dental_provider,,,,,,eligibility_group:504917ff371eb69d,manual_review,Medical clinic: Category alone does not establish whether dental care is provided,,,,,,external_evidence_required,category and title evidence do not support a safe batch suggestion,False,+1518-891-4141,www.adirondackhealth.org,http://www.adirondackhealth.org/,69.0,44.3455195,-74.14346689999999,False,https://www.google.com/maps?cid=10103828371342018102,website_then_google_profile,www.adirondackhealth.org,eligibility_review_block:2ca8d26ec4c84e03,singleton_profile,"Fill this row only when it is an exception to a reviewed group decision, or when its group is marked individual_review.",1,direct_website_singleton,2,"""Adirondack Health"" ""2233 NY-86, Saranac Lake, NY 12983"" ""+1518-891-4141"" dentist dental patients",https://www.google.com/search?q=%22Adirondack+Health%22+%222233+NY-86%2C+Saranac+Lake%2C+NY+12983%22+%22%2B1518-891-4141%22+dentist+dental+patients,"site:www.adirondackhealth.org ""Adirondack Health"" dental dentist patients",https://www.google.com/search?q=site%3Awww.adirondackhealth.org+%22Adirondack+Health%22+dental+dentist+patients,Verify current patient-facing dental service for this exact profile and address; a shared domain alone is not a decision.
109,profile:FortBragg_CA_S:google:cid:5493462293064925102,FortBragg_CA_S,google:cid:5493462293064925102,Adventist Health Mendocino Coast,"700 River Dr, Fort Bragg, CA 95437",maps_core,Hospital,needs_category_review,unreviewed_or_conflicting_category_evidence,exclude_non_dentist_category|include_dental_provider,,,,,,eligibility_group:7a6fb05b52cfaa84,unknown,,Hospital,,,,,external_evidence_required,category and title evidence do not support a safe batch suggestion,False,+1707-961-1234,www.adventisthealth.org,https://www.adventisthealth.org/mendocino-coast/,949.0,39.4316224,-123.8003007,False,https://www.google.com/maps?cid=5493462293064925102,website_then_google_profile,www.adventisthealth.org,eligibility_review_block:29f38db4cdbc594d,singleton_profile,"Fill this row only when it is an exception to a reviewed group decision, or when its group is marked individual_review.",1,direct_website_singleton,2,"""Adventist Health Mendocino Coast"" ""700 River Dr, Fort Bragg, CA 95437"" ""+1707-961-1234"" dentist dental patients",https://www.google.com/search?q=%22Adventist+Health+Mendocino+Coast%22+%22700+River+Dr%2C+Fort+Bragg%2C+CA+95437%22+%22%2B1707-961-1234%22+dentist+dental+patients,"site:www.adventisthealth.org ""Adventist Health Mendocino Coast"" dental dentist patients",https://www.google.com/search?q=site%3Awww.adventisthealth.org+%22Adventist+Health+Mendocino+Coast%22+dental+dentist+patients,Verify current patient-facing dental service for this exact profile and address; a shared domain alone is not a decision.
110,profile:LA_CA_L:google:cid:895678497028964503,LA_CA_L,google:cid:895678497028964503,Aesthetic,"8663 Holloway Plaza Dr, Los Angeles, CA 90069",business_listings,Furniture maker,needs_category_review,unreviewed_or_conflicting_category_evidence,exclude_non_dentist_category|include_dental_provider,,,,,,eligibility_group:6a202a936b857088,unknown,,Furniture maker,,,,,external_evidence_required,category and title evidence do not support a safe batch suggestion,False,+1310-659-6213,www.aestheticdecor.com,http://www.aestheticdecor.com/,,34.0914431,-118.3814436,False,https://www.google.com/maps?cid=895678497028964503,website_then_google_profile,www.aestheticdecor.com,eligibility_review_block:46a52b1dd6bbb716,singleton_profile,"Fill this row only when it is an exception to a reviewed group decision, or when its group is marked individual_review.",1,direct_website_singleton,2,"""Aesthetic"" ""8663 Holloway Plaza Dr, Los Angeles, CA 90069"" ""+1310-659-6213"" dentist dental patients",https://www.google.com/search?q=%22Aesthetic%22+%228663+Holloway+Plaza+Dr%2C+Los+Angeles%2C+CA+90069%22+%22%2B1310-659-6213%22+dentist+dental+patients,"site:www.aestheticdecor.com ""Aesthetic"" dental dentist patients",https://www.google.com/search?q=site%3Awww.aestheticdecor.com+%22Aesthetic%22+dental+dentist+patients,Verify current patient-facing dental service for this exact profile and address; a shared domain alone is not a decision.
111,profile:LA_CA_L:google:cid:15714100834549036307,LA_CA_L,google:cid:15714100834549036307,Affinity Cosmetic Center,"12304 Santa Monica Blvd #101, Los Angeles, CA 90025",business_listings,Skin care clinic,needs_category_review,unreviewed_or_conflicting_category_evidence,exclude_non_dentist_category|include_dental_provider,,,,,,eligibility_group:7a6b4d7abd08fee8,unknown,,Skin care clinic,,,,,external_evidence_required,category and title evidence do not support a safe batch suggestion,False,+1310-801-6484,www.affinitycosmeticcenter.com,http://www.affinitycosmeticcenter.com/,83.0,34.039182,-118.4655381,False,https://www.google.com/maps?cid=15714100834549036307,website_then_google_profile,www.affinitycosmeticcenter.com,eligibility_review_block:73a856afb4f0d983,singleton_profile,"Fill this row only when it is an exception to a reviewed group decision, or when its group is marked individual_review.",1,direct_website_singleton,2,"""Affinity Cosmetic Center"" ""12304 Santa Monica Blvd #101, Los Angeles, CA 90025"" ""+1310-801-6484"" dentist dental patients",https://www.google.com/search?q=%22Affinity+Cosmetic+Center%22+%2212304+Santa+Monica+Blvd+%23101%2C+Los+Angeles%2C+CA+90025%22+%22%2B1310-801-6484%22+dentist+dental+patients,"site:www.affinitycosmeticcenter.com ""Affinity Cosmetic Center"" dental dentist patients",https://www.google.com/search?q=site%3Awww.affinitycosmeticcenter.com+%22Affinity+Cosmetic+Center%22+dental+dentist+patients,Verify current patient-facing dental service for this exact profile and address; a shared domain alone is not a decision.
112,profile:LA_CA_L:google:cid:8733211690348049313,LA_CA_L,google:cid:8733211690348049313,"AltaMed Medical and Dental Group - Pasadena, Fair Oaks","1855 N Fair Oaks Ave #200, Pasadena, CA 91103",business_listings,Medical clinic,needs_category_review,unreviewed_or_conflicting_category_evidence,exclude_non_dentist_category|include_dental_provider,,,,,,eligibility_group:504917ff371eb69d,manual_review,Medical clinic: Category alone does not establish whether dental care is provided,,dental,medical,,,external_evidence_required,category and title evidence do not support a safe batch suggestion,False,+1888-499-9303,www.altamed.org,https://www.altamed.org/,55.0,34.1775571,-118.151189,False,https://www.google.com/maps?cid=8733211690348049313,website_then_google_profile,www.altamed.org,eligibility_review_block:ecc2ea6e4ea31de8,singleton_profile,"Fill this row only when it is an exception to a reviewed group decision, or when its group is marked individual_review.",1,direct_website_singleton,2,"""AltaMed Medical and Dental Group - Pasadena, Fair Oaks"" ""1855 N Fair Oaks Ave #200, Pasadena, CA 91103"" ""+1888-499-9303"" dentist dental patients",https://www.google.com/search?q=%22AltaMed+Medical+and+Dental+Group+-+Pasadena%2C+Fair+Oaks%22+%221855+N+Fair+Oaks+Ave+%23200%2C+Pasadena%2C+CA+91103%22+%22%2B1888-499-9303%22+dentist+dental+patients,"site:www.altamed.org ""AltaMed Medical and Dental Group - Pasadena, Fair Oaks"" dental dentist patients",https://www.google.com/search?q=site%3Awww.altamed.org+%22AltaMed+Medical+and+Dental+Group+-+Pasadena%2C+Fair+Oaks%22+dental+dentist+patients,Verify current patient-facing dental service for this exact profile and address; a shared domain alone is not a decision.
113,profile:LA_CA_L:google:cid:11349040228690126297,LA_CA_L,google:cid:11349040228690126297,AltaMed Medical and Dental Group - South Gate,"8627 Atlantic Ave, South Gate, CA 90280",business_listings,Medical group,needs_category_review,unreviewed_or_conflicting_category_evidence,exclude_non_dentist_category|include_dental_provider,,,,,,eligibility_group:a7d77b97fc90c3df,manual_review,Medical group: Category alone does not establish whether dental care is provided,,dental,medical,,,external_evidence_required,category and title evidence do not support a safe batch suggestion,False,+1888-499-9303,www.altamed.org,http://www.altamed.org/,178.0,33.9544347,-118.1841698,False,https://www.google.com/maps?cid=11349040228690126297,website_then_google_profile,www.altamed.org,eligibility_review_block:44f13bc44b5fc9a8,singleton_profile,"Fill this row only when it is an exception to a reviewed group decision, or when its group is marked individual_review.",1,direct_website_singleton,2,"""AltaMed Medical and Dental Group - South Gate"" ""8627 Atlantic Ave, South Gate, CA 90280"" ""+1888-499-9303"" dentist dental patients",https://www.google.com/search?q=%22AltaMed+Medical+and+Dental+Group+-+South+Gate%22+%228627+Atlantic+Ave%2C+South+Gate%2C+CA+90280%22+%22%2B1888-499-9303%22+dentist+dental+patients,"site:www.altamed.org ""AltaMed Medical and Dental Group - South Gate"" dental dentist patients",https://www.google.com/search?q=site%3Awww.altamed.org+%22AltaMed+Medical+and+Dental+Group+-+South+Gate%22+dental+dentist+patients,Verify current patient-facing dental service for this exact profile and address; a shared domain alone is not a decision.
114,profile:NYC_NY_L:google:cid:18324274402083215110,NYC_NY_L,google:cid:18324274402083215110,Apicha Community Health Center - Jackson Heights-Queens,"82-11 37th Ave, Jackson Heights, NY 11372",business_listings,Medical Center,needs_category_review,unreviewed_or_conflicting_category_evidence,exclude_non_dentist_category|include_dental_provider,,,,,,eligibility_group:b070ffeb7e138d00,manual_review,Medical Center: Category alone does not establish whether dental care is provided,,,,,,external_evidence_required,category and title evidence do not support a safe batch suggestion,False,+1718-567-5200,www.apicha.org,https://www.apicha.org/locations/jackson-heights-clinic/,112.0,40.7500058,-73.8838809,False,https://www.google.com/maps?cid=18324274402083215110,website_then_google_profile,www.apicha.org,eligibility_review_block:3e1e10cc72501bff,singleton_profile,"Fill this row only when it is an exception to a reviewed group decision, or when its group is marked individual_review.",1,direct_website_singleton,2,"""Apicha Community Health Center - Jackson Heights-Queens"" ""82-11 37th Ave, Jackson Heights, NY 11372"" ""+1718-567-5200"" dentist dental patients",https://www.google.com/search?q=%22Apicha+Community+Health+Center+-+Jackson+Heights-Queens%22+%2282-11+37th+Ave%2C+Jackson+Heights%2C+NY+11372%22+%22%2B1718-567-5200%22+dentist+dental+patients,"site:www.apicha.org ""Apicha Community Health Center - Jackson Heights-Queens"" dental dentist patients",https://www.google.com/search?q=site%3Awww.apicha.org+%22Apicha+Community+Health+Center+-+Jackson+Heights-Queens%22+dental+dentist+patients,Verify current patient-facing dental service for this exact profile and address; a shared domain alone is not a decision.
115,profile:NYC_NY_L:google:cid:15502555001169980906,NYC_NY_L,google:cid:15502555001169980906,Aquatic Rehabilitation Center,"1659 78th St, Brooklyn, NY 11214",business_listings,Rehabilitation center,needs_category_review,unreviewed_or_conflicting_category_evidence,exclude_non_dentist_category|include_dental_provider,,,,,,eligibility_group:6b0bfdb18f3e8f3d,unknown,,Rehabilitation center,,,,,external_evidence_required,category and title evidence do not support a safe batch suggestion,False,+1718-234-1212,www.aquaticrehabilitation.com,http://www.aquaticrehabilitation.com/,138.0,40.6137525,-74.0009292,False,https://www.google.com/maps?cid=15502555001169980906,website_then_google_profile,www.aquaticrehabilitation.com,eligibility_review_block:b3fc68bf30ec615c,singleton_profile,"Fill this row only when it is an exception to a reviewed group decision, or when its group is marked individual_review.",1,direct_website_singleton,2,"""Aquatic Rehabilitation Center"" ""1659 78th St, Brooklyn, NY 11214"" ""+1718-234-1212"" dentist dental patients",https://www.google.com/search?q=%22Aquatic+Rehabilitation+Center%22+%221659+78th+St%2C+Brooklyn%2C+NY+11214%22+%22%2B1718-234-1212%22+dentist+dental+patients,"site:www.aquaticrehabilitation.com ""Aquatic Rehabilitation Center"" dental dentist patients",https://www.google.com/search?q=site%3Awww.aquaticrehabilitation.com+%22Aquatic+Rehabilitation+Center%22+dental+dentist+patients,Verify current patient-facing dental service for this exact profile and address; a shared domain alone is not a decision.
116,profile:LA_CA_L:google:cid:8910150710373783377,LA_CA_L,google:cid:8910150710373783377,"Dr. Wei Ching Lee, MD - Arc Motion Rehab Clinic","55 E Huntington Dr #219, Arcadia, CA 91006",business_listings,Pain management physician,needs_category_review,unreviewed_or_conflicting_category_evidence,exclude_non_dentist_category|include_dental_provider,,,,,,eligibility_group:da5f0c039fc4a778,unknown,,Pain management physician,,,,,external_evidence_required,category and title evidence do not support a safe batch suggestion,False,+1626-817-3422,www.arcmotionrehab.com,http://www.arcmotionrehab.com/,,34.1403396,-118.0287561,False,https://www.google.com/maps?cid=8910150710373783377,website_then_google_profile,www.arcmotionrehab.com,eligibility_review_block:60a849dfd2738800,singleton_profile,"Fill this row only when it is an exception to a reviewed group decision, or when its group is marked individual_review.",1,direct_website_singleton,2,"""Dr. Wei Ching Lee, MD - Arc Motion Rehab Clinic"" ""55 E Huntington Dr #219, Arcadia, CA 91006"" ""+1626-817-3422"" dentist dental patients",https://www.google.com/search?q=%22Dr.+Wei+Ching+Lee%2C+MD+-+Arc+Motion+Rehab+Clinic%22+%2255+E+Huntington+Dr+%23219%2C+Arcadia%2C+CA+91006%22+%22%2B1626-817-3422%22+dentist+dental+patients,"site:www.arcmotionrehab.com ""Dr. Wei Ching Lee, MD - Arc Motion Rehab Clinic"" dental dentist patients",https://www.google.com/search?q=site%3Awww.arcmotionrehab.com+%22Dr.+Wei+Ching+Lee%2C+MD+-+Arc+Motion+Rehab+Clinic%22+dental+dentist+patients,Verify current patient-facing dental service for this exact profile and address; a shared domain alone is not a decision.
117,profile:LA_CA_L:google:cid:11311635005790691978,LA_CA_L,google:cid:11311635005790691978,Wong Jessica Pea MD,"6000 N Figueroa St, Highland Park, CA 90042",business_listings,Doctor,needs_category_review,unreviewed_or_conflicting_category_evidence,exclude_non_dentist_category|include_dental_provider,,,,,,eligibility_group:5721d7584f64bb4b,manual_review,Doctor: Category alone does not establish a dentist clinic,,,,,,external_evidence_required,category and title evidence do not support a safe batch suggestion,False,+1323-254-5221,www.arroyovista.org,http://www.arroyovista.org/,1.0,34.1112472,-118.1885857,False,https://www.google.com/maps?cid=11311635005790691978,website_then_google_profile,www.arroyovista.org,eligibility_review_block:19e6b0cd8bfe6908,singleton_profile,"Fill this row only when it is an exception to a reviewed group decision, or when its group is marked individual_review.",1,direct_website_singleton,2,"""Wong Jessica Pea MD"" ""6000 N Figueroa St, Highland Park, CA 90042"" ""+1323-254-5221"" dentist dental patients",https://www.google.com/search?q=%22Wong+Jessica+Pea+MD%22+%226000+N+Figueroa+St%2C+Highland+Park%2C+CA+90042%22+%22%2B1323-254-5221%22+dentist+dental+patients,"site:www.arroyovista.org ""Wong Jessica Pea MD"" dental dentist patients",https://www.google.com/search?q=site%3Awww.arroyovista.org+%22Wong+Jessica+Pea+MD%22+dental+dentist+patients,Verify current patient-facing dental service for this exact profile and address; a shared domain alone is not a decision.
118,profile:NYC_NY_L:google:cid:15795670956715437029,NYC_NY_L,google:cid:15795670956715437029,Aspire Health Solutions,"8 Davison Plaza, East Rockaway, NY 11518",business_listings,Home health care service,needs_category_review,unreviewed_or_conflicting_category_evidence,exclude_non_dentist_category|include_dental_provider,,,,,,eligibility_group:3fb50d6253134f7d,unknown,,Home health care service,,,,,external_evidence_required,category and title evidence do not support a safe batch suggestion,False,+1347-717-4117,www.aspirehs.com,https://www.aspirehs.com/,5.0,40.643136,-73.65964799999999,False,https://www.google.com/maps?cid=15795670956715437029,website_then_google_profile,www.aspirehs.com,eligibility_review_block:bfdd4f662893030a,singleton_profile,"Fill this row only when it is an exception to a reviewed group decision, or when its group is marked individual_review.",1,direct_website_singleton,2,"""Aspire Health Solutions"" ""8 Davison Plaza, East Rockaway, NY 11518"" ""+1347-717-4117"" dentist dental patients",https://www.google.com/search?q=%22Aspire+Health+Solutions%22+%228+Davison+Plaza%2C+East+Rockaway%2C+NY+11518%22+%22%2B1347-717-4117%22+dentist+dental+patients,"site:www.aspirehs.com ""Aspire Health Solutions"" dental dentist patients",https://www.google.com/search?q=site%3Awww.aspirehs.com+%22Aspire+Health+Solutions%22+dental+dentist+patients,Verify current patient-facing dental service for this exact profile and address; a shared domain alone is not a decision.
119,profile:Augusta_GA_L:google:cid:4908311652064968016,Augusta_GA_L,google:cid:4908311652064968016,VA Downtown Division,"950 15th St, Augusta, GA 30901",maps_core,Hospital,needs_category_review,unreviewed_or_conflicting_category_evidence,exclude_non_dentist_category|include_dental_provider,,,,,,eligibility_group:7a6fb05b52cfaa84,unknown,,Hospital,,,,,external_evidence_required,category and title evidence do not support a safe batch suggestion,False,+1706-733-0188,www.augusta.va.gov,https://www.augusta.va.gov/locations/directions.asp,110.0,33.4730357,-81.9872986,False,https://www.google.com/maps?cid=4908311652064968016,website_then_google_profile,www.augusta.va.gov,eligibility_review_block:7cbbc7672ac0742d,singleton_profile,"Fill this row only when it is an exception to a reviewed group decision, or when its group is marked individual_review.",1,direct_website_singleton,2,"""VA Downtown Division"" ""950 15th St, Augusta, GA 30901"" ""+1706-733-0188"" dentist dental patients",https://www.google.com/search?q=%22VA+Downtown+Division%22+%22950+15th+St%2C+Augusta%2C+GA+30901%22+%22%2B1706-733-0188%22+dentist+dental+patients,"site:www.augusta.va.gov ""VA Downtown Division"" dental dentist patients",https://www.google.com/search?q=site%3Awww.augusta.va.gov+%22VA+Downtown+Division%22+dental+dentist+patients,Verify current patient-facing dental service for this exact profile and address; a shared domain alone is not a decision.
120,profile:NYC_NY_L:google:cid:9629879480313591668,NYC_NY_L,google:cid:9629879480313591668,Betances Health Center,"280 Henry St, New York, NY 10002",business_listings,Community health center,needs_category_review,unreviewed_or_conflicting_category_evidence,exclude_non_dentist_category|include_dental_provider,,,,,,eligibility_group:75eedbc19c8622b7,manual_review,Community health center: Category alone does not establish whether dental care is provided,,,,,,external_evidence_required,category and title evidence do not support a safe batch suggestion,False,+1212-227-8401,www.betances.org,http://www.betances.org/,207.0,40.7138475,-73.9836545,False,https://www.google.com/maps?cid=9629879480313591668,website_then_google_profile,www.betances.org,eligibility_review_block:ff436f706f385d3e,singleton_profile,"Fill this row only when it is an exception to a reviewed group decision, or when its group is marked individual_review.",1,direct_website_singleton,2,"""Betances Health Center"" ""280 Henry St, New York, NY 10002"" ""+1212-227-8401"" dentist dental patients",https://www.google.com/search?q=%22Betances+Health+Center%22+%22280+Henry+St%2C+New+York%2C+NY+10002%22+%22%2B1212-227-8401%22+dentist+dental+patients,"site:www.betances.org ""Betances Health Center"" dental dentist patients",https://www.google.com/search?q=site%3Awww.betances.org+%22Betances+Health+Center%22+dental+dentist+patients,Verify current patient-facing dental service for this exact profile and address; a shared domain alone is not a decision.
121,profile:NYC_NY_L:google:cid:5699955828418129941,NYC_NY_L,google:cid:5699955828418129941,Be Well Primary Health Care Center,"3007 Farragut Rd, Brooklyn, NY 11210",business_listings,Internist,needs_category_review,unreviewed_or_conflicting_category_evidence,exclude_non_dentist_category|include_dental_provider,,,,,,eligibility_group:190ff23a6596779d,unknown,,Internist,,,,,external_evidence_required,category and title evidence do not support a safe batch suggestion,False,+1718-253-9355,www.bewellmedical.com,http://www.bewellmedical.com/,379.0,40.6364519,-73.94771539999999,False,https://www.google.com/maps?cid=5699955828418129941,website_then_google_profile,www.bewellmedical.com,eligibility_review_block:2fed6c001288880a,singleton_profile,"Fill this row only when it is an exception to a reviewed group decision, or when its group is marked individual_review.",1,direct_website_singleton,2,"""Be Well Primary Health Care Center"" ""3007 Farragut Rd, Brooklyn, NY 11210"" ""+1718-253-9355"" dentist dental patients",https://www.google.com/search?q=%22Be+Well+Primary+Health+Care+Center%22+%223007+Farragut+Rd%2C+Brooklyn%2C+NY+11210%22+%22%2B1718-253-9355%22+dentist+dental+patients,"site:www.bewellmedical.com ""Be Well Primary Health Care Center"" dental dentist patients",https://www.google.com/search?q=site%3Awww.bewellmedical.com+%22Be+Well+Primary+Health+Care+Center%22+dental+dentist+patients,Verify current patient-facing dental service for this exact profile and address; a shared domain alone is not a decision.
122,profile:NYC_NY_L:google:cid:3395348879050996542,NYC_NY_L,google:cid:3395348879050996542,BMS Family Health and Wellness Centers@Ashford,"650 Ashford St, Brooklyn, NY 11207",business_listings,Medical Center,needs_category_review,unreviewed_or_conflicting_category_evidence,exclude_non_dentist_category|include_dental_provider,,,,,,eligibility_group:b070ffeb7e138d00,manual_review,Medical Center: Category alone does not establish whether dental care is provided,,,,,,external_evidence_required,category and title evidence do not support a safe batch suggestion,False,+1718-345-5000,www.bmsfamilyhealth.org,https://www.bmsfamilyhealth.org/,157.0,40.665815,-73.883386,False,https://www.google.com/maps?cid=3395348879050996542,website_then_google_profile,www.bmsfamilyhealth.org,eligibility_review_block:50b76de9d5f67b05,singleton_profile,"Fill this row only when it is an exception to a reviewed group decision, or when its group is marked individual_review.",1,direct_website_singleton,2,"""BMS Family Health and Wellness Centers@Ashford"" ""650 Ashford St, Brooklyn, NY 11207"" ""+1718-345-5000"" dentist dental patients",https://www.google.com/search?q=%22BMS+Family+Health+and+Wellness+Centers%40Ashford%22+%22650+Ashford+St%2C+Brooklyn%2C+NY+11207%22+%22%2B1718-345-5000%22+dentist+dental+patients,"site:www.bmsfamilyhealth.org ""BMS Family Health and Wellness Centers@Ashford"" dental dentist patients",https://www.google.com/search?q=site%3Awww.bmsfamilyhealth.org+%22BMS+Family+Health+and+Wellness+Centers%40Ashford%22+dental+dentist+patients,Verify current patient-facing dental service for this exact profile and address; a shared domain alone is not a decision.
123,profile:NYC_NY_L:google:cid:4889158453415494831,NYC_NY_L,google:cid:4889158453415494831,Brookdale Family Care Center - New Lots,"465 New Lots Ave, Brooklyn, NY 11207",business_listings,Medical office,needs_category_review,unreviewed_or_conflicting_category_evidence,exclude_non_dentist_category|include_dental_provider,,,,,,eligibility_group:594fa1d47532a2c5,unknown,,Medical office,,,,,external_evidence_required,category and title evidence do not support a safe batch suggestion,False,+1718-240-8950,www.brookdalehospital.org,http://www.brookdalehospital.org/brookdale-family-care-center-bristol-street.html,58.0,40.6580479,-73.8898641,False,https://www.google.com/maps?cid=4889158453415494831,website_then_google_profile,www.brookdalehospital.org,eligibility_review_block:2f91fa2e4ac094e8,singleton_profile,"Fill this row only when it is an exception to a reviewed group decision, or when its group is marked individual_review.",1,direct_website_singleton,2,"""Brookdale Family Care Center - New Lots"" ""465 New Lots Ave, Brooklyn, NY 11207"" ""+1718-240-8950"" dentist dental patients",https://www.google.com/search?q=%22Brookdale+Family+Care+Center+-+New+Lots%22+%22465+New+Lots+Ave%2C+Brooklyn%2C+NY+11207%22+%22%2B1718-240-8950%22+dentist+dental+patients,"site:www.brookdalehospital.org ""Brookdale Family Care Center - New Lots"" dental dentist patients",https://www.google.com/search?q=site%3Awww.brookdalehospital.org+%22Brookdale+Family+Care+Center+-+New+Lots%22+dental+dentist+patients,Verify current patient-facing dental service for this exact profile and address; a shared domain alone is not a decision.
124,profile:NYC_NY_L:google:cid:14221168649792805791,NYC_NY_L,google:cid:14221168649792805791,Whitman Ingersoll Farragut Hea,"297 Myrtle Ave, Brooklyn, NY 11205",business_listings,Medical clinic,needs_category_review,unreviewed_or_conflicting_category_evidence,exclude_non_dentist_category|include_dental_provider,,,,,,eligibility_group:504917ff371eb69d,manual_review,Medical clinic: Category alone does not establish whether dental care is provided,,,,,,external_evidence_required,category and title evidence do not support a safe batch suggestion,False,+1718-596-8000,www.brooklynplaza.org,http://www.brooklynplaza.org/,6.0,40.6935335,-73.9761817,False,https://www.google.com/maps?cid=14221168649792805791,website_then_google_profile,www.brooklynplaza.org,eligibility_review_block:36385981fbe9dbd7,singleton_profile,"Fill this row only when it is an exception to a reviewed group decision, or when its group is marked individual_review.",1,direct_website_singleton,2,"""Whitman Ingersoll Farragut Hea"" ""297 Myrtle Ave, Brooklyn, NY 11205"" ""+1718-596-8000"" dentist dental patients",https://www.google.com/search?q=%22Whitman+Ingersoll+Farragut+Hea%22+%22297+Myrtle+Ave%2C+Brooklyn%2C+NY+11205%22+%22%2B1718-596-8000%22+dentist+dental+patients,"site:www.brooklynplaza.org ""Whitman Ingersoll Farragut Hea"" dental dentist patients",https://www.google.com/search?q=site%3Awww.brooklynplaza.org+%22Whitman+Ingersoll+Farragut+Hea%22+dental+dentist+patients,Verify current patient-facing dental service for this exact profile and address; a shared domain alone is not a decision.
125,profile:NYC_NY_L:google:cid:5427215135935540092,NYC_NY_L,google:cid:5427215135935540092,Charles B. Wang Community Health Center,"131-72 40th Rd 4th Floor, Flushing, NY 11354",business_listings,Medical Center,needs_category_review,unreviewed_or_conflicting_category_evidence,exclude_non_dentist_category|include_dental_provider,,,,,,eligibility_group:b070ffeb7e138d00,manual_review,Medical Center: Category alone does not establish whether dental care is provided,,,,,,external_evidence_required,category and title evidence do not support a safe batch suggestion,False,+1718-587-1111,www.cbwchc.org,https://www.cbwchc.org/,1060.0,40.7568563,-73.8343531,False,https://www.google.com/maps?cid=5427215135935540092,website_then_google_profile,www.cbwchc.org,eligibility_review_block:879034564dc36aae,singleton_profile,"Fill this row only when it is an exception to a reviewed group decision, or when its group is marked individual_review.",1,direct_website_singleton,2,"""Charles B. Wang Community Health Center"" ""131-72 40th Rd 4th Floor, Flushing, NY 11354"" ""+1718-587-1111"" dentist dental patients",https://www.google.com/search?q=%22Charles+B.+Wang+Community+Health+Center%22+%22131-72+40th+Rd+4th+Floor%2C+Flushing%2C+NY+11354%22+%22%2B1718-587-1111%22+dentist+dental+patients,"site:www.cbwchc.org ""Charles B. Wang Community Health Center"" dental dentist patients",https://www.google.com/search?q=site%3Awww.cbwchc.org+%22Charles+B.+Wang+Community+Health+Center%22+dental+dentist+patients,Verify current patient-facing dental service for this exact profile and address; a shared domain alone is not a decision.
126,profile:NYC_NY_L:google:cid:7617309210467543931,NYC_NY_L,google:cid:7617309210467543931,"Antonia Sarris, LCSW","25 Chapel St, Brooklyn, NY 11201",business_listings,Social services organization,needs_category_review,unreviewed_or_conflicting_category_evidence,exclude_non_dentist_category|include_dental_provider,,,,,,eligibility_group:62fd405f34bcf5e4,unknown,,Social services organization,,,,,external_evidence_required,category and title evidence do not support a safe batch suggestion,False,+1718-398-0153,www.ccbq.org,http://www.ccbq.org/,1.0,40.6974582,-73.9860496,False,https://www.google.com/maps?cid=7617309210467543931,website_then_google_profile,www.ccbq.org,eligibility_review_block:9aa85c1c3f27d980,singleton_profile,"Fill this row only when it is an exception to a reviewed group decision, or when its group is marked individual_review.",1,direct_website_singleton,2,"""Antonia Sarris, LCSW"" ""25 Chapel St, Brooklyn, NY 11201"" ""+1718-398-0153"" dentist dental patients",https://www.google.com/search?q=%22Antonia+Sarris%2C+LCSW%22+%2225+Chapel+St%2C+Brooklyn%2C+NY+11201%22+%22%2B1718-398-0153%22+dentist+dental+patients,"site:www.ccbq.org ""Antonia Sarris, LCSW"" dental dentist patients",https://www.google.com/search?q=site%3Awww.ccbq.org+%22Antonia+Sarris%2C+LCSW%22+dental+dentist+patients,Verify current patient-facing dental service for this exact profile and address; a shared domain alone is not a decision.
127,profile:Augusta_GA_L:google:cid:15876635400132913439,Augusta_GA_L,google:cid:15876635400132913439,Christ Community Health Peach Orchard,"2604 Peach Orchard Rd #200, Augusta, GA 30906",maps_core,Medical clinic,needs_category_review,unreviewed_or_conflicting_category_evidence,exclude_non_dentist_category|include_dental_provider,,,,,,eligibility_group:504917ff371eb69d,manual_review,Medical clinic: Category alone does not establish whether dental care is provided,,,,,,external_evidence_required,category and title evidence do not support a safe batch suggestion,False,+1706-396-1493,www.cchsaugusta.org,https://www.cchsaugusta.org/,26.0,33.4250602,-82.0178985,False,https://www.google.com/maps?cid=15876635400132913439,website_then_google_profile,www.cchsaugusta.org,eligibility_review_block:15a90604db2d1ce1,singleton_profile,"Fill this row only when it is an exception to a reviewed group decision, or when its group is marked individual_review.",1,direct_website_singleton,2,"""Christ Community Health Peach Orchard"" ""2604 Peach Orchard Rd #200, Augusta, GA 30906"" ""+1706-396-1493"" dentist dental patients",https://www.google.com/search?q=%22Christ+Community+Health+Peach+Orchard%22+%222604+Peach+Orchard+Rd+%23200%2C+Augusta%2C+GA+30906%22+%22%2B1706-396-1493%22+dentist+dental+patients,"site:www.cchsaugusta.org ""Christ Community Health Peach Orchard"" dental dentist patients",https://www.google.com/search?q=site%3Awww.cchsaugusta.org+%22Christ+Community+Health+Peach+Orchard%22+dental+dentist+patients,Verify current patient-facing dental service for this exact profile and address; a shared domain alone is not a decision.
128,profile:LA_CA_L:google:cid:10073033236181205716,LA_CA_L,google:cid:10073033236181205716,"Ardeshir Soroushyari, M.D.","5411 Etiwanda Ave #200, Tarzana, CA 91356",business_listings,Internist,needs_category_review,unreviewed_or_conflicting_category_evidence,exclude_non_dentist_category|include_dental_provider,,,,,,eligibility_group:190ff23a6596779d,unknown,,Internist,,,,,external_evidence_required,category and title evidence do not support a safe batch suggestion,False,+1818-996-5700,www.cedars-sinai.org,https://www.cedars-sinai.org/provider/ardeshir-soroushyari-2644702.html,16.0,34.1692466,-118.5313568,False,https://www.google.com/maps?cid=10073033236181205716,website_then_google_profile,www.cedars-sinai.org,eligibility_review_block:009142746158e259,singleton_profile,"Fill this row only when it is an exception to a reviewed group decision, or when its group is marked individual_review.",1,direct_website_singleton,2,"""Ardeshir Soroushyari, M.D."" ""5411 Etiwanda Ave #200, Tarzana, CA 91356"" ""+1818-996-5700"" dentist dental patients",https://www.google.com/search?q=%22Ardeshir+Soroushyari%2C+M.D.%22+%225411+Etiwanda+Ave+%23200%2C+Tarzana%2C+CA+91356%22+%22%2B1818-996-5700%22+dentist+dental+patients,"site:www.cedars-sinai.org ""Ardeshir Soroushyari, M.D."" dental dentist patients",https://www.google.com/search?q=site%3Awww.cedars-sinai.org+%22Ardeshir+Soroushyari%2C+M.D.%22+dental+dentist+patients,Verify current patient-facing dental service for this exact profile and address; a shared domain alone is not a decision.
129,profile:LA_CA_L:google:cid:6614151412022945732,LA_CA_L,google:cid:6614151412022945732,Central City Community Health Center,"5970 S Central Ave, Los Angeles, CA 90001",business_listings,Community health center,needs_category_review,unreviewed_or_conflicting_category_evidence,exclude_non_dentist_category|include_dental_provider,,,,,,eligibility_group:75eedbc19c8622b7,manual_review,Community health center: Category alone does not establish whether dental care is provided,,,,,,external_evidence_required,category and title evidence do not support a safe batch suggestion,False,+1323-234-3280,www.centralcityhealth.org,http://www.centralcityhealth.org/,82.0,33.9855537,-118.2561492,False,https://www.google.com/maps?cid=6614151412022945732,website_then_google_profile,www.centralcityhealth.org,eligibility_review_block:40f74497665d3559,singleton_profile,"Fill this row only when it is an exception to a reviewed group decision, or when its group is marked individual_review.",1,direct_website_singleton,2,"""Central City Community Health Center"" ""5970 S Central Ave, Los Angeles, CA 90001"" ""+1323-234-3280"" dentist dental patients",https://www.google.com/search?q=%22Central+City+Community+Health+Center%22+%225970+S+Central+Ave%2C+Los+Angeles%2C+CA+90001%22+%22%2B1323-234-3280%22+dentist+dental+patients,"site:www.centralcityhealth.org ""Central City Community Health Center"" dental dentist patients",https://www.google.com/search?q=site%3Awww.centralcityhealth.org+%22Central+City+Community+Health+Center%22+dental+dentist+patients,Verify current patient-facing dental service for this exact profile and address; a shared domain alone is not a decision.
130,profile:NYC_NY_L:google:cid:3675758136041550130,NYC_NY_L,google:cid:3675758136041550130,"Century Medical & Dental Center | Brooklyn, Downtown","200 Livingston St, Brooklyn, NY 11201",business_listings,Medical clinic,needs_category_review,unreviewed_or_conflicting_category_evidence,exclude_non_dentist_category|include_dental_provider,,,,,,eligibility_group:504917ff371eb69d,manual_review,Medical clinic: Category alone does not establish whether dental care is provided,,dental,medical,,,external_evidence_required,category and title evidence do not support a safe batch suggestion,False,+1718-522-3399,www.centurymedicaldental.com,https://www.centurymedicaldental.com/downtown-brooklyn-ny-11201/,1511.0,40.68967,-73.98645239999999,False,https://www.google.com/maps?cid=3675758136041550130,website_then_google_profile,www.centurymedicaldental.com,eligibility_review_block:cec2152add9f9036,singleton_profile,"Fill this row only when it is an exception to a reviewed group decision, or when its group is marked individual_review.",1,direct_website_singleton,2,"""Century Medical & Dental Center | Brooklyn, Downtown"" ""200 Livingston St, Brooklyn, NY 11201"" ""+1718-522-3399"" dentist dental patients",https://www.google.com/search?q=%22Century+Medical+%26+Dental+Center+%7C+Brooklyn%2C+Downtown%22+%22200+Livingston+St%2C+Brooklyn%2C+NY+11201%22+%22%2B1718-522-3399%22+dentist+dental+patients,"site:www.centurymedicaldental.com ""Century Medical & Dental Center | Brooklyn, Downtown"" dental dentist patients",https://www.google.com/search?q=site%3Awww.centurymedicaldental.com+%22Century+Medical+%26+Dental+Center+%7C+Brooklyn%2C+Downtown%22+dental+dentist+patients,Verify current patient-facing dental service for this exact profile and address; a shared domain alone is not a decision.
131,profile:NYC_NY_L:google:cid:14802067086695398071,NYC_NY_L,google:cid:14802067086695398071,Children's Aid - Dunlevy Milbank Center,"14-32 W 118th St, New York, NY 10026",business_listings,Non-profit organization,needs_category_review,unreviewed_or_conflicting_category_evidence,exclude_non_dentist_category|include_dental_provider,,,,,,eligibility_group:284d9dbfa1c169a1,unknown,,Non-profit organization,,,,,external_evidence_required,category and title evidence do not support a safe batch suggestion,False,+1212-996-1716,www.childrensaidnyc.org,http://www.childrensaidnyc.org/programs/location/dunlevy-milbank-center,141.0,40.8023203,-73.9469254,False,https://www.google.com/maps?cid=14802067086695398071,website_then_google_profile,www.childrensaidnyc.org,eligibility_review_block:5fff7d16e629eefe,singleton_profile,"Fill this row only when it is an exception to a reviewed group decision, or when its group is marked individual_review.",1,direct_website_singleton,2,"""Children's Aid - Dunlevy Milbank Center"" ""14-32 W 118th St, New York, NY 10026"" ""+1212-996-1716"" dentist dental patients",https://www.google.com/search?q=%22Children%27s+Aid+-+Dunlevy+Milbank+Center%22+%2214-32+W+118th+St%2C+New+York%2C+NY+10026%22+%22%2B1212-996-1716%22+dentist+dental+patients,"site:www.childrensaidnyc.org ""Children's Aid - Dunlevy Milbank Center"" dental dentist patients",https://www.google.com/search?q=site%3Awww.childrensaidnyc.org+%22Children%27s+Aid+-+Dunlevy+Milbank+Center%22+dental+dentist+patients,Verify current patient-facing dental service for this exact profile and address; a shared domain alone is not a decision.
132,profile:NYC_NY_L:google:cid:5545151789808744503,NYC_NY_L,google:cid:5545151789808744503,Children's Aid: Bronx Health Center,"910 E 172nd St, Bronx, NY 10460",business_listings,Medical Center,needs_category_review,unreviewed_or_conflicting_category_evidence,exclude_non_dentist_category|include_dental_provider,,,,,,eligibility_group:b070ffeb7e138d00,manual_review,Medical Center: Category alone does not establish whether dental care is provided,,,,,,external_evidence_required,category and title evidence do not support a safe batch suggestion,False,+1347-767-2200,www.childrensaidnyc.org,http://www.childrensaidnyc.org/health,27.0,40.834085,-73.8901497,False,https://www.google.com/maps?cid=5545151789808744503,website_then_google_profile,www.childrensaidnyc.org,eligibility_review_block:a84adfff126af993,singleton_profile,"Fill this row only when it is an exception to a reviewed group decision, or when its group is marked individual_review.",1,direct_website_singleton,2,"""Children's Aid: Bronx Health Center"" ""910 E 172nd St, Bronx, NY 10460"" ""+1347-767-2200"" dentist dental patients",https://www.google.com/search?q=%22Children%27s+Aid%3A+Bronx+Health+Center%22+%22910+E+172nd+St%2C+Bronx%2C+NY+10460%22+%22%2B1347-767-2200%22+dentist+dental+patients,"site:www.childrensaidnyc.org ""Children's Aid: Bronx Health Center"" dental dentist patients",https://www.google.com/search?q=site%3Awww.childrensaidnyc.org+%22Children%27s+Aid%3A+Bronx+Health+Center%22+dental+dentist+patients,Verify current patient-facing dental service for this exact profile and address; a shared domain alone is not a decision.
133,profile:NYC_NY_L:google:cid:7797290965946195780,NYC_NY_L,google:cid:7797290965946195780,Community Healthcare Network – Lower East Side / Catherine M. Abate,"255 E Houston St, New York, NY 10002",business_listings,Community health center,needs_category_review,unreviewed_or_conflicting_category_evidence,exclude_non_dentist_category|include_dental_provider,,,,,,eligibility_group:75eedbc19c8622b7,manual_review,Community health center: Category alone does not establish whether dental care is provided,,,,,,external_evidence_required,category and title evidence do not support a safe batch suggestion,False,+1212-477-1120,www.chnnyc.org,https://www.chnnyc.org/lower-east-side-center/,81.0,40.7216329,-73.9849528,False,https://www.google.com/maps?cid=7797290965946195780,website_then_google_profile,www.chnnyc.org,eligibility_review_block:3cd0713d348a59b1,singleton_profile,"Fill this row only when it is an exception to a reviewed group decision, or when its group is marked individual_review.",1,direct_website_singleton,2,"""Community Healthcare Network – Lower East Side / Catherine M. Abate"" ""255 E Houston St, New York, NY 10002"" ""+1212-477-1120"" dentist dental patients",https://www.google.com/search?q=%22Community+Healthcare+Network+%E2%80%93+Lower+East+Side+%2F+Catherine+M.+Abate%22+%22255+E+Houston+St%2C+New+York%2C+NY+10002%22+%22%2B1212-477-1120%22+dentist+dental+patients,"site:www.chnnyc.org ""Community Healthcare Network – Lower East Side / Catherine M. Abate"" dental dentist patients",https://www.google.com/search?q=site%3Awww.chnnyc.org+%22Community+Healthcare+Network+%E2%80%93+Lower+East+Side+%2F+Catherine+M.+Abate%22+dental+dentist+patients,Verify current patient-facing dental service for this exact profile and address; a shared domain alone is not a decision.
134,profile:LA_CA_L:google:cid:7778619330488409355,LA_CA_L,google:cid:7778619330488409355,Clinicas Newbury Park Health Center,"1000 Newbury Rd Ste 150, Newbury Park, CA 91320",business_listings,Community health center,needs_category_review,unreviewed_or_conflicting_category_evidence,exclude_non_dentist_category|include_dental_provider,,,,,,eligibility_group:75eedbc19c8622b7,manual_review,Community health center: Category alone does not establish whether dental care is provided,,,,,,external_evidence_required,category and title evidence do not support a safe batch suggestion,False,+1805-498-3640,www.clinicas.org,https://www.clinicas.org/content/newbury-park,374.0,34.1825181,-118.9048282,False,https://www.google.com/maps?cid=7778619330488409355,website_then_google_profile,www.clinicas.org,eligibility_review_block:92585a739ae9d706,singleton_profile,"Fill this row only when it is an exception to a reviewed group decision, or when its group is marked individual_review.",1,direct_website_singleton,2,"""Clinicas Newbury Park Health Center"" ""1000 Newbury Rd Ste 150, Newbury Park, CA 91320"" ""+1805-498-3640"" dentist dental patients",https://www.google.com/search?q=%22Clinicas+Newbury+Park+Health+Center%22+%221000+Newbury+Rd+Ste+150%2C+Newbury+Park%2C+CA+91320%22+%22%2B1805-498-3640%22+dentist+dental+patients,"site:www.clinicas.org ""Clinicas Newbury Park Health Center"" dental dentist patients",https://www.google.com/search?q=site%3Awww.clinicas.org+%22Clinicas+Newbury+Park+Health+Center%22+dental+dentist+patients,Verify current patient-facing dental service for this exact profile and address; a shared domain alone is not a decision.
135,profile:SanFrancisco_CA_L:google:cid:14237711967666725015,SanFrancisco_CA_L,google:cid:14237711967666725015,Clinic by the Bay,"35 Onondaga Ave, San Francisco, CA 94112",business_listings,Medical clinic,needs_category_review,unreviewed_or_conflicting_category_evidence,exclude_non_dentist_category|include_dental_provider,,,,,,eligibility_group:504917ff371eb69d,manual_review,Medical clinic: Category alone does not establish whether dental care is provided,,,,,,external_evidence_required,category and title evidence do not support a safe batch suggestion,False,+1415-405-0222,www.clinicbythebay.org,http://www.clinicbythebay.org/,21.0,37.7213306,-122.4383634,False,https://www.google.com/maps?cid=14237711967666725015,website_then_google_profile,www.clinicbythebay.org,eligibility_review_block:1877864899329051,singleton_profile,"Fill this row only when it is an exception to a reviewed group decision, or when its group is marked individual_review.",1,direct_website_singleton,2,"""Clinic by the Bay"" ""35 Onondaga Ave, San Francisco, CA 94112"" ""+1415-405-0222"" dentist dental patients",https://www.google.com/search?q=%22Clinic+by+the+Bay%22+%2235+Onondaga+Ave%2C+San+Francisco%2C+CA+94112%22+%22%2B1415-405-0222%22+dentist+dental+patients,"site:www.clinicbythebay.org ""Clinic by the Bay"" dental dentist patients",https://www.google.com/search?q=site%3Awww.clinicbythebay.org+%22Clinic+by+the+Bay%22+dental+dentist+patients,Verify current patient-facing dental service for this exact profile and address; a shared domain alone is not a decision.
136,profile:NYC_NY_L:google:cid:7171405538689679713,NYC_NY_L,google:cid:7171405538689679713,Coffee and Consulting LLC,"1633 E 15th St, Brooklyn, NY 11229",business_listings,Bookkeeping service,needs_category_review,unreviewed_or_conflicting_category_evidence,exclude_non_dentist_category|include_dental_provider,,,,,,eligibility_group:ed06ca914eca5a5b,unknown,,Bookkeeping service,,,,,external_evidence_required,category and title evidence do not support a safe batch suggestion,False,+1401-236-7286,www.coffeeandconsultingllc.com,https://www.coffeeandconsultingllc.com/,,40.6095655,-73.9582197,False,https://www.google.com/maps?cid=7171405538689679713,website_then_google_profile,www.coffeeandconsultingllc.com,eligibility_review_block:01175930470c0fab,singleton_profile,"Fill this row only when it is an exception to a reviewed group decision, or when its group is marked individual_review.",1,direct_website_singleton,2,"""Coffee and Consulting LLC"" ""1633 E 15th St, Brooklyn, NY 11229"" ""+1401-236-7286"" dentist dental patients",https://www.google.com/search?q=%22Coffee+and+Consulting+LLC%22+%221633+E+15th+St%2C+Brooklyn%2C+NY+11229%22+%22%2B1401-236-7286%22+dentist+dental+patients,"site:www.coffeeandconsultingllc.com ""Coffee and Consulting LLC"" dental dentist patients",https://www.google.com/search?q=site%3Awww.coffeeandconsultingllc.com+%22Coffee+and+Consulting+LLC%22+dental+dentist+patients,Verify current patient-facing dental service for this exact profile and address; a shared domain alone is not a decision.
137,profile:NYC_NY_L:google:cid:12688400926869408311,NYC_NY_L,google:cid:12688400926869408311,ColumbiaDoctors - Midtown,"51 W 51st St, New York, NY 10019",business_listings,Medical Center,needs_category_review,unreviewed_or_conflicting_category_evidence,exclude_non_dentist_category|include_dental_provider,,,,,,eligibility_group:b070ffeb7e138d00,manual_review,Medical Center: Category alone does not establish whether dental care is provided,,,,,,external_evidence_required,category and title evidence do not support a safe batch suggestion,False,+1212-326-8500,www.columbiadoctors.org,https://www.columbiadoctors.org/locations/columbiadoctors-midtown?utm_source=yextgmb&utm_medium=organic&utm_campaign=yext_doctor_listings,133.0,40.7603402,-73.97906019999999,False,https://www.google.com/maps?cid=12688400926869408311,website_then_google_profile,www.columbiadoctors.org,eligibility_review_block:693a1df2c176f4ed,singleton_profile,"Fill this row only when it is an exception to a reviewed group decision, or when its group is marked individual_review.",1,direct_website_singleton,2,"""ColumbiaDoctors - Midtown"" ""51 W 51st St, New York, NY 10019"" ""+1212-326-8500"" dentist dental patients",https://www.google.com/search?q=%22ColumbiaDoctors+-+Midtown%22+%2251+W+51st+St%2C+New+York%2C+NY+10019%22+%22%2B1212-326-8500%22+dentist+dental+patients,"site:www.columbiadoctors.org ""ColumbiaDoctors - Midtown"" dental dentist patients",https://www.google.com/search?q=site%3Awww.columbiadoctors.org+%22ColumbiaDoctors+-+Midtown%22+dental+dentist+patients,Verify current patient-facing dental service for this exact profile and address; a shared domain alone is not a decision.
138,profile:LA_CA_L:google:cid:16938644178152517497,LA_CA_L,google:cid:16938644178152517497,Chinatown Service Center,"767 N Hill St, Los Angeles, CA 90012",maps_core,Health,needs_category_review,unreviewed_or_conflicting_category_evidence,exclude_non_dentist_category|include_dental_provider,,,,,,eligibility_group:996c37683b16ba16,unknown,,Health,,,,,external_evidence_required,category and title evidence do not support a safe batch suggestion,False,+1213-808-1792,www.cscla.org,https://www.cscla.org/,343.0,34.0626606,-118.2400077,False,https://www.google.com/maps?cid=16938644178152517497,website_then_google_profile,www.cscla.org,eligibility_review_block:e2652efb5e169a07,singleton_profile,"Fill this row only when it is an exception to a reviewed group decision, or when its group is marked individual_review.",1,direct_website_singleton,2,"""Chinatown Service Center"" ""767 N Hill St, Los Angeles, CA 90012"" ""+1213-808-1792"" dentist dental patients",https://www.google.com/search?q=%22Chinatown+Service+Center%22+%22767+N+Hill+St%2C+Los+Angeles%2C+CA+90012%22+%22%2B1213-808-1792%22+dentist+dental+patients,"site:www.cscla.org ""Chinatown Service Center"" dental dentist patients",https://www.google.com/search?q=site%3Awww.cscla.org+%22Chinatown+Service+Center%22+dental+dentist+patients,Verify current patient-facing dental service for this exact profile and address; a shared domain alone is not a decision.
139,profile:NYC_NY_L:google:cid:12561385290095799208,NYC_NY_L,google:cid:12561385290095799208,Dr. Oleg Zusin,"543A Hempstead Tpke # Nassau, 543 Hempstead Turnpike, West Hempstead, NY 11552",business_listings,Medical clinic,needs_category_review,unreviewed_or_conflicting_category_evidence,exclude_non_dentist_category|include_dental_provider,,,,,,eligibility_group:504917ff371eb69d,manual_review,Medical clinic: Category alone does not establish whether dental care is provided,,,,,,external_evidence_required,category and title evidence do not support a safe batch suggestion,False,+1516-564-9444,www.csdentalny.com,https://www.csdentalny.com/meet-our-doctors,,40.7058734,-73.6596946,False,https://www.google.com/maps?cid=12561385290095799208,website_then_google_profile,www.csdentalny.com,eligibility_review_block:60c1ac06090022eb,singleton_profile,"Fill this row only when it is an exception to a reviewed group decision, or when its group is marked individual_review.",1,direct_website_singleton,2,"""Dr. Oleg Zusin"" ""543A Hempstead Tpke # Nassau, 543 Hempstead Turnpike, West Hempstead, NY 11552"" ""+1516-564-9444"" dentist dental patients",https://www.google.com/search?q=%22Dr.+Oleg+Zusin%22+%22543A+Hempstead+Tpke+%23+Nassau%2C+543+Hempstead+Turnpike%2C+West+Hempstead%2C+NY+11552%22+%22%2B1516-564-9444%22+dentist+dental+patients,"site:www.csdentalny.com ""Dr. Oleg Zusin"" dental dentist patients",https://www.google.com/search?q=site%3Awww.csdentalny.com+%22Dr.+Oleg+Zusin%22+dental+dentist+patients,Verify current patient-facing dental service for this exact profile and address; a shared domain alone is not a decision.
140,profile:Buffalo_NY_L:google:cid:7759169902728672012,Buffalo_NY_L,google:cid:7759169902728672012,CurlyJanes Crystal Rose,"21 Leroy Ave, Buffalo, NY 14214",business_listings,Herbalist,needs_category_review,unreviewed_or_conflicting_category_evidence,exclude_non_dentist_category|include_dental_provider,,,,,,eligibility_group:4ba8b77a4528c354,unknown,,Herbalist,,,,,external_evidence_required,category and title evidence do not support a safe batch suggestion,False,,www.curlyjanes.com,http://www.curlyjanes.com/,13.0,42.93266,-78.8448779,False,https://www.google.com/maps?cid=7759169902728672012,website_then_google_profile,www.curlyjanes.com,eligibility_review_block:98f404512480c445,singleton_profile,"Fill this row only when it is an exception to a reviewed group decision, or when its group is marked individual_review.",1,direct_website_singleton,2,"""CurlyJanes Crystal Rose"" ""21 Leroy Ave, Buffalo, NY 14214"" dentist dental patients",https://www.google.com/search?q=%22CurlyJanes+Crystal+Rose%22+%2221+Leroy+Ave%2C+Buffalo%2C+NY+14214%22+dentist+dental+patients,"site:www.curlyjanes.com ""CurlyJanes Crystal Rose"" dental dentist patients",https://www.google.com/search?q=site%3Awww.curlyjanes.com+%22CurlyJanes+Crystal+Rose%22+dental+dentist+patients,Verify current patient-facing dental service for this exact profile and address; a shared domain alone is not a decision.
141,profile:NYC_NY_L:google:cid:18239375735290298326,NYC_NY_L,google:cid:18239375735290298326,Damian Family Health Center,"137-50 Jamaica Ave, Jamaica, NY 11435",business_listings,Medical clinic,needs_category_review,unreviewed_or_conflicting_category_evidence,exclude_non_dentist_category|include_dental_provider,,,,,,eligibility_group:504917ff371eb69d,manual_review,Medical clinic: Category alone does not establish whether dental care is provided,,,,,,external_evidence_required,category and title evidence do not support a safe batch suggestion,False,+1718-298-5100,www.damian.org,http://www.damian.org/,55.0,40.7022025,-73.8150472,False,https://www.google.com/maps?cid=18239375735290298326,website_then_google_profile,www.damian.org,eligibility_review_block:9fcc6059181e7067,singleton_profile,"Fill this row only when it is an exception to a reviewed group decision, or when its group is marked individual_review.",1,direct_website_singleton,2,"""Damian Family Health Center"" ""137-50 Jamaica Ave, Jamaica, NY 11435"" ""+1718-298-5100"" dentist dental patients",https://www.google.com/search?q=%22Damian+Family+Health+Center%22+%22137-50+Jamaica+Ave%2C+Jamaica%2C+NY+11435%22+%22%2B1718-298-5100%22+dentist+dental+patients,"site:www.damian.org ""Damian Family Health Center"" dental dentist patients",https://www.google.com/search?q=site%3Awww.damian.org+%22Damian+Family+Health+Center%22+dental+dentist+patients,Verify current patient-facing dental service for this exact profile and address; a shared domain alone is not a decision.
142,profile:NYC_NY_L:google:cid:5452137540325187513,NYC_NY_L,google:cid:5452137540325187513,Devonshire House,"28 E 10th St, New York, NY 10003",business_listings,Condominium complex,needs_category_review,unreviewed_or_conflicting_category_evidence,exclude_non_dentist_category|include_dental_provider,,,,,,eligibility_group:690588d673aff3e0,unknown,,Condominium complex,,,,,external_evidence_required,category and title evidence do not support a safe batch suggestion,False,+1212-254-2053,www.devonshirehouse10th.com,https://www.devonshirehouse10th.com/,11.0,40.7324394,-73.9935611,False,https://www.google.com/maps?cid=5452137540325187513,website_then_google_profile,www.devonshirehouse10th.com,eligibility_review_block:fa9ddc2c553e4104,singleton_profile,"Fill this row only when it is an exception to a reviewed group decision, or when its group is marked individual_review.",1,direct_website_singleton,2,"""Devonshire House"" ""28 E 10th St, New York, NY 10003"" ""+1212-254-2053"" dentist dental patients",https://www.google.com/search?q=%22Devonshire+House%22+%2228+E+10th+St%2C+New+York%2C+NY+10003%22+%22%2B1212-254-2053%22+dentist+dental+patients,"site:www.devonshirehouse10th.com ""Devonshire House"" dental dentist patients",https://www.google.com/search?q=site%3Awww.devonshirehouse10th.com+%22Devonshire+House%22+dental+dentist+patients,Verify current patient-facing dental service for this exact profile and address; a shared domain alone is not a decision.
143,profile:LA_CA_L:google:cid:13084037250118456891,LA_CA_L,google:cid:13084037250118456891,Endoscopy Center At Skypark,"23441 Madison St, Torrance, CA 90505",business_listings,Medical clinic,needs_category_review,unreviewed_or_conflicting_category_evidence,exclude_non_dentist_category|include_dental_provider,,,,,,eligibility_group:504917ff371eb69d,manual_review,Medical clinic: Category alone does not establish whether dental care is provided,,,,,,external_evidence_required,category and title evidence do not support a safe batch suggestion,False,+1310-375-6461,www.digestivecareconsultants.net,http://www.digestivecareconsultants.net/,31.0,33.8124885,-118.3487014,False,https://www.google.com/maps?cid=13084037250118456891,website_then_google_profile,www.digestivecareconsultants.net,eligibility_review_block:85379a70dc451991,singleton_profile,"Fill this row only when it is an exception to a reviewed group decision, or when its group is marked individual_review.",1,direct_website_singleton,2,"""Endoscopy Center At Skypark"" ""23441 Madison St, Torrance, CA 90505"" ""+1310-375-6461"" dentist dental patients",https://www.google.com/search?q=%22Endoscopy+Center+At+Skypark%22+%2223441+Madison+St%2C+Torrance%2C+CA+90505%22+%22%2B1310-375-6461%22+dentist+dental+patients,"site:www.digestivecareconsultants.net ""Endoscopy Center At Skypark"" dental dentist patients",https://www.google.com/search?q=site%3Awww.digestivecareconsultants.net+%22Endoscopy+Center+At+Skypark%22+dental+dentist+patients,Verify current patient-facing dental service for this exact profile and address; a shared domain alone is not a decision.
144,profile:NYC_NY_L:google:cid:7626899602233517191,NYC_NY_L,google:cid:7626899602233517191,Health Science Center At Brooklyn,"450 Clarkson Ave #30, Brooklyn, NY 11203",business_listings,Medical clinic,needs_category_review,unreviewed_or_conflicting_category_evidence,exclude_non_dentist_category|include_dental_provider,,,,,,eligibility_group:504917ff371eb69d,manual_review,Medical clinic: Category alone does not establish whether dental care is provided,,,,,,external_evidence_required,category and title evidence do not support a safe batch suggestion,False,+1718-270-1000,www.downstate.edu,http://www.downstate.edu/,,40.6556692,-73.9477752,False,https://www.google.com/maps?cid=7626899602233517191,website_then_google_profile,www.downstate.edu,eligibility_review_block:cebc96216fba861c,singleton_profile,"Fill this row only when it is an exception to a reviewed group decision, or when its group is marked individual_review.",1,direct_website_singleton,2,"""Health Science Center At Brooklyn"" ""450 Clarkson Ave #30, Brooklyn, NY 11203"" ""+1718-270-1000"" dentist dental patients",https://www.google.com/search?q=%22Health+Science+Center+At+Brooklyn%22+%22450+Clarkson+Ave+%2330%2C+Brooklyn%2C+NY+11203%22+%22%2B1718-270-1000%22+dentist+dental+patients,"site:www.downstate.edu ""Health Science Center At Brooklyn"" dental dentist patients",https://www.google.com/search?q=site%3Awww.downstate.edu+%22Health+Science+Center+At+Brooklyn%22+dental+dentist+patients,Verify current patient-facing dental service for this exact profile and address; a shared domain alone is not a decision.
145,profile:Macon_GA_M:google:cid:2683486518035905913,Macon_GA_M,google:cid:2683486518035905913,Macon VA Clinic,"5566 Thomaston Rd, Macon, GA 31220",maps_core,Medical clinic,needs_category_review,unreviewed_or_conflicting_category_evidence,exclude_non_dentist_category|include_dental_provider,,,,,,eligibility_group:504917ff371eb69d,manual_review,Medical clinic: Category alone does not establish whether dental care is provided,,,,,,external_evidence_required,category and title evidence do not support a safe batch suggestion,False,+1478-476-8868,www.dublin.va.gov,http://www.dublin.va.gov/,108.0,32.8325957,-83.74387349999999,False,https://www.google.com/maps?cid=2683486518035905913,website_then_google_profile,www.dublin.va.gov,eligibility_review_block:32f079af42304ab1,singleton_profile,"Fill this row only when it is an exception to a reviewed group decision, or when its group is marked individual_review.",1,direct_website_singleton,2,"""Macon VA Clinic"" ""5566 Thomaston Rd, Macon, GA 31220"" ""+1478-476-8868"" dentist dental patients",https://www.google.com/search?q=%22Macon+VA+Clinic%22+%225566+Thomaston+Rd%2C+Macon%2C+GA+31220%22+%22%2B1478-476-8868%22+dentist+dental+patients,"site:www.dublin.va.gov ""Macon VA Clinic"" dental dentist patients",https://www.google.com/search?q=site%3Awww.dublin.va.gov+%22Macon+VA+Clinic%22+dental+dentist+patients,Verify current patient-facing dental service for this exact profile and address; a shared domain alone is not a decision.
146,profile:Buffalo_NY_L:google:cid:9379723610265778813,Buffalo_NY_L,google:cid:9379723610265778813,ECMC Center for Dental Care - Buffalo General Medical Center,"100 High St, Buffalo, NY 14203",maps_core,Medical clinic,needs_category_review,unreviewed_or_conflicting_category_evidence,exclude_non_dentist_category|include_dental_provider,,,,,,eligibility_group:504917ff371eb69d,manual_review,Medical clinic: Category alone does not establish whether dental care is provided,,dental,medical,,,external_evidence_required,category and title evidence do not support a safe batch suggestion,False,+1716-859-4180,www.ecmc.edu,https://www.ecmc.edu/health-services-and-doctors/outpatient-specialty-clinics/dental-clinic/,1.0,42.9008378,-78.8656992,False,https://www.google.com/maps?cid=9379723610265778813,website_then_google_profile,www.ecmc.edu,eligibility_review_block:d0e62ff8a53b9af5,singleton_profile,"Fill this row only when it is an exception to a reviewed group decision, or when its group is marked individual_review.",1,direct_website_singleton,2,"""ECMC Center for Dental Care - Buffalo General Medical Center"" ""100 High St, Buffalo, NY 14203"" ""+1716-859-4180"" dentist dental patients",https://www.google.com/search?q=%22ECMC+Center+for+Dental+Care+-+Buffalo+General+Medical+Center%22+%22100+High+St%2C+Buffalo%2C+NY+14203%22+%22%2B1716-859-4180%22+dentist+dental+patients,"site:www.ecmc.edu ""ECMC Center for Dental Care - Buffalo General Medical Center"" dental dentist patients",https://www.google.com/search?q=site%3Awww.ecmc.edu+%22ECMC+Center+for+Dental+Care+-+Buffalo+General+Medical+Center%22+dental+dentist+patients,Verify current patient-facing dental service for this exact profile and address; a shared domain alone is not a decision.
147,profile:Buffalo_NY_L:google:cid:9656432255286679171,Buffalo_NY_L,google:cid:9656432255286679171,ECMC Health Campus,"462 Grider St, Buffalo, NY 14215",maps_core|maps_specialist,Medical Center,needs_category_review,unreviewed_or_conflicting_category_evidence,exclude_non_dentist_category|include_dental_provider,,,,,,eligibility_group:b070ffeb7e138d00,manual_review,Medical Center: Category alone does not establish whether dental care is provided,,,,,,external_evidence_required,category and title evidence do not support a safe batch suggestion,False,+1716-898-3000,www.ecmc.edu,http://www.ecmc.edu/,826.0,42.9266226,-78.8319633,False,https://www.google.com/maps?cid=9656432255286679171,website_then_google_profile,www.ecmc.edu,eligibility_review_block:d930d9ac11ba2df1,singleton_profile,"Fill this row only when it is an exception to a reviewed group decision, or when its group is marked individual_review.",1,direct_website_singleton,2,"""ECMC Health Campus"" ""462 Grider St, Buffalo, NY 14215"" ""+1716-898-3000"" dentist dental patients",https://www.google.com/search?q=%22ECMC+Health+Campus%22+%22462+Grider+St%2C+Buffalo%2C+NY+14215%22+%22%2B1716-898-3000%22+dentist+dental+patients,"site:www.ecmc.edu ""ECMC Health Campus"" dental dentist patients",https://www.google.com/search?q=site%3Awww.ecmc.edu+%22ECMC+Health+Campus%22+dental+dentist+patients,Verify current patient-facing dental service for this exact profile and address; a shared domain alone is not a decision.
148,profile:LA_CA_L:google:cid:7614563752735245075,LA_CA_L,google:cid:7614563752735245075,El Proyecto Del Barrio,"9140 Van Nuys Blvd, Panorama City, CA 91402",business_listings,Medical clinic,needs_category_review,unreviewed_or_conflicting_category_evidence,exclude_non_dentist_category|include_dental_provider,,,,,,eligibility_group:504917ff371eb69d,manual_review,Medical clinic: Category alone does not establish whether dental care is provided,,,,,,external_evidence_required,category and title evidence do not support a safe batch suggestion,False,+1818-830-7181,www.elproyecto.us,https://www.elproyecto.us/,42.0,34.2366658,-118.4497211,False,https://www.google.com/maps?cid=7614563752735245075,website_then_google_profile,www.elproyecto.us,eligibility_review_block:ce7d7c93692c2989,singleton_profile,"Fill this row only when it is an exception to a reviewed group decision, or when its group is marked individual_review.",1,direct_website_singleton,2,"""El Proyecto Del Barrio"" ""9140 Van Nuys Blvd, Panorama City, CA 91402"" ""+1818-830-7181"" dentist dental patients",https://www.google.com/search?q=%22El+Proyecto+Del+Barrio%22+%229140+Van+Nuys+Blvd%2C+Panorama+City%2C+CA+91402%22+%22%2B1818-830-7181%22+dentist+dental+patients,"site:www.elproyecto.us ""El Proyecto Del Barrio"" dental dentist patients",https://www.google.com/search?q=site%3Awww.elproyecto.us+%22El+Proyecto+Del+Barrio%22+dental+dentist+patients,Verify current patient-facing dental service for this exact profile and address; a shared domain alone is not a decision.
149,profile:LA_CA_L:google:cid:16643914325503616698,LA_CA_L,google:cid:16643914325503616698,Encino Center for Sleep and TMJ Disorders,"16500 Ventura Blvd #370, Encino, CA 91436",business_listings,Sleep clinic,needs_category_review,unreviewed_or_conflicting_category_evidence,exclude_non_dentist_category|include_dental_provider,,,,,,eligibility_group:d73fe04c4858867b,unknown,,Sleep clinic,,,,,external_evidence_required,category and title evidence do not support a safe batch suggestion,False,+1818-300-0070,www.encinosleepandtmj.com,http://www.encinosleepandtmj.com/,94.0,34.1573651,-118.4927435,False,https://www.google.com/maps?cid=16643914325503616698,website_then_google_profile,www.encinosleepandtmj.com,eligibility_review_block:7ebf7025ccbbcdfd,singleton_profile,"Fill this row only when it is an exception to a reviewed group decision, or when its group is marked individual_review.",1,direct_website_singleton,2,"""Encino Center for Sleep and TMJ Disorders"" ""16500 Ventura Blvd #370, Encino, CA 91436"" ""+1818-300-0070"" dentist dental patients",https://www.google.com/search?q=%22Encino+Center+for+Sleep+and+TMJ+Disorders%22+%2216500+Ventura+Blvd+%23370%2C+Encino%2C+CA+91436%22+%22%2B1818-300-0070%22+dentist+dental+patients,"site:www.encinosleepandtmj.com ""Encino Center for Sleep and TMJ Disorders"" dental dentist patients",https://www.google.com/search?q=site%3Awww.encinosleepandtmj.com+%22Encino+Center+for+Sleep+and+TMJ+Disorders%22+dental+dentist+patients,Verify current patient-facing dental service for this exact profile and address; a shared domain alone is not a decision.
150,profile:SanFrancisco_CA_L:google:cid:11372912843166958775,SanFrancisco_CA_L,google:cid:11372912843166958775,Envoy Health,"5432 Geary Blvd Unit 787, San Francisco, CA 94121",business_listings,Health consultant,needs_category_review,unreviewed_or_conflicting_category_evidence,exclude_non_dentist_category|include_dental_provider,,,,,,eligibility_group:9b7c162f3e96d8ac,unknown,,Health consultant,,,,,external_evidence_required,category and title evidence do not support a safe batch suggestion,False,+1415-406-6339,www.envoyhealth.io,https://www.envoyhealth.io/,,37.7806336,-122.4779216,False,https://www.google.com/maps?cid=11372912843166958775,website_then_google_profile,www.envoyhealth.io,eligibility_review_block:86ab1347f293960d,singleton_profile,"Fill this row only when it is an exception to a reviewed group decision, or when its group is marked individual_review.",1,direct_website_singleton,2,"""Envoy Health"" ""5432 Geary Blvd Unit 787, San Francisco, CA 94121"" ""+1415-406-6339"" dentist dental patients",https://www.google.com/search?q=%22Envoy+Health%22+%225432+Geary+Blvd+Unit+787%2C+San+Francisco%2C+CA+94121%22+%22%2B1415-406-6339%22+dentist+dental+patients,"site:www.envoyhealth.io ""Envoy Health"" dental dentist patients",https://www.google.com/search?q=site%3Awww.envoyhealth.io+%22Envoy+Health%22+dental+dentist+patients,Verify current patient-facing dental service for this exact profile and address; a shared domain alone is not a decision.
151,profile:Augusta_GA_L:google:cid:14702604690810388273,Augusta_GA_L,google:cid:14702604690810388273,Shifa Care Clinic,"3416 Middleton Dr, Augusta, GA 30907",maps_core,Medical Center,needs_category_review,unreviewed_or_conflicting_category_evidence,exclude_non_dentist_category|include_dental_provider,,,,,,eligibility_group:b070ffeb7e138d00,manual_review,Medical Center: Category alone does not establish whether dental care is provided,,,,,,external_evidence_required,category and title evidence do not support a safe batch suggestion,False,+1706-513-0582,www.facebook.com,https://www.facebook.com/shifacareclinic,16.0,33.5123855,-82.0737814,False,https://www.google.com/maps?cid=14702604690810388273,website_then_google_profile,www.facebook.com,eligibility_review_block:7fbbaf9a644ab9be,singleton_profile,"Fill this row only when it is an exception to a reviewed group decision, or when its group is marked individual_review.",1,direct_website_singleton,2,"""Shifa Care Clinic"" ""3416 Middleton Dr, Augusta, GA 30907"" ""+1706-513-0582"" dentist dental patients",https://www.google.com/search?q=%22Shifa+Care+Clinic%22+%223416+Middleton+Dr%2C+Augusta%2C+GA+30907%22+%22%2B1706-513-0582%22+dentist+dental+patients,"site:www.facebook.com ""Shifa Care Clinic"" dental dentist patients",https://www.google.com/search?q=site%3Awww.facebook.com+%22Shifa+Care+Clinic%22+dental+dentist+patients,Verify current patient-facing dental service for this exact profile and address; a shared domain alone is not a decision.
152,profile:SanFrancisco_CA_L:google:cid:10983116578148769284,SanFrancisco_CA_L,google:cid:10983116578148769284,Facial Therapy Studio,"90 Gough St, San Francisco, CA 94102",business_listings,Medical spa,needs_category_review,unreviewed_or_conflicting_category_evidence,exclude_non_dentist_category|include_dental_provider,,,,,,eligibility_group:8c88af6de3a4ac5e,unknown,,Medical spa,,,,,external_evidence_required,category and title evidence do not support a safe batch suggestion,False,+1415-706-7687,www.facialtherapystudio.com,https://www.facialtherapystudio.com/,,37.773738,-122.4221511,False,https://www.google.com/maps?cid=10983116578148769284,website_then_google_profile,www.facialtherapystudio.com,eligibility_review_block:30ec380e1ff1d19e,singleton_profile,"Fill this row only when it is an exception to a reviewed group decision, or when its group is marked individual_review.",1,direct_website_singleton,2,"""Facial Therapy Studio"" ""90 Gough St, San Francisco, CA 94102"" ""+1415-706-7687"" dentist dental patients",https://www.google.com/search?q=%22Facial+Therapy+Studio%22+%2290+Gough+St%2C+San+Francisco%2C+CA+94102%22+%22%2B1415-706-7687%22+dentist+dental+patients,"site:www.facialtherapystudio.com ""Facial Therapy Studio"" dental dentist patients",https://www.google.com/search?q=site%3Awww.facialtherapystudio.com+%22Facial+Therapy+Studio%22+dental+dentist+patients,Verify current patient-facing dental service for this exact profile and address; a shared domain alone is not a decision.
153,profile:Atlanta_GA_L:google:cid:11970192833599671661,Atlanta_GA_L,google:cid:11970192833599671661,Fellowship For Christian,"2100 Riveredge Pkwy, Atlanta, GA 30328",business_listings,Religious organization,needs_category_review,unreviewed_or_conflicting_category_evidence,exclude_non_dentist_category|include_dental_provider,,,,,,eligibility_group:b5c4ce5395b98413,unknown,,Religious organization,,,,,external_evidence_required,category and title evidence do not support a safe batch suggestion,False,+1770-955-1512,www.fcaoutdoors.com,http://www.fcaoutdoors.com/,,33.9086629,-84.4405695,False,https://www.google.com/maps?cid=11970192833599671661,website_then_google_profile,www.fcaoutdoors.com,eligibility_review_block:662db022da9036d7,singleton_profile,"Fill this row only when it is an exception to a reviewed group decision, or when its group is marked individual_review.",1,direct_website_singleton,2,"""Fellowship For Christian"" ""2100 Riveredge Pkwy, Atlanta, GA 30328"" ""+1770-955-1512"" dentist dental patients",https://www.google.com/search?q=%22Fellowship+For+Christian%22+%222100+Riveredge+Pkwy%2C+Atlanta%2C+GA+30328%22+%22%2B1770-955-1512%22+dentist+dental+patients,"site:www.fcaoutdoors.com ""Fellowship For Christian"" dental dentist patients",https://www.google.com/search?q=site%3Awww.fcaoutdoors.com+%22Fellowship+For+Christian%22+dental+dentist+patients,Verify current patient-facing dental service for this exact profile and address; a shared domain alone is not a decision.
154,profile:Macon_GA_M:google:cid:15706617772192173359,Macon_GA_M,google:cid:15706617772192173359,First Choice Primary Care: Rountree Rhonda MD,"770 Walnut St # 7A, Macon, GA 31201",maps_core,Registered general nurse,needs_category_review,unreviewed_or_conflicting_category_evidence,exclude_non_dentist_category|include_dental_provider,,,,,,eligibility_group:97f57507e4664de1,unknown,,Registered general nurse,,,,,external_evidence_required,category and title evidence do not support a safe batch suggestion,False,+1478-787-4266,www.firstchoiceprimarycare.org,https://www.firstchoiceprimarycare.org/,1.0,32.8404116,-83.6296158,False,https://www.google.com/maps?cid=15706617772192173359,website_then_google_profile,www.firstchoiceprimarycare.org,eligibility_review_block:a9e4d4d3b293fb70,singleton_profile,"Fill this row only when it is an exception to a reviewed group decision, or when its group is marked individual_review.",1,direct_website_singleton,2,"""First Choice Primary Care: Rountree Rhonda MD"" ""770 Walnut St # 7A, Macon, GA 31201"" ""+1478-787-4266"" dentist dental patients",https://www.google.com/search?q=%22First+Choice+Primary+Care%3A+Rountree+Rhonda+MD%22+%22770+Walnut+St+%23+7A%2C+Macon%2C+GA+31201%22+%22%2B1478-787-4266%22+dentist+dental+patients,"site:www.firstchoiceprimarycare.org ""First Choice Primary Care: Rountree Rhonda MD"" dental dentist patients",https://www.google.com/search?q=site%3Awww.firstchoiceprimarycare.org+%22First+Choice+Primary+Care%3A+Rountree+Rhonda+MD%22+dental+dentist+patients,Verify current patient-facing dental service for this exact profile and address; a shared domain alone is not a decision.
155,profile:NYC_NY_L:google:cid:3257959083374607564,NYC_NY_L,google:cid:3257959083374607564,First Family Care Medical and Dental,"701 Avenue U, Brooklyn, NY 11223",business_listings,Medical clinic,needs_category_review,unreviewed_or_conflicting_category_evidence,exclude_non_dentist_category|include_dental_provider,,,,,,eligibility_group:504917ff371eb69d,manual_review,Medical clinic: Category alone does not establish whether dental care is provided,,dental,medical,,,external_evidence_required,category and title evidence do not support a safe batch suggestion,False,+1718-336-0100,www.firstfamilycare.com,http://www.firstfamilycare.com/,21.0,40.5982754,-73.96401209999999,False,https://www.google.com/maps?cid=3257959083374607564,website_then_google_profile,www.firstfamilycare.com,eligibility_review_block:dc219af46be8e5b5,singleton_profile,"Fill this row only when it is an exception to a reviewed group decision, or when its group is marked individual_review.",1,direct_website_singleton,2,"""First Family Care Medical and Dental"" ""701 Avenue U, Brooklyn, NY 11223"" ""+1718-336-0100"" dentist dental patients",https://www.google.com/search?q=%22First+Family+Care+Medical+and+Dental%22+%22701+Avenue+U%2C+Brooklyn%2C+NY+11223%22+%22%2B1718-336-0100%22+dentist+dental+patients,"site:www.firstfamilycare.com ""First Family Care Medical and Dental"" dental dentist patients",https://www.google.com/search?q=site%3Awww.firstfamilycare.com+%22First+Family+Care+Medical+and+Dental%22+dental+dentist+patients,Verify current patient-facing dental service for this exact profile and address; a shared domain alone is not a decision.
156,profile:LA_CA_L:google:cid:16173013667061739290,LA_CA_L,google:cid:16173013667061739290,Friends of Family Health Center,"501 S Idaho St, La Habra, CA 90631",business_listings,Medical clinic,needs_category_review,unreviewed_or_conflicting_category_evidence,exclude_non_dentist_category|include_dental_provider,,,,,,eligibility_group:504917ff371eb69d,manual_review,Medical clinic: Category alone does not establish whether dental care is provided,,,,,,external_evidence_required,category and title evidence do not support a safe batch suggestion,False,+1562-690-0400,www.fofhealthcenter.org,http://www.fofhealthcenter.org/,303.0,33.9277881,-117.9597721,False,https://www.google.com/maps?cid=16173013667061739290,website_then_google_profile,www.fofhealthcenter.org,eligibility_review_block:1fee17e85ea9f58c,singleton_profile,"Fill this row only when it is an exception to a reviewed group decision, or when its group is marked individual_review.",1,direct_website_singleton,2,"""Friends of Family Health Center"" ""501 S Idaho St, La Habra, CA 90631"" ""+1562-690-0400"" dentist dental patients",https://www.google.com/search?q=%22Friends+of+Family+Health+Center%22+%22501+S+Idaho+St%2C+La+Habra%2C+CA+90631%22+%22%2B1562-690-0400%22+dentist+dental+patients,"site:www.fofhealthcenter.org ""Friends of Family Health Center"" dental dentist patients",https://www.google.com/search?q=site%3Awww.fofhealthcenter.org+%22Friends+of+Family+Health+Center%22+dental+dentist+patients,Verify current patient-facing dental service for this exact profile and address; a shared domain alone is not a decision.
157,profile:Buffalo_NY_L:google:cid:13718650259631278177,Buffalo_NY_L,google:cid:13718650259631278177,Aesthetic Associates Centre,"2500 Kensington Ave, Amherst, NY 14226",business_listings,Plastic surgery clinic,needs_category_review,unreviewed_or_conflicting_category_evidence,exclude_non_dentist_category|include_dental_provider,,,,,,eligibility_group:f4c429ee0eaa6a16,unknown,,Plastic surgery clinic,,,,,external_evidence_required,category and title evidence do not support a safe batch suggestion,False,+1716-839-1700,www.gr8look.com,https://www.gr8look.com/,44.0,42.9577916,-78.7694721,False,https://www.google.com/maps?cid=13718650259631278177,website_then_google_profile,www.gr8look.com,eligibility_review_block:c252d9495898d037,singleton_profile,"Fill this row only when it is an exception to a reviewed group decision, or when its group is marked individual_review.",1,direct_website_singleton,2,"""Aesthetic Associates Centre"" ""2500 Kensington Ave, Amherst, NY 14226"" ""+1716-839-1700"" dentist dental patients",https://www.google.com/search?q=%22Aesthetic+Associates+Centre%22+%222500+Kensington+Ave%2C+Amherst%2C+NY+14226%22+%22%2B1716-839-1700%22+dentist+dental+patients,"site:www.gr8look.com ""Aesthetic Associates Centre"" dental dentist patients",https://www.google.com/search?q=site%3Awww.gr8look.com+%22Aesthetic+Associates+Centre%22+dental+dentist+patients,Verify current patient-facing dental service for this exact profile and address; a shared domain alone is not a decision.
158,profile:Atlanta_GA_L:google:cid:13898945642818331032,Atlanta_GA_L,google:cid:13898945642818331032,Grady Health System,"80 Jesse Hill Jr Dr SE, Atlanta, GA 30303",maps_core,Hospital,needs_category_review,unreviewed_or_conflicting_category_evidence,exclude_non_dentist_category|include_dental_provider,,,,,,eligibility_group:7a6fb05b52cfaa84,unknown,,Hospital,,,,,external_evidence_required,category and title evidence do not support a safe batch suggestion,False,+1404-616-1000,www.gradyhealth.org,https://www.gradyhealth.org/?utm_source=gmb&utm_medium=organic&utm_campaign=sitelink&utm_id=grady,5.0,33.7517652,-84.3819669,False,https://www.google.com/maps?cid=13898945642818331032,website_then_google_profile,www.gradyhealth.org,eligibility_review_block:5bdcb863be4d6bd3,singleton_profile,"Fill this row only when it is an exception to a reviewed group decision, or when its group is marked individual_review.",1,direct_website_singleton,2,"""Grady Health System"" ""80 Jesse Hill Jr Dr SE, Atlanta, GA 30303"" ""+1404-616-1000"" dentist dental patients",https://www.google.com/search?q=%22Grady+Health+System%22+%2280+Jesse+Hill+Jr+Dr+SE%2C+Atlanta%2C+GA+30303%22+%22%2B1404-616-1000%22+dentist+dental+patients,"site:www.gradyhealth.org ""Grady Health System"" dental dentist patients",https://www.google.com/search?q=site%3Awww.gradyhealth.org+%22Grady+Health+System%22+dental+dentist+patients,Verify current patient-facing dental service for this exact profile and address; a shared domain alone is not a decision.
159,profile:Atlanta_GA_L:google:cid:14051362357773369561,Atlanta_GA_L,google:cid:14051362357773369561,Ponce De Leon Center,"341 Ponce De Leon Ave NE, Atlanta, GA 30308",business_listings,STD clinic,needs_category_review,unreviewed_or_conflicting_category_evidence,exclude_non_dentist_category|include_dental_provider,,,,,,eligibility_group:3850dec87c574304,unknown,,STD clinic,,,,,external_evidence_required,category and title evidence do not support a safe batch suggestion,False,+1404-616-2440,www.gradyhealth.org,https://www.gradyhealth.org/locations/ponce-de-leon-center/?utm_source=gmb&utm_medium=organic&utm_campaign=sitelink&utm_id=ponce,81.0,33.771853,-84.3761076,False,https://www.google.com/maps?cid=14051362357773369561,website_then_google_profile,www.gradyhealth.org,eligibility_review_block:91500f742546c595,singleton_profile,"Fill this row only when it is an exception to a reviewed group decision, or when its group is marked individual_review.",1,direct_website_singleton,2,"""Ponce De Leon Center"" ""341 Ponce De Leon Ave NE, Atlanta, GA 30308"" ""+1404-616-2440"" dentist dental patients",https://www.google.com/search?q=%22Ponce+De+Leon+Center%22+%22341+Ponce+De+Leon+Ave+NE%2C+Atlanta%2C+GA+30308%22+%22%2B1404-616-2440%22+dentist+dental+patients,"site:www.gradyhealth.org ""Ponce De Leon Center"" dental dentist patients",https://www.google.com/search?q=site%3Awww.gradyhealth.org+%22Ponce+De+Leon+Center%22+dental+dentist+patients,Verify current patient-facing dental service for this exact profile and address; a shared domain alone is not a decision.
160,profile:NYC_NY_L:google:cid:15971631033806517776,NYC_NY_L,google:cid:15971631033806517776,Geoffrey Halberstadt,"364 Merrick Rd, Rockville Centre, NY 11570",business_listings,Medical clinic,needs_category_review,unreviewed_or_conflicting_category_evidence,exclude_non_dentist_category|include_dental_provider,,,,,,eligibility_group:504917ff371eb69d,manual_review,Medical clinic: Category alone does not establish whether dental care is provided,,,,,,external_evidence_required,category and title evidence do not support a safe batch suggestion,False,+1516-594-9510,www.halberstadtortho.com,https://www.halberstadtortho.com/,1.0,40.6555448,-73.64144639999999,False,https://www.google.com/maps?cid=15971631033806517776,website_then_google_profile,www.halberstadtortho.com,eligibility_review_block:e30d818ea0c7d7d5,singleton_profile,"Fill this row only when it is an exception to a reviewed group decision, or when its group is marked individual_review.",1,direct_website_singleton,2,"""Geoffrey Halberstadt"" ""364 Merrick Rd, Rockville Centre, NY 11570"" ""+1516-594-9510"" dentist dental patients",https://www.google.com/search?q=%22Geoffrey+Halberstadt%22+%22364+Merrick+Rd%2C+Rockville+Centre%2C+NY+11570%22+%22%2B1516-594-9510%22+dentist+dental+patients,"site:www.halberstadtortho.com ""Geoffrey Halberstadt"" dental dentist patients",https://www.google.com/search?q=site%3Awww.halberstadtortho.com+%22Geoffrey+Halberstadt%22+dental+dentist+patients,Verify current patient-facing dental service for this exact profile and address; a shared domain alone is not a decision.
161,profile:NYC_NY_L:google:cid:1233923132299180747,NYC_NY_L,google:cid:1233923132299180747,Harlem United's The Nest Community Health Center,"169 W 133rd St, New York, NY 10030",business_listings,Community health center,needs_category_review,unreviewed_or_conflicting_category_evidence,exclude_non_dentist_category|include_dental_provider,,,,,,eligibility_group:75eedbc19c8622b7,manual_review,Community health center: Category alone does not establish whether dental care is provided,,,,,,external_evidence_required,category and title evidence do not support a safe batch suggestion,False,+1844-464-2753,www.harlemunited.org,http://www.harlemunited.org/,61.0,40.8139109,-73.9439488,False,https://www.google.com/maps?cid=1233923132299180747,website_then_google_profile,www.harlemunited.org,eligibility_review_block:375ea063c5ac25d7,singleton_profile,"Fill this row only when it is an exception to a reviewed group decision, or when its group is marked individual_review.",1,direct_website_singleton,2,"""Harlem United's The Nest Community Health Center"" ""169 W 133rd St, New York, NY 10030"" ""+1844-464-2753"" dentist dental patients",https://www.google.com/search?q=%22Harlem+United%27s+The+Nest+Community+Health+Center%22+%22169+W+133rd+St%2C+New+York%2C+NY+10030%22+%22%2B1844-464-2753%22+dentist+dental+patients,"site:www.harlemunited.org ""Harlem United's The Nest Community Health Center"" dental dentist patients",https://www.google.com/search?q=site%3Awww.harlemunited.org+%22Harlem+United%27s+The+Nest+Community+Health+Center%22+dental+dentist+patients,Verify current patient-facing dental service for this exact profile and address; a shared domain alone is not a decision.
162,profile:Buffalo_NY_L:google:cid:2431502444806696710,Buffalo_NY_L,google:cid:2431502444806696710,Good Neighbors Health Care,"175 Jefferson Ave, Buffalo, NY 14210",business_listings,Medical clinic,needs_category_review,unreviewed_or_conflicting_category_evidence,exclude_non_dentist_category|include_dental_provider,,,,,,eligibility_group:504917ff371eb69d,manual_review,Medical clinic: Category alone does not establish whether dental care is provided,,,,,,external_evidence_required,category and title evidence do not support a safe batch suggestion,False,+1716-856-2400,www.harvesthousebuffalo.org,https://www.harvesthousebuffalo.org/good-neighbors-health-care,37.0,42.8802206,-78.853402,False,https://www.google.com/maps?cid=2431502444806696710,website_then_google_profile,www.harvesthousebuffalo.org,eligibility_review_block:8e804d2e1514eb69,singleton_profile,"Fill this row only when it is an exception to a reviewed group decision, or when its group is marked individual_review.",1,direct_website_singleton,2,"""Good Neighbors Health Care"" ""175 Jefferson Ave, Buffalo, NY 14210"" ""+1716-856-2400"" dentist dental patients",https://www.google.com/search?q=%22Good+Neighbors+Health+Care%22+%22175+Jefferson+Ave%2C+Buffalo%2C+NY+14210%22+%22%2B1716-856-2400%22+dentist+dental+patients,"site:www.harvesthousebuffalo.org ""Good Neighbors Health Care"" dental dentist patients",https://www.google.com/search?q=site%3Awww.harvesthousebuffalo.org+%22Good+Neighbors+Health+Care%22+dental+dentist+patients,Verify current patient-facing dental service for this exact profile and address; a shared domain alone is not a decision.
163,profile:SanFrancisco_CA_L:google:cid:7955568972727550025,SanFrancisco_CA_L,google:cid:7955568972727550025,HealthRIGHT 360,"1563 Mission St, San Francisco, CA 94103",maps_core,Addiction treatment center,needs_category_review,unreviewed_or_conflicting_category_evidence,exclude_non_dentist_category|include_dental_provider,,,,,,eligibility_group:1c581a3afe68aaf2,unknown,,Addiction treatment center,,,,,external_evidence_required,category and title evidence do not support a safe batch suggestion,False,+1415-762-3700,www.healthright360.org,http://www.healthright360.org/,96.0,37.7730537,-122.4181031,False,https://www.google.com/maps?cid=7955568972727550025,website_then_google_profile,www.healthright360.org,eligibility_review_block:5fd1c17645389daa,singleton_profile,"Fill this row only when it is an exception to a reviewed group decision, or when its group is marked individual_review.",1,direct_website_singleton,2,"""HealthRIGHT 360"" ""1563 Mission St, San Francisco, CA 94103"" ""+1415-762-3700"" dentist dental patients",https://www.google.com/search?q=%22HealthRIGHT+360%22+%221563+Mission+St%2C+San+Francisco%2C+CA+94103%22+%22%2B1415-762-3700%22+dentist+dental+patients,"site:www.healthright360.org ""HealthRIGHT 360"" dental dentist patients",https://www.google.com/search?q=site%3Awww.healthright360.org+%22HealthRIGHT+360%22+dental+dentist+patients,Verify current patient-facing dental service for this exact profile and address; a shared domain alone is not a decision.
164,profile:LA_CA_L:google:cid:7646798875731967891,LA_CA_L,google:cid:7646798875731967891,"InterDent, Inc.","2260 E Imperial Hwy, El Segundo, CA 90245",business_listings,Business to business service,needs_category_review,unreviewed_or_conflicting_category_evidence,exclude_non_dentist_category|include_dental_provider,,,,,,eligibility_group:4e65f218b0c2f72b,unknown,,Business to business service,,,,,external_evidence_required,category and title evidence do not support a safe batch suggestion,False,+1310-765-2400,www.interdent.com,https://www.interdent.com/,10.0,33.9300826,-118.3837026,False,https://www.google.com/maps?cid=7646798875731967891,website_then_google_profile,www.interdent.com,eligibility_review_block:9d5ca6e1f78928ea,singleton_profile,"Fill this row only when it is an exception to a reviewed group decision, or when its group is marked individual_review.",1,direct_website_singleton,2,"""InterDent, Inc."" ""2260 E Imperial Hwy, El Segundo, CA 90245"" ""+1310-765-2400"" dentist dental patients",https://www.google.com/search?q=%22InterDent%2C+Inc.%22+%222260+E+Imperial+Hwy%2C+El+Segundo%2C+CA+90245%22+%22%2B1310-765-2400%22+dentist+dental+patients,"site:www.interdent.com ""InterDent, Inc."" dental dentist patients",https://www.google.com/search?q=site%3Awww.interdent.com+%22InterDent%2C+Inc.%22+dental+dentist+patients,Verify current patient-facing dental service for this exact profile and address; a shared domain alone is not a decision.
165,profile:LA_CA_L:google:cid:12486001094639181232,LA_CA_L,google:cid:12486001094639181232,Jaw Surgery Los Angeles,"2811 Wilshire Blvd Suite 940B, Santa Monica, CA 90403",business_listings,Plastic surgery clinic,needs_category_review,unreviewed_or_conflicting_category_evidence,exclude_non_dentist_category|include_dental_provider,,,,,,eligibility_group:f4c429ee0eaa6a16,unknown,,Plastic surgery clinic,,,,,external_evidence_required,category and title evidence do not support a safe batch suggestion,False,+1310-857-2088,www.jawsurgerylosangeles.com,https://www.jawsurgerylosangeles.com/?y_source=1_MTY5Njc1NzctNzE1LWxvY2F0aW9uLndlYnNpdGU%3D,12.0,34.0383291,-118.4753561,False,https://www.google.com/maps?cid=12486001094639181232,website_then_google_profile,www.jawsurgerylosangeles.com,eligibility_review_block:529daee86191b13c,singleton_profile,"Fill this row only when it is an exception to a reviewed group decision, or when its group is marked individual_review.",1,direct_website_singleton,2,"""Jaw Surgery Los Angeles"" ""2811 Wilshire Blvd Suite 940B, Santa Monica, CA 90403"" ""+1310-857-2088"" dentist dental patients",https://www.google.com/search?q=%22Jaw+Surgery+Los+Angeles%22+%222811+Wilshire+Blvd+Suite+940B%2C+Santa+Monica%2C+CA+90403%22+%22%2B1310-857-2088%22+dentist+dental+patients,"site:www.jawsurgerylosangeles.com ""Jaw Surgery Los Angeles"" dental dentist patients",https://www.google.com/search?q=site%3Awww.jawsurgerylosangeles.com+%22Jaw+Surgery+Los+Angeles%22+dental+dentist+patients,Verify current patient-facing dental service for this exact profile and address; a shared domain alone is not a decision.
166,profile:Buffalo_NY_L:google:cid:6809714559291597152,Buffalo_NY_L,google:cid:6809714559291597152,Jericho Road Community Health Center at Buffalo City Mission,"100 E Tupper St, Buffalo, NY 14203",maps_core,Community health center,needs_category_review,unreviewed_or_conflicting_category_evidence,exclude_non_dentist_category|include_dental_provider,,,,,,eligibility_group:75eedbc19c8622b7,manual_review,Community health center: Category alone does not establish whether dental care is provided,,,,,,external_evidence_required,category and title evidence do not support a safe batch suggestion,False,+1716-919-6870,www.jrchc.org,http://www.jrchc.org/,3.0,42.8931912,-78.8693206,False,https://www.google.com/maps?cid=6809714559291597152,website_then_google_profile,www.jrchc.org,eligibility_review_block:8941a678d1b3e684,singleton_profile,"Fill this row only when it is an exception to a reviewed group decision, or when its group is marked individual_review.",1,direct_website_singleton,2,"""Jericho Road Community Health Center at Buffalo City Mission"" ""100 E Tupper St, Buffalo, NY 14203"" ""+1716-919-6870"" dentist dental patients",https://www.google.com/search?q=%22Jericho+Road+Community+Health+Center+at+Buffalo+City+Mission%22+%22100+E+Tupper+St%2C+Buffalo%2C+NY+14203%22+%22%2B1716-919-6870%22+dentist+dental+patients,"site:www.jrchc.org ""Jericho Road Community Health Center at Buffalo City Mission"" dental dentist patients",https://www.google.com/search?q=site%3Awww.jrchc.org+%22Jericho+Road+Community+Health+Center+at+Buffalo+City+Mission%22+dental+dentist+patients,Verify current patient-facing dental service for this exact profile and address; a shared domain alone is not a decision.
167,profile:LA_CA_L:google:cid:15738244679380707742,LA_CA_L,google:cid:15738244679380707742,K9 LOFT,"2170 Sunset Blvd, Los Angeles, CA 90026",business_listings,Pet boarding service,needs_category_review,unreviewed_or_conflicting_category_evidence,exclude_non_dentist_category|include_dental_provider,,,,,,eligibility_group:85cb6619e39fd7d5,unknown,,Pet boarding service,,,,,external_evidence_required,category and title evidence do not support a safe batch suggestion,False,+1213-484-6006,www.k9loft.com,http://www.k9loft.com/,216.0,34.0776016,-118.2659924,False,https://www.google.com/maps?cid=15738244679380707742,website_then_google_profile,www.k9loft.com,eligibility_review_block:deaaf2fef2a1628f,singleton_profile,"Fill this row only when it is an exception to a reviewed group decision, or when its group is marked individual_review.",1,direct_website_singleton,2,"""K9 LOFT"" ""2170 Sunset Blvd, Los Angeles, CA 90026"" ""+1213-484-6006"" dentist dental patients",https://www.google.com/search?q=%22K9+LOFT%22+%222170+Sunset+Blvd%2C+Los+Angeles%2C+CA+90026%22+%22%2B1213-484-6006%22+dentist+dental+patients,"site:www.k9loft.com ""K9 LOFT"" dental dentist patients",https://www.google.com/search?q=site%3Awww.k9loft.com+%22K9+LOFT%22+dental+dentist+patients,Verify current patient-facing dental service for this exact profile and address; a shared domain alone is not a decision.
168,profile:LA_CA_L:google:cid:6628421155979957422,LA_CA_L,google:cid:6628421155979957422,K9 Loft,"14257 Ventura Blvd, Sherman Oaks, CA 91423",business_listings,Pet groomer,needs_category_review,unreviewed_or_conflicting_category_evidence,exclude_non_dentist_category|include_dental_provider,,,,,,eligibility_group:596207ce1c9c7475,unknown,,Pet groomer,,,,,external_evidence_required,category and title evidence do not support a safe batch suggestion,False,+1818-905-6006,www.k9loft.com,http://www.k9loft.com/,202.0,34.1503283,-118.4441234,False,https://www.google.com/maps?cid=6628421155979957422,website_then_google_profile,www.k9loft.com,eligibility_review_block:36286df988a212c2,singleton_profile,"Fill this row only when it is an exception to a reviewed group decision, or when its group is marked individual_review.",1,direct_website_singleton,2,"""K9 Loft"" ""14257 Ventura Blvd, Sherman Oaks, CA 91423"" ""+1818-905-6006"" dentist dental patients",https://www.google.com/search?q=%22K9+Loft%22+%2214257+Ventura+Blvd%2C+Sherman+Oaks%2C+CA+91423%22+%22%2B1818-905-6006%22+dentist+dental+patients,"site:www.k9loft.com ""K9 Loft"" dental dentist patients",https://www.google.com/search?q=site%3Awww.k9loft.com+%22K9+Loft%22+dental+dentist+patients,Verify current patient-facing dental service for this exact profile and address; a shared domain alone is not a decision.
169,profile:LA_CA_L:google:cid:8520393266508949767,LA_CA_L,google:cid:8520393266508949767,K9 Loft,"450 S Arroyo Pkwy, Pasadena, CA 91105",business_listings,Kennel,needs_category_review,unreviewed_or_conflicting_category_evidence,exclude_non_dentist_category|include_dental_provider,,,,,,eligibility_group:1d59b7122da080e0,unknown,,Kennel,,,,,external_evidence_required,category and title evidence do not support a safe batch suggestion,False,+1626-795-6060,www.k9loft.com,http://www.k9loft.com/,176.0,34.1379194,-118.1469785,False,https://www.google.com/maps?cid=8520393266508949767,website_then_google_profile,www.k9loft.com,eligibility_review_block:c4e461a591802370,singleton_profile,"Fill this row only when it is an exception to a reviewed group decision, or when its group is marked individual_review.",1,direct_website_singleton,2,"""K9 Loft"" ""450 S Arroyo Pkwy, Pasadena, CA 91105"" ""+1626-795-6060"" dentist dental patients",https://www.google.com/search?q=%22K9+Loft%22+%22450+S+Arroyo+Pkwy%2C+Pasadena%2C+CA+91105%22+%22%2B1626-795-6060%22+dentist+dental+patients,"site:www.k9loft.com ""K9 Loft"" dental dentist patients",https://www.google.com/search?q=site%3Awww.k9loft.com+%22K9+Loft%22+dental+dentist+patients,Verify current patient-facing dental service for this exact profile and address; a shared domain alone is not a decision.
170,profile:LA_CA_L:google:cid:6196496635137087288,LA_CA_L,google:cid:6196496635137087288,KCS Health Center - Orangethorpe,"7212 Orangethorpe Ave #9a, Buena Park, CA 90621",business_listings,Medical clinic,needs_category_review,unreviewed_or_conflicting_category_evidence,exclude_non_dentist_category|include_dental_provider,,,,,,eligibility_group:504917ff371eb69d,manual_review,Medical clinic: Category alone does not establish whether dental care is provided,,,,,,external_evidence_required,category and title evidence do not support a safe batch suggestion,False,+1714-503-6550,www.kcsinc.org,https://www.kcsinc.org/,167.0,33.8582658,-118.0074926,False,https://www.google.com/maps?cid=6196496635137087288,website_then_google_profile,www.kcsinc.org,eligibility_review_block:84d5cfec82085514,singleton_profile,"Fill this row only when it is an exception to a reviewed group decision, or when its group is marked individual_review.",1,direct_website_singleton,2,"""KCS Health Center - Orangethorpe"" ""7212 Orangethorpe Ave #9a, Buena Park, CA 90621"" ""+1714-503-6550"" dentist dental patients",https://www.google.com/search?q=%22KCS+Health+Center+-+Orangethorpe%22+%227212+Orangethorpe+Ave+%239a%2C+Buena+Park%2C+CA+90621%22+%22%2B1714-503-6550%22+dentist+dental+patients,"site:www.kcsinc.org ""KCS Health Center - Orangethorpe"" dental dentist patients",https://www.google.com/search?q=site%3Awww.kcsinc.org+%22KCS+Health+Center+-+Orangethorpe%22+dental+dentist+patients,Verify current patient-facing dental service for this exact profile and address; a shared domain alone is not a decision.
171,profile:LA_CA_L:google:cid:8154161051919693340,LA_CA_L,google:cid:8154161051919693340,Kheir Clinic Suite 120,"3255 Wilshire Blvd, Los Angeles, CA 90010",business_listings,Medical clinic,needs_category_review,unreviewed_or_conflicting_category_evidence,exclude_non_dentist_category|include_dental_provider,,,,,,eligibility_group:504917ff371eb69d,manual_review,Medical clinic: Category alone does not establish whether dental care is provided,,,,,,external_evidence_required,category and title evidence do not support a safe batch suggestion,False,+1213-235-2500,www.lakheir.org,http://www.lakheir.org/,84.0,34.061962099999995,-118.2932306,False,https://www.google.com/maps?cid=8154161051919693340,website_then_google_profile,www.lakheir.org,eligibility_review_block:92d8a1d1ce5ca255,singleton_profile,"Fill this row only when it is an exception to a reviewed group decision, or when its group is marked individual_review.",1,direct_website_singleton,2,"""Kheir Clinic Suite 120"" ""3255 Wilshire Blvd, Los Angeles, CA 90010"" ""+1213-235-2500"" dentist dental patients",https://www.google.com/search?q=%22Kheir+Clinic+Suite+120%22+%223255+Wilshire+Blvd%2C+Los+Angeles%2C+CA+90010%22+%22%2B1213-235-2500%22+dentist+dental+patients,"site:www.lakheir.org ""Kheir Clinic Suite 120"" dental dentist patients",https://www.google.com/search?q=site%3Awww.lakheir.org+%22Kheir+Clinic+Suite+120%22+dental+dentist+patients,Verify current patient-facing dental service for this exact profile and address; a shared domain alone is not a decision.
172,profile:SanFrancisco_CA_L:google:cid:12517242987390427288,SanFrancisco_CA_L,google:cid:12517242987390427288,Los Portales Medical and Dental Center,"2480 Mission St, San Francisco, CA 94110",maps_core,Medical Center,needs_category_review,unreviewed_or_conflicting_category_evidence,exclude_non_dentist_category|include_dental_provider,,,,,,eligibility_group:b070ffeb7e138d00,manual_review,Medical Center: Category alone does not establish whether dental care is provided,,dental,medical,,,external_evidence_required,category and title evidence do not support a safe batch suggestion,False,,www.losportalesmd.com,https://www.losportalesmd.com/,6.0,37.7574432,-122.4193841,False,https://www.google.com/maps?cid=12517242987390427288,website_then_google_profile,www.losportalesmd.com,eligibility_review_block:11d466aedcb2403d,singleton_profile,"Fill this row only when it is an exception to a reviewed group decision, or when its group is marked individual_review.",1,direct_website_singleton,2,"""Los Portales Medical and Dental Center"" ""2480 Mission St, San Francisco, CA 94110"" dentist dental patients",https://www.google.com/search?q=%22Los+Portales+Medical+and+Dental+Center%22+%222480+Mission+St%2C+San+Francisco%2C+CA+94110%22+dentist+dental+patients,"site:www.losportalesmd.com ""Los Portales Medical and Dental Center"" dental dentist patients",https://www.google.com/search?q=site%3Awww.losportalesmd.com+%22Los+Portales+Medical+and+Dental+Center%22+dental+dentist+patients,Verify current patient-facing dental service for this exact profile and address; a shared domain alone is not a decision.
173,profile:FortBragg_CA_S:google:cid:3097706296214713699,FortBragg_CA_S,google:cid:3097706296214713699,"Lynette Kline, OD","510 Cypress St # A, Fort Bragg, CA 95437",maps_core,Optometrist,needs_category_review,unreviewed_or_conflicting_category_evidence,exclude_non_dentist_category|include_dental_provider,,,,,,eligibility_group:608841ecf0b2db79,unknown,,Optometrist,,,,,external_evidence_required,category and title evidence do not support a safe batch suggestion,False,+1707-961-1037,www.lynetteklineod.com,http://www.lynetteklineod.com/,137.0,39.4321671,-123.7989493,False,https://www.google.com/maps?cid=3097706296214713699,website_then_google_profile,www.lynetteklineod.com,eligibility_review_block:c455c41a26e4db76,singleton_profile,"Fill this row only when it is an exception to a reviewed group decision, or when its group is marked individual_review.",1,direct_website_singleton,2,"""Lynette Kline, OD"" ""510 Cypress St # A, Fort Bragg, CA 95437"" ""+1707-961-1037"" dentist dental patients",https://www.google.com/search?q=%22Lynette+Kline%2C+OD%22+%22510+Cypress+St+%23+A%2C+Fort+Bragg%2C+CA+95437%22+%22%2B1707-961-1037%22+dentist+dental+patients,"site:www.lynetteklineod.com ""Lynette Kline, OD"" dental dentist patients",https://www.google.com/search?q=site%3Awww.lynetteklineod.com+%22Lynette+Kline%2C+OD%22+dental+dentist+patients,Verify current patient-facing dental service for this exact profile and address; a shared domain alone is not a decision.
174,profile:Macon_GA_M:google:cid:4599951736689123327,Macon_GA_M,google:cid:4599951736689123327,Macon Volunteer Clinic,"770 Walnut St, Macon, GA 31201",maps_core|maps_specialist,Medical clinic,needs_category_review,unreviewed_or_conflicting_category_evidence,exclude_non_dentist_category|include_dental_provider,,,,,,eligibility_group:504917ff371eb69d,manual_review,Medical clinic: Category alone does not establish whether dental care is provided,,,,,,external_evidence_required,category and title evidence do not support a safe batch suggestion,False,+1478-755-1110,www.maconvolunteerclinic.org,http://www.maconvolunteerclinic.org/,29.0,32.8404188,-83.6296192,False,https://www.google.com/maps?cid=4599951736689123327,website_then_google_profile,www.maconvolunteerclinic.org,eligibility_review_block:791b53455ab73cba,singleton_profile,"Fill this row only when it is an exception to a reviewed group decision, or when its group is marked individual_review.",1,direct_website_singleton,2,"""Macon Volunteer Clinic"" ""770 Walnut St, Macon, GA 31201"" ""+1478-755-1110"" dentist dental patients",https://www.google.com/search?q=%22Macon+Volunteer+Clinic%22+%22770+Walnut+St%2C+Macon%2C+GA+31201%22+%22%2B1478-755-1110%22+dentist+dental+patients,"site:www.maconvolunteerclinic.org ""Macon Volunteer Clinic"" dental dentist patients",https://www.google.com/search?q=site%3Awww.maconvolunteerclinic.org+%22Macon+Volunteer+Clinic%22+dental+dentist+patients,Verify current patient-facing dental service for this exact profile and address; a shared domain alone is not a decision.
175,profile:NYC_NY_L:google:cid:12316060239770702726,NYC_NY_L,google:cid:12316060239770702726,Queens Audiology PLLC,"150-12 14th Ave, Whitestone, NY 11357",business_listings,Medical clinic,needs_category_review,unreviewed_or_conflicting_category_evidence,exclude_non_dentist_category|include_dental_provider,,,,,,eligibility_group:504917ff371eb69d,manual_review,Medical clinic: Category alone does not establish whether dental care is provided,,,,,,external_evidence_required,category and title evidence do not support a safe batch suggestion,False,+1718-279-4327,www.manhattanaudiology.com,https://www.manhattanaudiology.com/,3.0,40.7888211,-73.81320989999999,False,https://www.google.com/maps?cid=12316060239770702726,website_then_google_profile,www.manhattanaudiology.com,eligibility_review_block:7267602f470246f5,singleton_profile,"Fill this row only when it is an exception to a reviewed group decision, or when its group is marked individual_review.",1,direct_website_singleton,2,"""Queens Audiology PLLC"" ""150-12 14th Ave, Whitestone, NY 11357"" ""+1718-279-4327"" dentist dental patients",https://www.google.com/search?q=%22Queens+Audiology+PLLC%22+%22150-12+14th+Ave%2C+Whitestone%2C+NY+11357%22+%22%2B1718-279-4327%22+dentist+dental+patients,"site:www.manhattanaudiology.com ""Queens Audiology PLLC"" dental dentist patients",https://www.google.com/search?q=site%3Awww.manhattanaudiology.com+%22Queens+Audiology+PLLC%22+dental+dentist+patients,Verify current patient-facing dental service for this exact profile and address; a shared domain alone is not a decision.
176,profile:NYC_NY_L:google:cid:18302922146132025269,NYC_NY_L,google:cid:18302922146132025269,Sterling Podiatric PC,"1250 E 223rd St, Bronx, NY 10466",business_listings,Medical clinic,needs_category_review,unreviewed_or_conflicting_category_evidence,exclude_non_dentist_category|include_dental_provider,,,,,,eligibility_group:504917ff371eb69d,manual_review,Medical clinic: Category alone does not establish whether dental care is provided,,,,,,external_evidence_required,category and title evidence do not support a safe batch suggestion,False,+1347-602-5881,www.marvabuttersdpm.com,http://www.marvabuttersdpm.com/,6.0,40.880722,-73.8452911,False,https://www.google.com/maps?cid=18302922146132025269,website_then_google_profile,www.marvabuttersdpm.com,eligibility_review_block:c4c3768b075529ec,singleton_profile,"Fill this row only when it is an exception to a reviewed group decision, or when its group is marked individual_review.",1,direct_website_singleton,2,"""Sterling Podiatric PC"" ""1250 E 223rd St, Bronx, NY 10466"" ""+1347-602-5881"" dentist dental patients",https://www.google.com/search?q=%22Sterling+Podiatric+PC%22+%221250+E+223rd+St%2C+Bronx%2C+NY+10466%22+%22%2B1347-602-5881%22+dentist+dental+patients,"site:www.marvabuttersdpm.com ""Sterling Podiatric PC"" dental dentist patients",https://www.google.com/search?q=site%3Awww.marvabuttersdpm.com+%22Sterling+Podiatric+PC%22+dental+dentist+patients,Verify current patient-facing dental service for this exact profile and address; a shared domain alone is not a decision.
177,profile:LA_CA_L:google:cid:2840277457789965236,LA_CA_L,google:cid:2840277457789965236,"Mission City Community Network, Inc - North Hills","15206 Parthenia St, North Hills, CA 91343",business_listings,Medical clinic,needs_category_review,unreviewed_or_conflicting_category_evidence,exclude_non_dentist_category|include_dental_provider,,,,,,eligibility_group:504917ff371eb69d,manual_review,Medical clinic: Category alone does not establish whether dental care is provided,,,,,,external_evidence_required,category and title evidence do not support a safe batch suggestion,False,+1818-895-3100,www.mccn.org,http://www.mccn.org/,49.0,34.2279919,-118.4635373,False,https://www.google.com/maps?cid=2840277457789965236,website_then_google_profile,www.mccn.org,eligibility_review_block:8f83604a46ab74d8,singleton_profile,"Fill this row only when it is an exception to a reviewed group decision, or when its group is marked individual_review.",1,direct_website_singleton,2,"""Mission City Community Network, Inc - North Hills"" ""15206 Parthenia St, North Hills, CA 91343"" ""+1818-895-3100"" dentist dental patients",https://www.google.com/search?q=%22Mission+City+Community+Network%2C+Inc+-+North+Hills%22+%2215206+Parthenia+St%2C+North+Hills%2C+CA+91343%22+%22%2B1818-895-3100%22+dentist+dental+patients,"site:www.mccn.org ""Mission City Community Network, Inc - North Hills"" dental dentist patients",https://www.google.com/search?q=site%3Awww.mccn.org+%22Mission+City+Community+Network%2C+Inc+-+North+Hills%22+dental+dentist+patients,Verify current patient-facing dental service for this exact profile and address; a shared domain alone is not a decision.
178,profile:NYC_NY_L:google:cid:6815302961615898188,NYC_NY_L,google:cid:6815302961615898188,Medical Orthodontics,"45 Park Ave PH 01, New York, NY 10016",business_listings,Medical spa,needs_category_review,unreviewed_or_conflicting_category_evidence,exclude_non_dentist_category|include_dental_provider,,,,,,eligibility_group:8c88af6de3a4ac5e,unknown,,Medical spa,orthodontic,medical,,,external_evidence_required,category and title evidence do not support a safe batch suggestion,False,+1212-779-8442,www.medicalorthodontics.org,http://www.medicalorthodontics.org/,,40.7487272,-73.9797616,False,https://www.google.com/maps?cid=6815302961615898188,website_then_google_profile,www.medicalorthodontics.org,eligibility_review_block:fb16e77201fa99ba,singleton_profile,"Fill this row only when it is an exception to a reviewed group decision, or when its group is marked individual_review.",1,direct_website_singleton,2,"""Medical Orthodontics"" ""45 Park Ave PH 01, New York, NY 10016"" ""+1212-779-8442"" dentist dental patients",https://www.google.com/search?q=%22Medical+Orthodontics%22+%2245+Park+Ave+PH+01%2C+New+York%2C+NY+10016%22+%22%2B1212-779-8442%22+dentist+dental+patients,"site:www.medicalorthodontics.org ""Medical Orthodontics"" dental dentist patients",https://www.google.com/search?q=site%3Awww.medicalorthodontics.org+%22Medical+Orthodontics%22+dental+dentist+patients,Verify current patient-facing dental service for this exact profile and address; a shared domain alone is not a decision.
179,profile:FortBragg_CA_S:google:cid:17036417683359244779,FortBragg_CA_S,google:cid:17036417683359244779,"J. Kyle Smith, OD","450 N McPherson St, Fort Bragg, CA 95437",maps_core,Optometrist,needs_category_review,unreviewed_or_conflicting_category_evidence,exclude_non_dentist_category|include_dental_provider,,,,,,eligibility_group:608841ecf0b2db79,unknown,,Optometrist,,,,,external_evidence_required,category and title evidence do not support a safe batch suggestion,False,+1707-964-5927,www.mendocinocoasteyecare.com,http://www.mendocinocoasteyecare.com/,23.0,39.4464589,-123.8029606,False,https://www.google.com/maps?cid=17036417683359244779,website_then_google_profile,www.mendocinocoasteyecare.com,eligibility_review_block:5627fefc69762b1a,singleton_profile,"Fill this row only when it is an exception to a reviewed group decision, or when its group is marked individual_review.",1,direct_website_singleton,2,"""J. Kyle Smith, OD"" ""450 N McPherson St, Fort Bragg, CA 95437"" ""+1707-964-5927"" dentist dental patients",https://www.google.com/search?q=%22J.+Kyle+Smith%2C+OD%22+%22450+N+McPherson+St%2C+Fort+Bragg%2C+CA+95437%22+%22%2B1707-964-5927%22+dentist+dental+patients,"site:www.mendocinocoasteyecare.com ""J. Kyle Smith, OD"" dental dentist patients",https://www.google.com/search?q=site%3Awww.mendocinocoasteyecare.com+%22J.+Kyle+Smith%2C+OD%22+dental+dentist+patients,Verify current patient-facing dental service for this exact profile and address; a shared domain alone is not a decision.
180,profile:NYC_NY_L:google:cid:13390369086248022341,NYC_NY_L,google:cid:13390369086248022341,Morris Heights Health Center,"85 W Burnside Ave, Bronx, NY 10453",business_listings,Medical Center,needs_category_review,unreviewed_or_conflicting_category_evidence,exclude_non_dentist_category|include_dental_provider,,,,,,eligibility_group:b070ffeb7e138d00,manual_review,Medical Center: Category alone does not establish whether dental care is provided,,,,,,external_evidence_required,category and title evidence do not support a safe batch suggestion,False,+1718-716-4400,www.mhhc.org,https://www.mhhc.org/,211.0,40.854781,-73.9100666,False,https://www.google.com/maps?cid=13390369086248022341,website_then_google_profile,www.mhhc.org,eligibility_review_block:c09be474f1284d24,singleton_profile,"Fill this row only when it is an exception to a reviewed group decision, or when its group is marked individual_review.",1,direct_website_singleton,2,"""Morris Heights Health Center"" ""85 W Burnside Ave, Bronx, NY 10453"" ""+1718-716-4400"" dentist dental patients",https://www.google.com/search?q=%22Morris+Heights+Health+Center%22+%2285+W+Burnside+Ave%2C+Bronx%2C+NY+10453%22+%22%2B1718-716-4400%22+dentist+dental+patients,"site:www.mhhc.org ""Morris Heights Health Center"" dental dentist patients",https://www.google.com/search?q=site%3Awww.mhhc.org+%22Morris+Heights+Health+Center%22+dental+dentist+patients,Verify current patient-facing dental service for this exact profile and address; a shared domain alone is not a decision.
181,profile:LA_CA_L:google:cid:8342031488362629794,LA_CA_L,google:cid:8342031488362629794,Millennium Health Group,"16661 Ventura Blvd #716, Encino, CA 91436",business_listings,Alternative medicine practitioner,needs_category_review,unreviewed_or_conflicting_category_evidence,exclude_non_dentist_category|include_dental_provider,,,,,,eligibility_group:b5ae80e5ad7cea6d,unknown,,Alternative medicine practitioner,,,,,external_evidence_required,category and title evidence do not support a safe batch suggestion,False,+1818-990-1166,www.millenniumhealthcenters.com,http://www.millenniumhealthcenters.com/,,34.158479199999995,-118.496341,False,https://www.google.com/maps?cid=8342031488362629794,website_then_google_profile,www.millenniumhealthcenters.com,eligibility_review_block:b258b5e8e399eb66,singleton_profile,"Fill this row only when it is an exception to a reviewed group decision, or when its group is marked individual_review.",1,direct_website_singleton,2,"""Millennium Health Group"" ""16661 Ventura Blvd #716, Encino, CA 91436"" ""+1818-990-1166"" dentist dental patients",https://www.google.com/search?q=%22Millennium+Health+Group%22+%2216661+Ventura+Blvd+%23716%2C+Encino%2C+CA+91436%22+%22%2B1818-990-1166%22+dentist+dental+patients,"site:www.millenniumhealthcenters.com ""Millennium Health Group"" dental dentist patients",https://www.google.com/search?q=site%3Awww.millenniumhealthcenters.com+%22Millennium+Health+Group%22+dental+dentist+patients,Verify current patient-facing dental service for this exact profile and address; a shared domain alone is not a decision.
182,profile:LA_CA_L:google:cid:539673608057027857,LA_CA_L,google:cid:539673608057027857,Mobile 3D Advantage,"10315 Los Alamitos Blvd, Los Alamitos, CA 90720",business_listings,X-ray lab,needs_category_review,unreviewed_or_conflicting_category_evidence,exclude_non_dentist_category|include_dental_provider,,,,,,eligibility_group:bcde824d5b399027,unknown,,X-ray lab,,,,,external_evidence_required,category and title evidence do not support a safe batch suggestion,False,+1949-282-0083,www.mobile3dadvantage.com,https://www.mobile3dadvantage.com/,111.0,33.8127883,-118.0722383,False,https://www.google.com/maps?cid=539673608057027857,website_then_google_profile,www.mobile3dadvantage.com,eligibility_review_block:03630f4f40fbfee8,singleton_profile,"Fill this row only when it is an exception to a reviewed group decision, or when its group is marked individual_review.",1,direct_website_singleton,2,"""Mobile 3D Advantage"" ""10315 Los Alamitos Blvd, Los Alamitos, CA 90720"" ""+1949-282-0083"" dentist dental patients",https://www.google.com/search?q=%22Mobile+3D+Advantage%22+%2210315+Los+Alamitos+Blvd%2C+Los+Alamitos%2C+CA+90720%22+%22%2B1949-282-0083%22+dentist+dental+patients,"site:www.mobile3dadvantage.com ""Mobile 3D Advantage"" dental dentist patients",https://www.google.com/search?q=site%3Awww.mobile3dadvantage.com+%22Mobile+3D+Advantage%22+dental+dentist+patients,Verify current patient-facing dental service for this exact profile and address; a shared domain alone is not a decision.
183,profile:NYC_NY_L:google:cid:18397791011711702157,NYC_NY_L,google:cid:18397791011711702157,Montefiore Janice A Simpson,"1625 Poplar St, Bronx, NY 10461",business_listings,Medical clinic,needs_category_review,unreviewed_or_conflicting_category_evidence,exclude_non_dentist_category|include_dental_provider,,,,,,eligibility_group:504917ff371eb69d,manual_review,Medical clinic: Category alone does not establish whether dental care is provided,,,,,,external_evidence_required,category and title evidence do not support a safe batch suggestion,False,+1866-662-9729,www.montefiore.org,http://www.montefiore.org/,11.0,40.846405,-73.8459192,False,https://www.google.com/maps?cid=18397791011711702157,website_then_google_profile,www.montefiore.org,eligibility_review_block:f70ed30abd1f6c7a,singleton_profile,"Fill this row only when it is an exception to a reviewed group decision, or when its group is marked individual_review.",1,direct_website_singleton,2,"""Montefiore Janice A Simpson"" ""1625 Poplar St, Bronx, NY 10461"" ""+1866-662-9729"" dentist dental patients",https://www.google.com/search?q=%22Montefiore+Janice+A+Simpson%22+%221625+Poplar+St%2C+Bronx%2C+NY+10461%22+%22%2B1866-662-9729%22+dentist+dental+patients,"site:www.montefiore.org ""Montefiore Janice A Simpson"" dental dentist patients",https://www.google.com/search?q=site%3Awww.montefiore.org+%22Montefiore+Janice+A+Simpson%22+dental+dentist+patients,Verify current patient-facing dental service for this exact profile and address; a shared domain alone is not a decision.
184,profile:SanFrancisco_CA_L:google:cid:12201026490335252961,SanFrancisco_CA_L,google:cid:12201026490335252961,Native American Health Center - 160 Capp St,"160 Capp St, San Francisco, CA 94110",maps_core,Medical clinic,needs_category_review,unreviewed_or_conflicting_category_evidence,exclude_non_dentist_category|include_dental_provider,,,,,,eligibility_group:504917ff371eb69d,manual_review,Medical clinic: Category alone does not establish whether dental care is provided,,,,,,external_evidence_required,category and title evidence do not support a safe batch suggestion,False,+1415-417-3500,www.nativehealth.org,http://www.nativehealth.org/,27.0,37.7640465,-122.418738,False,https://www.google.com/maps?cid=12201026490335252961,website_then_google_profile,www.nativehealth.org,eligibility_review_block:8eb204c9b069280e,singleton_profile,"Fill this row only when it is an exception to a reviewed group decision, or when its group is marked individual_review.",1,direct_website_singleton,2,"""Native American Health Center - 160 Capp St"" ""160 Capp St, San Francisco, CA 94110"" ""+1415-417-3500"" dentist dental patients",https://www.google.com/search?q=%22Native+American+Health+Center+-+160+Capp+St%22+%22160+Capp+St%2C+San+Francisco%2C+CA+94110%22+%22%2B1415-417-3500%22+dentist+dental+patients,"site:www.nativehealth.org ""Native American Health Center - 160 Capp St"" dental dentist patients",https://www.google.com/search?q=site%3Awww.nativehealth.org+%22Native+American+Health+Center+-+160+Capp+St%22+dental+dentist+patients,Verify current patient-facing dental service for this exact profile and address; a shared domain alone is not a decision.
185,profile:SanFrancisco_CA_L:google:cid:14242845636480544373,SanFrancisco_CA_L,google:cid:14242845636480544373,NEMS PACE San Francisco Chinatown Center,"728 Pacific Ave Ste 200, San Francisco, CA 94133",business_listings,Community health center,needs_category_review,unreviewed_or_conflicting_category_evidence,exclude_non_dentist_category|include_dental_provider,,,,,,eligibility_group:75eedbc19c8622b7,manual_review,Community health center: Category alone does not establish whether dental care is provided,,,,,,external_evidence_required,category and title evidence do not support a safe batch suggestion,False,+1888-981-8909,www.nemspace.org,https://www.nemspace.org/,2.0,37.7971223,-122.4075259,False,https://www.google.com/maps?cid=14242845636480544373,website_then_google_profile,www.nemspace.org,eligibility_review_block:96aff60da7afb43a,singleton_profile,"Fill this row only when it is an exception to a reviewed group decision, or when its group is marked individual_review.",1,direct_website_singleton,2,"""NEMS PACE San Francisco Chinatown Center"" ""728 Pacific Ave Ste 200, San Francisco, CA 94133"" ""+1888-981-8909"" dentist dental patients",https://www.google.com/search?q=%22NEMS+PACE+San+Francisco+Chinatown+Center%22+%22728+Pacific+Ave+Ste+200%2C+San+Francisco%2C+CA+94133%22+%22%2B1888-981-8909%22+dentist+dental+patients,"site:www.nemspace.org ""NEMS PACE San Francisco Chinatown Center"" dental dentist patients",https://www.google.com/search?q=site%3Awww.nemspace.org+%22NEMS+PACE+San+Francisco+Chinatown+Center%22+dental+dentist+patients,Verify current patient-facing dental service for this exact profile and address; a shared domain alone is not a decision.
186,profile:LA_CA_L:google:cid:339669297753351258,LA_CA_L,google:cid:339669297753351258,Neobiotech USA,"2700 E Foothill Blvd Unit 121, Pasadena, CA 91107",business_listings,Medical equipment supplier,needs_category_review,unreviewed_or_conflicting_category_evidence,exclude_non_dentist_category|include_dental_provider,,,,,,eligibility_group:e254853096c923f9,unknown,,Medical equipment supplier,,,,,external_evidence_required,category and title evidence do not support a safe batch suggestion,False,+1213-387-7704,www.neobiotechusa.com,http://www.neobiotechusa.com/,41.0,34.149745,-118.094653,False,https://www.google.com/maps?cid=339669297753351258,website_then_google_profile,www.neobiotechusa.com,eligibility_review_block:787b501f5bf87685,singleton_profile,"Fill this row only when it is an exception to a reviewed group decision, or when its group is marked individual_review.",1,direct_website_singleton,2,"""Neobiotech USA"" ""2700 E Foothill Blvd Unit 121, Pasadena, CA 91107"" ""+1213-387-7704"" dentist dental patients",https://www.google.com/search?q=%22Neobiotech+USA%22+%222700+E+Foothill+Blvd+Unit+121%2C+Pasadena%2C+CA+91107%22+%22%2B1213-387-7704%22+dentist+dental+patients,"site:www.neobiotechusa.com ""Neobiotech USA"" dental dentist patients",https://www.google.com/search?q=site%3Awww.neobiotechusa.com+%22Neobiotech+USA%22+dental+dentist+patients,Verify current patient-facing dental service for this exact profile and address; a shared domain alone is not a decision.
187,profile:LA_CA_L:google:cid:3096215368823140089,LA_CA_L,google:cid:3096215368823140089,Northeast Valley Health Corporation (San Fernando Health Center),"1600 San Fernando Rd, San Fernando, CA 91340",business_listings,Medical clinic,needs_category_review,unreviewed_or_conflicting_category_evidence,exclude_non_dentist_category|include_dental_provider,,,,,,eligibility_group:504917ff371eb69d,manual_review,Medical clinic: Category alone does not establish whether dental care is provided,,,,,,external_evidence_required,category and title evidence do not support a safe batch suggestion,False,+1818-365-8086,www.nevhc.org,http://www.nevhc.org/,494.0,34.2887919,-118.4484995,False,https://www.google.com/maps?cid=3096215368823140089,website_then_google_profile,www.nevhc.org,eligibility_review_block:b7d7081bc212d943,singleton_profile,"Fill this row only when it is an exception to a reviewed group decision, or when its group is marked individual_review.",1,direct_website_singleton,2,"""Northeast Valley Health Corporation (San Fernando Health Center)"" ""1600 San Fernando Rd, San Fernando, CA 91340"" ""+1818-365-8086"" dentist dental patients",https://www.google.com/search?q=%22Northeast+Valley+Health+Corporation+%28San+Fernando+Health+Center%29%22+%221600+San+Fernando+Rd%2C+San+Fernando%2C+CA+91340%22+%22%2B1818-365-8086%22+dentist+dental+patients,"site:www.nevhc.org ""Northeast Valley Health Corporation (San Fernando Health Center)"" dental dentist patients",https://www.google.com/search?q=site%3Awww.nevhc.org+%22Northeast+Valley+Health+Corporation+%28San+Fernando+Health+Center%29%22+dental+dentist+patients,Verify current patient-facing dental service for this exact profile and address; a shared domain alone is not a decision.
188,profile:Macon_GA_M:google:cid:135096128598810680,Macon_GA_M,google:cid:135096128598810680,North Central Health District,"201 2nd St, Macon, GA 31201",maps_core,State government office,needs_category_review,unreviewed_or_conflicting_category_evidence,exclude_non_dentist_category|include_dental_provider,,,,,,eligibility_group:35cf00a42bc08bcb,unknown,,State government office,,,,,external_evidence_required,category and title evidence do not support a safe batch suggestion,False,+1478-751-6303,www.northcentralhealthdistrict.org,http://www.northcentralhealthdistrict.org/,1.0,32.839228,-83.6274485,False,https://www.google.com/maps?cid=135096128598810680,website_then_google_profile,www.northcentralhealthdistrict.org,eligibility_review_block:2653e847e6824843,singleton_profile,"Fill this row only when it is an exception to a reviewed group decision, or when its group is marked individual_review.",1,direct_website_singleton,2,"""North Central Health District"" ""201 2nd St, Macon, GA 31201"" ""+1478-751-6303"" dentist dental patients",https://www.google.com/search?q=%22North+Central+Health+District%22+%22201+2nd+St%2C+Macon%2C+GA+31201%22+%22%2B1478-751-6303%22+dentist+dental+patients,"site:www.northcentralhealthdistrict.org ""North Central Health District"" dental dentist patients",https://www.google.com/search?q=site%3Awww.northcentralhealthdistrict.org+%22North+Central+Health+District%22+dental+dentist+patients,Verify current patient-facing dental service for this exact profile and address; a shared domain alone is not a decision.
189,profile:Eureka_CA_S:google:cid:1858770223063797444,Eureka_CA_S,google:cid:1858770223063797444,North Coast Clinics Network,"1036 5th St Ste c, Eureka, CA 95501",maps_core,Business administration service,needs_category_review,unreviewed_or_conflicting_category_evidence,exclude_non_dentist_category|include_dental_provider,,,,,,eligibility_group:95a4c5f41bb94bef,unknown,,Business administration service,,,,,external_evidence_required,category and title evidence do not support a safe batch suggestion,False,+1707-444-6226,www.northcoastclinics.org,http://www.northcoastclinics.org/,2.0,40.8025617,-124.1595674,False,https://www.google.com/maps?cid=1858770223063797444,website_then_google_profile,www.northcoastclinics.org,eligibility_review_block:378cfb7193162fc7,singleton_profile,"Fill this row only when it is an exception to a reviewed group decision, or when its group is marked individual_review.",1,direct_website_singleton,2,"""North Coast Clinics Network"" ""1036 5th St Ste c, Eureka, CA 95501"" ""+1707-444-6226"" dentist dental patients",https://www.google.com/search?q=%22North+Coast+Clinics+Network%22+%221036+5th+St+Ste+c%2C+Eureka%2C+CA+95501%22+%22%2B1707-444-6226%22+dentist+dental+patients,"site:www.northcoastclinics.org ""North Coast Clinics Network"" dental dentist patients",https://www.google.com/search?q=site%3Awww.northcoastclinics.org+%22North+Coast+Clinics+Network%22+dental+dentist+patients,Verify current patient-facing dental service for this exact profile and address; a shared domain alone is not a decision.
190,profile:Buffalo_NY_L:google:cid:7387759025015642405,Buffalo_NY_L,google:cid:7387759025015642405,Oishei Healthy Kids,"1100 Main St, Buffalo, NY 14209",maps_core|maps_specialist,Medical Center,needs_category_review,unreviewed_or_conflicting_category_evidence,exclude_non_dentist_category|include_dental_provider,,,,,,eligibility_group:b070ffeb7e138d00,manual_review,Medical Center: Category alone does not establish whether dental care is provided,,,,,,external_evidence_required,category and title evidence do not support a safe batch suggestion,False,+1716-370-1000,www.ochbuffalo.org,https://www.ochbuffalo.org/care-treatment/Oishei-Healthy-Kids-Health-Home,5.0,42.9037206,-78.8691592,False,https://www.google.com/maps?cid=7387759025015642405,website_then_google_profile,www.ochbuffalo.org,eligibility_review_block:bd676fb32d21ac53,singleton_profile,"Fill this row only when it is an exception to a reviewed group decision, or when its group is marked individual_review.",1,direct_website_singleton,2,"""Oishei Healthy Kids"" ""1100 Main St, Buffalo, NY 14209"" ""+1716-370-1000"" dentist dental patients",https://www.google.com/search?q=%22Oishei+Healthy+Kids%22+%221100+Main+St%2C+Buffalo%2C+NY+14209%22+%22%2B1716-370-1000%22+dentist+dental+patients,"site:www.ochbuffalo.org ""Oishei Healthy Kids"" dental dentist patients",https://www.google.com/search?q=site%3Awww.ochbuffalo.org+%22Oishei+Healthy+Kids%22+dental+dentist+patients,Verify current patient-facing dental service for this exact profile and address; a shared domain alone is not a decision.
191,profile:Buffalo_NY_L:google:cid:15791159538290549542,Buffalo_NY_L,google:cid:15791159538290549542,Pediatric Dental – Golisano Children’s Buffalo Outpatient Center (Conventus),"1001 Main St, Buffalo, NY 14203",maps_core|maps_specialist,Medical clinic,needs_category_review,unreviewed_or_conflicting_category_evidence,exclude_non_dentist_category|include_dental_provider,,,,,,eligibility_group:504917ff371eb69d,manual_review,Medical clinic: Category alone does not establish whether dental care is provided,,dental,pediatrics,,,external_evidence_required,category and title evidence do not support a safe batch suggestion,False,+1716-323-6040,www.ochbuffalo.org,https://www.ochbuffalo.org/care-treatment/Craniofacial-Center-of-Western-New-York/,1.0,42.9008482,-78.868796,False,https://www.google.com/maps?cid=15791159538290549542,website_then_google_profile,www.ochbuffalo.org,eligibility_review_block:d8943c6ce852d028,singleton_profile,"Fill this row only when it is an exception to a reviewed group decision, or when its group is marked individual_review.",1,direct_website_singleton,2,"""Pediatric Dental – Golisano Children’s Buffalo Outpatient Center (Conventus)"" ""1001 Main St, Buffalo, NY 14203"" ""+1716-323-6040"" dentist dental patients",https://www.google.com/search?q=%22Pediatric+Dental+%E2%80%93+Golisano+Children%E2%80%99s+Buffalo+Outpatient+Center+%28Conventus%29%22+%221001+Main+St%2C+Buffalo%2C+NY+14203%22+%22%2B1716-323-6040%22+dentist+dental+patients,"site:www.ochbuffalo.org ""Pediatric Dental – Golisano Children’s Buffalo Outpatient Center (Conventus)"" dental dentist patients",https://www.google.com/search?q=site%3Awww.ochbuffalo.org+%22Pediatric+Dental+%E2%80%93+Golisano+Children%E2%80%99s+Buffalo+Outpatient+Center+%28Conventus%29%22+dental+dentist+patients,Verify current patient-facing dental service for this exact profile and address; a shared domain alone is not a decision.
192,profile:Toccoa_GA_S:google:cid:1725797652379241771,Toccoa_GA_S,google:cid:1725797652379241771,Open Arms Clinic,"109 Big A Rd, Toccoa, GA 30577",maps_core,Medical clinic,needs_category_review,unreviewed_or_conflicting_category_evidence,exclude_non_dentist_category|include_dental_provider,,,,,,eligibility_group:504917ff371eb69d,manual_review,Medical clinic: Category alone does not establish whether dental care is provided,,,,,,external_evidence_required,category and title evidence do not support a safe batch suggestion,False,+1706-886-0940,www.openarmsclinicga.com,http://www.openarmsclinicga.com/,5.0,34.5804566,-83.3175187,False,https://www.google.com/maps?cid=1725797652379241771,website_then_google_profile,www.openarmsclinicga.com,eligibility_review_block:107964ab97cc6dba,singleton_profile,"Fill this row only when it is an exception to a reviewed group decision, or when its group is marked individual_review.",1,direct_website_singleton,2,"""Open Arms Clinic"" ""109 Big A Rd, Toccoa, GA 30577"" ""+1706-886-0940"" dentist dental patients",https://www.google.com/search?q=%22Open+Arms+Clinic%22+%22109+Big+A+Rd%2C+Toccoa%2C+GA+30577%22+%22%2B1706-886-0940%22+dentist+dental+patients,"site:www.openarmsclinicga.com ""Open Arms Clinic"" dental dentist patients",https://www.google.com/search?q=site%3Awww.openarmsclinicga.com+%22Open+Arms+Clinic%22+dental+dentist+patients,Verify current patient-facing dental service for this exact profile and address; a shared domain alone is not a decision.
193,profile:SanFrancisco_CA_L:google:cid:3964837681164051013,SanFrancisco_CA_L,google:cid:3964837681164051013,"University of Pacific (UOP), San Francisco","155 5th St #2919, San Francisco, CA 94103",business_listings,Graduate school,needs_category_review,unreviewed_or_conflicting_category_evidence,exclude_non_dentist_category|include_dental_provider,,,,,,eligibility_group:e231d05b9a97123e,unknown,,Graduate school,,,,,external_evidence_required,category and title evidence do not support a safe batch suggestion,False,+1415-400-8222,www.pacific.edu,http://www.pacific.edu/San-Francisco-Campus,70.0,37.78235,-122.4057217,False,https://www.google.com/maps?cid=3964837681164051013,website_then_google_profile,www.pacific.edu,eligibility_review_block:4800eb18d564991b,singleton_profile,"Fill this row only when it is an exception to a reviewed group decision, or when its group is marked individual_review.",1,direct_website_singleton,2,"""University of Pacific (UOP), San Francisco"" ""155 5th St #2919, San Francisco, CA 94103"" ""+1415-400-8222"" dentist dental patients",https://www.google.com/search?q=%22University+of+Pacific+%28UOP%29%2C+San+Francisco%22+%22155+5th+St+%232919%2C+San+Francisco%2C+CA+94103%22+%22%2B1415-400-8222%22+dentist+dental+patients,"site:www.pacific.edu ""University of Pacific (UOP), San Francisco"" dental dentist patients",https://www.google.com/search?q=site%3Awww.pacific.edu+%22University+of+Pacific+%28UOP%29%2C+San+Francisco%22+dental+dentist+patients,Verify current patient-facing dental service for this exact profile and address; a shared domain alone is not a decision.
194,profile:SanFrancisco_CA_L:google:cid:15999424789158348057,SanFrancisco_CA_L,google:cid:15999424789158348057,"University of the Pacific, Arthur A. Dugoni School of Dentistry","155 5th St, San Francisco, CA 94103",business_listings,University,needs_category_review,unreviewed_or_conflicting_category_evidence,exclude_non_dentist_category|include_dental_provider,,,,,,eligibility_group:8c78ac49852cece2,unknown,,University,dentistry,school_or_training,,,external_evidence_required,category and title evidence do not support a safe batch suggestion,False,+1415-929-6501,www.pacific.edu,http://www.pacific.edu/dental,347.0,37.7822541,-122.4053174,False,https://www.google.com/maps?cid=15999424789158348057,website_then_google_profile,www.pacific.edu,eligibility_review_block:32c78f498de5b468,singleton_profile,"Fill this row only when it is an exception to a reviewed group decision, or when its group is marked individual_review.",1,direct_website_singleton,2,"""University of the Pacific, Arthur A. Dugoni School of Dentistry"" ""155 5th St, San Francisco, CA 94103"" ""+1415-929-6501"" dentist dental patients",https://www.google.com/search?q=%22University+of+the+Pacific%2C+Arthur+A.+Dugoni+School+of+Dentistry%22+%22155+5th+St%2C+San+Francisco%2C+CA+94103%22+%22%2B1415-929-6501%22+dentist+dental+patients,"site:www.pacific.edu ""University of the Pacific, Arthur A. Dugoni School of Dentistry"" dental dentist patients",https://www.google.com/search?q=site%3Awww.pacific.edu+%22University+of+the+Pacific%2C+Arthur+A.+Dugoni+School+of+Dentistry%22+dental+dentist+patients,Verify current patient-facing dental service for this exact profile and address; a shared domain alone is not a decision.
195,profile:Eureka_CA_S:google:cid:7161334439902583112,Eureka_CA_S,google:cid:7161334439902583112,Partnership Healthplan Of California,"1036 5th St, Eureka, CA 95501",maps_core,Government office,needs_category_review,unreviewed_or_conflicting_category_evidence,exclude_non_dentist_category|include_dental_provider,,,,,,eligibility_group:80bfcb676b0ff00e,unknown,,Government office,,,,,external_evidence_required,category and title evidence do not support a safe batch suggestion,False,+1800-863-4155,www.partnershiphp.org,http://www.partnershiphp.org/,7.0,40.8026082,-124.159647,False,https://www.google.com/maps?cid=7161334439902583112,website_then_google_profile,www.partnershiphp.org,eligibility_review_block:b239fe801ce6031c,singleton_profile,"Fill this row only when it is an exception to a reviewed group decision, or when its group is marked individual_review.",1,direct_website_singleton,2,"""Partnership Healthplan Of California"" ""1036 5th St, Eureka, CA 95501"" ""+1800-863-4155"" dentist dental patients",https://www.google.com/search?q=%22Partnership+Healthplan+Of+California%22+%221036+5th+St%2C+Eureka%2C+CA+95501%22+%22%2B1800-863-4155%22+dentist+dental+patients,"site:www.partnershiphp.org ""Partnership Healthplan Of California"" dental dentist patients",https://www.google.com/search?q=site%3Awww.partnershiphp.org+%22Partnership+Healthplan+Of+California%22+dental+dentist+patients,Verify current patient-facing dental service for this exact profile and address; a shared domain alone is not a decision.
196,profile:NYC_NY_L:google:cid:13044985527534183180,NYC_NY_L,google:cid:13044985527534183180,Project Renewal Fort Washington Men's Shelter,"651 W 168th St, New York, NY 10032",business_listings,Homeless shelter,needs_category_review,unreviewed_or_conflicting_category_evidence,exclude_non_dentist_category|include_dental_provider,,,,,,eligibility_group:488e8f068db9ff30,unknown,,Homeless shelter,,,,,external_evidence_required,category and title evidence do not support a safe batch suggestion,False,+1212-740-1780,www.projectrenewal.org,http://www.projectrenewal.org/,60.0,40.8419418,-73.941307,False,https://www.google.com/maps?cid=13044985527534183180,website_then_google_profile,www.projectrenewal.org,eligibility_review_block:3ce0aa1cf632b127,singleton_profile,"Fill this row only when it is an exception to a reviewed group decision, or when its group is marked individual_review.",1,direct_website_singleton,2,"""Project Renewal Fort Washington Men's Shelter"" ""651 W 168th St, New York, NY 10032"" ""+1212-740-1780"" dentist dental patients",https://www.google.com/search?q=%22Project+Renewal+Fort+Washington+Men%27s+Shelter%22+%22651+W+168th+St%2C+New+York%2C+NY+10032%22+%22%2B1212-740-1780%22+dentist+dental+patients,"site:www.projectrenewal.org ""Project Renewal Fort Washington Men's Shelter"" dental dentist patients",https://www.google.com/search?q=site%3Awww.projectrenewal.org+%22Project+Renewal+Fort+Washington+Men%27s+Shelter%22+dental+dentist+patients,Verify current patient-facing dental service for this exact profile and address; a shared domain alone is not a decision.
197,profile:LA_CA_L:google:cid:11920906171447464232,LA_CA_L,google:cid:11920906171447464232,Granada Hills Radiology,"10515 Balboa Blvd #240, Granada Hills, CA 91344",business_listings,X-ray lab,needs_category_review,unreviewed_or_conflicting_category_evidence,exclude_non_dentist_category|include_dental_provider,,,,,,eligibility_group:bcde824d5b399027,unknown,,X-ray lab,,,,,external_evidence_required,category and title evidence do not support a safe batch suggestion,False,+1818-832-3300,www.raddico.com,http://www.raddico.com/,8.0,34.2616661,-118.5026695,False,https://www.google.com/maps?cid=11920906171447464232,website_then_google_profile,www.raddico.com,eligibility_review_block:dc8ab16dcab90fab,singleton_profile,"Fill this row only when it is an exception to a reviewed group decision, or when its group is marked individual_review.",1,direct_website_singleton,2,"""Granada Hills Radiology"" ""10515 Balboa Blvd #240, Granada Hills, CA 91344"" ""+1818-832-3300"" dentist dental patients",https://www.google.com/search?q=%22Granada+Hills+Radiology%22+%2210515+Balboa+Blvd+%23240%2C+Granada+Hills%2C+CA+91344%22+%22%2B1818-832-3300%22+dentist+dental+patients,"site:www.raddico.com ""Granada Hills Radiology"" dental dentist patients",https://www.google.com/search?q=site%3Awww.raddico.com+%22Granada+Hills+Radiology%22+dental+dentist+patients,Verify current patient-facing dental service for this exact profile and address; a shared domain alone is not a decision.
198,profile:Buffalo_NY_L:google:cid:13263697866949406865,Buffalo_NY_L,google:cid:13263697866949406865,Richards and Jurusik Immigration Lawyers,"5 Niagara Square, Buffalo, NY 14202",maps_core,Immigration attorney,needs_category_review,unreviewed_or_conflicting_category_evidence,exclude_non_dentist_category|include_dental_provider,,,,,,eligibility_group:ea5d31a9418eb3d1,unknown,,Immigration attorney,,,,,external_evidence_required,category and title evidence do not support a safe batch suggestion,False,+1716-970-4007,www.rjimmigrationlaw.com,https://www.rjimmigrationlaw.com/,435.0,42.8856089,-78.8780273,False,https://www.google.com/maps?cid=13263697866949406865,website_then_google_profile,www.rjimmigrationlaw.com,eligibility_review_block:9c0cf569b6e7adc4,singleton_profile,"Fill this row only when it is an exception to a reviewed group decision, or when its group is marked individual_review.",1,direct_website_singleton,2,"""Richards and Jurusik Immigration Lawyers"" ""5 Niagara Square, Buffalo, NY 14202"" ""+1716-970-4007"" dentist dental patients",https://www.google.com/search?q=%22Richards+and+Jurusik+Immigration+Lawyers%22+%225+Niagara+Square%2C+Buffalo%2C+NY+14202%22+%22%2B1716-970-4007%22+dentist+dental+patients,"site:www.rjimmigrationlaw.com ""Richards and Jurusik Immigration Lawyers"" dental dentist patients",https://www.google.com/search?q=site%3Awww.rjimmigrationlaw.com+%22Richards+and+Jurusik+Immigration+Lawyers%22+dental+dentist+patients,Verify current patient-facing dental service for this exact profile and address; a shared domain alone is not a decision.
199,profile:NYC_NY_L:google:cid:12506336222272585870,NYC_NY_L,google:cid:12506336222272585870,Ron Rinaldi Photography,"225 W 28th St, New York, NY 10001",business_listings,Photographer,needs_category_review,unreviewed_or_conflicting_category_evidence,exclude_non_dentist_category|include_dental_provider,,,,,,eligibility_group:b686c7871ae764f8,unknown,,Photographer,,,,,external_evidence_required,category and title evidence do not support a safe batch suggestion,False,+1917-868-3059,www.ronrinaldi.com,http://www.ronrinaldi.com/,,40.7479338,-73.9944407,False,https://www.google.com/maps?cid=12506336222272585870,website_then_google_profile,www.ronrinaldi.com,eligibility_review_block:624507677e9fd2aa,singleton_profile,"Fill this row only when it is an exception to a reviewed group decision, or when its group is marked individual_review.",1,direct_website_singleton,2,"""Ron Rinaldi Photography"" ""225 W 28th St, New York, NY 10001"" ""+1917-868-3059"" dentist dental patients",https://www.google.com/search?q=%22Ron+Rinaldi+Photography%22+%22225+W+28th+St%2C+New+York%2C+NY+10001%22+%22%2B1917-868-3059%22+dentist+dental+patients,"site:www.ronrinaldi.com ""Ron Rinaldi Photography"" dental dentist patients",https://www.google.com/search?q=site%3Awww.ronrinaldi.com+%22Ron+Rinaldi+Photography%22+dental+dentist+patients,Verify current patient-facing dental service for this exact profile and address; a shared domain alone is not a decision.
200,profile:LA_CA_L:google:cid:6179340572617374652,LA_CA_L,google:cid:6179340572617374652,The Wallis Annenberg Children & Family Health Center at Hollywood Wilshire Health Center,"5205 Melrose Ave, Los Angeles, CA 90038",business_listings,Mental health clinic,needs_category_review,unreviewed_or_conflicting_category_evidence,exclude_non_dentist_category|include_dental_provider,,,,,,eligibility_group:fc496f50a73ebcfd,unknown,,Mental health clinic,,,,,external_evidence_required,category and title evidence do not support a safe batch suggestion,False,+1323-653-8622,www.sabancommunityclinic.org,http://www.sabancommunityclinic.org/,11.0,34.0836616,-118.3138012,False,https://www.google.com/maps?cid=6179340572617374652,website_then_google_profile,www.sabancommunityclinic.org,eligibility_review_block:1fce31c52bba2e6d,singleton_profile,"Fill this row only when it is an exception to a reviewed group decision, or when its group is marked individual_review.",1,direct_website_singleton,2,"""The Wallis Annenberg Children & Family Health Center at Hollywood Wilshire Health Center"" ""5205 Melrose Ave, Los Angeles, CA 90038"" ""+1323-653-8622"" dentist dental patients",https://www.google.com/search?q=%22The+Wallis+Annenberg+Children+%26+Family+Health+Center+at+Hollywood+Wilshire+Health+Center%22+%225205+Melrose+Ave%2C+Los+Angeles%2C+CA+90038%22+%22%2B1323-653-8622%22+dentist+dental+patients,"site:www.sabancommunityclinic.org ""The Wallis Annenberg Children & Family Health Center at Hollywood Wilshire Health Center"" dental dentist patients",https://www.google.com/search?q=site%3Awww.sabancommunityclinic.org+%22The+Wallis+Annenberg+Children+%26+Family+Health+Center+at+Hollywood+Wilshire+Health+Center%22+dental+dentist+patients,Verify current patient-facing dental service for this exact profile and address; a shared domain alone is not a decision.
201,profile:SanFrancisco_CA_L:google:cid:11713460053424059316,SanFrancisco_CA_L,google:cid:11713460053424059316,Tom Waddell Urban Health Center,"230 Golden Gate Ave, San Francisco, CA 94102",maps_core,Medical clinic,needs_category_review,unreviewed_or_conflicting_category_evidence,exclude_non_dentist_category|include_dental_provider,,,,,,eligibility_group:504917ff371eb69d,manual_review,Medical clinic: Category alone does not establish whether dental care is provided,,,,,,external_evidence_required,category and title evidence do not support a safe batch suggestion,False,+1415-355-7500,www.sf.gov,http://www.sf.gov/location/tom-waddell-urban-health-clinic,47.0,37.7821968,-122.4144286,False,https://www.google.com/maps?cid=11713460053424059316,website_then_google_profile,www.sf.gov,eligibility_review_block:3c705ff237e69cef,singleton_profile,"Fill this row only when it is an exception to a reviewed group decision, or when its group is marked individual_review.",1,direct_website_singleton,2,"""Tom Waddell Urban Health Center"" ""230 Golden Gate Ave, San Francisco, CA 94102"" ""+1415-355-7500"" dentist dental patients",https://www.google.com/search?q=%22Tom+Waddell+Urban+Health+Center%22+%22230+Golden+Gate+Ave%2C+San+Francisco%2C+CA+94102%22+%22%2B1415-355-7500%22+dentist+dental+patients,"site:www.sf.gov ""Tom Waddell Urban Health Center"" dental dentist patients",https://www.google.com/search?q=site%3Awww.sf.gov+%22Tom+Waddell+Urban+Health+Center%22+dental+dentist+patients,Verify current patient-facing dental service for this exact profile and address; a shared domain alone is not a decision.
202,profile:Atlanta_GA_L:google:cid:2869506919639306180,Atlanta_GA_L,google:cid:2869506919639306180,Sleep Better Georgia,"1719 Mt Vernon Rd, Dunwoody, GA 30338",business_listings,Sleep clinic,needs_category_review,unreviewed_or_conflicting_category_evidence,exclude_non_dentist_category|include_dental_provider,,,,,,eligibility_group:d73fe04c4858867b,unknown,,Sleep clinic,,,,,external_evidence_required,category and title evidence do not support a safe batch suggestion,False,+1770-626-5652,www.sleepdunwoody.com,https://www.sleepdunwoody.com/?utm_source=google&utm_medium=organic&utm_campaign=gbpDunwoody,351.0,33.9466194,-84.32989119999999,False,https://www.google.com/maps?cid=2869506919639306180,website_then_google_profile,www.sleepdunwoody.com,eligibility_review_block:ba1d819abe5c7597,singleton_profile,"Fill this row only when it is an exception to a reviewed group decision, or when its group is marked individual_review.",1,direct_website_singleton,2,"""Sleep Better Georgia"" ""1719 Mt Vernon Rd, Dunwoody, GA 30338"" ""+1770-626-5652"" dentist dental patients",https://www.google.com/search?q=%22Sleep+Better+Georgia%22+%221719+Mt+Vernon+Rd%2C+Dunwoody%2C+GA+30338%22+%22%2B1770-626-5652%22+dentist+dental+patients,"site:www.sleepdunwoody.com ""Sleep Better Georgia"" dental dentist patients",https://www.google.com/search?q=site%3Awww.sleepdunwoody.com+%22Sleep+Better+Georgia%22+dental+dentist+patients,Verify current patient-facing dental service for this exact profile and address; a shared domain alone is not a decision.
203,profile:NYC_NY_L:google:cid:18166011723617241542,NYC_NY_L,google:cid:18166011723617241542,SleepWell Orthotics,"693 5th Ave Ste 1400, New York, NY 10022",business_listings,Sleep clinic,needs_category_review,unreviewed_or_conflicting_category_evidence,exclude_non_dentist_category|include_dental_provider,,,,,,eligibility_group:d73fe04c4858867b,unknown,,Sleep clinic,,,,,external_evidence_required,category and title evidence do not support a safe batch suggestion,False,+1212-777-6725,www.sleepwellorthotics.com,https://www.sleepwellorthotics.com/,44.0,40.761147,-73.974784,False,https://www.google.com/maps?cid=18166011723617241542,website_then_google_profile,www.sleepwellorthotics.com,eligibility_review_block:9a78754eb6133ea8,singleton_profile,"Fill this row only when it is an exception to a reviewed group decision, or when its group is marked individual_review.",1,direct_website_singleton,2,"""SleepWell Orthotics"" ""693 5th Ave Ste 1400, New York, NY 10022"" ""+1212-777-6725"" dentist dental patients",https://www.google.com/search?q=%22SleepWell+Orthotics%22+%22693+5th+Ave+Ste+1400%2C+New+York%2C+NY+10022%22+%22%2B1212-777-6725%22+dentist+dental+patients,"site:www.sleepwellorthotics.com ""SleepWell Orthotics"" dental dentist patients",https://www.google.com/search?q=site%3Awww.sleepwellorthotics.com+%22SleepWell+Orthotics%22+dental+dentist+patients,Verify current patient-facing dental service for this exact profile and address; a shared domain alone is not a decision.
204,profile:NYC_NY_L:google:cid:14534325133775607876,NYC_NY_L,google:cid:14534325133775607876,Sun River Health Staten Island,"57 Bay St 1st & 3rd Floor, Staten Island, NY 10301",business_listings,Medical clinic,needs_category_review,unreviewed_or_conflicting_category_evidence,exclude_non_dentist_category|include_dental_provider,,,,,,eligibility_group:504917ff371eb69d,manual_review,Medical clinic: Category alone does not establish whether dental care is provided,,,,,,external_evidence_required,category and title evidence do not support a safe batch suggestion,False,+1844-400-1975,www.sunriver.org,https://www.sunriver.org/your-health/sun-river-health-staten-island/,86.0,40.6406296,-74.07541119999999,False,https://www.google.com/maps?cid=14534325133775607876,website_then_google_profile,www.sunriver.org,eligibility_review_block:e9a6162a99add76b,singleton_profile,"Fill this row only when it is an exception to a reviewed group decision, or when its group is marked individual_review.",1,direct_website_singleton,2,"""Sun River Health Staten Island"" ""57 Bay St 1st & 3rd Floor, Staten Island, NY 10301"" ""+1844-400-1975"" dentist dental patients",https://www.google.com/search?q=%22Sun+River+Health+Staten+Island%22+%2257+Bay+St+1st+%26+3rd+Floor%2C+Staten+Island%2C+NY+10301%22+%22%2B1844-400-1975%22+dentist+dental+patients,"site:www.sunriver.org ""Sun River Health Staten Island"" dental dentist patients",https://www.google.com/search?q=site%3Awww.sunriver.org+%22Sun+River+Health+Staten+Island%22+dental+dentist+patients,Verify current patient-facing dental service for this exact profile and address; a shared domain alone is not a decision.
205,profile:NYC_NY_L:google:cid:6683947002764799178,NYC_NY_L,google:cid:6683947002764799178,Head & Neck Surgical Group,"425 W 59th St #1, New York, NY 10019",business_listings,Otolaryngology clinic,needs_category_review,unreviewed_or_conflicting_category_evidence,exclude_non_dentist_category|include_dental_provider,,,,,,eligibility_group:772713ab1100c436,unknown,,Otolaryngology clinic,,,,,external_evidence_required,category and title evidence do not support a safe batch suggestion,False,+1212-523-7791,www.superdoctors.com,https://www.superdoctors.com/new-york-metro/hospital-clinic/Head-and-Neck-Surgical-Group/c8bd9019-fa74-4f4c-985a-8a1ec915098f.html,5.0,40.7701128,-73.985838,False,https://www.google.com/maps?cid=6683947002764799178,website_then_google_profile,www.superdoctors.com,eligibility_review_block:39334aa2da413e50,singleton_profile,"Fill this row only when it is an exception to a reviewed group decision, or when its group is marked individual_review.",1,direct_website_singleton,2,"""Head & Neck Surgical Group"" ""425 W 59th St #1, New York, NY 10019"" ""+1212-523-7791"" dentist dental patients",https://www.google.com/search?q=%22Head+%26+Neck+Surgical+Group%22+%22425+W+59th+St+%231%2C+New+York%2C+NY+10019%22+%22%2B1212-523-7791%22+dentist+dental+patients,"site:www.superdoctors.com ""Head & Neck Surgical Group"" dental dentist patients",https://www.google.com/search?q=site%3Awww.superdoctors.com+%22Head+%26+Neck+Surgical+Group%22+dental+dentist+patients,Verify current patient-facing dental service for this exact profile and address; a shared domain alone is not a decision.
206,profile:Buffalo_NY_L:google:cid:18370073229225808885,Buffalo_NY_L,google:cid:18370073229225808885,Struggle Compound,"1841 Seneca St, Buffalo, NY 14210",business_listings,Clothing store,needs_category_review,unreviewed_or_conflicting_category_evidence,exclude_non_dentist_category|include_dental_provider,,,,,,eligibility_group:542f09dfc2a7d5b4,unknown,,Clothing store,,,,,external_evidence_required,category and title evidence do not support a safe batch suggestion,False,+1716-931-5046,www.thecompound716.com,https://www.thecompound716.com/,35.0,42.8599318,-78.8158875,False,https://www.google.com/maps?cid=18370073229225808885,website_then_google_profile,www.thecompound716.com,eligibility_review_block:51e1ee095cd63c36,singleton_profile,"Fill this row only when it is an exception to a reviewed group decision, or when its group is marked individual_review.",1,direct_website_singleton,2,"""Struggle Compound"" ""1841 Seneca St, Buffalo, NY 14210"" ""+1716-931-5046"" dentist dental patients",https://www.google.com/search?q=%22Struggle+Compound%22+%221841+Seneca+St%2C+Buffalo%2C+NY+14210%22+%22%2B1716-931-5046%22+dentist+dental+patients,"site:www.thecompound716.com ""Struggle Compound"" dental dentist patients",https://www.google.com/search?q=site%3Awww.thecompound716.com+%22Struggle+Compound%22+dental+dentist+patients,Verify current patient-facing dental service for this exact profile and address; a shared domain alone is not a decision.
207,profile:SanFrancisco_CA_L:google:cid:4203807645744766748,SanFrancisco_CA_L,google:cid:4203807645744766748,"Richard Jordan, D.D.S.","1825 4th St, San Francisco, CA 94158",business_listings,Pathologist,needs_category_review,unreviewed_or_conflicting_category_evidence,exclude_non_dentist_category|include_dental_provider,,,,,,eligibility_group:bfea3f9b8ddbece7,unknown,,Pathologist,,,,,external_evidence_required,category and title evidence do not support a safe batch suggestion,False,+1415-885-7528,www.ucsfhealth.org,https://www.ucsfhealth.org/providers/dr-richard-c-jordan,2.0,37.7656374,-122.3897884,False,https://www.google.com/maps?cid=4203807645744766748,website_then_google_profile,www.ucsfhealth.org,eligibility_review_block:a1d0e6e5db16a891,singleton_profile,"Fill this row only when it is an exception to a reviewed group decision, or when its group is marked individual_review.",1,direct_website_singleton,2,"""Richard Jordan, D.D.S."" ""1825 4th St, San Francisco, CA 94158"" ""+1415-885-7528"" dentist dental patients",https://www.google.com/search?q=%22Richard+Jordan%2C+D.D.S.%22+%221825+4th+St%2C+San+Francisco%2C+CA+94158%22+%22%2B1415-885-7528%22+dentist+dental+patients,"site:www.ucsfhealth.org ""Richard Jordan, D.D.S."" dental dentist patients",https://www.google.com/search?q=site%3Awww.ucsfhealth.org+%22Richard+Jordan%2C+D.D.S.%22+dental+dentist+patients,Verify current patient-facing dental service for this exact profile and address; a shared domain alone is not a decision.
208,profile:NYC_NY_L:google:cid:8780094804165839386,NYC_NY_L,google:cid:8780094804165839386,Urban Health Plan,"1065 Southern Blvd, Bronx, NY 10459",business_listings,Medical clinic,needs_category_review,unreviewed_or_conflicting_category_evidence,exclude_non_dentist_category|include_dental_provider,,,,,,eligibility_group:504917ff371eb69d,manual_review,Medical clinic: Category alone does not establish whether dental care is provided,,,,,,external_evidence_required,category and title evidence do not support a safe batch suggestion,False,+1718-589-2440,www.urbanhealthplan.org,http://www.urbanhealthplan.org/,177.0,40.8250304,-73.8922127,False,https://www.google.com/maps?cid=8780094804165839386,website_then_google_profile,www.urbanhealthplan.org,eligibility_review_block:8c56a146890145f2,singleton_profile,"Fill this row only when it is an exception to a reviewed group decision, or when its group is marked individual_review.",1,direct_website_singleton,2,"""Urban Health Plan"" ""1065 Southern Blvd, Bronx, NY 10459"" ""+1718-589-2440"" dentist dental patients",https://www.google.com/search?q=%22Urban+Health+Plan%22+%221065+Southern+Blvd%2C+Bronx%2C+NY+10459%22+%22%2B1718-589-2440%22+dentist+dental+patients,"site:www.urbanhealthplan.org ""Urban Health Plan"" dental dentist patients",https://www.google.com/search?q=site%3Awww.urbanhealthplan.org+%22Urban+Health+Plan%22+dental+dentist+patients,Verify current patient-facing dental service for this exact profile and address; a shared domain alone is not a decision.
209,profile:Eureka_CA_S:google:cid:14667082976660505393,Eureka_CA_S,google:cid:14667082976660505393,Eureka VA Clinic,"930 W Harris St, Eureka, CA 95501",maps_core,Medical clinic,needs_category_review,unreviewed_or_conflicting_category_evidence,exclude_non_dentist_category|include_dental_provider,,,,,,eligibility_group:504917ff371eb69d,manual_review,Medical clinic: Category alone does not establish whether dental care is provided,,,,,,external_evidence_required,category and title evidence do not support a safe batch suggestion,False,+1707-269-7500,www.va.gov,https://www.va.gov/san-francisco-health-care/locations/eureka-va-clinic/,30.0,40.7812224,-124.1813806,False,https://www.google.com/maps?cid=14667082976660505393,website_then_google_profile,www.va.gov,eligibility_review_block:158705282396dbfd,singleton_profile,"Fill this row only when it is an exception to a reviewed group decision, or when its group is marked individual_review.",1,direct_website_singleton,2,"""Eureka VA Clinic"" ""930 W Harris St, Eureka, CA 95501"" ""+1707-269-7500"" dentist dental patients",https://www.google.com/search?q=%22Eureka+VA+Clinic%22+%22930+W+Harris+St%2C+Eureka%2C+CA+95501%22+%22%2B1707-269-7500%22+dentist+dental+patients,"site:www.va.gov ""Eureka VA Clinic"" dental dentist patients",https://www.google.com/search?q=site%3Awww.va.gov+%22Eureka+VA+Clinic%22+dental+dentist+patients,Verify current patient-facing dental service for this exact profile and address; a shared domain alone is not a decision.
210,profile:LA_CA_L:google:cid:1439068570786713565,LA_CA_L,google:cid:1439068570786713565,Venice Family Clinic - Simms/Mann Health Ctr,"2509 Pico Blvd, Santa Monica, CA 90405",business_listings,Medical clinic,needs_category_review,unreviewed_or_conflicting_category_evidence,exclude_non_dentist_category|include_dental_provider,,,,,,eligibility_group:504917ff371eb69d,manual_review,Medical clinic: Category alone does not establish whether dental care is provided,,,,,,external_evidence_required,category and title evidence do not support a safe batch suggestion,False,+1310-392-8636,www.venicefamilyclinic.org,https://www.venicefamilyclinic.org/,187.0,34.0231221,-118.4633112,False,https://www.google.com/maps?cid=1439068570786713565,website_then_google_profile,www.venicefamilyclinic.org,eligibility_review_block:89092459c850517d,singleton_profile,"Fill this row only when it is an exception to a reviewed group decision, or when its group is marked individual_review.",1,direct_website_singleton,2,"""Venice Family Clinic - Simms/Mann Health Ctr"" ""2509 Pico Blvd, Santa Monica, CA 90405"" ""+1310-392-8636"" dentist dental patients",https://www.google.com/search?q=%22Venice+Family+Clinic+-+Simms%2FMann+Health+Ctr%22+%222509+Pico+Blvd%2C+Santa+Monica%2C+CA+90405%22+%22%2B1310-392-8636%22+dentist+dental+patients,"site:www.venicefamilyclinic.org ""Venice Family Clinic - Simms/Mann Health Ctr"" dental dentist patients",https://www.google.com/search?q=site%3Awww.venicefamilyclinic.org+%22Venice+Family+Clinic+-+Simms%2FMann+Health+Ctr%22+dental+dentist+patients,Verify current patient-facing dental service for this exact profile and address; a shared domain alone is not a decision.
211,profile:LA_CA_L:google:cid:2329387890553899643,LA_CA_L,google:cid:2329387890553899643,Via Care Cesar Chavez Health Center,"4755 E Cesar E Chavez Ave, East Los Angeles, CA 90022",business_listings,Medical clinic,needs_category_review,unreviewed_or_conflicting_category_evidence,exclude_non_dentist_category|include_dental_provider,,,,,,eligibility_group:504917ff371eb69d,manual_review,Medical clinic: Category alone does not establish whether dental care is provided,,,,,,external_evidence_required,category and title evidence do not support a safe batch suggestion,False,+1323-268-9191,www.viacarela.org,https://www.viacarela.org/,78.0,34.0407912,-118.162866,False,https://www.google.com/maps?cid=2329387890553899643,website_then_google_profile,www.viacarela.org,eligibility_review_block:40aa3ebf615d3fda,singleton_profile,"Fill this row only when it is an exception to a reviewed group decision, or when its group is marked individual_review.",1,direct_website_singleton,2,"""Via Care Cesar Chavez Health Center"" ""4755 E Cesar E Chavez Ave, East Los Angeles, CA 90022"" ""+1323-268-9191"" dentist dental patients",https://www.google.com/search?q=%22Via+Care+Cesar+Chavez+Health+Center%22+%224755+E+Cesar+E+Chavez+Ave%2C+East+Los+Angeles%2C+CA+90022%22+%22%2B1323-268-9191%22+dentist+dental+patients,"site:www.viacarela.org ""Via Care Cesar Chavez Health Center"" dental dentist patients",https://www.google.com/search?q=site%3Awww.viacarela.org+%22Via+Care+Cesar+Chavez+Health+Center%22+dental+dentist+patients,Verify current patient-facing dental service for this exact profile and address; a shared domain alone is not a decision.
212,profile:NYC_NY_L:google:cid:8290167571579195981,NYC_NY_L,google:cid:8290167571579195981,"VisoDent NYC - Teeth whitening, Invisalign, Aesthetics clinic","903 Park Avenue Main Floor Office, New York, NY 10075",business_listings,Doctor,needs_category_review,unreviewed_or_conflicting_category_evidence,exclude_non_dentist_category|include_dental_provider,,,,,,eligibility_group:5721d7584f64bb4b,manual_review,Doctor: Category alone does not establish a dentist clinic,,,,,,external_evidence_required,category and title evidence do not support a safe batch suggestion,False,+1212-991-9095,www.visodentnyc.com,https://www.visodentnyc.com/,106.0,40.7757426,-73.9600679,False,https://www.google.com/maps?cid=8290167571579195981,website_then_google_profile,www.visodentnyc.com,eligibility_review_block:761ecb78576ac102,singleton_profile,"Fill this row only when it is an exception to a reviewed group decision, or when its group is marked individual_review.",1,direct_website_singleton,2,"""VisoDent NYC - Teeth whitening, Invisalign, Aesthetics clinic"" ""903 Park Avenue Main Floor Office, New York, NY 10075"" ""+1212-991-9095"" dentist dental patients",https://www.google.com/search?q=%22VisoDent+NYC+-+Teeth+whitening%2C+Invisalign%2C+Aesthetics+clinic%22+%22903+Park+Avenue+Main+Floor+Office%2C+New+York%2C+NY+10075%22+%22%2B1212-991-9095%22+dentist+dental+patients,"site:www.visodentnyc.com ""VisoDent NYC - Teeth whitening, Invisalign, Aesthetics clinic"" dental dentist patients",https://www.google.com/search?q=site%3Awww.visodentnyc.com+%22VisoDent+NYC+-+Teeth+whitening%2C+Invisalign%2C+Aesthetics+clinic%22+dental+dentist+patients,Verify current patient-facing dental service for this exact profile and address; a shared domain alone is not a decision.
213,profile:LA_CA_L:google:cid:17820276821066351545,LA_CA_L,google:cid:17820276821066351545,VCC: The Gary Center,"201 S Harbor Blvd, La Habra, CA 90631",business_listings,Medical clinic,needs_category_review,unreviewed_or_conflicting_category_evidence,exclude_non_dentist_category|include_dental_provider,,,,,,eligibility_group:504917ff371eb69d,manual_review,Medical clinic: Category alone does not establish whether dental care is provided,,,,,,external_evidence_required,category and title evidence do not support a safe batch suggestion,False,+1562-264-6000,www.vistacommunityclinic.org,https://www.vistacommunityclinic.org/events/grand-opening-vcc-gary-center/,60.0,33.9306242,-117.9339027,False,https://www.google.com/maps?cid=17820276821066351545,website_then_google_profile,www.vistacommunityclinic.org,eligibility_review_block:0f9c62a7cb88bc5b,singleton_profile,"Fill this row only when it is an exception to a reviewed group decision, or when its group is marked individual_review.",1,direct_website_singleton,2,"""VCC: The Gary Center"" ""201 S Harbor Blvd, La Habra, CA 90631"" ""+1562-264-6000"" dentist dental patients",https://www.google.com/search?q=%22VCC%3A+The+Gary+Center%22+%22201+S+Harbor+Blvd%2C+La+Habra%2C+CA+90631%22+%22%2B1562-264-6000%22+dentist+dental+patients,"site:www.vistacommunityclinic.org ""VCC: The Gary Center"" dental dentist patients",https://www.google.com/search?q=site%3Awww.vistacommunityclinic.org+%22VCC%3A+The+Gary+Center%22+dental+dentist+patients,Verify current patient-facing dental service for this exact profile and address; a shared domain alone is not a decision.
214,profile:LA_CA_L:google:cid:17870772743849719591,LA_CA_L,google:cid:17870772743849719591,Watts Healthcare - Watts Health Center,"10300 Compton Ave, Los Angeles, CA 90002",business_listings,Community health center,needs_category_review,unreviewed_or_conflicting_category_evidence,exclude_non_dentist_category|include_dental_provider,,,,,,eligibility_group:75eedbc19c8622b7,manual_review,Community health center: Category alone does not establish whether dental care is provided,,,,,,external_evidence_required,category and title evidence do not support a safe batch suggestion,False,+1323-564-4331,www.wattshealth.org,http://www.wattshealth.org/,272.0,33.9425909,-118.2453744,False,https://www.google.com/maps?cid=17870772743849719591,website_then_google_profile,www.wattshealth.org,eligibility_review_block:7a29ede9493a7d8c,singleton_profile,"Fill this row only when it is an exception to a reviewed group decision, or when its group is marked individual_review.",1,direct_website_singleton,2,"""Watts Healthcare - Watts Health Center"" ""10300 Compton Ave, Los Angeles, CA 90002"" ""+1323-564-4331"" dentist dental patients",https://www.google.com/search?q=%22Watts+Healthcare+-+Watts+Health+Center%22+%2210300+Compton+Ave%2C+Los+Angeles%2C+CA+90002%22+%22%2B1323-564-4331%22+dentist+dental+patients,"site:www.wattshealth.org ""Watts Healthcare - Watts Health Center"" dental dentist patients",https://www.google.com/search?q=site%3Awww.wattshealth.org+%22Watts+Healthcare+-+Watts+Health+Center%22+dental+dentist+patients,Verify current patient-facing dental service for this exact profile and address; a shared domain alone is not a decision.
215,profile:Atlanta_GA_L:google:cid:16197116083296152898,Atlanta_GA_L,google:cid:16197116083296152898,"Whitefoord, Inc.","35 Whitefoord Ave SE, Atlanta, GA 30317",business_listings,Medical clinic,needs_category_review,unreviewed_or_conflicting_category_evidence,exclude_non_dentist_category|include_dental_provider,,,,,,eligibility_group:504917ff371eb69d,manual_review,Medical clinic: Category alone does not establish whether dental care is provided,,,,,,external_evidence_required,category and title evidence do not support a safe batch suggestion,False,+1404-373-6614,www.whitefoord.org,http://www.whitefoord.org/,17.0,33.7527847,-84.3424148,False,https://www.google.com/maps?cid=16197116083296152898,website_then_google_profile,www.whitefoord.org,eligibility_review_block:bd420ca7392f1a01,singleton_profile,"Fill this row only when it is an exception to a reviewed group decision, or when its group is marked individual_review.",1,direct_website_singleton,2,"""Whitefoord, Inc."" ""35 Whitefoord Ave SE, Atlanta, GA 30317"" ""+1404-373-6614"" dentist dental patients",https://www.google.com/search?q=%22Whitefoord%2C+Inc.%22+%2235+Whitefoord+Ave+SE%2C+Atlanta%2C+GA+30317%22+%22%2B1404-373-6614%22+dentist+dental+patients,"site:www.whitefoord.org ""Whitefoord, Inc."" dental dentist patients",https://www.google.com/search?q=site%3Awww.whitefoord.org+%22Whitefoord%2C+Inc.%22+dental+dentist+patients,Verify current patient-facing dental service for this exact profile and address; a shared domain alone is not a decision.
216,profile:NYC_NY_L:google:cid:10928271238652832087,NYC_NY_L,google:cid:10928271238652832087,Windsor Podiatry,"1655 Flatbush Ave # A103, Brooklyn, NY 11210",business_listings,Medical clinic,needs_category_review,unreviewed_or_conflicting_category_evidence,exclude_non_dentist_category|include_dental_provider,,,,,,eligibility_group:504917ff371eb69d,manual_review,Medical clinic: Category alone does not establish whether dental care is provided,,,,,,external_evidence_required,category and title evidence do not support a safe batch suggestion,False,+1718-252-2727,www.windsorpodiatry.com,http://www.windsorpodiatry.com/,1.0,40.6304085,-73.9444972,False,https://www.google.com/maps?cid=10928271238652832087,website_then_google_profile,www.windsorpodiatry.com,eligibility_review_block:f02162f4a2df191a,singleton_profile,"Fill this row only when it is an exception to a reviewed group decision, or when its group is marked individual_review.",1,direct_website_singleton,2,"""Windsor Podiatry"" ""1655 Flatbush Ave # A103, Brooklyn, NY 11210"" ""+1718-252-2727"" dentist dental patients",https://www.google.com/search?q=%22Windsor+Podiatry%22+%221655+Flatbush+Ave+%23+A103%2C+Brooklyn%2C+NY+11210%22+%22%2B1718-252-2727%22+dentist+dental+patients,"site:www.windsorpodiatry.com ""Windsor Podiatry"" dental dentist patients",https://www.google.com/search?q=site%3Awww.windsorpodiatry.com+%22Windsor+Podiatry%22+dental+dentist+patients,Verify current patient-facing dental service for this exact profile and address; a shared domain alone is not a decision.
217,profile:NYC_NY_L:google:cid:15896470951924789074,NYC_NY_L,google:cid:15896470951924789074,Premier HealthCare & YAI Center for Specialty Therapy,"227 E 41st St 8th floor, New York, NY 10017",business_listings,Medical clinic,needs_category_review,unreviewed_or_conflicting_category_evidence,exclude_non_dentist_category|include_dental_provider,,,,,,eligibility_group:504917ff371eb69d,manual_review,Medical clinic: Category alone does not establish whether dental care is provided,,,,,,external_evidence_required,category and title evidence do not support a safe batch suggestion,False,+1212-273-6272,www.yai.org,https://www.yai.org/locations/healthcare,131.0,40.7496813,-73.973524,False,https://www.google.com/maps?cid=15896470951924789074,website_then_google_profile,www.yai.org,eligibility_review_block:f3dfd5fc24484083,singleton_profile,"Fill this row only when it is an exception to a reviewed group decision, or when its group is marked individual_review.",1,direct_website_singleton,2,"""Premier HealthCare & YAI Center for Specialty Therapy"" ""227 E 41st St 8th floor, New York, NY 10017"" ""+1212-273-6272"" dentist dental patients",https://www.google.com/search?q=%22Premier+HealthCare+%26+YAI+Center+for+Specialty+Therapy%22+%22227+E+41st+St+8th+floor%2C+New+York%2C+NY+10017%22+%22%2B1212-273-6272%22+dentist+dental+patients,"site:www.yai.org ""Premier HealthCare & YAI Center for Specialty Therapy"" dental dentist patients",https://www.google.com/search?q=site%3Awww.yai.org+%22Premier+HealthCare+%26+YAI+Center+for+Specialty+Therapy%22+dental+dentist+patients,Verify current patient-facing dental service for this exact profile and address; a shared domain alone is not a decision.
218,profile:Atlanta_GA_L:google:cid:2428785299818441667,Atlanta_GA_L,google:cid:2428785299818441667,Medhanie Berhane,"2020 Peachtree Rd NW, Atlanta, GA 30309",business_listings,Surgeon,needs_category_review,unreviewed_or_conflicting_category_evidence,exclude_non_dentist_category|include_dental_provider,,,,,,eligibility_group:1a7fe0b72a158684,unknown,,Surgeon,,,,,external_evidence_required,category and title evidence do not support a safe batch suggestion,False,+1404-350-3602,,,,33.8101669,-84.3940369,False,https://www.google.com/maps?cid=2428785299818441667,google_profile_only,,eligibility_review_block:a6f1f36cba13bcc3,singleton_profile,"Fill this row only when it is an exception to a reviewed group decision, or when its group is marked individual_review.",1,phone_and_profile_singleton,3,"""Medhanie Berhane"" ""2020 Peachtree Rd NW, Atlanta, GA 30309"" ""+1404-350-3602"" dentist dental patients",https://www.google.com/search?q=%22Medhanie+Berhane%22+%222020+Peachtree+Rd+NW%2C+Atlanta%2C+GA+30309%22+%22%2B1404-350-3602%22+dentist+dental+patients,,,Verify current patient-facing dental service for this exact profile and address; a shared domain alone is not a decision.
219,profile:Atlanta_GA_L:google:cid:17876037465300181764,Atlanta_GA_L,google:cid:17876037465300181764,Southside Health Care Inc: Mills Anthony MD,"1046 Ridge Ave SW #4, Atlanta, GA 30315",business_listings,Medical Center,needs_category_review,unreviewed_or_conflicting_category_evidence,exclude_non_dentist_category|include_dental_provider,,,,,,eligibility_group:b070ffeb7e138d00,manual_review,Medical Center: Category alone does not establish whether dental care is provided,,,,,,external_evidence_required,category and title evidence do not support a safe batch suggestion,False,+1404-688-1350,,,1.0,33.7270375,-84.39187439999999,False,https://www.google.com/maps?cid=17876037465300181764,google_profile_only,,eligibility_review_block:c45c0e23ada8fd09,singleton_profile,"Fill this row only when it is an exception to a reviewed group decision, or when its group is marked individual_review.",1,phone_and_profile_singleton,3,"""Southside Health Care Inc: Mills Anthony MD"" ""1046 Ridge Ave SW #4, Atlanta, GA 30315"" ""+1404-688-1350"" dentist dental patients",https://www.google.com/search?q=%22Southside+Health+Care+Inc%3A+Mills+Anthony+MD%22+%221046+Ridge+Ave+SW+%234%2C+Atlanta%2C+GA+30315%22+%22%2B1404-688-1350%22+dentist+dental+patients,,,Verify current patient-facing dental service for this exact profile and address; a shared domain alone is not a decision.
220,profile:Augusta_GA_L:google:cid:16042696556243485449,Augusta_GA_L,google:cid:16042696556243485449,TMJ Associates,"456 Furys Ferry Rd, Augusta, GA 30907",maps_specialist,Cancer treatment center,needs_category_review,unreviewed_or_conflicting_category_evidence,exclude_non_dentist_category|include_dental_provider,,,,,,eligibility_group:58feeb0c4d85c099,unknown,,Cancer treatment center,,,,,external_evidence_required,category and title evidence do not support a safe batch suggestion,False,+1706-836-8840,,,2.0,33.5322757,-82.07735,False,https://www.google.com/maps?cid=16042696556243485449,google_profile_only,,eligibility_review_block:c9b86f0155b41261,singleton_profile,"Fill this row only when it is an exception to a reviewed group decision, or when its group is marked individual_review.",1,phone_and_profile_singleton,3,"""TMJ Associates"" ""456 Furys Ferry Rd, Augusta, GA 30907"" ""+1706-836-8840"" dentist dental patients",https://www.google.com/search?q=%22TMJ+Associates%22+%22456+Furys+Ferry+Rd%2C+Augusta%2C+GA+30907%22+%22%2B1706-836-8840%22+dentist+dental+patients,,,Verify current patient-facing dental service for this exact profile and address; a shared domain alone is not a decision.
221,profile:Buffalo_NY_L:google:cid:16190680881071780487,Buffalo_NY_L,google:cid:16190680881071780487,City Smiles,"2264 Main St Apt 1, Buffalo, NY 14214",business_listings,Medical clinic,needs_category_review,unreviewed_or_conflicting_category_evidence,exclude_non_dentist_category|include_dental_provider,,,,,,eligibility_group:504917ff371eb69d,manual_review,Medical clinic: Category alone does not establish whether dental care is provided,,,,,,external_evidence_required,category and title evidence do not support a safe batch suggestion,False,+1716-837-4029,,,,42.9314786,-78.8479326,False,https://www.google.com/maps?cid=16190680881071780487,google_profile_only,,eligibility_review_block:993c355ef4785fad,singleton_profile,"Fill this row only when it is an exception to a reviewed group decision, or when its group is marked individual_review.",1,phone_and_profile_singleton,3,"""City Smiles"" ""2264 Main St Apt 1, Buffalo, NY 14214"" ""+1716-837-4029"" dentist dental patients",https://www.google.com/search?q=%22City+Smiles%22+%222264+Main+St+Apt+1%2C+Buffalo%2C+NY+14214%22+%22%2B1716-837-4029%22+dentist+dental+patients,,,Verify current patient-facing dental service for this exact profile and address; a shared domain alone is not a decision.
222,profile:Buffalo_NY_L:google:cid:11366070002874749651,Buffalo_NY_L,google:cid:11366070002874749651,Dr MGK,"University at Buffalo South Campus, State, 3435 Main St, Buffalo, NY 14215",maps_specialist,,needs_category_review,unreviewed_or_conflicting_category_evidence,exclude_non_dentist_category|include_dental_provider,,,,,,eligibility_group:7f6c6360ca5455ff,unknown,,<blank category>,,,,,external_evidence_required,category and title evidence do not support a safe batch suggestion,False,+1304-508-8588,,,292.0,42.9533778,-78.8182806,False,https://www.google.com/maps?cid=11366070002874749651,google_profile_only,,eligibility_review_block:de11e0dc34fb36d9,singleton_profile,"Fill this row only when it is an exception to a reviewed group decision, or when its group is marked individual_review.",1,phone_and_profile_singleton,3,"""Dr MGK"" ""University at Buffalo South Campus, State, 3435 Main St, Buffalo, NY 14215"" ""+1304-508-8588"" dentist dental patients",https://www.google.com/search?q=%22Dr+MGK%22+%22University+at+Buffalo+South+Campus%2C+State%2C+3435+Main+St%2C+Buffalo%2C+NY+14215%22+%22%2B1304-508-8588%22+dentist+dental+patients,,,Verify current patient-facing dental service for this exact profile and address; a shared domain alone is not a decision.
223,profile:Buffalo_NY_L:google:cid:126764987546349880,Buffalo_NY_L,google:cid:126764987546349880,Smile Direct Club,"Located inside Sola Salon, 4110 Maple Rd, Buffalo, NY 14226",business_listings,Health and beauty shop,needs_category_review,unreviewed_or_conflicting_category_evidence,exclude_non_dentist_category|include_dental_provider,,,,,,eligibility_group:8ab421eda41309f2,unknown,,Health and beauty shop,,,,,external_evidence_required,category and title evidence do not support a safe batch suggestion,False,+1800-688-4010,,,402.0,42.9921032,-78.8109345,False,https://www.google.com/maps?cid=126764987546349880,google_profile_only,,eligibility_review_block:9bcc91b45e04eebf,singleton_profile,"Fill this row only when it is an exception to a reviewed group decision, or when its group is marked individual_review.",1,phone_and_profile_singleton,3,"""Smile Direct Club"" ""Located inside Sola Salon, 4110 Maple Rd, Buffalo, NY 14226"" ""+1800-688-4010"" dentist dental patients",https://www.google.com/search?q=%22Smile+Direct+Club%22+%22Located+inside+Sola+Salon%2C+4110+Maple+Rd%2C+Buffalo%2C+NY+14226%22+%22%2B1800-688-4010%22+dentist+dental+patients,,,Verify current patient-facing dental service for this exact profile and address; a shared domain alone is not a decision.
224,profile:Buffalo_NY_L:google:cid:4884419086949519441,Buffalo_NY_L,google:cid:4884419086949519441,The Cardiac Connection,"5427 Transit Rd, Williamsville, NY 14221",business_listings,Medical clinic,needs_category_review,unreviewed_or_conflicting_category_evidence,exclude_non_dentist_category|include_dental_provider,,,,,,eligibility_group:504917ff371eb69d,manual_review,Medical clinic: Category alone does not establish whether dental care is provided,,,,,,external_evidence_required,category and title evidence do not support a safe batch suggestion,False,+1716-639-0200,,,,42.9942116,-78.6968122,False,https://www.google.com/maps?cid=4884419086949519441,google_profile_only,,eligibility_review_block:41efcc276edea1f7,singleton_profile,"Fill this row only when it is an exception to a reviewed group decision, or when its group is marked individual_review.",1,phone_and_profile_singleton,3,"""The Cardiac Connection"" ""5427 Transit Rd, Williamsville, NY 14221"" ""+1716-639-0200"" dentist dental patients",https://www.google.com/search?q=%22The+Cardiac+Connection%22+%225427+Transit+Rd%2C+Williamsville%2C+NY+14221%22+%22%2B1716-639-0200%22+dentist+dental+patients,,,Verify current patient-facing dental service for this exact profile and address; a shared domain alone is not a decision.
225,profile:Eureka_CA_S:google:cid:637581436883905048,Eureka_CA_S,google:cid:637581436883905048,Casey Kelly,"2200 Tydd St, Eureka, CA 95501",maps_core,Physician assistant,needs_category_review,unreviewed_or_conflicting_category_evidence,exclude_non_dentist_category|include_dental_provider,,,,,,eligibility_group:4be703df9eed5108,unknown,,Physician assistant,,,,,external_evidence_required,category and title evidence do not support a safe batch suggestion,False,+1707-269-7051,,,,40.8020886,-124.1458058,False,https://www.google.com/maps?cid=637581436883905048,google_profile_only,,eligibility_review_block:fba07c19aa99e90a,singleton_profile,"Fill this row only when it is an exception to a reviewed group decision, or when its group is marked individual_review.",1,phone_and_profile_singleton,3,"""Casey Kelly"" ""2200 Tydd St, Eureka, CA 95501"" ""+1707-269-7051"" dentist dental patients",https://www.google.com/search?q=%22Casey+Kelly%22+%222200+Tydd+St%2C+Eureka%2C+CA+95501%22+%22%2B1707-269-7051%22+dentist+dental+patients,,,Verify current patient-facing dental service for this exact profile and address; a shared domain alone is not a decision.
226,profile:FortBragg_CA_S:google:cid:7813504546310747474,FortBragg_CA_S,google:cid:7813504546310747474,Align Orthotics & Prosthetics,"401 Cypress St, Fort Bragg, CA 95437",maps_core|maps_specialist,Orthotics & prosthetics service,needs_category_review,unreviewed_or_conflicting_category_evidence,exclude_non_dentist_category|include_dental_provider,,,,,,eligibility_group:6802faf098d90035,unknown,,Orthotics & prosthetics service,,,,,external_evidence_required,category and title evidence do not support a safe batch suggestion,False,+1707-937-3003,,,1.0,39.4330766,-123.8009115,False,https://www.google.com/maps?cid=7813504546310747474,google_profile_only,,eligibility_review_block:04ca1c406fc2af4a,singleton_profile,"Fill this row only when it is an exception to a reviewed group decision, or when its group is marked individual_review.",1,phone_and_profile_singleton,3,"""Align Orthotics & Prosthetics"" ""401 Cypress St, Fort Bragg, CA 95437"" ""+1707-937-3003"" dentist dental patients",https://www.google.com/search?q=%22Align+Orthotics+%26+Prosthetics%22+%22401+Cypress+St%2C+Fort+Bragg%2C+CA+95437%22+%22%2B1707-937-3003%22+dentist+dental+patients,,,Verify current patient-facing dental service for this exact profile and address; a shared domain alone is not a decision.
227,profile:FortBragg_CA_S:google:cid:8005356864665464194,FortBragg_CA_S,google:cid:8005356864665464194,My Beautiful Nails,"120 E Redwood Ave, Fort Bragg, CA 95437",maps_core,Nail salon,needs_category_review,unreviewed_or_conflicting_category_evidence,exclude_non_dentist_category|include_dental_provider,,,,,,eligibility_group:57eeb9e687d4ba7d,unknown,,Nail salon,,,,,external_evidence_required,category and title evidence do not support a safe batch suggestion,False,+1707-964-3001,,,78.0,39.4441522,-123.805279,False,https://www.google.com/maps?cid=8005356864665464194,google_profile_only,,eligibility_review_block:e9ad4d4fff724825,singleton_profile,"Fill this row only when it is an exception to a reviewed group decision, or when its group is marked individual_review.",1,phone_and_profile_singleton,3,"""My Beautiful Nails"" ""120 E Redwood Ave, Fort Bragg, CA 95437"" ""+1707-964-3001"" dentist dental patients",https://www.google.com/search?q=%22My+Beautiful+Nails%22+%22120+E+Redwood+Ave%2C+Fort+Bragg%2C+CA+95437%22+%22%2B1707-964-3001%22+dentist+dental+patients,,,Verify current patient-facing dental service for this exact profile and address; a shared domain alone is not a decision.
228,profile:LA_CA_L:google:cid:3746368657671100983,LA_CA_L,google:cid:3746368657671100983,AmeriplanUsa,"760 W Lomita Blvd, Harbor City, CA 90710",business_listings,Chiropractor,needs_category_review,unreviewed_or_conflicting_category_evidence,exclude_non_dentist_category|include_dental_provider,,,,,,eligibility_group:dedfc745d89f2414,unknown,,Chiropractor,,,,,external_evidence_required,category and title evidence do not support a safe batch suggestion,False,+1800-467-0708,,,1.0,33.7956135,-118.286761,False,https://www.google.com/maps?cid=3746368657671100983,google_profile_only,,eligibility_review_block:b6a5c9b5a59d6464,singleton_profile,"Fill this row only when it is an exception to a reviewed group decision, or when its group is marked individual_review.",1,phone_and_profile_singleton,3,"""AmeriplanUsa"" ""760 W Lomita Blvd, Harbor City, CA 90710"" ""+1800-467-0708"" dentist dental patients",https://www.google.com/search?q=%22AmeriplanUsa%22+%22760+W+Lomita+Blvd%2C+Harbor+City%2C+CA+90710%22+%22%2B1800-467-0708%22+dentist+dental+patients,,,Verify current patient-facing dental service for this exact profile and address; a shared domain alone is not a decision.
229,profile:LA_CA_L:google:cid:14188941666966415095,LA_CA_L,google:cid:14188941666966415095,Appliance Therapy Group,"9129 Lurline Ave, Chatsworth, CA 91311",business_listings,Appliance store,needs_category_review,unreviewed_or_conflicting_category_evidence,exclude_non_dentist_category|include_dental_provider,,,,,,eligibility_group:b3f2ea68ed102628,unknown,,Appliance store,,,,,external_evidence_required,category and title evidence do not support a safe batch suggestion,False,+1800-423-3270,,,,34.2365038,-118.584506,False,https://www.google.com/maps?cid=14188941666966415095,google_profile_only,,eligibility_review_block:a279597c1f1bcfba,singleton_profile,"Fill this row only when it is an exception to a reviewed group decision, or when its group is marked individual_review.",1,phone_and_profile_singleton,3,"""Appliance Therapy Group"" ""9129 Lurline Ave, Chatsworth, CA 91311"" ""+1800-423-3270"" dentist dental patients",https://www.google.com/search?q=%22Appliance+Therapy+Group%22+%229129+Lurline+Ave%2C+Chatsworth%2C+CA+91311%22+%22%2B1800-423-3270%22+dentist+dental+patients,,,Verify current patient-facing dental service for this exact profile and address; a shared domain alone is not a decision.
230,profile:LA_CA_L:google:cid:2810400098018904937,LA_CA_L,google:cid:2810400098018904937,Best Choice Denture Implants and Repair,"8833 Reseda Blvd, Northridge, CA 91324",business_listings,Denture care center,needs_category_review,unreviewed_or_conflicting_category_evidence,exclude_non_dentist_category|include_dental_provider,,,,,,eligibility_group:fe4a0b2a99a6e2f0,unknown,,Denture care center,,,,,external_evidence_required,category and title evidence do not support a safe batch suggestion,False,+1213-733-9617,,,,34.2317062,-118.536269,False,https://www.google.com/maps?cid=2810400098018904937,google_profile_only,,eligibility_review_block:b07f6a619e55d6f2,singleton_profile,"Fill this row only when it is an exception to a reviewed group decision, or when its group is marked individual_review.",1,phone_and_profile_singleton,3,"""Best Choice Denture Implants and Repair"" ""8833 Reseda Blvd, Northridge, CA 91324"" ""+1213-733-9617"" dentist dental patients",https://www.google.com/search?q=%22Best+Choice+Denture+Implants+and+Repair%22+%228833+Reseda+Blvd%2C+Northridge%2C+CA+91324%22+%22%2B1213-733-9617%22+dentist+dental+patients,,,Verify current patient-facing dental service for this exact profile and address; a shared domain alone is not a decision.
231,profile:LA_CA_L:google:cid:17695359038008349542,LA_CA_L,google:cid:17695359038008349542,Beverly Hills Augmentation & Tuck,"436 N Roxbury Dr Ste Penthouse South B, Beverly Hills, CA 90210",business_listings,Plastic surgeon,needs_category_review,unreviewed_or_conflicting_category_evidence,exclude_non_dentist_category|include_dental_provider,,,,,,eligibility_group:ad9d7cea6cadeae3,unknown,,Plastic surgeon,,,,,external_evidence_required,category and title evidence do not support a safe batch suggestion,False,+1310-999-0418,,,,34.0680272,-118.4064381,False,https://www.google.com/maps?cid=17695359038008349542,google_profile_only,,eligibility_review_block:18128ac84c4d359b,singleton_profile,"Fill this row only when it is an exception to a reviewed group decision, or when its group is marked individual_review.",1,phone_and_profile_singleton,3,"""Beverly Hills Augmentation & Tuck"" ""436 N Roxbury Dr Ste Penthouse South B, Beverly Hills, CA 90210"" ""+1310-999-0418"" dentist dental patients",https://www.google.com/search?q=%22Beverly+Hills+Augmentation+%26+Tuck%22+%22436+N+Roxbury+Dr+Ste+Penthouse+South+B%2C+Beverly+Hills%2C+CA+90210%22+%22%2B1310-999-0418%22+dentist+dental+patients,,,Verify current patient-facing dental service for this exact profile and address; a shared domain alone is not a decision.
232,profile:LA_CA_L:google:cid:8725559073317735762,LA_CA_L,google:cid:8725559073317735762,Denture Care Services,"4686 Woodside Dr Apt 201, Los Angeles, CA 90065",business_listings,Denture care center,needs_category_review,unreviewed_or_conflicting_category_evidence,exclude_non_dentist_category|include_dental_provider,,,,,,eligibility_group:fe4a0b2a99a6e2f0,unknown,,Denture care center,,,,,external_evidence_required,category and title evidence do not support a safe batch suggestion,False,+1626-263-8528,,,1.0,34.1002051,-118.204388,False,https://www.google.com/maps?cid=8725559073317735762,google_profile_only,,eligibility_review_block:4ff6d04b5a110b97,singleton_profile,"Fill this row only when it is an exception to a reviewed group decision, or when its group is marked individual_review.",1,phone_and_profile_singleton,3,"""Denture Care Services"" ""4686 Woodside Dr Apt 201, Los Angeles, CA 90065"" ""+1626-263-8528"" dentist dental patients",https://www.google.com/search?q=%22Denture+Care+Services%22+%224686+Woodside+Dr+Apt+201%2C+Los+Angeles%2C+CA+90065%22+%22%2B1626-263-8528%22+dentist+dental+patients,,,Verify current patient-facing dental service for this exact profile and address; a shared domain alone is not a decision.
233,profile:LA_CA_L:google:cid:5006005254849634573,LA_CA_L,google:cid:5006005254849634573,Dr. Martin Galstyan,"813 Fair Oaks Ave, South Pasadena, CA 91030",business_listings,Medical clinic,needs_category_review,unreviewed_or_conflicting_category_evidence,exclude_non_dentist_category|include_dental_provider,,,,,,eligibility_group:504917ff371eb69d,manual_review,Medical clinic: Category alone does not establish whether dental care is provided,,,,,,external_evidence_required,category and title evidence do not support a safe batch suggestion,False,+1626-593-0053,,,1.0,34.1163384,-118.150714,False,https://www.google.com/maps?cid=5006005254849634573,google_profile_only,,eligibility_review_block:15c0309c3c9fc3b9,singleton_profile,"Fill this row only when it is an exception to a reviewed group decision, or when its group is marked individual_review.",1,phone_and_profile_singleton,3,"""Dr. Martin Galstyan"" ""813 Fair Oaks Ave, South Pasadena, CA 91030"" ""+1626-593-0053"" dentist dental patients",https://www.google.com/search?q=%22Dr.+Martin+Galstyan%22+%22813+Fair+Oaks+Ave%2C+South+Pasadena%2C+CA+91030%22+%22%2B1626-593-0053%22+dentist+dental+patients,,,Verify current patient-facing dental service for this exact profile and address; a shared domain alone is not a decision.
234,profile:LA_CA_L:google:cid:2649598478930240656,LA_CA_L,google:cid:2649598478930240656,Dr. Ruben Baghdassarian,"2888 Long Beach Blvd #265, Long Beach, CA 90806",business_listings,Urologist,needs_category_review,unreviewed_or_conflicting_category_evidence,exclude_non_dentist_category|include_dental_provider,,,,,,eligibility_group:f78d395ec472858a,unknown,,Urologist,,,,,external_evidence_required,category and title evidence do not support a safe batch suggestion,False,+1562-598-6166,,,,33.8096693,-118.1889925,False,https://www.google.com/maps?cid=2649598478930240656,google_profile_only,,eligibility_review_block:c013c3dc307ae282,singleton_profile,"Fill this row only when it is an exception to a reviewed group decision, or when its group is marked individual_review.",1,phone_and_profile_singleton,3,"""Dr. Ruben Baghdassarian"" ""2888 Long Beach Blvd #265, Long Beach, CA 90806"" ""+1562-598-6166"" dentist dental patients",https://www.google.com/search?q=%22Dr.+Ruben+Baghdassarian%22+%222888+Long+Beach+Blvd+%23265%2C+Long+Beach%2C+CA+90806%22+%22%2B1562-598-6166%22+dentist+dental+patients,,,Verify current patient-facing dental service for this exact profile and address; a shared domain alone is not a decision.
235,profile:LA_CA_L:google:cid:4180294560927685777,LA_CA_L,google:cid:4180294560927685777,Foster Mall,"13408 Woodruff Ave, Bellflower, CA 90706",business_listings,Shopping mall,needs_category_review,unreviewed_or_conflicting_category_evidence,exclude_non_dentist_category|include_dental_provider,,,,,,eligibility_group:a610b283ab567286,unknown,,Shopping mall,,,,,external_evidence_required,category and title evidence do not support a safe batch suggestion,False,+1626-802-5595,,,,33.9091494,-118.1163364,False,https://www.google.com/maps?cid=4180294560927685777,google_profile_only,,eligibility_review_block:932b150e4e68c68d,singleton_profile,"Fill this row only when it is an exception to a reviewed group decision, or when its group is marked individual_review.",1,phone_and_profile_singleton,3,"""Foster Mall"" ""13408 Woodruff Ave, Bellflower, CA 90706"" ""+1626-802-5595"" dentist dental patients",https://www.google.com/search?q=%22Foster+Mall%22+%2213408+Woodruff+Ave%2C+Bellflower%2C+CA+90706%22+%22%2B1626-802-5595%22+dentist+dental+patients,,,Verify current patient-facing dental service for this exact profile and address; a shared domain alone is not a decision.
236,profile:LA_CA_L:google:cid:7491525317975939457,LA_CA_L,google:cid:7491525317975939457,Jeffrey Ashraf Hammoudeh,"1510 San Pablo St, Los Angeles, CA 90033",business_listings,Plastic surgeon,needs_category_review,unreviewed_or_conflicting_category_evidence,exclude_non_dentist_category|include_dental_provider,,,,,,eligibility_group:ad9d7cea6cadeae3,unknown,,Plastic surgeon,,,,,external_evidence_required,category and title evidence do not support a safe batch suggestion,False,+1323-442-5908,,,,34.0623826,-118.2019939,False,https://www.google.com/maps?cid=7491525317975939457,google_profile_only,,eligibility_review_block:e1af862ce0923dd2,singleton_profile,"Fill this row only when it is an exception to a reviewed group decision, or when its group is marked individual_review.",1,phone_and_profile_singleton,3,"""Jeffrey Ashraf Hammoudeh"" ""1510 San Pablo St, Los Angeles, CA 90033"" ""+1323-442-5908"" dentist dental patients",https://www.google.com/search?q=%22Jeffrey+Ashraf+Hammoudeh%22+%221510+San+Pablo+St%2C+Los+Angeles%2C+CA+90033%22+%22%2B1323-442-5908%22+dentist+dental+patients,,,Verify current patient-facing dental service for this exact profile and address; a shared domain alone is not a decision.
237,profile:LA_CA_L:google:cid:706109540966761708,LA_CA_L,google:cid:706109540966761708,"Mark M. Urata, MD","4650 Sunset Blvd, Los Angeles, CA 90027",business_listings,Plastic surgeon,needs_category_review,unreviewed_or_conflicting_category_evidence,exclude_non_dentist_category|include_dental_provider,,,,,,eligibility_group:ad9d7cea6cadeae3,unknown,,Plastic surgeon,,,,,external_evidence_required,category and title evidence do not support a safe batch suggestion,False,+1323-361-2154,,,,34.097772299999995,-118.2898676,False,https://www.google.com/maps?cid=706109540966761708,google_profile_only,,eligibility_review_block:cb98f9a6be846e47,singleton_profile,"Fill this row only when it is an exception to a reviewed group decision, or when its group is marked individual_review.",1,phone_and_profile_singleton,3,"""Mark M. Urata, MD"" ""4650 Sunset Blvd, Los Angeles, CA 90027"" ""+1323-361-2154"" dentist dental patients",https://www.google.com/search?q=%22Mark+M.+Urata%2C+MD%22+%224650+Sunset+Blvd%2C+Los+Angeles%2C+CA+90027%22+%22%2B1323-361-2154%22+dentist+dental+patients,,,Verify current patient-facing dental service for this exact profile and address; a shared domain alone is not a decision.
238,profile:LA_CA_L:google:cid:11349239648908701467,LA_CA_L,google:cid:11349239648908701467,Mr. John Whitley,"10436 Sepulveda Blvd, Mission Hills, CA 91345",business_listings,Medical clinic,needs_category_review,unreviewed_or_conflicting_category_evidence,exclude_non_dentist_category|include_dental_provider,,,,,,eligibility_group:504917ff371eb69d,manual_review,Medical clinic: Category alone does not establish whether dental care is provided,,,,,,external_evidence_required,category and title evidence do not support a safe batch suggestion,False,+1562-445-4267,,,,34.2607409,-118.4667104,False,https://www.google.com/maps?cid=11349239648908701467,google_profile_only,,eligibility_review_block:69918f93543f1e20,singleton_profile,"Fill this row only when it is an exception to a reviewed group decision, or when its group is marked individual_review.",1,phone_and_profile_singleton,3,"""Mr. John Whitley"" ""10436 Sepulveda Blvd, Mission Hills, CA 91345"" ""+1562-445-4267"" dentist dental patients",https://www.google.com/search?q=%22Mr.+John+Whitley%22+%2210436+Sepulveda+Blvd%2C+Mission+Hills%2C+CA+91345%22+%22%2B1562-445-4267%22+dentist+dental+patients,,,Verify current patient-facing dental service for this exact profile and address; a shared domain alone is not a decision.
239,profile:LA_CA_L:google:cid:9661089799132322437,LA_CA_L,google:cid:9661089799132322437,Mundrugstore,"6333 W 3rd St, Los Angeles, CA 90036",business_listings,Alternative medicine practitioner,needs_category_review,unreviewed_or_conflicting_category_evidence,exclude_non_dentist_category|include_dental_provider,,,,,,eligibility_group:b5ae80e5ad7cea6d,unknown,,Alternative medicine practitioner,,,,,external_evidence_required,category and title evidence do not support a safe batch suggestion,False,+1561-285-2397,,,6.0,34.0721124,-118.360326,False,https://www.google.com/maps?cid=9661089799132322437,google_profile_only,,eligibility_review_block:89b8b4dabb24bec0,singleton_profile,"Fill this row only when it is an exception to a reviewed group decision, or when its group is marked individual_review.",1,phone_and_profile_singleton,3,"""Mundrugstore"" ""6333 W 3rd St, Los Angeles, CA 90036"" ""+1561-285-2397"" dentist dental patients",https://www.google.com/search?q=%22Mundrugstore%22+%226333+W+3rd+St%2C+Los+Angeles%2C+CA+90036%22+%22%2B1561-285-2397%22+dentist+dental+patients,,,Verify current patient-facing dental service for this exact profile and address; a shared domain alone is not a decision.
240,profile:LA_CA_L:google:cid:11990484528381377309,LA_CA_L,google:cid:11990484528381377309,"Pearlman D Hicks, Jr, MD","2360 Long Beach Blvd, Long Beach, CA 90806",business_listings,Plastic surgeon,needs_category_review,unreviewed_or_conflicting_category_evidence,exclude_non_dentist_category|include_dental_provider,,,,,,eligibility_group:ad9d7cea6cadeae3,unknown,,Plastic surgeon,,,,,external_evidence_required,category and title evidence do not support a safe batch suggestion,False,+1562-595-9493,,,10.0,33.8001206,-118.1889094,False,https://www.google.com/maps?cid=11990484528381377309,google_profile_only,,eligibility_review_block:076620a60702bd7f,singleton_profile,"Fill this row only when it is an exception to a reviewed group decision, or when its group is marked individual_review.",1,phone_and_profile_singleton,3,"""Pearlman D Hicks, Jr, MD"" ""2360 Long Beach Blvd, Long Beach, CA 90806"" ""+1562-595-9493"" dentist dental patients",https://www.google.com/search?q=%22Pearlman+D+Hicks%2C+Jr%2C+MD%22+%222360+Long+Beach+Blvd%2C+Long+Beach%2C+CA+90806%22+%22%2B1562-595-9493%22+dentist+dental+patients,,,Verify current patient-facing dental service for this exact profile and address; a shared domain alone is not a decision.
241,profile:LA_CA_L:google:cid:8019442712982059650,LA_CA_L,google:cid:8019442712982059650,Primary Denture Repair and Implants,"15234 Crenshaw Blvd, Gardena, CA 90249",business_listings,Denture care center,needs_category_review,unreviewed_or_conflicting_category_evidence,exclude_non_dentist_category|include_dental_provider,,,,,,eligibility_group:fe4a0b2a99a6e2f0,unknown,,Denture care center,,,,,external_evidence_required,category and title evidence do not support a safe batch suggestion,False,+1424-610-9061,,,,33.8927981,-118.3263652,False,https://www.google.com/maps?cid=8019442712982059650,google_profile_only,,eligibility_review_block:3f2c09d94c4caf37,singleton_profile,"Fill this row only when it is an exception to a reviewed group decision, or when its group is marked individual_review.",1,phone_and_profile_singleton,3,"""Primary Denture Repair and Implants"" ""15234 Crenshaw Blvd, Gardena, CA 90249"" ""+1424-610-9061"" dentist dental patients",https://www.google.com/search?q=%22Primary+Denture+Repair+and+Implants%22+%2215234+Crenshaw+Blvd%2C+Gardena%2C+CA+90249%22+%22%2B1424-610-9061%22+dentist+dental+patients,,,Verify current patient-facing dental service for this exact profile and address; a shared domain alone is not a decision.
242,profile:LA_CA_L:google:cid:15466958758423106428,LA_CA_L,google:cid:15466958758423106428,Sleep Apnea Sherman Oaks,"4521 Sherman Oaks Ave Ste 201, Sherman Oaks, CA 91403",business_listings,Sleep clinic,needs_category_review,unreviewed_or_conflicting_category_evidence,exclude_non_dentist_category|include_dental_provider,,,,,,eligibility_group:d73fe04c4858867b,unknown,,Sleep clinic,,,,,external_evidence_required,category and title evidence do not support a safe batch suggestion,False,+1323-287-9569,,,,34.1530185,-118.4696263,False,https://www.google.com/maps?cid=15466958758423106428,google_profile_only,,eligibility_review_block:ced90942ddaf0cf2,singleton_profile,"Fill this row only when it is an exception to a reviewed group decision, or when its group is marked individual_review.",1,phone_and_profile_singleton,3,"""Sleep Apnea Sherman Oaks"" ""4521 Sherman Oaks Ave Ste 201, Sherman Oaks, CA 91403"" ""+1323-287-9569"" dentist dental patients",https://www.google.com/search?q=%22Sleep+Apnea+Sherman+Oaks%22+%224521+Sherman+Oaks+Ave+Ste+201%2C+Sherman+Oaks%2C+CA+91403%22+%22%2B1323-287-9569%22+dentist+dental+patients,,,Verify current patient-facing dental service for this exact profile and address; a shared domain alone is not a decision.
243,profile:LA_CA_L:google:cid:7827430601838141701,LA_CA_L,google:cid:7827430601838141701,Studer Performance Art,"4135 Laurel Canyon Blvd, Studio City, CA 91604",business_listings,Music instruction,needs_category_review,unreviewed_or_conflicting_category_evidence,exclude_non_dentist_category|include_dental_provider,,,,,,eligibility_group:d4d460f80a65be63,unknown,,Music instruction,,,,,external_evidence_required,category and title evidence do not support a safe batch suggestion,False,+1818-284-2468,,,,34.1463103,-118.3968197,False,https://www.google.com/maps?cid=7827430601838141701,google_profile_only,,eligibility_review_block:536e252326dc6742,singleton_profile,"Fill this row only when it is an exception to a reviewed group decision, or when its group is marked individual_review.",1,phone_and_profile_singleton,3,"""Studer Performance Art"" ""4135 Laurel Canyon Blvd, Studio City, CA 91604"" ""+1818-284-2468"" dentist dental patients",https://www.google.com/search?q=%22Studer+Performance+Art%22+%224135+Laurel+Canyon+Blvd%2C+Studio+City%2C+CA+91604%22+%22%2B1818-284-2468%22+dentist+dental+patients,,,Verify current patient-facing dental service for this exact profile and address; a shared domain alone is not a decision.
244,profile:LA_CA_L:google:cid:9861830449886396311,LA_CA_L,google:cid:9861830449886396311,TelerainMD-Online Doctor Consultation,"19360 Rinaldi St #375, Porter Ranch, CA 91326",business_listings,Home health care service,needs_category_review,unreviewed_or_conflicting_category_evidence,exclude_non_dentist_category|include_dental_provider,,,,,,eligibility_group:3fb50d6253134f7d,unknown,,Home health care service,,,,,external_evidence_required,category and title evidence do not support a safe batch suggestion,False,+1858-437-5812,,,625.0,34.273585,-118.554954,False,https://www.google.com/maps?cid=9861830449886396311,google_profile_only,,eligibility_review_block:470d90260693674d,singleton_profile,"Fill this row only when it is an exception to a reviewed group decision, or when its group is marked individual_review.",1,phone_and_profile_singleton,3,"""TelerainMD-Online Doctor Consultation"" ""19360 Rinaldi St #375, Porter Ranch, CA 91326"" ""+1858-437-5812"" dentist dental patients",https://www.google.com/search?q=%22TelerainMD-Online+Doctor+Consultation%22+%2219360+Rinaldi+St+%23375%2C+Porter+Ranch%2C+CA+91326%22+%22%2B1858-437-5812%22+dentist+dental+patients,,,Verify current patient-facing dental service for this exact profile and address; a shared domain alone is not a decision.
245,profile:LA_CA_L:google:cid:15840384001208137121,LA_CA_L,google:cid:15840384001208137121,The Allergy Eliminator,"1306 W Glenoaks Blvd, Glendale, CA 91201",business_listings,Medical clinic,needs_category_review,unreviewed_or_conflicting_category_evidence,exclude_non_dentist_category|include_dental_provider,,,,,,eligibility_group:504917ff371eb69d,manual_review,Medical clinic: Category alone does not establish whether dental care is provided,,,,,,external_evidence_required,category and title evidence do not support a safe batch suggestion,False,+1818-247-4766,,,,34.1661228,-118.2833812,False,https://www.google.com/maps?cid=15840384001208137121,google_profile_only,,eligibility_review_block:3f21e0a4570e8447,singleton_profile,"Fill this row only when it is an exception to a reviewed group decision, or when its group is marked individual_review.",1,phone_and_profile_singleton,3,"""The Allergy Eliminator"" ""1306 W Glenoaks Blvd, Glendale, CA 91201"" ""+1818-247-4766"" dentist dental patients",https://www.google.com/search?q=%22The+Allergy+Eliminator%22+%221306+W+Glenoaks+Blvd%2C+Glendale%2C+CA+91201%22+%22%2B1818-247-4766%22+dentist+dental+patients,,,Verify current patient-facing dental service for this exact profile and address; a shared domain alone is not a decision.
246,profile:LA_CA_L:google:cid:8776957313786257906,LA_CA_L,google:cid:8776957313786257906,U Snore No More Treatment Center,"25856 Hemingway Ave, Stevenson Ranch, CA 91381",business_listings,Medical clinic,needs_category_review,unreviewed_or_conflicting_category_evidence,exclude_non_dentist_category|include_dental_provider,,,,,,eligibility_group:504917ff371eb69d,manual_review,Medical clinic: Category alone does not establish whether dental care is provided,,,,,,external_evidence_required,category and title evidence do not support a safe batch suggestion,False,+1818-205-1122,,,,34.3871819,-118.5817083,False,https://www.google.com/maps?cid=8776957313786257906,google_profile_only,,eligibility_review_block:2002a0bcb3a5a556,singleton_profile,"Fill this row only when it is an exception to a reviewed group decision, or when its group is marked individual_review.",1,phone_and_profile_singleton,3,"""U Snore No More Treatment Center"" ""25856 Hemingway Ave, Stevenson Ranch, CA 91381"" ""+1818-205-1122"" dentist dental patients",https://www.google.com/search?q=%22U+Snore+No+More+Treatment+Center%22+%2225856+Hemingway+Ave%2C+Stevenson+Ranch%2C+CA+91381%22+%22%2B1818-205-1122%22+dentist+dental+patients,,,Verify current patient-facing dental service for this exact profile and address; a shared domain alone is not a decision.
247,profile:LA_CA_L:google:cid:3964067785989222189,LA_CA_L,google:cid:3964067785989222189,Workforce Resource & Management Group,"5150 CA-1, Long Beach, CA 90804",business_listings,Consultant,needs_category_review,unreviewed_or_conflicting_category_evidence,exclude_non_dentist_category|include_dental_provider,,,,,,eligibility_group:33f2d6fdc924912e,unknown,,Consultant,,,,,external_evidence_required,category and title evidence do not support a safe batch suggestion,False,+1562-497-0861,,,,33.7829014,-118.1336177,False,https://www.google.com/maps?cid=3964067785989222189,google_profile_only,,eligibility_review_block:52fd2bfc8c173032,singleton_profile,"Fill this row only when it is an exception to a reviewed group decision, or when its group is marked individual_review.",1,phone_and_profile_singleton,3,"""Workforce Resource & Management Group"" ""5150 CA-1, Long Beach, CA 90804"" ""+1562-497-0861"" dentist dental patients",https://www.google.com/search?q=%22Workforce+Resource+%26+Management+Group%22+%225150+CA-1%2C+Long+Beach%2C+CA+90804%22+%22%2B1562-497-0861%22+dentist+dental+patients,,,Verify current patient-facing dental service for this exact profile and address; a shared domain alone is not a decision.
248,profile:LA_CA_L:google:cid:5546745703059237379,LA_CA_L,google:cid:5546745703059237379,Yang Bao Bin MD,"149 N 6th St, Montebello, CA 90640",business_listings,Cardiologist,needs_category_review,unreviewed_or_conflicting_category_evidence,exclude_non_dentist_category|include_dental_provider,,,,,,eligibility_group:87792a8b95e277fa,unknown,,Cardiologist,,,,,external_evidence_required,category and title evidence do not support a safe batch suggestion,False,+1323-721-5121,,,1.0,34.011382,-118.1057774,False,https://www.google.com/maps?cid=5546745703059237379,google_profile_only,,eligibility_review_block:0afc4d33c90a61aa,singleton_profile,"Fill this row only when it is an exception to a reviewed group decision, or when its group is marked individual_review.",1,phone_and_profile_singleton,3,"""Yang Bao Bin MD"" ""149 N 6th St, Montebello, CA 90640"" ""+1323-721-5121"" dentist dental patients",https://www.google.com/search?q=%22Yang+Bao+Bin+MD%22+%22149+N+6th+St%2C+Montebello%2C+CA+90640%22+%22%2B1323-721-5121%22+dentist+dental+patients,,,Verify current patient-facing dental service for this exact profile and address; a shared domain alone is not a decision.
249,profile:Macon_GA_M:google:cid:4691704608957327781,Macon_GA_M,google:cid:4691704608957327781,Jasmine Edwards,"205 Tom Hill Sr Blvd Ste B, Macon, GA 31210",business_listings|maps_core,Medical clinic,needs_category_review,unreviewed_or_conflicting_category_evidence,exclude_non_dentist_category|include_dental_provider,,,,,,eligibility_group:504917ff371eb69d,manual_review,Medical clinic: Category alone does not establish whether dental care is provided,,,,,,external_evidence_required,category and title evidence do not support a safe batch suggestion,False,+1478-654-3111,,,,32.8968819,-83.6875106,False,https://www.google.com/maps?cid=4691704608957327781,google_profile_only,,eligibility_review_block:572d91b4219ccbc8,singleton_profile,"Fill this row only when it is an exception to a reviewed group decision, or when its group is marked individual_review.",1,phone_and_profile_singleton,3,"""Jasmine Edwards"" ""205 Tom Hill Sr Blvd Ste B, Macon, GA 31210"" ""+1478-654-3111"" dentist dental patients",https://www.google.com/search?q=%22Jasmine+Edwards%22+%22205+Tom+Hill+Sr+Blvd+Ste+B%2C+Macon%2C+GA+31210%22+%22%2B1478-654-3111%22+dentist+dental+patients,,,Verify current patient-facing dental service for this exact profile and address; a shared domain alone is not a decision.
250,profile:NYC_NY_L:google:cid:1196111142762645885,NYC_NY_L,google:cid:1196111142762645885,3D Imaging Inc,"1560 Broadway, New York, NY 10036",business_listings,Medical diagnostic imaging center,needs_category_review,unreviewed_or_conflicting_category_evidence,exclude_non_dentist_category|include_dental_provider,,,,,,eligibility_group:65504865b22162bd,unknown,,Medical diagnostic imaging center,,,,,external_evidence_required,category and title evidence do not support a safe batch suggestion,False,+1212-354-6444,,,6.0,40.7585723,-73.98455729999999,False,https://www.google.com/maps?cid=1196111142762645885,google_profile_only,,eligibility_review_block:a5567b94b567a125,singleton_profile,"Fill this row only when it is an exception to a reviewed group decision, or when its group is marked individual_review.",1,phone_and_profile_singleton,3,"""3D Imaging Inc"" ""1560 Broadway, New York, NY 10036"" ""+1212-354-6444"" dentist dental patients",https://www.google.com/search?q=%223D+Imaging+Inc%22+%221560+Broadway%2C+New+York%2C+NY+10036%22+%22%2B1212-354-6444%22+dentist+dental+patients,,,Verify current patient-facing dental service for this exact profile and address; a shared domain alone is not a decision.
251,profile:NYC_NY_L:google:cid:15322627160932991390,NYC_NY_L,google:cid:15322627160932991390,AV Sleep Company,"635 Madison Ave Fl 19, New York, NY 10022",business_listings,Sleep clinic,needs_category_review,unreviewed_or_conflicting_category_evidence,exclude_non_dentist_category|include_dental_provider,,,,,,eligibility_group:d73fe04c4858867b,unknown,,Sleep clinic,,,,,external_evidence_required,category and title evidence do not support a safe batch suggestion,False,+1631-352-0856,,,,40.7636668,-73.9709945,False,https://www.google.com/maps?cid=15322627160932991390,google_profile_only,,eligibility_review_block:e845dea1783fca37,singleton_profile,"Fill this row only when it is an exception to a reviewed group decision, or when its group is marked individual_review.",1,phone_and_profile_singleton,3,"""AV Sleep Company"" ""635 Madison Ave Fl 19, New York, NY 10022"" ""+1631-352-0856"" dentist dental patients",https://www.google.com/search?q=%22AV+Sleep+Company%22+%22635+Madison+Ave+Fl+19%2C+New+York%2C+NY+10022%22+%22%2B1631-352-0856%22+dentist+dental+patients,,,Verify current patient-facing dental service for this exact profile and address; a shared domain alone is not a decision.
252,profile:NYC_NY_L:google:cid:36045056295983553,NYC_NY_L,google:cid:36045056295983553,Akpinar Bill B,"61-10 Marathon Pkwy, Flushing, NY 11362",business_listings,Acupuncturist,needs_category_review,unreviewed_or_conflicting_category_evidence,exclude_non_dentist_category|include_dental_provider,,,,,,eligibility_group:109ca635159bfcf9,unknown,,Acupuncturist,,,,,external_evidence_required,category and title evidence do not support a safe batch suggestion,False,+1718-428-2780,,,14.0,40.7566135,-73.7297387,False,https://www.google.com/maps?cid=36045056295983553,google_profile_only,,eligibility_review_block:42983d00b3e73cf7,singleton_profile,"Fill this row only when it is an exception to a reviewed group decision, or when its group is marked individual_review.",1,phone_and_profile_singleton,3,"""Akpinar Bill B"" ""61-10 Marathon Pkwy, Flushing, NY 11362"" ""+1718-428-2780"" dentist dental patients",https://www.google.com/search?q=%22Akpinar+Bill+B%22+%2261-10+Marathon+Pkwy%2C+Flushing%2C+NY+11362%22+%22%2B1718-428-2780%22+dentist+dental+patients,,,Verify current patient-facing dental service for this exact profile and address; a shared domain alone is not a decision.
253,profile:NYC_NY_L:google:cid:8627939193481494640,NYC_NY_L,google:cid:8627939193481494640,Art Investment Consultancy,"851 5th Ave, New York, NY 10065",business_listings,Art gallery,needs_category_review,unreviewed_or_conflicting_category_evidence,exclude_non_dentist_category|include_dental_provider,,,,,,eligibility_group:2828f45881a41726,unknown,,Art gallery,,,,,external_evidence_required,category and title evidence do not support a safe batch suggestion,False,+1212-734-0000,,,1.0,40.7687487,-73.96949049999999,False,https://www.google.com/maps?cid=8627939193481494640,google_profile_only,,eligibility_review_block:c0f721ea7ea7da6f,singleton_profile,"Fill this row only when it is an exception to a reviewed group decision, or when its group is marked individual_review.",1,phone_and_profile_singleton,3,"""Art Investment Consultancy"" ""851 5th Ave, New York, NY 10065"" ""+1212-734-0000"" dentist dental patients",https://www.google.com/search?q=%22Art+Investment+Consultancy%22+%22851+5th+Ave%2C+New+York%2C+NY+10065%22+%22%2B1212-734-0000%22+dentist+dental+patients,,,Verify current patient-facing dental service for this exact profile and address; a shared domain alone is not a decision.
254,profile:NYC_NY_L:google:cid:6263446382272302887,NYC_NY_L,google:cid:6263446382272302887,Brooklyn Medcare,"445 Kings Hwy Fl 2, Brooklyn, NY 11223",business_listings,Medical Center,needs_category_review,unreviewed_or_conflicting_category_evidence,exclude_non_dentist_category|include_dental_provider,,,,,,eligibility_group:b070ffeb7e138d00,manual_review,Medical Center: Category alone does not establish whether dental care is provided,,,,,,external_evidence_required,category and title evidence do not support a safe batch suggestion,False,+1718-645-0300,,,10.0,40.604622,-73.973599,False,https://www.google.com/maps?cid=6263446382272302887,google_profile_only,,eligibility_review_block:f4c2797be5d8fc40,singleton_profile,"Fill this row only when it is an exception to a reviewed group decision, or when its group is marked individual_review.",1,phone_and_profile_singleton,3,"""Brooklyn Medcare"" ""445 Kings Hwy Fl 2, Brooklyn, NY 11223"" ""+1718-645-0300"" dentist dental patients",https://www.google.com/search?q=%22Brooklyn+Medcare%22+%22445+Kings+Hwy+Fl+2%2C+Brooklyn%2C+NY+11223%22+%22%2B1718-645-0300%22+dentist+dental+patients,,,Verify current patient-facing dental service for this exact profile and address; a shared domain alone is not a decision.
255,profile:NYC_NY_L:google:cid:3053711292195176961,NYC_NY_L,google:cid:3053711292195176961,"Deborah M. Swiderski, MD","111 E 210th St, Bronx, NY 10467",business_listings,Internist,needs_category_review,unreviewed_or_conflicting_category_evidence,exclude_non_dentist_category|include_dental_provider,,,,,,eligibility_group:190ff23a6596779d,unknown,,Internist,,,,,external_evidence_required,category and title evidence do not support a safe batch suggestion,False,+1718-920-5521,,,,40.8799679,-73.8798813,False,https://www.google.com/maps?cid=3053711292195176961,google_profile_only,,eligibility_review_block:c63ebf933de2b9bd,singleton_profile,"Fill this row only when it is an exception to a reviewed group decision, or when its group is marked individual_review.",1,phone_and_profile_singleton,3,"""Deborah M. Swiderski, MD"" ""111 E 210th St, Bronx, NY 10467"" ""+1718-920-5521"" dentist dental patients",https://www.google.com/search?q=%22Deborah+M.+Swiderski%2C+MD%22+%22111+E+210th+St%2C+Bronx%2C+NY+10467%22+%22%2B1718-920-5521%22+dentist+dental+patients,,,Verify current patient-facing dental service for this exact profile and address; a shared domain alone is not a decision.
256,profile:NYC_NY_L:google:cid:8516860510085333250,NYC_NY_L,google:cid:8516860510085333250,Dr. Caroline Nup,"2 Allen St, New York, NY 10002",business_listings,Medical clinic,needs_category_review,unreviewed_or_conflicting_category_evidence,exclude_non_dentist_category|include_dental_provider,,,,,,eligibility_group:504917ff371eb69d,manual_review,Medical clinic: Category alone does not establish whether dental care is provided,,,,,,external_evidence_required,category and title evidence do not support a safe batch suggestion,False,+1212-226-3250,,,3.0,40.7145952,-73.9922313,False,https://www.google.com/maps?cid=8516860510085333250,google_profile_only,,eligibility_review_block:fc0f10fd44195313,singleton_profile,"Fill this row only when it is an exception to a reviewed group decision, or when its group is marked individual_review.",1,phone_and_profile_singleton,3,"""Dr. Caroline Nup"" ""2 Allen St, New York, NY 10002"" ""+1212-226-3250"" dentist dental patients",https://www.google.com/search?q=%22Dr.+Caroline+Nup%22+%222+Allen+St%2C+New+York%2C+NY+10002%22+%22%2B1212-226-3250%22+dentist+dental+patients,,,Verify current patient-facing dental service for this exact profile and address; a shared domain alone is not a decision.
257,profile:NYC_NY_L:google:cid:9953255016073954045,NYC_NY_L,google:cid:9953255016073954045,Dr. Frank Lo,"80 Broad St, New York, NY 10004",business_listings,Physical therapist,needs_category_review,unreviewed_or_conflicting_category_evidence,exclude_non_dentist_category|include_dental_provider,,,,,,eligibility_group:c40b38a9a09eff2c,unknown,,Physical therapist,,,,,external_evidence_required,category and title evidence do not support a safe batch suggestion,False,+1212-493-4999,,,1.0,40.7043392,-74.0117909,False,https://www.google.com/maps?cid=9953255016073954045,google_profile_only,,eligibility_review_block:c0f6f340fed7ebb3,singleton_profile,"Fill this row only when it is an exception to a reviewed group decision, or when its group is marked individual_review.",1,phone_and_profile_singleton,3,"""Dr. Frank Lo"" ""80 Broad St, New York, NY 10004"" ""+1212-493-4999"" dentist dental patients",https://www.google.com/search?q=%22Dr.+Frank+Lo%22+%2280+Broad+St%2C+New+York%2C+NY+10004%22+%22%2B1212-493-4999%22+dentist+dental+patients,,,Verify current patient-facing dental service for this exact profile and address; a shared domain alone is not a decision.
258,profile:NYC_NY_L:google:cid:12624793362500748108,NYC_NY_L,google:cid:12624793362500748108,Dr. Luzmarina Coffey,"220 13th St, Brooklyn, NY 11215",business_listings,Medical clinic,needs_category_review,unreviewed_or_conflicting_category_evidence,exclude_non_dentist_category|include_dental_provider,,,,,,eligibility_group:504917ff371eb69d,manual_review,Medical clinic: Category alone does not establish whether dental care is provided,,,,,,external_evidence_required,category and title evidence do not support a safe batch suggestion,False,+1718-832-5980,,,,40.6674033,-73.99021119999999,False,https://www.google.com/maps?cid=12624793362500748108,google_profile_only,,eligibility_review_block:5378e85b3823826e,singleton_profile,"Fill this row only when it is an exception to a reviewed group decision, or when its group is marked individual_review.",1,phone_and_profile_singleton,3,"""Dr. Luzmarina Coffey"" ""220 13th St, Brooklyn, NY 11215"" ""+1718-832-5980"" dentist dental patients",https://www.google.com/search?q=%22Dr.+Luzmarina+Coffey%22+%22220+13th+St%2C+Brooklyn%2C+NY+11215%22+%22%2B1718-832-5980%22+dentist+dental+patients,,,Verify current patient-facing dental service for this exact profile and address; a shared domain alone is not a decision.
259,profile:NYC_NY_L:google:cid:15164199505872784181,NYC_NY_L,google:cid:15164199505872784181,Dr. Michael Devito,"6 E 45th St Rm 1200, New York, NY 10017",business_listings,Medical clinic,needs_category_review,unreviewed_or_conflicting_category_evidence,exclude_non_dentist_category|include_dental_provider,,,,,,eligibility_group:504917ff371eb69d,manual_review,Medical clinic: Category alone does not establish whether dental care is provided,,,,,,external_evidence_required,category and title evidence do not support a safe batch suggestion,False,+1212-302-4132,,,1.0,40.7548711,-73.9789103,False,https://www.google.com/maps?cid=15164199505872784181,google_profile_only,,eligibility_review_block:11411dee260641f8,singleton_profile,"Fill this row only when it is an exception to a reviewed group decision, or when its group is marked individual_review.",1,phone_and_profile_singleton,3,"""Dr. Michael Devito"" ""6 E 45th St Rm 1200, New York, NY 10017"" ""+1212-302-4132"" dentist dental patients",https://www.google.com/search?q=%22Dr.+Michael+Devito%22+%226+E+45th+St+Rm+1200%2C+New+York%2C+NY+10017%22+%22%2B1212-302-4132%22+dentist+dental+patients,,,Verify current patient-facing dental service for this exact profile and address; a shared domain alone is not a decision.
260,profile:NYC_NY_L:google:cid:15310307393337248434,NYC_NY_L,google:cid:15310307393337248434,Dr. Michael Yeung,"217 Grand St #801, New York, NY 10013",business_listings,Medical clinic,needs_category_review,unreviewed_or_conflicting_category_evidence,exclude_non_dentist_category|include_dental_provider,,,,,,eligibility_group:504917ff371eb69d,manual_review,Medical clinic: Category alone does not establish whether dental care is provided,,,,,,external_evidence_required,category and title evidence do not support a safe batch suggestion,False,+1212-680-0573,,,,40.7186792,-73.9961107,False,https://www.google.com/maps?cid=15310307393337248434,google_profile_only,,eligibility_review_block:9c5051e5fa7e4f07,singleton_profile,"Fill this row only when it is an exception to a reviewed group decision, or when its group is marked individual_review.",1,phone_and_profile_singleton,3,"""Dr. Michael Yeung"" ""217 Grand St #801, New York, NY 10013"" ""+1212-680-0573"" dentist dental patients",https://www.google.com/search?q=%22Dr.+Michael+Yeung%22+%22217+Grand+St+%23801%2C+New+York%2C+NY+10013%22+%22%2B1212-680-0573%22+dentist+dental+patients,,,Verify current patient-facing dental service for this exact profile and address; a shared domain alone is not a decision.
261,profile:NYC_NY_L:google:cid:6451845079583961423,NYC_NY_L,google:cid:6451845079583961423,Dr. Opal Goodridge,"462 1st Ave, New York, NY 10016",business_listings,Medical clinic,needs_category_review,unreviewed_or_conflicting_category_evidence,exclude_non_dentist_category|include_dental_provider,,,,,,eligibility_group:504917ff371eb69d,manual_review,Medical clinic: Category alone does not establish whether dental care is provided,,,,,,external_evidence_required,category and title evidence do not support a safe batch suggestion,False,+1212-562-8780,,,,40.7396865,-73.9762044,False,https://www.google.com/maps?cid=6451845079583961423,google_profile_only,,eligibility_review_block:9b6841e82e39baad,singleton_profile,"Fill this row only when it is an exception to a reviewed group decision, or when its group is marked individual_review.",1,phone_and_profile_singleton,3,"""Dr. Opal Goodridge"" ""462 1st Ave, New York, NY 10016"" ""+1212-562-8780"" dentist dental patients",https://www.google.com/search?q=%22Dr.+Opal+Goodridge%22+%22462+1st+Ave%2C+New+York%2C+NY+10016%22+%22%2B1212-562-8780%22+dentist+dental+patients,,,Verify current patient-facing dental service for this exact profile and address; a shared domain alone is not a decision.
262,profile:NYC_NY_L:google:cid:6164055533882993300,NYC_NY_L,google:cid:6164055533882993300,Dr. Rakesh Khilwani,"2279 Hempstead Tpke, East Meadow, NY 11554",business_listings,Medical clinic,needs_category_review,unreviewed_or_conflicting_category_evidence,exclude_non_dentist_category|include_dental_provider,,,,,,eligibility_group:504917ff371eb69d,manual_review,Medical clinic: Category alone does not establish whether dental care is provided,,,,,,external_evidence_required,category and title evidence do not support a safe batch suggestion,False,+1516-489-1199,,,1.0,40.7253599,-73.55113159999999,False,https://www.google.com/maps?cid=6164055533882993300,google_profile_only,,eligibility_review_block:77df7f5ce749b192,singleton_profile,"Fill this row only when it is an exception to a reviewed group decision, or when its group is marked individual_review.",1,phone_and_profile_singleton,3,"""Dr. Rakesh Khilwani"" ""2279 Hempstead Tpke, East Meadow, NY 11554"" ""+1516-489-1199"" dentist dental patients",https://www.google.com/search?q=%22Dr.+Rakesh+Khilwani%22+%222279+Hempstead+Tpke%2C+East+Meadow%2C+NY+11554%22+%22%2B1516-489-1199%22+dentist+dental+patients,,,Verify current patient-facing dental service for this exact profile and address; a shared domain alone is not a decision.
263,profile:NYC_NY_L:google:cid:6881627921830420633,NYC_NY_L,google:cid:6881627921830420633,Dr. Siamak Rambod,"72-21 Vleigh Pl, Kew Gardens Hills, NY 11367",business_listings,Medical clinic,needs_category_review,unreviewed_or_conflicting_category_evidence,exclude_non_dentist_category|include_dental_provider,,,,,,eligibility_group:504917ff371eb69d,manual_review,Medical clinic: Category alone does not establish whether dental care is provided,,,,,,external_evidence_required,category and title evidence do not support a safe batch suggestion,False,+1718-268-3384,,,3.0,40.7263729,-73.8208551,False,https://www.google.com/maps?cid=6881627921830420633,google_profile_only,,eligibility_review_block:379795e9694f4fb1,singleton_profile,"Fill this row only when it is an exception to a reviewed group decision, or when its group is marked individual_review.",1,phone_and_profile_singleton,3,"""Dr. Siamak Rambod"" ""72-21 Vleigh Pl, Kew Gardens Hills, NY 11367"" ""+1718-268-3384"" dentist dental patients",https://www.google.com/search?q=%22Dr.+Siamak+Rambod%22+%2272-21+Vleigh+Pl%2C+Kew+Gardens+Hills%2C+NY+11367%22+%22%2B1718-268-3384%22+dentist+dental+patients,,,Verify current patient-facing dental service for this exact profile and address; a shared domain alone is not a decision.
264,profile:NYC_NY_L:google:cid:5725267993414120448,NYC_NY_L,google:cid:5725267993414120448,El Nuevo San Juan Health Center- Urban Health Plan,"1065 Southern Blvd #8, Bronx, NY 10459",business_listings,Medical clinic,needs_category_review,unreviewed_or_conflicting_category_evidence,exclude_non_dentist_category|include_dental_provider,,,,,,eligibility_group:504917ff371eb69d,manual_review,Medical clinic: Category alone does not establish whether dental care is provided,,,,,,external_evidence_required,category and title evidence do not support a safe batch suggestion,False,+1718-589-2440,,,544.0,40.825037,-73.8922271,False,https://www.google.com/maps?cid=5725267993414120448,google_profile_only,,eligibility_review_block:ba4933a300c220b8,singleton_profile,"Fill this row only when it is an exception to a reviewed group decision, or when its group is marked individual_review.",1,phone_and_profile_singleton,3,"""El Nuevo San Juan Health Center- Urban Health Plan"" ""1065 Southern Blvd #8, Bronx, NY 10459"" ""+1718-589-2440"" dentist dental patients",https://www.google.com/search?q=%22El+Nuevo+San+Juan+Health+Center-+Urban+Health+Plan%22+%221065+Southern+Blvd+%238%2C+Bronx%2C+NY+10459%22+%22%2B1718-589-2440%22+dentist+dental+patients,,,Verify current patient-facing dental service for this exact profile and address; a shared domain alone is not a decision.
265,profile:NYC_NY_L:google:cid:10257469848042679318,NYC_NY_L,google:cid:10257469848042679318,James Bradley,"110 E 59th St, New York, NY 10022",business_listings,Plastic surgeon,needs_category_review,unreviewed_or_conflicting_category_evidence,exclude_non_dentist_category|include_dental_provider,,,,,,eligibility_group:ad9d7cea6cadeae3,unknown,,Plastic surgeon,,,,,external_evidence_required,category and title evidence do not support a safe batch suggestion,False,+1516-927-1500,,,,40.7623738,-73.9691596,False,https://www.google.com/maps?cid=10257469848042679318,google_profile_only,,eligibility_review_block:5af3333a907bedb1,singleton_profile,"Fill this row only when it is an exception to a reviewed group decision, or when its group is marked individual_review.",1,phone_and_profile_singleton,3,"""James Bradley"" ""110 E 59th St, New York, NY 10022"" ""+1516-927-1500"" dentist dental patients",https://www.google.com/search?q=%22James+Bradley%22+%22110+E+59th+St%2C+New+York%2C+NY+10022%22+%22%2B1516-927-1500%22+dentist+dental+patients,,,Verify current patient-facing dental service for this exact profile and address; a shared domain alone is not a decision.
266,profile:NYC_NY_L:google:cid:8712220723097576755,NYC_NY_L,google:cid:8712220723097576755,John Spina Dpm,"2015 Bath Ave, Brooklyn, NY 11214",business_listings,Podiatrist,needs_category_review,unreviewed_or_conflicting_category_evidence,exclude_non_dentist_category|include_dental_provider,,,,,,eligibility_group:83a1f37e83b51b28,unknown,,Podiatrist,,,,,external_evidence_required,category and title evidence do not support a safe batch suggestion,False,+1718-313-0065,,,,40.6012544,-74.0008853,False,https://www.google.com/maps?cid=8712220723097576755,google_profile_only,,eligibility_review_block:f04795ccc9044ba1,singleton_profile,"Fill this row only when it is an exception to a reviewed group decision, or when its group is marked individual_review.",1,phone_and_profile_singleton,3,"""John Spina Dpm"" ""2015 Bath Ave, Brooklyn, NY 11214"" ""+1718-313-0065"" dentist dental patients",https://www.google.com/search?q=%22John+Spina+Dpm%22+%222015+Bath+Ave%2C+Brooklyn%2C+NY+11214%22+%22%2B1718-313-0065%22+dentist+dental+patients,,,Verify current patient-facing dental service for this exact profile and address; a shared domain alone is not a decision.
267,profile:NYC_NY_L:google:cid:10487271695260862641,NYC_NY_L,google:cid:10487271695260862641,New York City Publishers,"305 Madison Ave #449, New York, NY 10017",business_listings,Medical clinic,needs_category_review,unreviewed_or_conflicting_category_evidence,exclude_non_dentist_category|include_dental_provider,,,,,,eligibility_group:504917ff371eb69d,manual_review,Medical clinic: Category alone does not establish whether dental care is provided,,,,,,external_evidence_required,category and title evidence do not support a safe batch suggestion,False,+1212-697-0939,,,,40.7510976,-73.9801104,False,https://www.google.com/maps?cid=10487271695260862641,google_profile_only,,eligibility_review_block:62a7a4967b652f2a,singleton_profile,"Fill this row only when it is an exception to a reviewed group decision, or when its group is marked individual_review.",1,phone_and_profile_singleton,3,"""New York City Publishers"" ""305 Madison Ave #449, New York, NY 10017"" ""+1212-697-0939"" dentist dental patients",https://www.google.com/search?q=%22New+York+City+Publishers%22+%22305+Madison+Ave+%23449%2C+New+York%2C+NY+10017%22+%22%2B1212-697-0939%22+dentist+dental+patients,,,Verify current patient-facing dental service for this exact profile and address; a shared domain alone is not a decision.
268,profile:NYC_NY_L:google:cid:2981445453940694204,NYC_NY_L,google:cid:2981445453940694204,Park Avenue Neurology & Sleep,"737 Park Ave Apt 1C, New York, NY 10021",business_listings,Medical clinic,needs_category_review,unreviewed_or_conflicting_category_evidence,exclude_non_dentist_category|include_dental_provider,,,,,,eligibility_group:504917ff371eb69d,manual_review,Medical clinic: Category alone does not establish whether dental care is provided,,,,,,external_evidence_required,category and title evidence do not support a safe batch suggestion,False,+1212-288-6060,,,1.0,40.7704242,-73.9637746,False,https://www.google.com/maps?cid=2981445453940694204,google_profile_only,,eligibility_review_block:7c7ee287e64f0031,singleton_profile,"Fill this row only when it is an exception to a reviewed group decision, or when its group is marked individual_review.",1,phone_and_profile_singleton,3,"""Park Avenue Neurology & Sleep"" ""737 Park Ave Apt 1C, New York, NY 10021"" ""+1212-288-6060"" dentist dental patients",https://www.google.com/search?q=%22Park+Avenue+Neurology+%26+Sleep%22+%22737+Park+Ave+Apt+1C%2C+New+York%2C+NY+10021%22+%22%2B1212-288-6060%22+dentist+dental+patients,,,Verify current patient-facing dental service for this exact profile and address; a shared domain alone is not a decision.
269,profile:NYC_NY_L:google:cid:9802149004801648262,NYC_NY_L,google:cid:9802149004801648262,Richter & Co Inc,"450 Park Ave, New York, NY 10022",business_listings,Bank,needs_category_review,unreviewed_or_conflicting_category_evidence,exclude_non_dentist_category|include_dental_provider,,,,,,eligibility_group:f471df0293731a06,unknown,,Bank,,,,,external_evidence_required,category and title evidence do not support a safe batch suggestion,False,+1212-758-5305,,,,40.7614676,-73.9712067,False,https://www.google.com/maps?cid=9802149004801648262,google_profile_only,,eligibility_review_block:732e0898d029cc8f,singleton_profile,"Fill this row only when it is an exception to a reviewed group decision, or when its group is marked individual_review.",1,phone_and_profile_singleton,3,"""Richter & Co Inc"" ""450 Park Ave, New York, NY 10022"" ""+1212-758-5305"" dentist dental patients",https://www.google.com/search?q=%22Richter+%26+Co+Inc%22+%22450+Park+Ave%2C+New+York%2C+NY+10022%22+%22%2B1212-758-5305%22+dentist+dental+patients,,,Verify current patient-facing dental service for this exact profile and address; a shared domain alone is not a decision.
270,profile:NYC_NY_L:google:cid:689736336193155396,NYC_NY_L,google:cid:689736336193155396,Smile Time NY & Meikkos Juice Bar,"89-02 165th Street (Jamaica Colosseum Mall NW 22, Jamaica, NY 11432",business_listings,Day spa,needs_category_review,unreviewed_or_conflicting_category_evidence,exclude_non_dentist_category|include_dental_provider,,,,,,eligibility_group:d074f22de8ddee98,unknown,,Day spa,,,,,external_evidence_required,category and title evidence do not support a safe batch suggestion,False,+1718-880-1844,,,3.0,40.7071196,-73.7964633,False,https://www.google.com/maps?cid=689736336193155396,google_profile_only,,eligibility_review_block:1a22ec62639a8438,singleton_profile,"Fill this row only when it is an exception to a reviewed group decision, or when its group is marked individual_review.",1,phone_and_profile_singleton,3,"""Smile Time NY & Meikkos Juice Bar"" ""89-02 165th Street (Jamaica Colosseum Mall NW 22, Jamaica, NY 11432"" ""+1718-880-1844"" dentist dental patients",https://www.google.com/search?q=%22Smile+Time+NY+%26+Meikkos+Juice+Bar%22+%2289-02+165th+Street+%28Jamaica+Colosseum+Mall+NW+22%2C+Jamaica%2C+NY+11432%22+%22%2B1718-880-1844%22+dentist+dental+patients,,,Verify current patient-facing dental service for this exact profile and address; a shared domain alone is not a decision.
271,profile:NYC_NY_L:google:cid:726771841321324320,NYC_NY_L,google:cid:726771841321324320,"Spanish American Medical Dental Society of New York, Inc.","104-01 Roosevelt Ave, Corona, NY 11368",business_listings,Association / Organization,needs_category_review,unreviewed_or_conflicting_category_evidence,exclude_non_dentist_category|include_dental_provider,,,,,,eligibility_group:2b363d7841954eac,unknown,,Association / Organization,dental,medical,,,external_evidence_required,category and title evidence do not support a safe batch suggestion,False,+1718-505-2037,,,,40.7501998,-73.8616447,False,https://www.google.com/maps?cid=726771841321324320,google_profile_only,,eligibility_review_block:466e385c629f5f95,singleton_profile,"Fill this row only when it is an exception to a reviewed group decision, or when its group is marked individual_review.",1,phone_and_profile_singleton,3,"""Spanish American Medical Dental Society of New York, Inc."" ""104-01 Roosevelt Ave, Corona, NY 11368"" ""+1718-505-2037"" dentist dental patients",https://www.google.com/search?q=%22Spanish+American+Medical+Dental+Society+of+New+York%2C+Inc.%22+%22104-01+Roosevelt+Ave%2C+Corona%2C+NY+11368%22+%22%2B1718-505-2037%22+dentist+dental+patients,,,Verify current patient-facing dental service for this exact profile and address; a shared domain alone is not a decision.
272,profile:NYC_NY_L:google:cid:10842945812211081545,NYC_NY_L,google:cid:10842945812211081545,Steve Taranov,"11 Broadway, New York, NY 10004",business_listings,Medical clinic,needs_category_review,unreviewed_or_conflicting_category_evidence,exclude_non_dentist_category|include_dental_provider,,,,,,eligibility_group:504917ff371eb69d,manual_review,Medical clinic: Category alone does not establish whether dental care is provided,,,,,,external_evidence_required,category and title evidence do not support a safe batch suggestion,False,+1212-425-0505,,,1.0,40.7052656,-74.0139733,False,https://www.google.com/maps?cid=10842945812211081545,google_profile_only,,eligibility_review_block:6e5d45e8df0dc5bb,singleton_profile,"Fill this row only when it is an exception to a reviewed group decision, or when its group is marked individual_review.",1,phone_and_profile_singleton,3,"""Steve Taranov"" ""11 Broadway, New York, NY 10004"" ""+1212-425-0505"" dentist dental patients",https://www.google.com/search?q=%22Steve+Taranov%22+%2211+Broadway%2C+New+York%2C+NY+10004%22+%22%2B1212-425-0505%22+dentist+dental+patients,,,Verify current patient-facing dental service for this exact profile and address; a shared domain alone is not a decision.
273,profile:NYC_NY_L:google:cid:1252474763438112699,NYC_NY_L,google:cid:1252474763438112699,Uppal Rajinder MD,"16-70 Putnam Ave, Ridgewood, NY 11385",business_listings,Internist,needs_category_review,unreviewed_or_conflicting_category_evidence,exclude_non_dentist_category|include_dental_provider,,,,,,eligibility_group:190ff23a6596779d,unknown,,Internist,,,,,external_evidence_required,category and title evidence do not support a safe batch suggestion,False,+1718-417-7200,,,3.0,40.6998081,-73.90705679999999,False,https://www.google.com/maps?cid=1252474763438112699,google_profile_only,,eligibility_review_block:e04220e4e9f72fb1,singleton_profile,"Fill this row only when it is an exception to a reviewed group decision, or when its group is marked individual_review.",1,phone_and_profile_singleton,3,"""Uppal Rajinder MD"" ""16-70 Putnam Ave, Ridgewood, NY 11385"" ""+1718-417-7200"" dentist dental patients",https://www.google.com/search?q=%22Uppal+Rajinder+MD%22+%2216-70+Putnam+Ave%2C+Ridgewood%2C+NY+11385%22+%22%2B1718-417-7200%22+dentist+dental+patients,,,Verify current patient-facing dental service for this exact profile and address; a shared domain alone is not a decision.
274,profile:NYC_NY_L:google:cid:8951881897675096385,NYC_NY_L,google:cid:8951881897675096385,Virtual House Call Docs NYC,"970 Park Ave Ste 1, New York, NY 10028",business_listings,Medical group,needs_category_review,unreviewed_or_conflicting_category_evidence,exclude_non_dentist_category|include_dental_provider,,,,,,eligibility_group:a7d77b97fc90c3df,manual_review,Medical group: Category alone does not establish whether dental care is provided,,,,,,external_evidence_required,category and title evidence do not support a safe batch suggestion,False,+1646-520-0628,,,,40.7781965,-73.9589393,False,https://www.google.com/maps?cid=8951881897675096385,google_profile_only,,eligibility_review_block:97c82299835b1616,singleton_profile,"Fill this row only when it is an exception to a reviewed group decision, or when its group is marked individual_review.",1,phone_and_profile_singleton,3,"""Virtual House Call Docs NYC"" ""970 Park Ave Ste 1, New York, NY 10028"" ""+1646-520-0628"" dentist dental patients",https://www.google.com/search?q=%22Virtual+House+Call+Docs+NYC%22+%22970+Park+Ave+Ste+1%2C+New+York%2C+NY+10028%22+%22%2B1646-520-0628%22+dentist+dental+patients,,,Verify current patient-facing dental service for this exact profile and address; a shared domain alone is not a decision.
275,profile:SanFrancisco_CA_L:google:cid:11047455065508509761,SanFrancisco_CA_L,google:cid:11047455065508509761,Health Right 360,"1468 Carroll Ave, San Francisco, CA 94124",business_listings,Medical clinic,needs_category_review,unreviewed_or_conflicting_category_evidence,exclude_non_dentist_category|include_dental_provider,,,,,,eligibility_group:504917ff371eb69d,manual_review,Medical clinic: Category alone does not establish whether dental care is provided,,,,,,external_evidence_required,category and title evidence do not support a safe batch suggestion,False,+1800-200-7181,,,8.0,37.7236743,-122.390793,False,https://www.google.com/maps?cid=11047455065508509761,google_profile_only,,eligibility_review_block:34c398e95335045d,singleton_profile,"Fill this row only when it is an exception to a reviewed group decision, or when its group is marked individual_review.",1,phone_and_profile_singleton,3,"""Health Right 360"" ""1468 Carroll Ave, San Francisco, CA 94124"" ""+1800-200-7181"" dentist dental patients",https://www.google.com/search?q=%22Health+Right+360%22+%221468+Carroll+Ave%2C+San+Francisco%2C+CA+94124%22+%22%2B1800-200-7181%22+dentist+dental+patients,,,Verify current patient-facing dental service for this exact profile and address; a shared domain alone is not a decision.
276,profile:SanFrancisco_CA_L:google:cid:12780241047922579012,SanFrancisco_CA_L,google:cid:12780241047922579012,"Joan Demartini Warren, PSYD","1738 Union St, San Francisco, CA 94123",business_listings,Psychologist,needs_category_review,unreviewed_or_conflicting_category_evidence,exclude_non_dentist_category|include_dental_provider,,,,,,eligibility_group:8cc3af3cb556b0b4,unknown,,Psychologist,,,,,external_evidence_required,category and title evidence do not support a safe batch suggestion,False,+1415-262-0166,,,,37.7982878,-122.4279824,False,https://www.google.com/maps?cid=12780241047922579012,google_profile_only,,eligibility_review_block:2e793ca1063b8f0e,singleton_profile,"Fill this row only when it is an exception to a reviewed group decision, or when its group is marked individual_review.",1,phone_and_profile_singleton,3,"""Joan Demartini Warren, PSYD"" ""1738 Union St, San Francisco, CA 94123"" ""+1415-262-0166"" dentist dental patients",https://www.google.com/search?q=%22Joan+Demartini+Warren%2C+PSYD%22+%221738+Union+St%2C+San+Francisco%2C+CA+94123%22+%22%2B1415-262-0166%22+dentist+dental+patients,,,Verify current patient-facing dental service for this exact profile and address; a shared domain alone is not a decision.
277,profile:LA_CA_L:google:cid:10636425930933224952,LA_CA_L,google:cid:10636425930933224952,Denture Repair and Implants,"3506 Whittier Blvd, Los Angeles, CA 90023",business_listings,Denture care center,needs_category_review,unreviewed_or_conflicting_category_evidence,exclude_non_dentist_category|include_dental_provider,,,,,,eligibility_group:fe4a0b2a99a6e2f0,unknown,,Denture care center,,,,,external_evidence_required,category and title evidence do not support a safe batch suggestion,False,,,,1.0,34.0263019,-118.1984116,False,https://www.google.com/maps?cid=10636425930933224952,google_profile_only,,eligibility_review_block:9e9f3d1af8aaf08b,singleton_profile,"Fill this row only when it is an exception to a reviewed group decision, or when its group is marked individual_review.",1,profile_only_singleton,4,"""Denture Repair and Implants"" ""3506 Whittier Blvd, Los Angeles, CA 90023"" dentist dental patients",https://www.google.com/search?q=%22Denture+Repair+and+Implants%22+%223506+Whittier+Blvd%2C+Los+Angeles%2C+CA+90023%22+dentist+dental+patients,,,Verify current patient-facing dental service for this exact profile and address; a shared domain alone is not a decision.
278,profile:LA_CA_L:google:cid:10967843234449240540,LA_CA_L,google:cid:10967843234449240540,Dr. Fouy Chau,"5363 Balboa Blvd Ste 328, Encino, CA 91316",business_listings,Medical clinic,needs_category_review,unreviewed_or_conflicting_category_evidence,exclude_non_dentist_category|include_dental_provider,,,,,,eligibility_group:504917ff371eb69d,manual_review,Medical clinic: Category alone does not establish whether dental care is provided,,,,,,external_evidence_required,category and title evidence do not support a safe batch suggestion,False,,,,2.0,34.1687459,-118.502047,False,https://www.google.com/maps?cid=10967843234449240540,google_profile_only,,eligibility_review_block:7b15ab25d1c44c08,singleton_profile,"Fill this row only when it is an exception to a reviewed group decision, or when its group is marked individual_review.",1,profile_only_singleton,4,"""Dr. Fouy Chau"" ""5363 Balboa Blvd Ste 328, Encino, CA 91316"" dentist dental patients",https://www.google.com/search?q=%22Dr.+Fouy+Chau%22+%225363+Balboa+Blvd+Ste+328%2C+Encino%2C+CA+91316%22+dentist+dental+patients,,,Verify current patient-facing dental service for this exact profile and address; a shared domain alone is not a decision.
279,profile:LA_CA_L:google:cid:4243264581896210541,LA_CA_L,google:cid:4243264581896210541,POLY PLAZA,"1434 Atlantic Ave, Long Beach, CA 90813",business_listings,Shopping mall,needs_category_review,unreviewed_or_conflicting_category_evidence,exclude_non_dentist_category|include_dental_provider,,,,,,eligibility_group:a610b283ab567286,unknown,,Shopping mall,,,,,external_evidence_required,category and title evidence do not support a safe batch suggestion,False,,,,1.0,33.7840784,-118.184216,False,https://www.google.com/maps?cid=4243264581896210541,google_profile_only,,eligibility_review_block:84024fdd1b906b78,singleton_profile,"Fill this row only when it is an exception to a reviewed group decision, or when its group is marked individual_review.",1,profile_only_singleton,4,"""POLY PLAZA"" ""1434 Atlantic Ave, Long Beach, CA 90813"" dentist dental patients",https://www.google.com/search?q=%22POLY+PLAZA%22+%221434+Atlantic+Ave%2C+Long+Beach%2C+CA+90813%22+dentist+dental+patients,,,Verify current patient-facing dental service for this exact profile and address; a shared domain alone is not a decision.
280,profile:LA_CA_L:google:cid:10667488645197953416,LA_CA_L,google:cid:10667488645197953416,TTW,"6551 Van Nuys Blvd, Van Nuys, CA 91401",business_listings,Medical clinic,needs_category_review,unreviewed_or_conflicting_category_evidence,exclude_non_dentist_category|include_dental_provider,,,,,,eligibility_group:504917ff371eb69d,manual_review,Medical clinic: Category alone does not establish whether dental care is provided,,,,,,external_evidence_required,category and title evidence do not support a safe batch suggestion,False,,,,1.0,34.1899091,-118.4491988,False,https://www.google.com/maps?cid=10667488645197953416,google_profile_only,,eligibility_review_block:1b603f17744a25ad,singleton_profile,"Fill this row only when it is an exception to a reviewed group decision, or when its group is marked individual_review.",1,profile_only_singleton,4,"""TTW"" ""6551 Van Nuys Blvd, Van Nuys, CA 91401"" dentist dental patients",https://www.google.com/search?q=%22TTW%22+%226551+Van+Nuys+Blvd%2C+Van+Nuys%2C+CA+91401%22+dentist+dental+patients,,,Verify current patient-facing dental service for this exact profile and address; a shared domain alone is not a decision.
281,profile:NYC_NY_L:google:cid:5141540515377181725,NYC_NY_L,google:cid:5141540515377181725,Lower Manhattan Sleep Apnea Treatment,"Chetham Green, 215 Park Row #1, New York, NY 10038",business_listings,Sleep clinic,needs_category_review,unreviewed_or_conflicting_category_evidence,exclude_non_dentist_category|include_dental_provider,,,,,,eligibility_group:d73fe04c4858867b,unknown,,Sleep clinic,,,,,external_evidence_required,category and title evidence do not support a safe batch suggestion,False,,,,,40.7127421,-73.9993575,False,https://www.google.com/maps?cid=5141540515377181725,google_profile_only,,eligibility_review_block:f381375e07d09794,singleton_profile,"Fill this row only when it is an exception to a reviewed group decision, or when its group is marked individual_review.",1,profile_only_singleton,4,"""Lower Manhattan Sleep Apnea Treatment"" ""Chetham Green, 215 Park Row #1, New York, NY 10038"" dentist dental patients",https://www.google.com/search?q=%22Lower+Manhattan+Sleep+Apnea+Treatment%22+%22Chetham+Green%2C+215+Park+Row+%231%2C+New+York%2C+NY+10038%22+dentist+dental+patients,,,Verify current patient-facing dental service for this exact profile and address; a shared domain alone is not a decision.
