observed_categories,observed_source_decisions,category_rule_pattern,review_tier,suggested_manual_decision,suggestion_basis,profile_count,markets,sample_titles,group_manual_decision,group_decision_evidence,reviewed_by,reviewed_on,review_block_id,category_group_id,review_block_basis,review_domain,profiles_with_dental_title_signal,profiles_with_nondental_title_signal,profiles_with_unknown_categories,profiles_with_nonprovider_category_signal,profiles_with_existing_website,profiles_with_phone,profiles_without_website_or_phone,allowed_group_review_actions,reviewed_member_count
Medical clinic,needs_category_review,manual_review,focused_title_evidence,exclude_non_dentist_category,non-dental title signal with no configured final category rule,1,LA_CA_L,Atalla Medical Group,,,,,eligibility_review_block:007dde1bbe3075dc,eligibility_group:525c831a331b438e,singleton_profile,,0,1,0,0,1,1,0,individual_review|exclude_non_dentist_category|include_dental_provider,
Internist,needs_category_review,unknown,external_evidence_required,,category and title evidence do not support a safe batch suggestion,1,LA_CA_L,"Ardeshir Soroushyari, M.D.",,,,,eligibility_review_block:009142746158e259,eligibility_group:190ff23a6596779d,singleton_profile,,0,0,1,0,1,1,0,individual_review|exclude_non_dentist_category|include_dental_provider,
Bookkeeping service,needs_category_review,unknown,external_evidence_required,,category and title evidence do not support a safe batch suggestion,1,NYC_NY_L,Coffee and Consulting LLC,,,,,eligibility_review_block:01175930470c0fab,eligibility_group:ed06ca914eca5a5b,singleton_profile,,0,0,1,0,1,1,0,individual_review|exclude_non_dentist_category|include_dental_provider,
Medical Center,needs_category_review,manual_review,focused_title_evidence,exclude_non_dentist_category,non-dental title signal with no configured final category rule,1,NYC_NY_L,One Brooklyn Health-Brookdale University Hospital Medical Center,,,,,eligibility_review_block:0251f57ee638f355,eligibility_group:d6a5057259cdd490,singleton_profile,,0,1,0,0,1,1,0,individual_review|exclude_non_dentist_category|include_dental_provider,
Surgeon|Surgical center,needs_category_review,manual_review|unknown,focused_title_evidence,include_dental_provider,dental title signal with no configured include category,1,Augusta_GA_L,Oral & Maxillofacial Surgery,,,,,eligibility_review_block:02a39639e7dc39ab,eligibility_group:beb60e706182afeb,singleton_profile,,1,0,1,0,0,1,0,individual_review|exclude_non_dentist_category|include_dental_provider,
X-ray lab,needs_category_review,unknown,external_evidence_required,,category and title evidence do not support a safe batch suggestion,1,LA_CA_L,Mobile 3D Advantage,,,,,eligibility_review_block:03630f4f40fbfee8,eligibility_group:bcde824d5b399027,singleton_profile,,0,0,1,0,1,1,0,individual_review|exclude_non_dentist_category|include_dental_provider,
Design engineer|Emergency dental service,automatic_include|needs_category_review,include|unknown,focused_category_conflict,include_dental_provider,at least one observed category has a frozen include rule,1,LA_CA_L,"Dental Office App, powered by Dentulu",,,,,eligibility_review_block:03ef07f4eeea0423,eligibility_group:837b8a0e4ad496b6,singleton_profile,,1,0,1,1,1,1,0,individual_review|exclude_non_dentist_category|include_dental_provider,
Public health department,needs_category_review,unknown,external_evidence_required,,category and title evidence do not support a safe batch suggestion,1,Atlanta_GA_L,Georgia Department of Community Health,,,,,eligibility_review_block:048c12cff57b01e4,eligibility_group:cc959e46f76b4a21,singleton_profile,,0,0,1,0,1,1,0,individual_review|exclude_non_dentist_category|include_dental_provider,
Medical clinic,needs_category_review,manual_review,external_evidence_required,,category and title evidence do not support a safe batch suggestion,1,Macon_GA_M,"Bibb Family Practice Associates, PC",,,,,eligibility_review_block:049945e26140b61e,eligibility_group:504917ff371eb69d,singleton_profile,,0,0,0,0,1,1,0,individual_review|exclude_non_dentist_category|include_dental_provider,
Orthotics & prosthetics service,needs_category_review,unknown,external_evidence_required,,category and title evidence do not support a safe batch suggestion,1,FortBragg_CA_S,Align Orthotics & Prosthetics,,,,,eligibility_review_block:04ca1c406fc2af4a,eligibility_group:6802faf098d90035,singleton_profile,,0,0,1,0,0,1,0,individual_review|exclude_non_dentist_category|include_dental_provider,
Medical group,needs_category_review,manual_review,focused_title_evidence,exclude_non_dentist_category,non-dental title signal with no configured final category rule,1,NYC_NY_L,Medical Practice Administrator,,,,,eligibility_review_block:053546d1b5cf24de,eligibility_group:1fa47dbf03af3215,singleton_profile,,0,1,0,0,0,1,0,individual_review|exclude_non_dentist_category|include_dental_provider,
Community health center,needs_category_review,manual_review,external_evidence_required,,category and title evidence do not support a safe batch suggestion,2,Buffalo_NY_L,Evergreen Health || Evergreen Health,,,,,eligibility_review_block:06ca6a64708e9121,eligibility_group:75eedbc19c8622b7,shared_domain_within_category_group,www.evergreenhs.org,0,0,0,0,2,2,0,individual_review|exclude_non_dentist_category|include_dental_provider,
Oral surgeon|Surgical center,automatic_include|needs_category_review,include|manual_review,focused_category_conflict,include_dental_provider,at least one observed category has a frozen include rule,1,Modesto_CA_M,Walls Dental Implant and Oral Surgical Arts,,,,,eligibility_review_block:06e412514b87a25f,eligibility_group:5d66d5a72d6afc63,singleton_profile,,1,0,0,0,1,1,0,individual_review|exclude_non_dentist_category|include_dental_provider,
Medical clinic,needs_category_review,manual_review,focused_title_evidence,include_dental_provider,dental title signal with no configured include category,1,LA_CA_L,Golden Care Dentistry,,,,,eligibility_review_block:073c44414e107f2a,eligibility_group:3a576676bc82902a,singleton_profile,,1,0,0,0,1,1,0,individual_review|exclude_non_dentist_category|include_dental_provider,
Plastic surgeon,needs_category_review,unknown,external_evidence_required,,category and title evidence do not support a safe batch suggestion,1,LA_CA_L,"Pearlman D Hicks, Jr, MD",,,,,eligibility_review_block:076620a60702bd7f,eligibility_group:ad9d7cea6cadeae3,singleton_profile,,0,0,1,0,0,1,0,individual_review|exclude_non_dentist_category|include_dental_provider,
Medical clinic,needs_category_review,manual_review,focused_title_evidence,exclude_non_dentist_category,non-dental title signal with no configured final category rule,1,LA_CA_L,Medical Mission Adventures,,,,,eligibility_review_block:087e9364b6c6e690,eligibility_group:525c831a331b438e,singleton_profile,,0,1,0,0,0,1,0,individual_review|exclude_non_dentist_category|include_dental_provider,
Dental radiology,needs_category_review,unknown,focused_title_evidence,include_dental_provider,dental title signal with no configured include category,1,LA_CA_L,Dental Diagnostic Imaging Center,,,,,eligibility_review_block:08c81936043e31ec,eligibility_group:43a4472af04e0a96,singleton_profile,,1,0,1,0,1,1,0,individual_review|exclude_non_dentist_category|include_dental_provider,
Medical clinic,needs_category_review,manual_review,focused_title_evidence,exclude_non_dentist_category,non-dental title signal with no configured final category rule,1,LA_CA_L,Hispano American Medical Clinic,,,,,eligibility_review_block:0aaf4ae1187a0748,eligibility_group:525c831a331b438e,singleton_profile,,0,1,0,0,0,1,0,individual_review|exclude_non_dentist_category|include_dental_provider,
Cardiologist,needs_category_review,unknown,external_evidence_required,,category and title evidence do not support a safe batch suggestion,1,LA_CA_L,Yang Bao Bin MD,,,,,eligibility_review_block:0afc4d33c90a61aa,eligibility_group:87792a8b95e277fa,singleton_profile,,0,0,1,0,0,1,0,individual_review|exclude_non_dentist_category|include_dental_provider,
Dental clinic|Free clinic,automatic_include|needs_category_review,include|manual_review,focused_category_conflict,include_dental_provider,at least one observed category has a frozen include rule,1,LA_CA_L,Los Angeles Christian Health Centers - Joshua House Clinic,,,,,eligibility_review_block:0bd0f92403fc8003,eligibility_group:a48e809bd27ae1fc,singleton_profile,,0,0,0,0,1,1,0,individual_review|exclude_non_dentist_category|include_dental_provider,
Dental clinic|Medical clinic,automatic_include|needs_category_review,include|manual_review,focused_category_conflict,include_dental_provider,at least one observed category has a frozen include rule,1,Augusta_GA_L,DDEAMC Dental Clinic,,,,,eligibility_review_block:0cbdc12848687c91,eligibility_group:b5100c3d9e0ccdcb,singleton_profile,,1,0,0,0,1,1,0,individual_review|exclude_non_dentist_category|include_dental_provider,
Medical clinic,needs_category_review,manual_review,focused_title_evidence,exclude_non_dentist_category,non-dental title signal with no configured final category rule,1,FortBragg_CA_S,Medical Office: Adventist Health Mendocino Coast,,,,,eligibility_review_block:0e18c2c567eae749,eligibility_group:525c831a331b438e,singleton_profile,,0,1,0,0,1,1,0,individual_review|exclude_non_dentist_category|include_dental_provider,
Medical clinic,needs_category_review,manual_review,external_evidence_required,,category and title evidence do not support a safe batch suggestion,1,LA_CA_L,VCC: The Gary Center,,,,,eligibility_review_block:0f9c62a7cb88bc5b,eligibility_group:504917ff371eb69d,singleton_profile,,0,0,0,0,1,1,0,individual_review|exclude_non_dentist_category|include_dental_provider,
Medical clinic,needs_category_review,manual_review,external_evidence_required,,category and title evidence do not support a safe batch suggestion,1,Toccoa_GA_S,Open Arms Clinic,,,,,eligibility_review_block:107964ab97cc6dba,eligibility_group:504917ff371eb69d,singleton_profile,,0,0,0,0,1,1,0,individual_review|exclude_non_dentist_category|include_dental_provider,
Medical clinic,needs_category_review,manual_review,external_evidence_required,,category and title evidence do not support a safe batch suggestion,1,NYC_NY_L,Dr. Michael Devito,,,,,eligibility_review_block:11411dee260641f8,eligibility_group:504917ff371eb69d,singleton_profile,,0,0,0,0,0,1,0,individual_review|exclude_non_dentist_category|include_dental_provider,
Educational institution,needs_category_review,unknown,focused_category_evidence,exclude_non_dentist_category,unconfigured category identifies an auxiliary or non-provider business,1,LA_CA_L,Global Academy of Oral Implantology,,,,,eligibility_review_block:117f4efd596ec39b,eligibility_group:a5d78c435f0148a2,singleton_profile,,0,1,1,1,1,1,0,individual_review|exclude_non_dentist_category|include_dental_provider,
Medical Center,needs_category_review,manual_review,external_evidence_required,,category and title evidence do not support a safe batch suggestion,1,SanFrancisco_CA_L,Los Portales Medical and Dental Center,,,,,eligibility_review_block:11d466aedcb2403d,eligibility_group:b070ffeb7e138d00,singleton_profile,,1,1,0,0,1,0,0,individual_review|exclude_non_dentist_category|include_dental_provider,
Medical clinic,needs_category_review,manual_review,focused_title_evidence,include_dental_provider,dental title signal with no configured include category,1,Atlanta_GA_L,Reilly Dental,,,,,eligibility_review_block:1202c6e3a16a4b9b,eligibility_group:3a576676bc82902a,singleton_profile,,1,0,0,0,1,1,0,individual_review|exclude_non_dentist_category|include_dental_provider,
Emergency veterinarian service,needs_category_review,unknown,focused_category_evidence,exclude_non_dentist_category,unconfigured category identifies an auxiliary or non-provider business,1,NYC_NY_L,URvet Care Medical Center - Astoria,,,,,eligibility_review_block:132a2ae6e54fa5ab,eligibility_group:2073a0e934c168e6,singleton_profile,,0,1,1,1,1,1,0,individual_review|exclude_non_dentist_category|include_dental_provider,
Medical clinic,needs_category_review,manual_review,external_evidence_required,,category and title evidence do not support a safe batch suggestion,1,Macon_GA_M,Walmart Health Center,,,,,eligibility_review_block:155ae2123f5f32c2,eligibility_group:504917ff371eb69d,singleton_profile,,0,0,0,0,1,1,0,individual_review|exclude_non_dentist_category|include_dental_provider,
Medical clinic,needs_category_review,manual_review,external_evidence_required,,category and title evidence do not support a safe batch suggestion,1,Eureka_CA_S,Eureka VA Clinic,,,,,eligibility_review_block:158705282396dbfd,eligibility_group:504917ff371eb69d,singleton_profile,,0,0,0,0,1,1,0,individual_review|exclude_non_dentist_category|include_dental_provider,
Veterinarian,needs_category_review,unknown,focused_category_evidence,exclude_non_dentist_category,unconfigured category identifies an auxiliary or non-provider business,1,Vidalia_GA_S,Vidalia Veterinary Clinic,,,,,eligibility_review_block:15a7b34898716507,eligibility_group:33340ba2db18c2ad,singleton_profile,,0,1,1,1,1,1,0,individual_review|exclude_non_dentist_category|include_dental_provider,
Medical clinic,needs_category_review,manual_review,external_evidence_required,,category and title evidence do not support a safe batch suggestion,1,Augusta_GA_L,Christ Community Health Peach Orchard,,,,,eligibility_review_block:15a90604db2d1ce1,eligibility_group:504917ff371eb69d,singleton_profile,,0,0,0,0,1,1,0,individual_review|exclude_non_dentist_category|include_dental_provider,
Medical clinic,needs_category_review,manual_review,external_evidence_required,,category and title evidence do not support a safe batch suggestion,1,LA_CA_L,Dr. Martin Galstyan,,,,,eligibility_review_block:15c0309c3c9fc3b9,eligibility_group:504917ff371eb69d,singleton_profile,,0,0,0,0,0,1,0,individual_review|exclude_non_dentist_category|include_dental_provider,
Market researcher,needs_category_review,unknown,focused_category_evidence,exclude_non_dentist_category,unconfigured category identifies an auxiliary or non-provider business,1,Augusta_GA_L,Top Dentists LLC,,,,,eligibility_review_block:162be30397e15c7b,eligibility_group:c85032f10b2ddde9,singleton_profile,,1,0,1,1,1,1,0,individual_review|exclude_non_dentist_category|include_dental_provider,
Medical clinic,needs_category_review,manual_review,focused_title_evidence,include_dental_provider,dental title signal with no configured include category,1,NYC_NY_L,Southern Dental of Brooklyn,,,,,eligibility_review_block:16d9ab586548dd21,eligibility_group:3a576676bc82902a,singleton_profile,,1,0,0,0,0,1,0,individual_review|exclude_non_dentist_category|include_dental_provider,
Medical clinic,needs_category_review,manual_review,focused_title_evidence,exclude_non_dentist_category,non-dental title signal with no configured final category rule,1,NYC_NY_L,ColumbiaDoctors - Pediatrics,,,,,eligibility_review_block:17473c2267dd19d7,eligibility_group:525c831a331b438e,singleton_profile,,0,1,0,0,1,1,0,individual_review|exclude_non_dentist_category|include_dental_provider,
Plastic surgeon,needs_category_review,unknown,external_evidence_required,,category and title evidence do not support a safe batch suggestion,1,LA_CA_L,Beverly Hills Augmentation & Tuck,,,,,eligibility_review_block:18128ac84c4d359b,eligibility_group:ad9d7cea6cadeae3,singleton_profile,,0,0,1,0,0,1,0,individual_review|exclude_non_dentist_category|include_dental_provider,
Medical clinic,needs_category_review,manual_review,external_evidence_required,,category and title evidence do not support a safe batch suggestion,1,SanFrancisco_CA_L,Clinic by the Bay,,,,,eligibility_review_block:1877864899329051,eligibility_group:504917ff371eb69d,singleton_profile,,0,0,0,0,1,1,0,individual_review|exclude_non_dentist_category|include_dental_provider,
Medical clinic,needs_category_review,manual_review,focused_title_evidence,exclude_non_dentist_category,non-dental title signal with no configured final category rule,1,NYC_NY_L,Ahava Medical,,,,,eligibility_review_block:18fabf2d5156e18c,eligibility_group:525c831a331b438e,singleton_profile,,0,1,0,0,1,1,0,individual_review|exclude_non_dentist_category|include_dental_provider,
Doctor,needs_category_review,manual_review,external_evidence_required,,category and title evidence do not support a safe batch suggestion,1,LA_CA_L,Wong Jessica Pea MD,,,,,eligibility_review_block:19e6b0cd8bfe6908,eligibility_group:5721d7584f64bb4b,singleton_profile,,0,0,0,0,1,1,0,individual_review|exclude_non_dentist_category|include_dental_provider,
Day spa,needs_category_review,unknown,external_evidence_required,,category and title evidence do not support a safe batch suggestion,1,NYC_NY_L,Smile Time NY & Meikkos Juice Bar,,,,,eligibility_review_block:1a22ec62639a8438,eligibility_group:d074f22de8ddee98,singleton_profile,,0,0,1,0,0,1,0,individual_review|exclude_non_dentist_category|include_dental_provider,
Medical clinic,needs_category_review,manual_review,focused_title_evidence,exclude_non_dentist_category,non-dental title signal with no configured final category rule,1,LA_CA_L,Torrance - Lomita Medical Center,,,,,eligibility_review_block:1a3c1099e84d43f7,eligibility_group:525c831a331b438e,singleton_profile,,0,1,0,0,0,1,0,individual_review|exclude_non_dentist_category|include_dental_provider,
Medical clinic,needs_category_review,manual_review,external_evidence_required,,category and title evidence do not support a safe batch suggestion,1,LA_CA_L,TTW,,,,,eligibility_review_block:1b603f17744a25ad,eligibility_group:504917ff371eb69d,singleton_profile,,0,0,0,0,0,0,1,individual_review|exclude_non_dentist_category|include_dental_provider,
Medical clinic,needs_category_review,manual_review,external_evidence_required,,category and title evidence do not support a safe batch suggestion,1,Atlanta_GA_L,Mercy Care at Gateway Center,,,,,eligibility_review_block:1b757650ef12cc79,eligibility_group:504917ff371eb69d,singleton_profile,,0,0,0,0,1,1,0,individual_review|exclude_non_dentist_category|include_dental_provider,
Cosmetics store,needs_category_review,unknown,focused_title_evidence,include_dental_provider,dental title signal with no configured include category,1,LA_CA_L,"Vivienne Lago, DDS (Lyons Dental Place)",,,,,eligibility_review_block:1d620037ca4e26f6,eligibility_group:7a28c79fb5a219d8,singleton_profile,,1,0,1,0,1,1,0,individual_review|exclude_non_dentist_category|include_dental_provider,
Dental supply store,needs_category_review,unknown,focused_category_evidence,exclude_non_dentist_category,unconfigured category identifies an auxiliary or non-provider business,1,SanFrancisco_CA_L,EDT,,,,,eligibility_review_block:1e00a9758869e816,eligibility_group:73ecfba8f12eba34,singleton_profile,,0,0,1,1,0,1,0,individual_review|exclude_non_dentist_category|include_dental_provider,
Veterinarian,needs_category_review,unknown,focused_category_evidence,exclude_non_dentist_category,unconfigured category identifies an auxiliary or non-provider business,1,NYC_NY_L,Carroll Gardens Veterinary Group,,,,,eligibility_review_block:1ee3595ef100bf95,eligibility_group:33340ba2db18c2ad,singleton_profile,,0,1,1,1,1,1,0,individual_review|exclude_non_dentist_category|include_dental_provider,
Mental health clinic,needs_category_review,unknown,external_evidence_required,,category and title evidence do not support a safe batch suggestion,1,LA_CA_L,The Wallis Annenberg Children & Family Health Center at Hollywood Wilshire Health Center,,,,,eligibility_review_block:1fce31c52bba2e6d,eligibility_group:fc496f50a73ebcfd,singleton_profile,,0,0,1,0,1,1,0,individual_review|exclude_non_dentist_category|include_dental_provider,
Medical clinic,needs_category_review,manual_review,external_evidence_required,,category and title evidence do not support a safe batch suggestion,1,LA_CA_L,Friends of Family Health Center,,,,,eligibility_review_block:1fee17e85ea9f58c,eligibility_group:504917ff371eb69d,singleton_profile,,0,0,0,0,1,1,0,individual_review|exclude_non_dentist_category|include_dental_provider,
Medical clinic,needs_category_review,manual_review,external_evidence_required,,category and title evidence do not support a safe batch suggestion,1,LA_CA_L,U Snore No More Treatment Center,,,,,eligibility_review_block:2002a0bcb3a5a556,eligibility_group:504917ff371eb69d,singleton_profile,,0,0,0,0,0,1,0,individual_review|exclude_non_dentist_category|include_dental_provider,
Medical clinic,needs_category_review,manual_review,focused_title_evidence,include_dental_provider,dental title signal with no configured include category,1,Macon_GA_M,Macon Oral & Maxillofacial Surgery,,,,,eligibility_review_block:20f7b5dcf0a22dee,eligibility_group:3a576676bc82902a,singleton_profile,,1,0,0,0,1,1,0,individual_review|exclude_non_dentist_category|include_dental_provider,
Medical clinic,needs_category_review,manual_review,external_evidence_required,,category and title evidence do not support a safe batch suggestion,1,LA_CA_L,ROADS Community Clinic - East Long Beach,,,,,eligibility_review_block:21627077b3f38f67,eligibility_group:504917ff371eb69d,singleton_profile,,0,0,0,0,1,1,0,individual_review|exclude_non_dentist_category|include_dental_provider,
Medical clinic,needs_category_review,manual_review,external_evidence_required,,category and title evidence do not support a safe batch suggestion,1,FortBragg_CA_S,"Mendocino Coast Clinics, Inc",,,,,eligibility_review_block:2339edbd9a7901c4,eligibility_group:504917ff371eb69d,singleton_profile,,0,0,0,0,1,1,0,individual_review|exclude_non_dentist_category|include_dental_provider,
Community health center,needs_category_review,manual_review,external_evidence_required,,category and title evidence do not support a safe batch suggestion,3,Eureka_CA_S,Open Door Member Services Department || Redwood Community Health Center || Telehealth & Visiting Specialist Center,,,,,eligibility_review_block:2536fc2305e6878b,eligibility_group:75eedbc19c8622b7,shared_domain_within_category_group,opendoorhealth.com,0,0,0,0,3,3,0,individual_review|exclude_non_dentist_category|include_dental_provider,
Health,needs_category_review,unknown,external_evidence_required,,category and title evidence do not support a safe batch suggestion,1,Toccoa_GA_S,Stephens County Health Department,,,,,eligibility_review_block:25a091681609301a,eligibility_group:996c37683b16ba16,singleton_profile,,0,0,1,0,1,1,0,individual_review|exclude_non_dentist_category|include_dental_provider,
State government office,needs_category_review,unknown,external_evidence_required,,category and title evidence do not support a safe batch suggestion,1,Macon_GA_M,North Central Health District,,,,,eligibility_review_block:2653e847e6824843,eligibility_group:35cf00a42bc08bcb,singleton_profile,,0,0,1,0,1,1,0,individual_review|exclude_non_dentist_category|include_dental_provider,
Medical office,needs_category_review,unknown,focused_title_evidence,exclude_non_dentist_category,non-dental title signal with no configured final category rule,1,Augusta_GA_L,Medical Associates Plus - Walton Way,,,,,eligibility_review_block:26960b4c800b2333,eligibility_group:f2764acdfe16f6b9,singleton_profile,,0,1,1,0,1,1,0,individual_review|exclude_non_dentist_category|include_dental_provider,
Marketing agency,needs_category_review,unknown,focused_category_evidence,exclude_non_dentist_category,unconfigured category identifies an auxiliary or non-provider business,1,Buffalo_NY_L,"Apex Dental Solutions, LLC",,,,,eligibility_review_block:26ccbac8f6aeb4f5,eligibility_group:808631f70ae4a1e8,singleton_profile,,1,0,1,1,1,1,0,individual_review|exclude_non_dentist_category|include_dental_provider,
Medical clinic,needs_category_review,manual_review,external_evidence_required,,category and title evidence do not support a safe batch suggestion,1,LA_CA_L,St. John’s Community Health Warner Traynham Clinic,,,,,eligibility_review_block:273162d348b497fb,eligibility_group:504917ff371eb69d,singleton_profile,,0,0,0,0,1,1,0,individual_review|exclude_non_dentist_category|include_dental_provider,
Non-profit organization,needs_category_review,unknown,external_evidence_required,,category and title evidence do not support a safe batch suggestion,1,LA_CA_L,100 Black Men of Los Angeles,,,,,eligibility_review_block:27d0aae5d9705545,eligibility_group:284d9dbfa1c169a1,singleton_profile,,0,0,1,0,1,1,0,individual_review|exclude_non_dentist_category|include_dental_provider,
Medical clinic,needs_category_review,manual_review,external_evidence_required,,category and title evidence do not support a safe batch suggestion,1,LA_CA_L,Artur Arkelakyan,,,,,eligibility_review_block:27d13c04ae8a79d4,eligibility_group:504917ff371eb69d,singleton_profile,,0,0,0,0,1,1,0,individual_review|exclude_non_dentist_category|include_dental_provider,
Uniform store,needs_category_review,unknown,external_evidence_required,,category and title evidence do not support a safe batch suggestion,1,LA_CA_L,Uniformland,,,,,eligibility_review_block:29bce50425de23df,eligibility_group:a11b09fd5b033ba3,singleton_profile,,0,0,1,0,1,1,0,individual_review|exclude_non_dentist_category|include_dental_provider,
Dental supply store,needs_category_review,unknown,focused_category_evidence,exclude_non_dentist_category,unconfigured category identifies an auxiliary or non-provider business,1,LA_CA_L,"OJG Health Products, Inc",,,,,eligibility_review_block:29f0497a195ca13a,eligibility_group:73ecfba8f12eba34,singleton_profile,,0,0,1,1,0,1,0,individual_review|exclude_non_dentist_category|include_dental_provider,
Hospital,needs_category_review,unknown,external_evidence_required,,category and title evidence do not support a safe batch suggestion,1,FortBragg_CA_S,Adventist Health Mendocino Coast,,,,,eligibility_review_block:29f38db4cdbc594d,eligibility_group:7a6fb05b52cfaa84,singleton_profile,,0,0,1,0,1,1,0,individual_review|exclude_non_dentist_category|include_dental_provider,
Medical clinic,needs_category_review,manual_review,external_evidence_required,,category and title evidence do not support a safe batch suggestion,2,LA_CA_L,Jwch Clinic || Wesley Health Centers - Weingart Clinic,,,,,eligibility_review_block:2bb67c50689b2015,eligibility_group:504917ff371eb69d,shared_domain_within_category_group,jwchinstitute.org,0,0,0,0,2,2,0,individual_review|exclude_non_dentist_category|include_dental_provider,
Medical clinic,needs_category_review,manual_review,external_evidence_required,,category and title evidence do not support a safe batch suggestion,1,SaranacLake_NY_S,Adirondack Health,,,,,eligibility_review_block:2ca8d26ec4c84e03,eligibility_group:504917ff371eb69d,singleton_profile,,0,0,0,0,1,1,0,individual_review|exclude_non_dentist_category|include_dental_provider,
Community health center|Dentist,automatic_include|needs_category_review,include|manual_review,focused_category_conflict,include_dental_provider,at least one observed category has a frozen include rule,2,Buffalo_NY_L,Neighborhood Health Center || Neighborhood Health Center,,,,,eligibility_review_block:2dc4f2c8f6e81f7c,eligibility_group:9e1937b2dda9c1f4,shared_domain_within_category_group,nhcwny.org,0,0,0,0,2,2,0,individual_review|exclude_non_dentist_category|include_dental_provider,
Psychologist,needs_category_review,unknown,external_evidence_required,,category and title evidence do not support a safe batch suggestion,1,SanFrancisco_CA_L,"Joan Demartini Warren, PSYD",,,,,eligibility_review_block:2e793ca1063b8f0e,eligibility_group:8cc3af3cb556b0b4,singleton_profile,,0,0,1,0,0,1,0,individual_review|exclude_non_dentist_category|include_dental_provider,
Medical office,needs_category_review,unknown,external_evidence_required,,category and title evidence do not support a safe batch suggestion,1,NYC_NY_L,Brookdale Family Care Center - New Lots,,,,,eligibility_review_block:2f91fa2e4ac094e8,eligibility_group:594fa1d47532a2c5,singleton_profile,,0,0,1,0,1,1,0,individual_review|exclude_non_dentist_category|include_dental_provider,
Internist,needs_category_review,unknown,external_evidence_required,,category and title evidence do not support a safe batch suggestion,1,NYC_NY_L,Be Well Primary Health Care Center,,,,,eligibility_review_block:2fed6c001288880a,eligibility_group:190ff23a6596779d,singleton_profile,,0,0,1,0,1,1,0,individual_review|exclude_non_dentist_category|include_dental_provider,
Medical spa,needs_category_review,unknown,external_evidence_required,,category and title evidence do not support a safe batch suggestion,1,SanFrancisco_CA_L,Facial Therapy Studio,,,,,eligibility_review_block:30ec380e1ff1d19e,eligibility_group:8c88af6de3a4ac5e,singleton_profile,,0,0,1,0,1,1,0,individual_review|exclude_non_dentist_category|include_dental_provider,
Academic department,needs_category_review,unknown,external_evidence_required,,category and title evidence do not support a safe batch suggestion,1,NYC_NY_L,NYUDentalUrgentCareCtr,,,,,eligibility_review_block:31d3e981a102c5ae,eligibility_group:02dcfcd73b831370,singleton_profile,,0,0,1,0,1,1,0,individual_review|exclude_non_dentist_category|include_dental_provider,
University,needs_category_review,unknown,external_evidence_required,,category and title evidence do not support a safe batch suggestion,1,SanFrancisco_CA_L,"University of the Pacific, Arthur A. Dugoni School of Dentistry",,,,,eligibility_review_block:32c78f498de5b468,eligibility_group:8c78ac49852cece2,singleton_profile,,1,1,1,0,1,1,0,individual_review|exclude_non_dentist_category|include_dental_provider,
Medical clinic,needs_category_review,manual_review,external_evidence_required,,category and title evidence do not support a safe batch suggestion,1,Macon_GA_M,Macon VA Clinic,,,,,eligibility_review_block:32f079af42304ab1,eligibility_group:504917ff371eb69d,singleton_profile,,0,0,0,0,1,1,0,individual_review|exclude_non_dentist_category|include_dental_provider,
Medical Center,needs_category_review,manual_review,focused_title_evidence,exclude_non_dentist_category,non-dental title signal with no configured final category rule,1,LA_CA_L,Miracle Mile Medical Group,,,,,eligibility_review_block:33943a4bd25f8e13,eligibility_group:d6a5057259cdd490,singleton_profile,,0,1,0,0,1,1,0,individual_review|exclude_non_dentist_category|include_dental_provider,
Medical clinic,needs_category_review,manual_review,external_evidence_required,,category and title evidence do not support a safe batch suggestion,1,SanFrancisco_CA_L,Health Right 360,,,,,eligibility_review_block:34c398e95335045d,eligibility_group:504917ff371eb69d,singleton_profile,,0,0,0,0,0,1,0,individual_review|exclude_non_dentist_category|include_dental_provider,
Pet groomer,needs_category_review,unknown,external_evidence_required,,category and title evidence do not support a safe batch suggestion,1,LA_CA_L,K9 Loft,,,,,eligibility_review_block:36286df988a212c2,eligibility_group:596207ce1c9c7475,singleton_profile,,0,0,1,0,1,1,0,individual_review|exclude_non_dentist_category|include_dental_provider,
Medical clinic,needs_category_review,manual_review,external_evidence_required,,category and title evidence do not support a safe batch suggestion,1,NYC_NY_L,Whitman Ingersoll Farragut Hea,,,,,eligibility_review_block:36385981fbe9dbd7,eligibility_group:504917ff371eb69d,singleton_profile,,0,0,0,0,1,1,0,individual_review|exclude_non_dentist_category|include_dental_provider,
Community health center,needs_category_review,manual_review,external_evidence_required,,category and title evidence do not support a safe batch suggestion,1,NYC_NY_L,Harlem United's The Nest Community Health Center,,,,,eligibility_review_block:375ea063c5ac25d7,eligibility_group:75eedbc19c8622b7,singleton_profile,,0,0,0,0,1,1,0,individual_review|exclude_non_dentist_category|include_dental_provider,
Business administration service,needs_category_review,unknown,external_evidence_required,,category and title evidence do not support a safe batch suggestion,1,Eureka_CA_S,North Coast Clinics Network,,,,,eligibility_review_block:378cfb7193162fc7,eligibility_group:95a4c5f41bb94bef,singleton_profile,,0,0,1,0,1,1,0,individual_review|exclude_non_dentist_category|include_dental_provider,
Medical clinic,needs_category_review,manual_review,external_evidence_required,,category and title evidence do not support a safe batch suggestion,1,NYC_NY_L,Dr. Siamak Rambod,,,,,eligibility_review_block:379795e9694f4fb1,eligibility_group:504917ff371eb69d,singleton_profile,,0,0,0,0,0,1,0,individual_review|exclude_non_dentist_category|include_dental_provider,
Educational institution,needs_category_review,unknown,focused_category_evidence,exclude_non_dentist_category,unconfigured category identifies an auxiliary or non-provider business,1,LA_CA_L,Global Dental Assistant Program.,,,,,eligibility_review_block:383186ec58e119e1,eligibility_group:a5d78c435f0148a2,singleton_profile,,1,1,1,1,1,1,0,individual_review|exclude_non_dentist_category|include_dental_provider,
Dentist|Medical clinic,automatic_include|needs_category_review,include|manual_review,focused_category_conflict,include_dental_provider,at least one observed category has a frozen include rule,1,Atlanta_GA_L,Mercy Care,,,,,eligibility_review_block:38322e494d18206c,eligibility_group:9acced880530cd1b,singleton_profile,,0,0,0,0,1,1,0,individual_review|exclude_non_dentist_category|include_dental_provider,
Dental school,needs_category_review,unknown,focused_category_evidence,exclude_non_dentist_category,unconfigured category identifies an auxiliary or non-provider business,1,NYC_NY_L,Columbia University College of Dental Medicine,,,,,eligibility_review_block:3904e733b68ab8d9,eligibility_group:03aabea56f3fd971,singleton_profile,,1,1,1,1,1,1,0,individual_review|exclude_non_dentist_category|include_dental_provider,
Otolaryngology clinic,needs_category_review,unknown,external_evidence_required,,category and title evidence do not support a safe batch suggestion,1,NYC_NY_L,Head & Neck Surgical Group,,,,,eligibility_review_block:39334aa2da413e50,eligibility_group:772713ab1100c436,singleton_profile,,0,0,1,0,1,1,0,individual_review|exclude_non_dentist_category|include_dental_provider,
Medical clinic,needs_category_review,manual_review,external_evidence_required,,category and title evidence do not support a safe batch suggestion,1,SanFrancisco_CA_L,Tom Waddell Urban Health Center,,,,,eligibility_review_block:3c705ff237e69cef,eligibility_group:504917ff371eb69d,singleton_profile,,0,0,0,0,1,1,0,individual_review|exclude_non_dentist_category|include_dental_provider,
Community health center,needs_category_review,manual_review,external_evidence_required,,category and title evidence do not support a safe batch suggestion,1,NYC_NY_L,Community Healthcare Network – Lower East Side / Catherine M. Abate,,,,,eligibility_review_block:3cd0713d348a59b1,eligibility_group:75eedbc19c8622b7,singleton_profile,,0,0,0,0,1,1,0,individual_review|exclude_non_dentist_category|include_dental_provider,
Homeless shelter,needs_category_review,unknown,external_evidence_required,,category and title evidence do not support a safe batch suggestion,1,NYC_NY_L,Project Renewal Fort Washington Men's Shelter,,,,,eligibility_review_block:3ce0aa1cf632b127,eligibility_group:488e8f068db9ff30,singleton_profile,,0,0,1,0,1,1,0,individual_review|exclude_non_dentist_category|include_dental_provider,
Medical clinic,needs_category_review,manual_review,external_evidence_required,,category and title evidence do not support a safe batch suggestion,2,NYC_NY_L,Jack Martin Fund Clinic || Mount Sinai Queens-Family Health,,,,,eligibility_review_block:3e1c0340286c06e2,eligibility_group:504917ff371eb69d,shared_domain_within_category_group,www.mountsinai.org,0,0,0,0,2,2,0,individual_review|exclude_non_dentist_category|include_dental_provider,
Medical Center,needs_category_review,manual_review,external_evidence_required,,category and title evidence do not support a safe batch suggestion,1,NYC_NY_L,Apicha Community Health Center - Jackson Heights-Queens,,,,,eligibility_review_block:3e1e10cc72501bff,eligibility_group:b070ffeb7e138d00,singleton_profile,,0,0,0,0,1,1,0,individual_review|exclude_non_dentist_category|include_dental_provider,
Medical clinic,needs_category_review,manual_review,focused_title_evidence,exclude_non_dentist_category,non-dental title signal with no configured final category rule,1,LA_CA_L,"APLA Health Center, CDU/MLK Medical Campus",,,,,eligibility_review_block:3e60bec362d25d35,eligibility_group:525c831a331b438e,singleton_profile,,0,1,0,0,1,1,0,individual_review|exclude_non_dentist_category|include_dental_provider,
Medical clinic,needs_category_review,manual_review,external_evidence_required,,category and title evidence do not support a safe batch suggestion,1,LA_CA_L,The Allergy Eliminator,,,,,eligibility_review_block:3f21e0a4570e8447,eligibility_group:504917ff371eb69d,singleton_profile,,0,0,0,0,0,1,0,individual_review|exclude_non_dentist_category|include_dental_provider,
Denture care center,needs_category_review,unknown,external_evidence_required,,category and title evidence do not support a safe batch suggestion,1,LA_CA_L,Primary Denture Repair and Implants,,,,,eligibility_review_block:3f2c09d94c4caf37,eligibility_group:fe4a0b2a99a6e2f0,singleton_profile,,0,0,1,0,0,1,0,individual_review|exclude_non_dentist_category|include_dental_provider,
Medical clinic,needs_category_review,manual_review,external_evidence_required,,category and title evidence do not support a safe batch suggestion,1,LA_CA_L,Via Care Cesar Chavez Health Center,,,,,eligibility_review_block:40aa3ebf615d3fda,eligibility_group:504917ff371eb69d,singleton_profile,,0,0,0,0,1,1,0,individual_review|exclude_non_dentist_category|include_dental_provider,
Community health center,needs_category_review,manual_review,external_evidence_required,,category and title evidence do not support a safe batch suggestion,1,LA_CA_L,Central City Community Health Center,,,,,eligibility_review_block:40f74497665d3559,eligibility_group:75eedbc19c8622b7,singleton_profile,,0,0,0,0,1,1,0,individual_review|exclude_non_dentist_category|include_dental_provider,
Free clinic,needs_category_review,manual_review,focused_title_evidence,exclude_non_dentist_category,non-dental title signal with no configured final category rule,1,Buffalo_NY_L,Lighthouse Free Medical Clinic,,,,,eligibility_review_block:411a2c3d580b223c,eligibility_group:192e3304f6009b7f,singleton_profile,,0,1,0,0,1,1,0,individual_review|exclude_non_dentist_category|include_dental_provider,
Doctor,needs_category_review,manual_review,focused_title_evidence,include_dental_provider,dental title signal with no configured include category,1,NYC_NY_L,"Dr. mihai M. oral, DDS",,,,,eligibility_review_block:4129ce3e33ef65c6,eligibility_group:933ded2705f84074,singleton_profile,,1,0,0,0,0,1,0,individual_review|exclude_non_dentist_category|include_dental_provider,
Free clinic,needs_category_review,manual_review,external_evidence_required,,category and title evidence do not support a safe batch suggestion,3,Augusta_GA_L,ALAS Free Women's Clinic || Centro Médico || Clínica Latina,,,,,eligibility_review_block:412c3c0374129aa8,eligibility_group:8550c2bf40cd4dfa,shared_domain_within_category_group,www.alas-csra.org,0,0,0,0,3,2,0,individual_review|exclude_non_dentist_category|include_dental_provider,
Medical clinic,needs_category_review,manual_review,external_evidence_required,,category and title evidence do not support a safe batch suggestion,1,Buffalo_NY_L,The Cardiac Connection,,,,,eligibility_review_block:41efcc276edea1f7,eligibility_group:504917ff371eb69d,singleton_profile,,0,0,0,0,0,1,0,individual_review|exclude_non_dentist_category|include_dental_provider,
Medical office,needs_category_review,unknown,focused_title_evidence,exclude_non_dentist_category,non-dental title signal with no configured final category rule,1,SaranacLake_NY_S,Mountain Medical Services Saranac Lake,,,,,eligibility_review_block:41fc24fe07e03e7d,eligibility_group:f2764acdfe16f6b9,singleton_profile,,0,1,1,0,1,1,0,individual_review|exclude_non_dentist_category|include_dental_provider,
Acupuncturist,needs_category_review,unknown,external_evidence_required,,category and title evidence do not support a safe batch suggestion,1,NYC_NY_L,Akpinar Bill B,,,,,eligibility_review_block:42983d00b3e73cf7,eligibility_group:109ca635159bfcf9,singleton_profile,,0,0,1,0,0,1,0,individual_review|exclude_non_dentist_category|include_dental_provider,
Medical clinic,needs_category_review,manual_review,focused_title_evidence,include_dental_provider,dental title signal with no configured include category,1,NYC_NY_L,"Flushing Dental Implant, Oral & Facial Surgery",,,,,eligibility_review_block:4488950b47e77ccd,eligibility_group:3a576676bc82902a,singleton_profile,,1,0,0,0,1,1,0,individual_review|exclude_non_dentist_category|include_dental_provider,
Medical group,needs_category_review,manual_review,external_evidence_required,,category and title evidence do not support a safe batch suggestion,1,LA_CA_L,AltaMed Medical and Dental Group - South Gate,,,,,eligibility_review_block:44f13bc44b5fc9a8,eligibility_group:a7d77b97fc90c3df,singleton_profile,,1,1,0,0,1,1,0,individual_review|exclude_non_dentist_category|include_dental_provider,
Association / Organization,needs_category_review,unknown,external_evidence_required,,category and title evidence do not support a safe batch suggestion,1,NYC_NY_L,"Spanish American Medical Dental Society of New York, Inc.",,,,,eligibility_review_block:466e385c629f5f95,eligibility_group:2b363d7841954eac,singleton_profile,,1,1,1,0,0,1,0,individual_review|exclude_non_dentist_category|include_dental_provider,
Furniture maker,needs_category_review,unknown,external_evidence_required,,category and title evidence do not support a safe batch suggestion,1,LA_CA_L,Aesthetic,,,,,eligibility_review_block:46a52b1dd6bbb716,eligibility_group:6a202a936b857088,singleton_profile,,0,0,1,0,1,1,0,individual_review|exclude_non_dentist_category|include_dental_provider,
Home health care service,needs_category_review,unknown,external_evidence_required,,category and title evidence do not support a safe batch suggestion,1,LA_CA_L,TelerainMD-Online Doctor Consultation,,,,,eligibility_review_block:470d90260693674d,eligibility_group:3fb50d6253134f7d,singleton_profile,,0,0,1,0,0,1,0,individual_review|exclude_non_dentist_category|include_dental_provider,
Graduate school,needs_category_review,unknown,external_evidence_required,,category and title evidence do not support a safe batch suggestion,1,SanFrancisco_CA_L,"University of Pacific (UOP), San Francisco",,,,,eligibility_review_block:4800eb18d564991b,eligibility_group:e231d05b9a97123e,singleton_profile,,0,0,1,0,1,1,0,individual_review|exclude_non_dentist_category|include_dental_provider,
Medical clinic,needs_category_review,manual_review,external_evidence_required,,category and title evidence do not support a safe batch suggestion,1,LA_CA_L,ZendyHealth,,,,,eligibility_review_block:498b511e0b067451,eligibility_group:504917ff371eb69d,singleton_profile,,0,0,0,0,1,1,0,individual_review|exclude_non_dentist_category|include_dental_provider,
Veterinary care,needs_category_review,unknown,focused_category_evidence,exclude_non_dentist_category,unconfigured category identifies an auxiliary or non-provider business,1,LA_CA_L,"Dog and Cat Dentist, Inc.",,,,,eligibility_review_block:4b2f5d9bcc07a2c7,eligibility_group:7d6616894d81e917,singleton_profile,,1,1,1,1,1,1,0,individual_review|exclude_non_dentist_category|include_dental_provider,
Denture care center,needs_category_review,unknown,external_evidence_required,,category and title evidence do not support a safe batch suggestion,1,NYC_NY_L,Long Island Denture Center,,,,,eligibility_review_block:4b83727581ef5e9d,eligibility_group:fe4a0b2a99a6e2f0,singleton_profile,,0,0,1,0,1,1,0,individual_review|exclude_non_dentist_category|include_dental_provider,
Medical clinic,needs_category_review,manual_review,focused_title_evidence,include_dental_provider,dental title signal with no configured include category,1,Macon_GA_M,Ford and Ivey Family Dentistry,,,,,eligibility_review_block:4ebce006d85b7f60,eligibility_group:3a576676bc82902a,singleton_profile,,1,0,0,0,1,1,0,individual_review|exclude_non_dentist_category|include_dental_provider,
Medical Center,needs_category_review,manual_review,focused_title_evidence,exclude_non_dentist_category,non-dental title signal with no configured final category rule,1,Atlanta_GA_L,Southside Medical Center,,,,,eligibility_review_block:4f075eedf7a267b1,eligibility_group:d6a5057259cdd490,singleton_profile,,0,1,0,0,1,1,0,individual_review|exclude_non_dentist_category|include_dental_provider,
Medical clinic,needs_category_review,manual_review,external_evidence_required,,category and title evidence do not support a safe batch suggestion,3,LA_CA_L,To Help Everyone - La Brea Health Center || To Help Everyone - Lennox Health Center || To Help Everyone - Western Health Center,,,,,eligibility_review_block:4f16c30f833763cd,eligibility_group:504917ff371eb69d,shared_domain_within_category_group,www.tohelpeveryone.org,0,0,0,0,3,3,0,individual_review|exclude_non_dentist_category|include_dental_provider,
Medical clinic,needs_category_review,manual_review,focused_title_evidence,include_dental_provider,dental title signal with no configured include category,1,LA_CA_L,Altadena Dental Center,,,,,eligibility_review_block:4f86c97fb3c99fe0,eligibility_group:3a576676bc82902a,singleton_profile,,1,0,0,0,1,1,0,individual_review|exclude_non_dentist_category|include_dental_provider,
Denture care center,needs_category_review,unknown,external_evidence_required,,category and title evidence do not support a safe batch suggestion,1,LA_CA_L,Denture Care Services,,,,,eligibility_review_block:4ff6d04b5a110b97,eligibility_group:fe4a0b2a99a6e2f0,singleton_profile,,0,0,1,0,0,1,0,individual_review|exclude_non_dentist_category|include_dental_provider,
Walk-in clinic,needs_category_review,unknown,focused_title_evidence,exclude_non_dentist_category,non-dental title signal with no configured final category rule,1,NYC_NY_L,White Plains Road Medical,,,,,eligibility_review_block:5031e54de005a7f6,eligibility_group:5896a9c912cf053a,singleton_profile,,0,1,1,0,0,1,0,individual_review|exclude_non_dentist_category|include_dental_provider,
Medical Center,needs_category_review,manual_review,external_evidence_required,,category and title evidence do not support a safe batch suggestion,1,NYC_NY_L,BMS Family Health and Wellness Centers@Ashford,,,,,eligibility_review_block:50b76de9d5f67b05,eligibility_group:b070ffeb7e138d00,singleton_profile,,0,0,0,0,1,1,0,individual_review|exclude_non_dentist_category|include_dental_provider,
Pathologist,needs_category_review,unknown,focused_title_evidence,include_dental_provider,dental title signal with no configured include category,6,NYC_NY_L,"Daria Vasilyeva, DDS, PhD || Daria Vasilyeva, DDS, PhD || Daria Vasilyeva, DDS, PhD || Elizabeth Marie Philipone, DMD || Khanh Trinh, DMD || Khanh Trinh, DMD",,,,,eligibility_review_block:50dfe560113f30b1,eligibility_group:4fb818b440620080,shared_domain_within_category_group,doctors.columbia.edu,6,0,6,0,6,5,0,individual_review|exclude_non_dentist_category|include_dental_provider,
Clothing store,needs_category_review,unknown,external_evidence_required,,category and title evidence do not support a safe batch suggestion,1,Buffalo_NY_L,Struggle Compound,,,,,eligibility_review_block:51e1ee095cd63c36,eligibility_group:542f09dfc2a7d5b4,singleton_profile,,0,0,1,0,1,1,0,individual_review|exclude_non_dentist_category|include_dental_provider,
General practitioner,needs_category_review,unknown,focused_title_evidence,include_dental_provider,dental title signal with no configured include category,1,NYC_NY_L,Epel Lidia M DDS,,,,,eligibility_review_block:525886965694f466,eligibility_group:2897f4835d55a24e,singleton_profile,,1,0,1,0,0,1,0,individual_review|exclude_non_dentist_category|include_dental_provider,
Plastic surgery clinic,needs_category_review,unknown,external_evidence_required,,category and title evidence do not support a safe batch suggestion,1,LA_CA_L,Jaw Surgery Los Angeles,,,,,eligibility_review_block:529daee86191b13c,eligibility_group:f4c429ee0eaa6a16,singleton_profile,,0,0,1,0,1,1,0,individual_review|exclude_non_dentist_category|include_dental_provider,
Consultant,needs_category_review,unknown,external_evidence_required,,category and title evidence do not support a safe batch suggestion,1,LA_CA_L,Workforce Resource & Management Group,,,,,eligibility_review_block:52fd2bfc8c173032,eligibility_group:33f2d6fdc924912e,singleton_profile,,0,0,1,0,0,1,0,individual_review|exclude_non_dentist_category|include_dental_provider,
Music instruction,needs_category_review,unknown,external_evidence_required,,category and title evidence do not support a safe batch suggestion,1,LA_CA_L,Studer Performance Art,,,,,eligibility_review_block:536e252326dc6742,eligibility_group:d4d460f80a65be63,singleton_profile,,0,0,1,0,0,1,0,individual_review|exclude_non_dentist_category|include_dental_provider,
Medical clinic,needs_category_review,manual_review,external_evidence_required,,category and title evidence do not support a safe batch suggestion,1,NYC_NY_L,Dr. Luzmarina Coffey,,,,,eligibility_review_block:5378e85b3823826e,eligibility_group:504917ff371eb69d,singleton_profile,,0,0,0,0,0,1,0,individual_review|exclude_non_dentist_category|include_dental_provider,
Optometrist,needs_category_review,unknown,external_evidence_required,,category and title evidence do not support a safe batch suggestion,1,FortBragg_CA_S,"J. Kyle Smith, OD",,,,,eligibility_review_block:5627fefc69762b1a,eligibility_group:608841ecf0b2db79,singleton_profile,,0,0,1,0,1,1,0,individual_review|exclude_non_dentist_category|include_dental_provider,
Dental insurance agency,needs_category_review,unknown,focused_category_evidence,exclude_non_dentist_category,unconfigured category identifies an auxiliary or non-provider business,1,NYC_NY_L,DC 37 Health Center,,,,,eligibility_review_block:566fe16447bbdddb,eligibility_group:62ebc388157a2b70,singleton_profile,,0,0,1,1,1,1,0,individual_review|exclude_non_dentist_category|include_dental_provider,
Medical clinic,needs_category_review,manual_review,external_evidence_required,,category and title evidence do not support a safe batch suggestion,1,NYC_NY_L,Dr. Omid Arastehmanesh,,,,,eligibility_review_block:56c2836cb025a52a,eligibility_group:504917ff371eb69d,singleton_profile,,0,0,0,0,1,1,0,individual_review|exclude_non_dentist_category|include_dental_provider,
Medical clinic,needs_category_review,manual_review,external_evidence_required,,category and title evidence do not support a safe batch suggestion,1,Macon_GA_M,Jasmine Edwards,,,,,eligibility_review_block:572d91b4219ccbc8,eligibility_group:504917ff371eb69d,singleton_profile,,0,0,0,0,0,1,0,individual_review|exclude_non_dentist_category|include_dental_provider,
Dentist|Medical clinic,automatic_include|needs_category_review,include|manual_review,focused_category_conflict,include_dental_provider,at least one observed category has a frozen include rule,1,NYC_NY_L,Mandalay Dental Care PC.,,,,,eligibility_review_block:58cfa633d4da842c,eligibility_group:9acced880530cd1b,singleton_profile,,1,0,0,0,0,1,0,individual_review|exclude_non_dentist_category|include_dental_provider,
Oral surgeon|Surgical center,automatic_include|needs_category_review,include|manual_review,focused_category_conflict,include_dental_provider,at least one observed category has a frozen include rule,1,LA_CA_L,Flintridge Office Oral Surgery & Implant Center,,,,,eligibility_review_block:591df8c630c05526,eligibility_group:5d66d5a72d6afc63,singleton_profile,,1,0,0,0,1,1,0,individual_review|exclude_non_dentist_category|include_dental_provider,
Plastic surgeon,needs_category_review,unknown,external_evidence_required,,category and title evidence do not support a safe batch suggestion,1,NYC_NY_L,James Bradley,,,,,eligibility_review_block:5af3333a907bedb1,eligibility_group:ad9d7cea6cadeae3,singleton_profile,,0,0,1,0,0,1,0,individual_review|exclude_non_dentist_category|include_dental_provider,
Veterinarian,needs_category_review,unknown,focused_category_evidence,exclude_non_dentist_category,unconfigured category identifies an auxiliary or non-provider business,1,Buffalo_NY_L,Ellicott Street Animal Hospital,,,,,eligibility_review_block:5b0b4c8532959236,eligibility_group:33340ba2db18c2ad,singleton_profile,,0,1,1,1,1,1,0,individual_review|exclude_non_dentist_category|include_dental_provider,
Medical clinic,needs_category_review,manual_review,external_evidence_required,,category and title evidence do not support a safe batch suggestion,2,LA_CA_L,"APLA Health Center, Long Beach || APLA Health, Gleicher/Chen Health Center, Baldwin Hills",,,,,eligibility_review_block:5b6be2e06fc03bf0,eligibility_group:504917ff371eb69d,shared_domain_within_category_group,aplahealth.org,0,0,0,0,2,2,0,individual_review|exclude_non_dentist_category|include_dental_provider,
Hospital,needs_category_review,unknown,external_evidence_required,,category and title evidence do not support a safe batch suggestion,1,Atlanta_GA_L,Grady Health System,,,,,eligibility_review_block:5bdcb863be4d6bd3,eligibility_group:7a6fb05b52cfaa84,singleton_profile,,0,0,1,0,1,1,0,individual_review|exclude_non_dentist_category|include_dental_provider,
Non-profit organization,needs_category_review,unknown,external_evidence_required,,category and title evidence do not support a safe batch suggestion,1,LA_CA_L,Comprehensive Community Health Centers - Eagle Rock,,,,,eligibility_review_block:5c3e369f37db6a5b,eligibility_group:284d9dbfa1c169a1,singleton_profile,,0,0,1,0,1,1,0,individual_review|exclude_non_dentist_category|include_dental_provider,
Health and beauty shop,needs_category_review,unknown,external_evidence_required,,category and title evidence do not support a safe batch suggestion,3,Atlanta_GA_L|NYC_NY_L,Smile Direct Club || Smile Direct Club || Smile Direct Club,,,,,eligibility_review_block:5d71e81bea632f59,eligibility_group:8ab421eda41309f2,shared_domain_within_category_group,smiledirectclub.com,0,0,3,0,3,3,0,individual_review|exclude_non_dentist_category|include_dental_provider,
Church,needs_category_review,unknown,focused_title_evidence,include_dental_provider,dental title signal with no configured include category,1,Eureka_CA_S,Wolven Richard F DDS,,,,,eligibility_review_block:5f46440ffc520b7e,eligibility_group:7498ca3084dac7b1,singleton_profile,,1,0,1,0,0,1,0,individual_review|exclude_non_dentist_category|include_dental_provider,
Addiction treatment center,needs_category_review,unknown,external_evidence_required,,category and title evidence do not support a safe batch suggestion,1,SanFrancisco_CA_L,HealthRIGHT 360,,,,,eligibility_review_block:5fd1c17645389daa,eligibility_group:1c581a3afe68aaf2,singleton_profile,,0,0,1,0,1,1,0,individual_review|exclude_non_dentist_category|include_dental_provider,
Medical Center,needs_category_review,manual_review,external_evidence_required,,category and title evidence do not support a safe batch suggestion,1,NYC_NY_L,"The Joseph P. Addabbo Family Health Center, Inc.",,,,,eligibility_review_block:5fe61fe1f649a4f8,eligibility_group:b070ffeb7e138d00,singleton_profile,,0,0,0,0,1,1,0,individual_review|exclude_non_dentist_category|include_dental_provider,
Non-profit organization,needs_category_review,unknown,external_evidence_required,,category and title evidence do not support a safe batch suggestion,1,NYC_NY_L,Children's Aid - Dunlevy Milbank Center,,,,,eligibility_review_block:5fff7d16e629eefe,eligibility_group:284d9dbfa1c169a1,singleton_profile,,0,0,1,0,1,1,0,individual_review|exclude_non_dentist_category|include_dental_provider,
Medical clinic,needs_category_review,manual_review,external_evidence_required,,category and title evidence do not support a safe batch suggestion,1,LA_CA_L,Unicare Community Health Center - Los Angeles,,,,,eligibility_review_block:602117636e38b825,eligibility_group:504917ff371eb69d,singleton_profile,,0,0,0,0,1,1,0,individual_review|exclude_non_dentist_category|include_dental_provider,
Pain management physician,needs_category_review,unknown,external_evidence_required,,category and title evidence do not support a safe batch suggestion,1,LA_CA_L,"Dr. Wei Ching Lee, MD - Arc Motion Rehab Clinic",,,,,eligibility_review_block:60a849dfd2738800,eligibility_group:da5f0c039fc4a778,singleton_profile,,0,0,1,0,1,1,0,individual_review|exclude_non_dentist_category|include_dental_provider,
Medical clinic,needs_category_review,manual_review,external_evidence_required,,category and title evidence do not support a safe batch suggestion,1,NYC_NY_L,Dr. Oleg Zusin,,,,,eligibility_review_block:60c1ac06090022eb,eligibility_group:504917ff371eb69d,singleton_profile,,0,0,0,0,1,1,0,individual_review|exclude_non_dentist_category|include_dental_provider,
Community health center,needs_category_review,manual_review,external_evidence_required,,category and title evidence do not support a safe batch suggestion,2,LA_CA_L,"Serenity Care Health Group - Atlantic Adult Clinic || Serenity Care Health Group, FQHC-LAL",,,,,eligibility_review_block:612ba7b4fee98150,eligibility_group:75eedbc19c8622b7,shared_domain_within_category_group,serenitycarehealthgroup.org,0,0,0,0,2,2,0,individual_review|exclude_non_dentist_category|include_dental_provider,
Medical clinic,needs_category_review,manual_review,external_evidence_required,,category and title evidence do not support a safe batch suggestion,1,Eureka_CA_S,Open door clinic,,,,,eligibility_review_block:619971a47933ebbf,eligibility_group:504917ff371eb69d,singleton_profile,,0,0,0,0,1,1,0,individual_review|exclude_non_dentist_category|include_dental_provider,
Photographer,needs_category_review,unknown,external_evidence_required,,category and title evidence do not support a safe batch suggestion,1,NYC_NY_L,Ron Rinaldi Photography,,,,,eligibility_review_block:624507677e9fd2aa,eligibility_group:b686c7871ae764f8,singleton_profile,,0,0,1,0,1,1,0,individual_review|exclude_non_dentist_category|include_dental_provider,
Sleep clinic,needs_category_review,unknown,external_evidence_required,,category and title evidence do not support a safe batch suggestion,1,NYC_NY_L,New York Sleep Solutions,,,,,eligibility_review_block:626ecc10d472452a,eligibility_group:d73fe04c4858867b,singleton_profile,,0,0,1,0,1,1,0,individual_review|exclude_non_dentist_category|include_dental_provider,
Medical clinic,needs_category_review,manual_review,external_evidence_required,,category and title evidence do not support a safe batch suggestion,1,NYC_NY_L,New York City Publishers,,,,,eligibility_review_block:62a7a4967b652f2a,eligibility_group:504917ff371eb69d,singleton_profile,,0,0,0,0,0,1,0,individual_review|exclude_non_dentist_category|include_dental_provider,
Insurance agency,needs_category_review,unknown,focused_category_evidence,exclude_non_dentist_category,unconfigured category identifies an auxiliary or non-provider business,1,NYC_NY_L,NY Dental Insurance Quotes,,,,,eligibility_review_block:62f9d99b009a5fed,eligibility_group:f7c843be67e281eb,singleton_profile,,1,1,1,1,0,1,0,individual_review|exclude_non_dentist_category|include_dental_provider,
Medical clinic,needs_category_review,manual_review,focused_title_evidence,exclude_non_dentist_category,non-dental title signal with no configured final category rule,1,LA_CA_L,St. John’s Community Health at Compton College,,,,,eligibility_review_block:630e6ea599462ac2,eligibility_group:525c831a331b438e,singleton_profile,,0,1,0,0,1,1,0,individual_review|exclude_non_dentist_category|include_dental_provider,
Dental school,needs_category_review,unknown,focused_category_evidence,exclude_non_dentist_category,unconfigured category identifies an auxiliary or non-provider business,2,LA_CA_L,UCLA School of Dentistry || Ucla School Of Dentistry,,,,,eligibility_review_block:647f765acce00698,eligibility_group:03aabea56f3fd971,shared_domain_within_category_group,www.dentistry.ucla.edu,2,2,2,2,2,1,0,individual_review|exclude_non_dentist_category|include_dental_provider,
Medical clinic,needs_category_review,manual_review,external_evidence_required,,category and title evidence do not support a safe batch suggestion,1,NYC_NY_L,NYU Lutheran Family Health Centers Brooklyn-Chinese,,,,,eligibility_review_block:64e19383c95c8e70,eligibility_group:504917ff371eb69d,singleton_profile,,0,0,0,0,1,1,0,individual_review|exclude_non_dentist_category|include_dental_provider,
Religious organization,needs_category_review,unknown,external_evidence_required,,category and title evidence do not support a safe batch suggestion,1,Atlanta_GA_L,Fellowship For Christian,,,,,eligibility_review_block:662db022da9036d7,eligibility_group:b5c4ce5395b98413,singleton_profile,,0,0,1,0,1,1,0,individual_review|exclude_non_dentist_category|include_dental_provider,
Dental supply store,needs_category_review,unknown,focused_category_evidence,exclude_non_dentist_category,unconfigured category identifies an auxiliary or non-provider business,1,LA_CA_L,"Dunkel Dental Services & Equipment Sales, Inc.",,,,,eligibility_review_block:67bcb1f76b407156,eligibility_group:73ecfba8f12eba34,singleton_profile,,1,1,1,1,1,1,0,individual_review|exclude_non_dentist_category|include_dental_provider,
Software company,needs_category_review,unknown,focused_category_evidence,exclude_non_dentist_category,unconfigured category identifies an auxiliary or non-provider business,1,Buffalo_NY_L,ABEL Dental Software Inc,,,,,eligibility_review_block:6815bb6584da8011,eligibility_group:dfee5c9d3f99f6c3,singleton_profile,,1,1,1,1,1,1,0,individual_review|exclude_non_dentist_category|include_dental_provider,
Veterinarian,needs_category_review,unknown,focused_category_evidence,exclude_non_dentist_category,unconfigured category identifies an auxiliary or non-provider business,1,NYC_NY_L,The Sunnyside Pet Healthcare & Dental Center,,,,,eligibility_review_block:688050a04022296a,eligibility_group:33340ba2db18c2ad,singleton_profile,,1,1,1,1,1,1,0,individual_review|exclude_non_dentist_category|include_dental_provider,
Medical Center,needs_category_review,manual_review,external_evidence_required,,category and title evidence do not support a safe batch suggestion,1,NYC_NY_L,ColumbiaDoctors - Midtown,,,,,eligibility_review_block:693a1df2c176f4ed,eligibility_group:b070ffeb7e138d00,singleton_profile,,0,0,0,0,1,1,0,individual_review|exclude_non_dentist_category|include_dental_provider,
Medical clinic,needs_category_review,manual_review,external_evidence_required,,category and title evidence do not support a safe batch suggestion,1,LA_CA_L,Mr. John Whitley,,,,,eligibility_review_block:69918f93543f1e20,eligibility_group:504917ff371eb69d,singleton_profile,,0,0,0,0,0,1,0,individual_review|exclude_non_dentist_category|include_dental_provider,
Cancer treatment center,needs_category_review,unknown,external_evidence_required,,category and title evidence do not support a safe batch suggestion,1,LA_CA_L,Vantage Oncology,,,,,eligibility_review_block:6b43b8cf56fca6fa,eligibility_group:58feeb0c4d85c099,singleton_profile,,0,0,1,0,1,1,0,individual_review|exclude_non_dentist_category|include_dental_provider,
Dental clinic|Doctor,automatic_include|needs_category_review,include|manual_review,focused_category_conflict,include_dental_provider,at least one observed category has a frozen include rule,1,Modesto_CA_M,Grace Dental of Modesto,,,,,eligibility_review_block:6b8fae0a7f99b363,eligibility_group:b0858f026bb86e7a,singleton_profile,,1,0,0,0,1,1,0,individual_review|exclude_non_dentist_category|include_dental_provider,
Acupuncturist,needs_category_review,unknown,focused_title_evidence,include_dental_provider,dental title signal with no configured include category,1,LA_CA_L,Shafaa Center Integrative Medicine & Dentistry,,,,,eligibility_review_block:6bc9c265f023f817,eligibility_group:eaa7af85211eac46,singleton_profile,,1,0,1,0,1,1,0,individual_review|exclude_non_dentist_category|include_dental_provider,
Medical Center,needs_category_review,manual_review,focused_title_evidence,exclude_non_dentist_category,non-dental title signal with no configured final category rule,1,NYC_NY_L,Midwood Medical Plaza,,,,,eligibility_review_block:6cf9f9bd32248543,eligibility_group:d6a5057259cdd490,singleton_profile,,0,1,0,0,0,1,0,individual_review|exclude_non_dentist_category|include_dental_provider,
Medical clinic,needs_category_review,manual_review,external_evidence_required,,category and title evidence do not support a safe batch suggestion,1,NYC_NY_L,Steve Taranov,,,,,eligibility_review_block:6e5d45e8df0dc5bb,eligibility_group:504917ff371eb69d,singleton_profile,,0,0,0,0,0,1,0,individual_review|exclude_non_dentist_category|include_dental_provider,
Medical clinic,needs_category_review,manual_review,external_evidence_required,,category and title evidence do not support a safe batch suggestion,1,NYC_NY_L,Dr. Lawrence Weiss,,,,,eligibility_review_block:6f6fe3623feb01f7,eligibility_group:504917ff371eb69d,singleton_profile,,0,0,0,0,1,1,0,individual_review|exclude_non_dentist_category|include_dental_provider,
Nursing home,needs_category_review,unknown,external_evidence_required,,category and title evidence do not support a safe batch suggestion,1,NYC_NY_L,Meadow Park Rehab & Healthcare,,,,,eligibility_review_block:6f72609514868811,eligibility_group:0ec14e66a4663c8f,singleton_profile,,0,0,1,0,1,1,0,individual_review|exclude_non_dentist_category|include_dental_provider,
Medical clinic,needs_category_review,manual_review,external_evidence_required,,category and title evidence do not support a safe batch suggestion,1,Eureka_CA_S,Eureka Health Center- United Indian Health Services,,,,,eligibility_review_block:6f8050add09e52aa,eligibility_group:504917ff371eb69d,singleton_profile,,0,0,0,0,1,1,0,individual_review|exclude_non_dentist_category|include_dental_provider,
Medical clinic,needs_category_review,manual_review,external_evidence_required,,category and title evidence do not support a safe batch suggestion,1,NYC_NY_L,Queens Audiology PLLC,,,,,eligibility_review_block:7267602f470246f5,eligibility_group:504917ff371eb69d,singleton_profile,,0,0,0,0,1,1,0,individual_review|exclude_non_dentist_category|include_dental_provider,
Dental hygienist|Pediatric dentist,automatic_include|needs_category_review,exclude|include,focused_category_conflict,include_dental_provider,at least one observed category has a frozen include rule,1,Buffalo_NY_L,Humiston Bridget,,,,,eligibility_review_block:7271c7b768bc638d,eligibility_group:705b6e7d13b84d1a,singleton_profile,,0,0,0,0,0,1,0,individual_review|exclude_non_dentist_category|include_dental_provider,
Bank,needs_category_review,unknown,external_evidence_required,,category and title evidence do not support a safe batch suggestion,1,NYC_NY_L,Richter & Co Inc,,,,,eligibility_review_block:732e0898d029cc8f,eligibility_group:f471df0293731a06,singleton_profile,,0,0,1,0,0,1,0,individual_review|exclude_non_dentist_category|include_dental_provider,
Skin care clinic,needs_category_review,unknown,external_evidence_required,,category and title evidence do not support a safe batch suggestion,1,LA_CA_L,Affinity Cosmetic Center,,,,,eligibility_review_block:73a856afb4f0d983,eligibility_group:7a6b4d7abd08fee8,singleton_profile,,0,0,1,0,1,1,0,individual_review|exclude_non_dentist_category|include_dental_provider,
Medical clinic,needs_category_review,manual_review,focused_title_evidence,exclude_non_dentist_category,non-dental title signal with no configured final category rule,1,LA_CA_L,La Paz Medical Group,,,,,eligibility_review_block:74ea05d8f7743397,eligibility_group:525c831a331b438e,singleton_profile,,0,1,0,0,1,1,0,individual_review|exclude_non_dentist_category|include_dental_provider,
Doctor,needs_category_review,manual_review,external_evidence_required,,category and title evidence do not support a safe batch suggestion,1,NYC_NY_L,"VisoDent NYC - Teeth whitening, Invisalign, Aesthetics clinic",,,,,eligibility_review_block:761ecb78576ac102,eligibility_group:5721d7584f64bb4b,singleton_profile,,0,0,0,0,1,1,0,individual_review|exclude_non_dentist_category|include_dental_provider,
Emergency veterinarian service,needs_category_review,unknown,focused_category_evidence,exclude_non_dentist_category,unconfigured category identifies an auxiliary or non-provider business,1,NYC_NY_L,URvet Care - Upper East Side NYC,,,,,eligibility_review_block:76b152b240c22525,eligibility_group:2073a0e934c168e6,singleton_profile,,0,0,1,1,1,1,0,individual_review|exclude_non_dentist_category|include_dental_provider,
Medical clinic,needs_category_review,manual_review,focused_title_evidence,exclude_non_dentist_category,non-dental title signal with no configured final category rule,1,NYC_NY_L,Sunrise Pediatrics,,,,,eligibility_review_block:773484086f3124c3,eligibility_group:525c831a331b438e,singleton_profile,,0,1,0,0,0,1,0,individual_review|exclude_non_dentist_category|include_dental_provider,
Medical clinic,needs_category_review,manual_review,external_evidence_required,,category and title evidence do not support a safe batch suggestion,1,NYC_NY_L,Dr. Rakesh Khilwani,,,,,eligibility_review_block:77df7f5ce749b192,eligibility_group:504917ff371eb69d,singleton_profile,,0,0,0,0,0,1,0,individual_review|exclude_non_dentist_category|include_dental_provider,
Medical equipment supplier,needs_category_review,unknown,external_evidence_required,,category and title evidence do not support a safe batch suggestion,1,LA_CA_L,Neobiotech USA,,,,,eligibility_review_block:787b501f5bf87685,eligibility_group:e254853096c923f9,singleton_profile,,0,0,1,0,1,1,0,individual_review|exclude_non_dentist_category|include_dental_provider,
Dental clinic|Medical clinic,automatic_include|needs_category_review,include|manual_review,focused_category_conflict,include_dental_provider,at least one observed category has a frozen include rule,1,NYC_NY_L,3CK Complete Health & Family Dentistry,,,,,eligibility_review_block:78b0d96b424d0c50,eligibility_group:b5100c3d9e0ccdcb,singleton_profile,,1,0,0,0,0,1,0,individual_review|exclude_non_dentist_category|include_dental_provider,
Medical clinic,needs_category_review,manual_review,focused_title_evidence,include_dental_provider,dental title signal with no configured include category,1,NYC_NY_L,"Dr. Kamran Foroughi, DDS",,,,,eligibility_review_block:790c36fa14962ae5,eligibility_group:3a576676bc82902a,singleton_profile,,1,0,0,0,1,1,0,individual_review|exclude_non_dentist_category|include_dental_provider,
Medical clinic,needs_category_review,manual_review,external_evidence_required,,category and title evidence do not support a safe batch suggestion,1,Macon_GA_M,Macon Volunteer Clinic,,,,,eligibility_review_block:791b53455ab73cba,eligibility_group:504917ff371eb69d,singleton_profile,,0,0,0,0,1,1,0,individual_review|exclude_non_dentist_category|include_dental_provider,
Doctor,needs_category_review,manual_review,focused_title_evidence,include_dental_provider,dental title signal with no configured include category,1,SanFrancisco_CA_L,"Raul A. Montalvo, DDS",,,,,eligibility_review_block:7935e4b41b3cca37,eligibility_group:933ded2705f84074,singleton_profile,,1,0,0,0,1,1,0,individual_review|exclude_non_dentist_category|include_dental_provider,
Community health center,needs_category_review,manual_review,external_evidence_required,,category and title evidence do not support a safe batch suggestion,1,LA_CA_L,Watts Healthcare - Watts Health Center,,,,,eligibility_review_block:7a29ede9493a7d8c,eligibility_group:75eedbc19c8622b7,singleton_profile,,0,0,0,0,1,1,0,individual_review|exclude_non_dentist_category|include_dental_provider,
Medical clinic,needs_category_review,manual_review,focused_title_evidence,exclude_non_dentist_category,non-dental title signal with no configured final category rule,1,LA_CA_L,Samaritana Medical Clinic - Alvarado,,,,,eligibility_review_block:7ab28d67ece161bd,eligibility_group:525c831a331b438e,singleton_profile,,0,1,0,0,1,1,0,individual_review|exclude_non_dentist_category|include_dental_provider,
Medical clinic,needs_category_review,manual_review,external_evidence_required,,category and title evidence do not support a safe batch suggestion,1,LA_CA_L,Dr. Fouy Chau,,,,,eligibility_review_block:7b15ab25d1c44c08,eligibility_group:504917ff371eb69d,singleton_profile,,0,0,0,0,0,0,1,individual_review|exclude_non_dentist_category|include_dental_provider,
Manufacturer,needs_category_review,unknown,focused_category_evidence,exclude_non_dentist_category,unconfigured category identifies an auxiliary or non-provider business,1,Buffalo_NY_L,"Ivoclar Vivadent, Inc.",,,,,eligibility_review_block:7baf1bf3f7845bb8,eligibility_group:96cb5028b66511b9,singleton_profile,,0,0,1,1,1,1,0,individual_review|exclude_non_dentist_category|include_dental_provider,
Speech pathologist,needs_category_review,unknown,focused_title_evidence,include_dental_provider,dental title signal with no configured include category,1,NYC_NY_L,Taylor Judy a DDS,,,,,eligibility_review_block:7bcf7ac22b6f30a1,eligibility_group:6fc56a4974e7ffc2,singleton_profile,,1,0,1,0,0,1,0,individual_review|exclude_non_dentist_category|include_dental_provider,
Medical clinic,needs_category_review,manual_review,external_evidence_required,,category and title evidence do not support a safe batch suggestion,1,NYC_NY_L,Park Avenue Neurology & Sleep,,,,,eligibility_review_block:7c7ee287e64f0031,eligibility_group:504917ff371eb69d,singleton_profile,,0,0,0,0,0,1,0,individual_review|exclude_non_dentist_category|include_dental_provider,
Hospital,needs_category_review,unknown,external_evidence_required,,category and title evidence do not support a safe batch suggestion,1,Augusta_GA_L,VA Downtown Division,,,,,eligibility_review_block:7cbbc7672ac0742d,eligibility_group:7a6fb05b52cfaa84,singleton_profile,,0,0,1,0,1,1,0,individual_review|exclude_non_dentist_category|include_dental_provider,
Medical clinic|Pediatric dentist,automatic_include|needs_category_review,include|manual_review,focused_category_conflict,include_dental_provider,at least one observed category has a frozen include rule,1,NYC_NY_L,"Darryl Wu, DDS/",,,,,eligibility_review_block:7d208ec37608b83d,eligibility_group:314f9fea485411aa,singleton_profile,,1,0,0,0,1,1,0,individual_review|exclude_non_dentist_category|include_dental_provider,
General practitioner,needs_category_review,unknown,focused_title_evidence,include_dental_provider,dental title signal with no configured include category,1,LA_CA_L,Mark Wienberg DDS,,,,,eligibility_review_block:7d63f4b2365b8618,eligibility_group:2897f4835d55a24e,singleton_profile,,1,0,1,0,1,1,0,individual_review|exclude_non_dentist_category|include_dental_provider,
Sleep clinic,needs_category_review,unknown,external_evidence_required,,category and title evidence do not support a safe batch suggestion,1,LA_CA_L,Encino Center for Sleep and TMJ Disorders,,,,,eligibility_review_block:7ebf7025ccbbcdfd,eligibility_group:d73fe04c4858867b,singleton_profile,,0,0,1,0,1,1,0,individual_review|exclude_non_dentist_category|include_dental_provider,
Medical Center,needs_category_review,manual_review,external_evidence_required,,category and title evidence do not support a safe batch suggestion,1,Augusta_GA_L,Shifa Care Clinic,,,,,eligibility_review_block:7fbbaf9a644ab9be,eligibility_group:b070ffeb7e138d00,singleton_profile,,0,0,0,0,1,1,0,individual_review|exclude_non_dentist_category|include_dental_provider,
Animal hospital,needs_category_review,unknown,focused_category_evidence,exclude_non_dentist_category,unconfigured category identifies an auxiliary or non-provider business,1,Macon_GA_M,Hudspeth Animal Hospital,,,,,eligibility_review_block:82168cd18f5de654,eligibility_group:d1bdc0276582982d,singleton_profile,,0,1,1,1,1,1,0,individual_review|exclude_non_dentist_category|include_dental_provider,
Medical clinic,needs_category_review,manual_review,external_evidence_required,,category and title evidence do not support a safe batch suggestion,1,LA_CA_L,Comprehensive Community Health Centers - CCHC Glendale,,,,,eligibility_review_block:827d8844f8496075,eligibility_group:504917ff371eb69d,singleton_profile,,0,0,0,0,1,1,0,individual_review|exclude_non_dentist_category|include_dental_provider,
Plastic surgeon,needs_category_review,unknown,focused_title_evidence,include_dental_provider,dental title signal with no configured include category,1,NYC_NY_L,Tooth Preventive Dental,,,,,eligibility_review_block:82a913c6c7df5028,eligibility_group:ddca1ad33db9248e,singleton_profile,,1,0,1,0,1,1,0,individual_review|exclude_non_dentist_category|include_dental_provider,
Shopping mall,needs_category_review,unknown,external_evidence_required,,category and title evidence do not support a safe batch suggestion,1,LA_CA_L,POLY PLAZA,,,,,eligibility_review_block:84024fdd1b906b78,eligibility_group:a610b283ab567286,singleton_profile,,0,0,1,0,0,0,1,individual_review|exclude_non_dentist_category|include_dental_provider,
Medical clinic,needs_category_review,manual_review,external_evidence_required,,category and title evidence do not support a safe batch suggestion,1,Atlanta_GA_L,Georgia State University Student Clinic,,,,,eligibility_review_block:848929f859c17027,eligibility_group:504917ff371eb69d,singleton_profile,,0,0,0,0,1,1,0,individual_review|exclude_non_dentist_category|include_dental_provider,
Medical clinic,needs_category_review,manual_review,external_evidence_required,,category and title evidence do not support a safe batch suggestion,1,LA_CA_L,KCS Health Center - Orangethorpe,,,,,eligibility_review_block:84d5cfec82085514,eligibility_group:504917ff371eb69d,singleton_profile,,0,0,0,0,1,1,0,individual_review|exclude_non_dentist_category|include_dental_provider,
Medical clinic,needs_category_review,manual_review,external_evidence_required,,category and title evidence do not support a safe batch suggestion,1,LA_CA_L,Endoscopy Center At Skypark,,,,,eligibility_review_block:85379a70dc451991,eligibility_group:504917ff371eb69d,singleton_profile,,0,0,0,0,1,1,0,individual_review|exclude_non_dentist_category|include_dental_provider,
Health consultant,needs_category_review,unknown,external_evidence_required,,category and title evidence do not support a safe batch suggestion,1,SanFrancisco_CA_L,Envoy Health,,,,,eligibility_review_block:86ab1347f293960d,eligibility_group:9b7c162f3e96d8ac,singleton_profile,,0,0,1,0,1,1,0,individual_review|exclude_non_dentist_category|include_dental_provider,
Radiologist,needs_category_review,unknown,focused_title_evidence,include_dental_provider,dental title signal with no configured include category,1,NYC_NY_L,"King Chong Chan, DMD",,,,,eligibility_review_block:86db2b541b44ffad,eligibility_group:24b84cf81d363dd1,singleton_profile,,1,0,1,0,1,1,0,individual_review|exclude_non_dentist_category|include_dental_provider,
Medical Center,needs_category_review,manual_review,external_evidence_required,,category and title evidence do not support a safe batch suggestion,1,NYC_NY_L,Charles B. Wang Community Health Center,,,,,eligibility_review_block:879034564dc36aae,eligibility_group:b070ffeb7e138d00,singleton_profile,,0,0,0,0,1,1,0,individual_review|exclude_non_dentist_category|include_dental_provider,
Medical clinic,needs_category_review,manual_review,external_evidence_required,,category and title evidence do not support a safe batch suggestion,1,LA_CA_L,Venice Family Clinic - Simms/Mann Health Ctr,,,,,eligibility_review_block:89092459c850517d,eligibility_group:504917ff371eb69d,singleton_profile,,0,0,0,0,1,1,0,individual_review|exclude_non_dentist_category|include_dental_provider,
Veterinary care,needs_category_review,unknown,focused_category_evidence,exclude_non_dentist_category,unconfigured category identifies an auxiliary or non-provider business,1,Eureka_CA_S,Humboldt Spay/Neuter Clinic,,,,,eligibility_review_block:8934aa7eaec042f5,eligibility_group:7d6616894d81e917,singleton_profile,,0,0,1,1,1,1,0,individual_review|exclude_non_dentist_category|include_dental_provider,
Community health center,needs_category_review,manual_review,external_evidence_required,,category and title evidence do not support a safe batch suggestion,1,Buffalo_NY_L,Jericho Road Community Health Center at Buffalo City Mission,,,,,eligibility_review_block:8941a678d1b3e684,eligibility_group:75eedbc19c8622b7,singleton_profile,,0,0,0,0,1,1,0,individual_review|exclude_non_dentist_category|include_dental_provider,
Community health center,needs_category_review,manual_review,external_evidence_required,,category and title evidence do not support a safe batch suggestion,2,LA_CA_L,Saban Community Clinic || Saban Community Clinic - Virgil,,,,,eligibility_review_block:89684b9e92614157,eligibility_group:75eedbc19c8622b7,shared_domain_within_category_group,www.sabancommunityclinic.org,0,0,0,0,2,2,0,individual_review|exclude_non_dentist_category|include_dental_provider,
Alternative medicine practitioner,needs_category_review,unknown,external_evidence_required,,category and title evidence do not support a safe batch suggestion,1,LA_CA_L,Mundrugstore,,,,,eligibility_review_block:89b8b4dabb24bec0,eligibility_group:b5ae80e5ad7cea6d,singleton_profile,,0,0,1,0,0,1,0,individual_review|exclude_non_dentist_category|include_dental_provider,
Sleep clinic,needs_category_review,unknown,focused_title_evidence,include_dental_provider,dental title signal with no configured include category,1,NYC_NY_L,Long Island Dental Sleep Medicine,,,,,eligibility_review_block:8a4ca4e0033cfcc4,eligibility_group:d16e42946397b3ed,singleton_profile,,1,0,1,0,1,1,0,individual_review|exclude_non_dentist_category|include_dental_provider,
Pediatric ophthalmologist,needs_category_review,unknown,external_evidence_required,,category and title evidence do not support a safe batch suggestion,1,NYC_NY_L,Center for Hemifacial Microsomia and Ear Deformities,,,,,eligibility_review_block:8a887994f814d1e9,eligibility_group:2e00f425af73d508,singleton_profile,,0,0,1,0,1,1,0,individual_review|exclude_non_dentist_category|include_dental_provider,
Sleep clinic,needs_category_review,unknown,external_evidence_required,,category and title evidence do not support a safe batch suggestion,1,NYC_NY_L,Restful Sleep Solution,,,,,eligibility_review_block:8ae10c691fbd5a9e,eligibility_group:d73fe04c4858867b,singleton_profile,,0,0,1,0,1,1,0,individual_review|exclude_non_dentist_category|include_dental_provider,
Dental school,needs_category_review,unknown,focused_category_evidence,exclude_non_dentist_category,unconfigured category identifies an auxiliary or non-provider business,1,NYC_NY_L,New York University College of Dentistry,,,,,eligibility_review_block:8ae3ebccef454414,eligibility_group:03aabea56f3fd971,singleton_profile,,1,1,1,1,1,1,0,individual_review|exclude_non_dentist_category|include_dental_provider,
Housing society,needs_category_review,unknown,focused_title_evidence,include_dental_provider,dental title signal with no configured include category,1,Eureka_CA_S,Wonenberg Brett DDS,,,,,eligibility_review_block:8b8b86d9966e8c67,eligibility_group:fdbeba08ad1ee9f8,singleton_profile,,1,0,1,0,0,1,0,individual_review|exclude_non_dentist_category|include_dental_provider,
Research foundation,needs_category_review,unknown,focused_category_evidence,exclude_non_dentist_category,unconfigured category identifies an auxiliary or non-provider business,1,NYC_NY_L,Park Dental Research Corporation,,,,,eligibility_review_block:8be9425ce3c720f5,eligibility_group:47e685e7f3898679,singleton_profile,,1,0,1,1,1,1,0,individual_review|exclude_non_dentist_category|include_dental_provider,
Medical clinic,needs_category_review,manual_review,external_evidence_required,,category and title evidence do not support a safe batch suggestion,1,NYC_NY_L,Urban Health Plan,,,,,eligibility_review_block:8c56a146890145f2,eligibility_group:504917ff371eb69d,singleton_profile,,0,0,0,0,1,1,0,individual_review|exclude_non_dentist_category|include_dental_provider,
Veterinarian,needs_category_review,unknown,focused_category_evidence,exclude_non_dentist_category,unconfigured category identifies an auxiliary or non-provider business,1,Atlanta_GA_L,Atlanta Veterinary Dentistry,,,,,eligibility_review_block:8c6d2956d67f4ec5,eligibility_group:33340ba2db18c2ad,singleton_profile,,1,1,1,1,1,1,0,individual_review|exclude_non_dentist_category|include_dental_provider,
Dental school,needs_category_review,unknown,focused_category_evidence,exclude_non_dentist_category,unconfigured category identifies an auxiliary or non-provider business,1,Augusta_GA_L,Dental College of Georgia,,,,,eligibility_review_block:8cae2b3fb4cd7bdf,eligibility_group:03aabea56f3fd971,singleton_profile,,1,1,1,1,1,1,0,individual_review|exclude_non_dentist_category|include_dental_provider,
Dental clinic|Dentist|Medical clinic,automatic_include|needs_category_review,include|manual_review,focused_category_conflict,include_dental_provider,at least one observed category has a frozen include rule,1,Augusta_GA_L,Christ Community Health Olde Town,,,,,eligibility_review_block:8d4ecce98325922e,eligibility_group:4a328709832d8373,singleton_profile,,0,0,0,0,1,1,0,individual_review|exclude_non_dentist_category|include_dental_provider,
University,needs_category_review,unknown,focused_title_evidence,include_dental_provider,dental title signal with no configured include category,1,Buffalo_NY_L,UB Dental Clinic,,,,,eligibility_review_block:8d734675672b2814,eligibility_group:ac8e4225d949620f,singleton_profile,,1,0,1,0,1,1,0,individual_review|exclude_non_dentist_category|include_dental_provider,
Medical clinic,needs_category_review,manual_review,external_evidence_required,,category and title evidence do not support a safe batch suggestion,1,Buffalo_NY_L,Good Neighbors Health Care,,,,,eligibility_review_block:8e804d2e1514eb69,eligibility_group:504917ff371eb69d,singleton_profile,,0,0,0,0,1,1,0,individual_review|exclude_non_dentist_category|include_dental_provider,
Medical clinic,needs_category_review,manual_review,external_evidence_required,,category and title evidence do not support a safe batch suggestion,1,SanFrancisco_CA_L,Native American Health Center - 160 Capp St,,,,,eligibility_review_block:8eb204c9b069280e,eligibility_group:504917ff371eb69d,singleton_profile,,0,0,0,0,1,1,0,individual_review|exclude_non_dentist_category|include_dental_provider,
Medical clinic,needs_category_review,manual_review,external_evidence_required,,category and title evidence do not support a safe batch suggestion,1,LA_CA_L,"Mission City Community Network, Inc - North Hills",,,,,eligibility_review_block:8f83604a46ab74d8,eligibility_group:504917ff371eb69d,singleton_profile,,0,0,0,0,1,1,0,individual_review|exclude_non_dentist_category|include_dental_provider,
Hospital,needs_category_review,unknown,focused_title_evidence,exclude_non_dentist_category,non-dental title signal with no configured final category rule,1,Syracuse_NY_M,St. Joseph's Health Hospital,,,,,eligibility_review_block:8fb67e439c1d9a22,eligibility_group:cce893253d25bbe4,singleton_profile,,0,1,1,0,1,1,0,individual_review|exclude_non_dentist_category|include_dental_provider,
STD clinic,needs_category_review,unknown,external_evidence_required,,category and title evidence do not support a safe batch suggestion,1,Atlanta_GA_L,Ponce De Leon Center,,,,,eligibility_review_block:91500f742546c595,eligibility_group:3850dec87c574304,singleton_profile,,0,0,1,0,1,1,0,individual_review|exclude_non_dentist_category|include_dental_provider,
Surgical center,needs_category_review,manual_review,focused_title_evidence,include_dental_provider,dental title signal with no configured include category,1,NYC_NY_L,"Sol D. Haber, DDS",,,,,eligibility_review_block:91ca2380d35d3566,eligibility_group:cd7c905ec844ba9b,singleton_profile,,1,0,0,0,1,1,0,individual_review|exclude_non_dentist_category|include_dental_provider,
Community health center,needs_category_review,manual_review,external_evidence_required,,category and title evidence do not support a safe batch suggestion,1,LA_CA_L,Clinicas Newbury Park Health Center,,,,,eligibility_review_block:92585a739ae9d706,eligibility_group:75eedbc19c8622b7,singleton_profile,,0,0,0,0,1,1,0,individual_review|exclude_non_dentist_category|include_dental_provider,
Health insurance agency,needs_category_review,unknown,focused_category_evidence,exclude_non_dentist_category,unconfigured category identifies an auxiliary or non-provider business,1,Modesto_CA_M,Health Plan of San Joaquin,,,,,eligibility_review_block:9280573b17f7b52d,eligibility_group:038e10c5e6f8567c,singleton_profile,,0,0,1,1,1,1,0,individual_review|exclude_non_dentist_category|include_dental_provider,
Medical clinic,needs_category_review,manual_review,external_evidence_required,,category and title evidence do not support a safe batch suggestion,1,LA_CA_L,Kheir Clinic Suite 120,,,,,eligibility_review_block:92d8a1d1ce5ca255,eligibility_group:504917ff371eb69d,singleton_profile,,0,0,0,0,1,1,0,individual_review|exclude_non_dentist_category|include_dental_provider,
Shopping mall,needs_category_review,unknown,external_evidence_required,,category and title evidence do not support a safe batch suggestion,1,LA_CA_L,Foster Mall,,,,,eligibility_review_block:932b150e4e68c68d,eligibility_group:a610b283ab567286,singleton_profile,,0,0,1,0,0,1,0,individual_review|exclude_non_dentist_category|include_dental_provider,
Community health center,needs_category_review,manual_review,external_evidence_required,,category and title evidence do not support a safe batch suggestion,1,SanFrancisco_CA_L,NEMS PACE San Francisco Chinatown Center,,,,,eligibility_review_block:96aff60da7afb43a,eligibility_group:75eedbc19c8622b7,singleton_profile,,0,0,0,0,1,1,0,individual_review|exclude_non_dentist_category|include_dental_provider,
Plastic surgeon,needs_category_review,unknown,external_evidence_required,,category and title evidence do not support a safe batch suggestion,1,LA_CA_L,Stepanyan Surgical Arts Center,,,,,eligibility_review_block:9720555d6a8d1468,eligibility_group:ad9d7cea6cadeae3,singleton_profile,,0,0,1,0,1,1,0,individual_review|exclude_non_dentist_category|include_dental_provider,
Medical group,needs_category_review,manual_review,external_evidence_required,,category and title evidence do not support a safe batch suggestion,1,NYC_NY_L,Virtual House Call Docs NYC,,,,,eligibility_review_block:97c82299835b1616,eligibility_group:a7d77b97fc90c3df,singleton_profile,,0,0,0,0,0,1,0,individual_review|exclude_non_dentist_category|include_dental_provider,
Denture care center,needs_category_review,unknown,focused_title_evidence,include_dental_provider,dental title signal with no configured include category,1,LA_CA_L,Urgent Care Dentist 24/7,,,,,eligibility_review_block:982c0640273abbbd,eligibility_group:e2e1c692637d4bf7,singleton_profile,,1,0,1,0,0,1,0,individual_review|exclude_non_dentist_category|include_dental_provider,
Dentist|Denture care center|Periodontist,automatic_include|needs_category_review,include|unknown,focused_category_conflict,include_dental_provider,at least one observed category has a frozen include rule,1,Buffalo_NY_L,Buffalo Denture Care Services,,,,,eligibility_review_block:98dd77e0092e07bf,eligibility_group:b728695d69854e02,singleton_profile,,0,0,1,0,0,1,0,individual_review|exclude_non_dentist_category|include_dental_provider,
Herbalist,needs_category_review,unknown,external_evidence_required,,category and title evidence do not support a safe batch suggestion,1,Buffalo_NY_L,CurlyJanes Crystal Rose,,,,,eligibility_review_block:98f404512480c445,eligibility_group:4ba8b77a4528c354,singleton_profile,,0,0,1,0,1,0,0,individual_review|exclude_non_dentist_category|include_dental_provider,
Medical clinic,needs_category_review,manual_review,external_evidence_required,,category and title evidence do not support a safe batch suggestion,1,Buffalo_NY_L,City Smiles,,,,,eligibility_review_block:993c355ef4785fad,eligibility_group:504917ff371eb69d,singleton_profile,,0,0,0,0,0,1,0,individual_review|exclude_non_dentist_category|include_dental_provider,
Surgical center,needs_category_review,manual_review,focused_title_evidence,include_dental_provider,dental title signal with no configured include category,1,LA_CA_L,Burbank Oral & Maxillofacial Surgery,,,,,eligibility_review_block:9a1b5b872efc0bd0,eligibility_group:cd7c905ec844ba9b,singleton_profile,,1,0,0,0,1,1,0,individual_review|exclude_non_dentist_category|include_dental_provider,
Sleep clinic,needs_category_review,unknown,external_evidence_required,,category and title evidence do not support a safe batch suggestion,1,NYC_NY_L,SleepWell Orthotics,,,,,eligibility_review_block:9a78754eb6133ea8,eligibility_group:d73fe04c4858867b,singleton_profile,,0,0,1,0,1,1,0,individual_review|exclude_non_dentist_category|include_dental_provider,
Social services organization,needs_category_review,unknown,external_evidence_required,,category and title evidence do not support a safe batch suggestion,1,NYC_NY_L,"Antonia Sarris, LCSW",,,,,eligibility_review_block:9aa85c1c3f27d980,eligibility_group:62fd405f34bcf5e4,singleton_profile,,0,0,1,0,1,1,0,individual_review|exclude_non_dentist_category|include_dental_provider,
Medical clinic,needs_category_review,manual_review,focused_title_evidence,exclude_non_dentist_category,non-dental title signal with no configured final category rule,1,Modesto_CA_M,Golden Valley Health Centers—Medical Clinic,,,,,eligibility_review_block:9b1137600a4bfa8c,eligibility_group:525c831a331b438e,singleton_profile,,0,1,0,0,1,1,0,individual_review|exclude_non_dentist_category|include_dental_provider,
Medical clinic,needs_category_review,manual_review,external_evidence_required,,category and title evidence do not support a safe batch suggestion,1,NYC_NY_L,Dr. Opal Goodridge,,,,,eligibility_review_block:9b6841e82e39baad,eligibility_group:504917ff371eb69d,singleton_profile,,0,0,0,0,0,1,0,individual_review|exclude_non_dentist_category|include_dental_provider,
Health and beauty shop,needs_category_review,unknown,external_evidence_required,,category and title evidence do not support a safe batch suggestion,1,Buffalo_NY_L,Smile Direct Club,,,,,eligibility_review_block:9bcc91b45e04eebf,eligibility_group:8ab421eda41309f2,singleton_profile,,0,0,1,0,0,1,0,individual_review|exclude_non_dentist_category|include_dental_provider,
Immigration attorney,needs_category_review,unknown,external_evidence_required,,category and title evidence do not support a safe batch suggestion,1,Buffalo_NY_L,Richards and Jurusik Immigration Lawyers,,,,,eligibility_review_block:9c0cf569b6e7adc4,eligibility_group:ea5d31a9418eb3d1,singleton_profile,,0,0,1,0,1,1,0,individual_review|exclude_non_dentist_category|include_dental_provider,
Medical clinic,needs_category_review,manual_review,external_evidence_required,,category and title evidence do not support a safe batch suggestion,1,NYC_NY_L,Dr. Michael Yeung,,,,,eligibility_review_block:9c5051e5fa7e4f07,eligibility_group:504917ff371eb69d,singleton_profile,,0,0,0,0,0,1,0,individual_review|exclude_non_dentist_category|include_dental_provider,
Medical clinic,needs_category_review,manual_review,focused_title_evidence,exclude_non_dentist_category,non-dental title signal with no configured final category rule,1,NYC_NY_L,James Weldon Johnson School-Based Health Center,,,,,eligibility_review_block:9cac0dd885fab5d1,eligibility_group:525c831a331b438e,singleton_profile,,0,1,0,0,1,1,0,individual_review|exclude_non_dentist_category|include_dental_provider,
Business to business service,needs_category_review,unknown,external_evidence_required,,category and title evidence do not support a safe batch suggestion,1,LA_CA_L,"InterDent, Inc.",,,,,eligibility_review_block:9d5ca6e1f78928ea,eligibility_group:4e65f218b0c2f72b,singleton_profile,,0,0,1,0,1,1,0,individual_review|exclude_non_dentist_category|include_dental_provider,
Medical clinic,needs_category_review,manual_review,external_evidence_required,,category and title evidence do not support a safe batch suggestion,2,NYC_NY_L,Community Healthcare Network – Williamsburg || Community Healthcare Network- Sutphin Boulevard,,,,,eligibility_review_block:9d918db41789d360,eligibility_group:504917ff371eb69d,shared_domain_within_category_group,www.chnnyc.org,0,0,0,0,2,2,0,individual_review|exclude_non_dentist_category|include_dental_provider,
Denture care center,needs_category_review,unknown,external_evidence_required,,category and title evidence do not support a safe batch suggestion,1,LA_CA_L,Denture Repair and Implants,,,,,eligibility_review_block:9e9f3d1af8aaf08b,eligibility_group:fe4a0b2a99a6e2f0,singleton_profile,,0,0,1,0,0,0,1,individual_review|exclude_non_dentist_category|include_dental_provider,
Medical clinic,needs_category_review,manual_review,external_evidence_required,,category and title evidence do not support a safe batch suggestion,1,LA_CA_L,White Memorial Community Health Center - Plaza III,,,,,eligibility_review_block:9f9d425a519b3050,eligibility_group:504917ff371eb69d,singleton_profile,,0,0,0,0,1,1,0,individual_review|exclude_non_dentist_category|include_dental_provider,
Medical clinic,needs_category_review,manual_review,external_evidence_required,,category and title evidence do not support a safe batch suggestion,1,NYC_NY_L,Damian Family Health Center,,,,,eligibility_review_block:9fcc6059181e7067,eligibility_group:504917ff371eb69d,singleton_profile,,0,0,0,0,1,1,0,individual_review|exclude_non_dentist_category|include_dental_provider,
Medical clinic,needs_category_review,manual_review,external_evidence_required,,category and title evidence do not support a safe batch suggestion,1,LA_CA_L,Valley Community Healthcare,,,,,eligibility_review_block:a0f3be8b669e721f,eligibility_group:504917ff371eb69d,singleton_profile,,0,0,0,0,1,1,0,individual_review|exclude_non_dentist_category|include_dental_provider,
Surgical center,needs_category_review,manual_review,focused_title_evidence,include_dental_provider,dental title signal with no configured include category,1,LA_CA_L,Southern California Oral & Maxillofacial Surgical Arts,,,,,eligibility_review_block:a1845a5617dd64d6,eligibility_group:cd7c905ec844ba9b,singleton_profile,,1,0,0,0,1,1,0,individual_review|exclude_non_dentist_category|include_dental_provider,
Dental clinic|Doctor|Medical Center,automatic_include|needs_category_review,include|manual_review,focused_category_conflict,include_dental_provider,at least one observed category has a frozen include rule,1,Buffalo_NY_L,"Community Health Center of Buffalo, Inc.",,,,,eligibility_review_block:a18fa85e5945e163,eligibility_group:b6cac6a6ad4fd119,singleton_profile,,0,0,0,0,1,1,0,individual_review|exclude_non_dentist_category|include_dental_provider,
Animal hospital,needs_category_review,unknown,focused_category_evidence,exclude_non_dentist_category,unconfigured category identifies an auxiliary or non-provider business,1,Eureka_CA_S,Broadway Animal Hospital,,,,,eligibility_review_block:a1ba8e8cf427530a,eligibility_group:d1bdc0276582982d,singleton_profile,,0,1,1,1,1,1,0,individual_review|exclude_non_dentist_category|include_dental_provider,
Pathologist,needs_category_review,unknown,external_evidence_required,,category and title evidence do not support a safe batch suggestion,1,SanFrancisco_CA_L,"Richard Jordan, D.D.S.",,,,,eligibility_review_block:a1d0e6e5db16a891,eligibility_group:bfea3f9b8ddbece7,singleton_profile,,0,0,1,0,1,1,0,individual_review|exclude_non_dentist_category|include_dental_provider,
Appliance store,needs_category_review,unknown,external_evidence_required,,category and title evidence do not support a safe batch suggestion,1,LA_CA_L,Appliance Therapy Group,,,,,eligibility_review_block:a279597c1f1bcfba,eligibility_group:b3f2ea68ed102628,singleton_profile,,0,0,1,0,0,1,0,individual_review|exclude_non_dentist_category|include_dental_provider,
Denture care center,needs_category_review,unknown,focused_title_evidence,include_dental_provider,dental title signal with no configured include category,1,NYC_NY_L,All Dental Technology,,,,,eligibility_review_block:a45385ec6965d4ab,eligibility_group:e2e1c692637d4bf7,singleton_profile,,1,0,1,0,0,1,0,individual_review|exclude_non_dentist_category|include_dental_provider,
Medical clinic,needs_category_review,manual_review,external_evidence_required,,category and title evidence do not support a safe batch suggestion,1,NYC_NY_L,CEC Health Care - Glen Cove,,,,,eligibility_review_block:a54d0e1d436c0292,eligibility_group:504917ff371eb69d,singleton_profile,,0,0,0,0,1,1,0,individual_review|exclude_non_dentist_category|include_dental_provider,
Medical diagnostic imaging center,needs_category_review,unknown,external_evidence_required,,category and title evidence do not support a safe batch suggestion,1,NYC_NY_L,3D Imaging Inc,,,,,eligibility_review_block:a5567b94b567a125,eligibility_group:65504865b22162bd,singleton_profile,,0,0,1,0,0,1,0,individual_review|exclude_non_dentist_category|include_dental_provider,
Surgeon,needs_category_review,unknown,external_evidence_required,,category and title evidence do not support a safe batch suggestion,1,Atlanta_GA_L,Medhanie Berhane,,,,,eligibility_review_block:a6f1f36cba13bcc3,eligibility_group:1a7fe0b72a158684,singleton_profile,,0,0,1,0,0,1,0,individual_review|exclude_non_dentist_category|include_dental_provider,
Medical Center,needs_category_review,manual_review,external_evidence_required,,category and title evidence do not support a safe batch suggestion,1,NYC_NY_L,Children's Aid: Bronx Health Center,,,,,eligibility_review_block:a84adfff126af993,eligibility_group:b070ffeb7e138d00,singleton_profile,,0,0,0,0,1,1,0,individual_review|exclude_non_dentist_category|include_dental_provider,
Medical clinic,needs_category_review,manual_review,focused_title_evidence,exclude_non_dentist_category,non-dental title signal with no configured final category rule,1,NYC_NY_L,Jerome Pediatric PC,,,,,eligibility_review_block:a9109d429b612dc8,eligibility_group:525c831a331b438e,singleton_profile,,0,1,0,0,0,1,0,individual_review|exclude_non_dentist_category|include_dental_provider,
Registered general nurse,needs_category_review,unknown,external_evidence_required,,category and title evidence do not support a safe batch suggestion,1,Macon_GA_M,First Choice Primary Care: Rountree Rhonda MD,,,,,eligibility_review_block:a9e4d4d3b293fb70,eligibility_group:97f57507e4664de1,singleton_profile,,0,0,1,0,1,1,0,individual_review|exclude_non_dentist_category|include_dental_provider,
Medical clinic|Pediatrician,needs_category_review,exclude|manual_review,focused_title_evidence,exclude_non_dentist_category,non-dental title signal with no configured final category rule,1,Augusta_GA_L,Christ Community Health Medical District,,,,,eligibility_review_block:a9e8972f275100e2,eligibility_group:8599b6d2aadfa0b5,singleton_profile,,0,1,0,0,1,1,0,individual_review|exclude_non_dentist_category|include_dental_provider,
Pain management physician,needs_category_review,unknown,focused_title_evidence,include_dental_provider,dental title signal with no configured include category,1,NYC_NY_L,"Dr. Nojan Bakhtiari, DDS - TMJ & Orofacial Pain Specialist",,,,,eligibility_review_block:ab29e110795cd344,eligibility_group:e2269ede4de1d3e3,singleton_profile,,1,0,1,0,1,1,0,individual_review|exclude_non_dentist_category|include_dental_provider,
Dental school,needs_category_review,unknown,focused_category_evidence,exclude_non_dentist_category,unconfigured category identifies an auxiliary or non-provider business,1,SanFrancisco_CA_L,TCP Implant Courses & Live Implant Training,,,,,eligibility_review_block:abe2063b44fdfba5,eligibility_group:03aabea56f3fd971,singleton_profile,,0,1,1,1,1,1,0,individual_review|exclude_non_dentist_category|include_dental_provider,
Sleep clinic,needs_category_review,unknown,focused_title_evidence,include_dental_provider,dental title signal with no configured include category,1,NYC_NY_L,Integrative Dental Wellness and Airway Health at Central Park South,,,,,eligibility_review_block:ac5c437220e7e65e,eligibility_group:d16e42946397b3ed,singleton_profile,,1,0,1,0,1,1,0,individual_review|exclude_non_dentist_category|include_dental_provider,
Medical clinic,needs_category_review,manual_review,external_evidence_required,,category and title evidence do not support a safe batch suggestion,5,NYC_NY_L,Family Health Center of Harlem || Stevenson Family Health Center || The Institute for Family Health at Westchester Square (Open for telehealth) || Urban Horizons Family Health Center || Walton Family Health Center,,,,,eligibility_review_block:ae7b1b62a31a0ab5,eligibility_group:504917ff371eb69d,shared_domain_within_category_group,www.institute.org,0,0,0,0,5,5,0,individual_review|exclude_non_dentist_category|include_dental_provider,
Dental school,needs_category_review,unknown,focused_category_evidence,exclude_non_dentist_category,unconfigured category identifies an auxiliary or non-provider business,1,LA_CA_L,Global Dental Implant Academy,,,,,eligibility_review_block:afd685c8235aa47a,eligibility_group:03aabea56f3fd971,singleton_profile,,1,1,1,1,1,1,0,individual_review|exclude_non_dentist_category|include_dental_provider,
Denture care center,needs_category_review,unknown,external_evidence_required,,category and title evidence do not support a safe batch suggestion,1,LA_CA_L,Best Choice Denture Implants and Repair,,,,,eligibility_review_block:b07f6a619e55d6f2,eligibility_group:fe4a0b2a99a6e2f0,singleton_profile,,0,0,1,0,0,1,0,individual_review|exclude_non_dentist_category|include_dental_provider,
Government office,needs_category_review,unknown,external_evidence_required,,category and title evidence do not support a safe batch suggestion,1,Eureka_CA_S,Partnership Healthplan Of California,,,,,eligibility_review_block:b239fe801ce6031c,eligibility_group:80bfcb676b0ff00e,singleton_profile,,0,0,1,0,1,1,0,individual_review|exclude_non_dentist_category|include_dental_provider,
Alternative medicine practitioner,needs_category_review,unknown,external_evidence_required,,category and title evidence do not support a safe batch suggestion,1,LA_CA_L,Millennium Health Group,,,,,eligibility_review_block:b258b5e8e399eb66,eligibility_group:b5ae80e5ad7cea6d,singleton_profile,,0,0,1,0,1,1,0,individual_review|exclude_non_dentist_category|include_dental_provider,
Medical clinic,needs_category_review,manual_review,focused_title_evidence,include_dental_provider,dental title signal with no configured include category,1,LA_CA_L,DENTAL CLINIC LLC,,,,,eligibility_review_block:b29367ba7e998ead,eligibility_group:3a576676bc82902a,singleton_profile,,1,0,0,0,0,1,0,individual_review|exclude_non_dentist_category|include_dental_provider,
Dental clinic|Dental school,automatic_include|needs_category_review,include|unknown,focused_category_conflict,include_dental_provider,at least one observed category has a frozen include rule,1,Buffalo_NY_L,UB School of Dental Medicine / UB Dental,,,,,eligibility_review_block:b2c637f293518509,eligibility_group:94aed6377fd0b11e,singleton_profile,,1,1,1,1,1,1,0,individual_review|exclude_non_dentist_category|include_dental_provider,
Rehabilitation center,needs_category_review,unknown,external_evidence_required,,category and title evidence do not support a safe batch suggestion,1,NYC_NY_L,Aquatic Rehabilitation Center,,,,,eligibility_review_block:b3fc68bf30ec615c,eligibility_group:6b0bfdb18f3e8f3d,singleton_profile,,0,0,1,0,1,1,0,individual_review|exclude_non_dentist_category|include_dental_provider,
Medical clinic,needs_category_review,manual_review,focused_title_evidence,exclude_non_dentist_category,non-dental title signal with no configured final category rule,1,LA_CA_L,Vistasol Medical Group,,,,,eligibility_review_block:b4f8025fc6a35ed4,eligibility_group:525c831a331b438e,singleton_profile,,0,1,0,0,1,1,0,individual_review|exclude_non_dentist_category|include_dental_provider,
Medical clinic,needs_category_review,manual_review,external_evidence_required,,category and title evidence do not support a safe batch suggestion,1,LA_CA_L,TC Clinic,,,,,eligibility_review_block:b5017a9567967f01,eligibility_group:504917ff371eb69d,singleton_profile,,0,0,0,0,1,1,0,individual_review|exclude_non_dentist_category|include_dental_provider,
Medical Center,needs_category_review,manual_review,external_evidence_required,,category and title evidence do not support a safe batch suggestion,1,Atlanta_GA_L,"The Family Health Centers of Georgia, Inc.",,,,,eligibility_review_block:b681ad3d6e3d5fcc,eligibility_group:b070ffeb7e138d00,singleton_profile,,0,0,0,0,1,1,0,individual_review|exclude_non_dentist_category|include_dental_provider,
Chiropractor,needs_category_review,unknown,external_evidence_required,,category and title evidence do not support a safe batch suggestion,1,LA_CA_L,AmeriplanUsa,,,,,eligibility_review_block:b6a5c9b5a59d6464,eligibility_group:dedfc745d89f2414,singleton_profile,,0,0,1,0,0,1,0,individual_review|exclude_non_dentist_category|include_dental_provider,
Dentist|Medical clinic,automatic_include|needs_category_review,include|manual_review,focused_category_conflict,include_dental_provider,at least one observed category has a frozen include rule,1,SanFrancisco_CA_L,Mary Anne Baysac,,,,,eligibility_review_block:b6f348fa9d09c659,eligibility_group:9acced880530cd1b,singleton_profile,,0,0,0,0,1,1,0,individual_review|exclude_non_dentist_category|include_dental_provider,
Dentist|Medical clinic,automatic_include|needs_category_review,include|manual_review,focused_category_conflict,include_dental_provider,at least one observed category has a frozen include rule,1,NYC_NY_L,DR. MICHAEL ZEMELMAN,,,,,eligibility_review_block:b7264adafcf3d21f,eligibility_group:9acced880530cd1b,singleton_profile,,0,0,0,0,0,1,0,individual_review|exclude_non_dentist_category|include_dental_provider,
Medical clinic,needs_category_review,manual_review,external_evidence_required,,category and title evidence do not support a safe batch suggestion,1,LA_CA_L,Northeast Valley Health Corporation (San Fernando Health Center),,,,,eligibility_review_block:b7d7081bc212d943,eligibility_group:504917ff371eb69d,singleton_profile,,0,0,0,0,1,1,0,individual_review|exclude_non_dentist_category|include_dental_provider,
Medical Center,needs_category_review,manual_review,external_evidence_required,,category and title evidence do not support a safe batch suggestion,2,NYC_NY_L,"Century Medical & Dental Center | Brooklyn, Gravesend || Century Medical & Dental Center | South Bronx",,,,,eligibility_review_block:b8163eeba9b28cea,eligibility_group:b070ffeb7e138d00,shared_domain_within_category_group,www.centurymedicaldental.com,2,2,0,0,2,2,0,individual_review|exclude_non_dentist_category|include_dental_provider,
Community health center,needs_category_review,manual_review,external_evidence_required,,category and title evidence do not support a safe batch suggestion,1,NYC_NY_L,ODA Crown Heights,,,,,eligibility_review_block:b8ec56fa7baff676,eligibility_group:75eedbc19c8622b7,singleton_profile,,0,0,0,0,1,1,0,individual_review|exclude_non_dentist_category|include_dental_provider,
Doctor,needs_category_review,manual_review,focused_title_evidence,include_dental_provider,dental title signal with no configured include category,1,NYC_NY_L,Madison Avenue Dentists,,,,,eligibility_review_block:b9b564346b84b623,eligibility_group:933ded2705f84074,singleton_profile,,1,0,0,0,1,1,0,individual_review|exclude_non_dentist_category|include_dental_provider,
Sleep clinic,needs_category_review,unknown,external_evidence_required,,category and title evidence do not support a safe batch suggestion,1,Atlanta_GA_L,Sleep Better Georgia,,,,,eligibility_review_block:ba1d819abe5c7597,eligibility_group:d73fe04c4858867b,singleton_profile,,0,0,1,0,1,1,0,individual_review|exclude_non_dentist_category|include_dental_provider,
Medical clinic,needs_category_review,manual_review,external_evidence_required,,category and title evidence do not support a safe batch suggestion,1,NYC_NY_L,El Nuevo San Juan Health Center- Urban Health Plan,,,,,eligibility_review_block:ba4933a300c220b8,eligibility_group:504917ff371eb69d,singleton_profile,,0,0,0,0,0,1,0,individual_review|exclude_non_dentist_category|include_dental_provider,
Make-up artist,needs_category_review,unknown,external_evidence_required,,category and title evidence do not support a safe batch suggestion,1,Eureka_CA_S,Pure Makeup Studio & Med Spa,,,,,eligibility_review_block:bc1100121070e6f7,eligibility_group:951745147fdc1790,singleton_profile,,0,0,1,0,1,1,0,individual_review|exclude_non_dentist_category|include_dental_provider,
Medical clinic,needs_category_review,manual_review,external_evidence_required,,category and title evidence do not support a safe batch suggestion,1,Atlanta_GA_L,"Whitefoord, Inc.",,,,,eligibility_review_block:bd420ca7392f1a01,eligibility_group:504917ff371eb69d,singleton_profile,,0,0,0,0,1,1,0,individual_review|exclude_non_dentist_category|include_dental_provider,
Medical clinic,needs_category_review,manual_review,focused_title_evidence,exclude_non_dentist_category,non-dental title signal with no configured final category rule,1,NYC_NY_L,Boston Road Medical Center,,,,,eligibility_review_block:bd44795369dc7147,eligibility_group:525c831a331b438e,singleton_profile,,0,1,0,0,1,1,0,individual_review|exclude_non_dentist_category|include_dental_provider,
Dental clinic|Medical clinic,automatic_include|needs_category_review,include|manual_review,focused_category_conflict,include_dental_provider,at least one observed category has a frozen include rule,1,SanFrancisco_CA_L,Equity Health (FKA: South of Market Health Center),,,,,eligibility_review_block:bd4ca35789e83ced,eligibility_group:b5100c3d9e0ccdcb,singleton_profile,,0,0,0,0,1,1,0,individual_review|exclude_non_dentist_category|include_dental_provider,
Medical Center,needs_category_review,manual_review,external_evidence_required,,category and title evidence do not support a safe batch suggestion,1,Buffalo_NY_L,Oishei Healthy Kids,,,,,eligibility_review_block:bd676fb32d21ac53,eligibility_group:b070ffeb7e138d00,singleton_profile,,0,0,0,0,1,1,0,individual_review|exclude_non_dentist_category|include_dental_provider,
Doctor,needs_category_review,manual_review,focused_title_evidence,include_dental_provider,dental title signal with no configured include category,1,SanFrancisco_CA_L,"Heena Gupta, DDS",,,,,eligibility_review_block:bf2a92ca141af285,eligibility_group:933ded2705f84074,singleton_profile,,1,0,0,0,1,1,0,individual_review|exclude_non_dentist_category|include_dental_provider,
Home health care service,needs_category_review,unknown,external_evidence_required,,category and title evidence do not support a safe batch suggestion,1,NYC_NY_L,Aspire Health Solutions,,,,,eligibility_review_block:bfdd4f662893030a,eligibility_group:3fb50d6253134f7d,singleton_profile,,0,0,1,0,1,1,0,individual_review|exclude_non_dentist_category|include_dental_provider,
Medical clinic,needs_category_review,manual_review,focused_title_evidence,exclude_non_dentist_category,non-dental title signal with no configured final category rule,1,LA_CA_L,CARE Center at Dignity Health - St. Mary Medical Center,,,,,eligibility_review_block:c01261a5019af94f,eligibility_group:525c831a331b438e,singleton_profile,,0,1,0,0,1,1,0,individual_review|exclude_non_dentist_category|include_dental_provider,
Urologist,needs_category_review,unknown,external_evidence_required,,category and title evidence do not support a safe batch suggestion,1,LA_CA_L,Dr. Ruben Baghdassarian,,,,,eligibility_review_block:c013c3dc307ae282,eligibility_group:f78d395ec472858a,singleton_profile,,0,0,1,0,0,1,0,individual_review|exclude_non_dentist_category|include_dental_provider,
Medical Center,needs_category_review,manual_review,external_evidence_required,,category and title evidence do not support a safe batch suggestion,1,NYC_NY_L,Morris Heights Health Center,,,,,eligibility_review_block:c09be474f1284d24,eligibility_group:b070ffeb7e138d00,singleton_profile,,0,0,0,0,1,1,0,individual_review|exclude_non_dentist_category|include_dental_provider,
Physical therapist,needs_category_review,unknown,external_evidence_required,,category and title evidence do not support a safe batch suggestion,1,NYC_NY_L,Dr. Frank Lo,,,,,eligibility_review_block:c0f6f340fed7ebb3,eligibility_group:c40b38a9a09eff2c,singleton_profile,,0,0,1,0,0,1,0,individual_review|exclude_non_dentist_category|include_dental_provider,
Art gallery,needs_category_review,unknown,external_evidence_required,,category and title evidence do not support a safe batch suggestion,1,NYC_NY_L,Art Investment Consultancy,,,,,eligibility_review_block:c0f721ea7ea7da6f,eligibility_group:2828f45881a41726,singleton_profile,,0,0,1,0,0,1,0,individual_review|exclude_non_dentist_category|include_dental_provider,
Plastic surgery clinic,needs_category_review,unknown,external_evidence_required,,category and title evidence do not support a safe batch suggestion,1,Buffalo_NY_L,Aesthetic Associates Centre,,,,,eligibility_review_block:c252d9495898d037,eligibility_group:f4c429ee0eaa6a16,singleton_profile,,0,0,1,0,1,1,0,individual_review|exclude_non_dentist_category|include_dental_provider,
General practitioner,needs_category_review,unknown,focused_title_evidence,include_dental_provider,dental title signal with no configured include category,1,NYC_NY_L,Emergency Dentist,,,,,eligibility_review_block:c31b02133ecab026,eligibility_group:2897f4835d55a24e,singleton_profile,,1,0,1,0,0,1,0,individual_review|exclude_non_dentist_category|include_dental_provider,
Optometrist,needs_category_review,unknown,external_evidence_required,,category and title evidence do not support a safe batch suggestion,1,FortBragg_CA_S,"Lynette Kline, OD",,,,,eligibility_review_block:c455c41a26e4db76,eligibility_group:608841ecf0b2db79,singleton_profile,,0,0,1,0,1,1,0,individual_review|exclude_non_dentist_category|include_dental_provider,
Medical Center,needs_category_review,manual_review,external_evidence_required,,category and title evidence do not support a safe batch suggestion,1,Atlanta_GA_L,Southside Health Care Inc: Mills Anthony MD,,,,,eligibility_review_block:c45c0e23ada8fd09,eligibility_group:b070ffeb7e138d00,singleton_profile,,0,0,0,0,0,1,0,individual_review|exclude_non_dentist_category|include_dental_provider,
Medical clinic,needs_category_review,manual_review,external_evidence_required,,category and title evidence do not support a safe batch suggestion,1,NYC_NY_L,Sterling Podiatric PC,,,,,eligibility_review_block:c4c3768b075529ec,eligibility_group:504917ff371eb69d,singleton_profile,,0,0,0,0,1,1,0,individual_review|exclude_non_dentist_category|include_dental_provider,
Kennel,needs_category_review,unknown,external_evidence_required,,category and title evidence do not support a safe batch suggestion,1,LA_CA_L,K9 Loft,,,,,eligibility_review_block:c4e461a591802370,eligibility_group:1d59b7122da080e0,singleton_profile,,0,0,1,0,1,1,0,individual_review|exclude_non_dentist_category|include_dental_provider,
Medical clinic,needs_category_review,manual_review,focused_title_evidence,exclude_non_dentist_category,non-dental title signal with no configured final category rule,2,LA_CA_L,Southern California Medical Center Woodland Hills || Southern California Medical Center | Pico Rivera,,,,,eligibility_review_block:c4ee899c8a91d97c,eligibility_group:525c831a331b438e,shared_domain_within_category_group,scmedcenter.org,0,2,0,0,2,2,0,individual_review|exclude_non_dentist_category|include_dental_provider,
Veterinarian,needs_category_review,unknown,focused_category_evidence,exclude_non_dentist_category,unconfigured category identifies an auxiliary or non-provider business,1,LA_CA_L,VetCheck Animal Hospital,,,,,eligibility_review_block:c4f57e52569f91b6,eligibility_group:33340ba2db18c2ad,singleton_profile,,0,1,1,1,1,1,0,individual_review|exclude_non_dentist_category|include_dental_provider,
Internist,needs_category_review,unknown,external_evidence_required,,category and title evidence do not support a safe batch suggestion,1,NYC_NY_L,"Deborah M. Swiderski, MD",,,,,eligibility_review_block:c63ebf933de2b9bd,eligibility_group:190ff23a6596779d,singleton_profile,,0,0,1,0,0,1,0,individual_review|exclude_non_dentist_category|include_dental_provider,
Medical clinic,needs_category_review,manual_review,external_evidence_required,,category and title evidence do not support a safe batch suggestion,1,Atlanta_GA_L,Whitefoord Health Center,,,,,eligibility_review_block:c64197d1b4ae0c54,eligibility_group:504917ff371eb69d,singleton_profile,,0,0,0,0,1,1,0,individual_review|exclude_non_dentist_category|include_dental_provider,
Health insurance agency,needs_category_review,unknown,focused_category_evidence,exclude_non_dentist_category,unconfigured category identifies an auxiliary or non-provider business,1,Buffalo_NY_L,Molina Healthcare of New York - Buffalo Enrollment Office,,,,,eligibility_review_block:c743e3ab4c4449a7,eligibility_group:038e10c5e6f8567c,singleton_profile,,0,0,1,1,1,1,0,individual_review|exclude_non_dentist_category|include_dental_provider,
Medical clinic,needs_category_review,manual_review,external_evidence_required,,category and title evidence do not support a safe batch suggestion,1,SanFrancisco_CA_L,Lyon-Martin Community Health Services,,,,,eligibility_review_block:c85be1a121dd115f,eligibility_group:504917ff371eb69d,singleton_profile,,0,0,0,0,1,1,0,individual_review|exclude_non_dentist_category|include_dental_provider,
Public health department,needs_category_review,unknown,external_evidence_required,,category and title evidence do not support a safe batch suggestion,1,Augusta_GA_L,Richmond County Health Department,,,,,eligibility_review_block:c8cdf20390081417,eligibility_group:cc959e46f76b4a21,singleton_profile,,0,0,1,0,1,1,0,individual_review|exclude_non_dentist_category|include_dental_provider,
Medical clinic,needs_category_review,manual_review,external_evidence_required,,category and title evidence do not support a safe batch suggestion,1,NYC_NY_L,Advanced Medical & Dental,,,,,eligibility_review_block:c970ac4ff488624c,eligibility_group:504917ff371eb69d,singleton_profile,,1,1,0,0,1,1,0,individual_review|exclude_non_dentist_category|include_dental_provider,
Cancer treatment center,needs_category_review,unknown,external_evidence_required,,category and title evidence do not support a safe batch suggestion,1,Augusta_GA_L,TMJ Associates,,,,,eligibility_review_block:c9b86f0155b41261,eligibility_group:58feeb0c4d85c099,singleton_profile,,0,0,1,0,0,1,0,individual_review|exclude_non_dentist_category|include_dental_provider,
Denture care center,needs_category_review,unknown,focused_title_evidence,include_dental_provider,dental title signal with no configured include category,1,LA_CA_L,"Erin Lobo Marwah, DDS",,,,,eligibility_review_block:cb221761531f155b,eligibility_group:e2e1c692637d4bf7,singleton_profile,,1,0,1,0,1,1,0,individual_review|exclude_non_dentist_category|include_dental_provider,
Plastic surgeon,needs_category_review,unknown,external_evidence_required,,category and title evidence do not support a safe batch suggestion,1,LA_CA_L,"Mark M. Urata, MD",,,,,eligibility_review_block:cb98f9a6be846e47,eligibility_group:ad9d7cea6cadeae3,singleton_profile,,0,0,1,0,0,1,0,individual_review|exclude_non_dentist_category|include_dental_provider,
Oral surgeon|Surgical center,automatic_include|needs_category_review,include|manual_review,focused_category_conflict,include_dental_provider,at least one observed category has a frozen include rule,1,NYC_NY_L,Grand Central Oral & Maxillofacial Surgery,,,,,eligibility_review_block:ccafaabf96ae42ae,eligibility_group:5d66d5a72d6afc63,singleton_profile,,1,0,0,0,1,1,0,individual_review|exclude_non_dentist_category|include_dental_provider,
Dental school,needs_category_review,unknown,focused_category_evidence,exclude_non_dentist_category,unconfigured category identifies an auxiliary or non-provider business,1,Buffalo_NY_L,State University of New York at Buffalo School of Dental Medicine,,,,,eligibility_review_block:cd2be9a94aafdc5a,eligibility_group:03aabea56f3fd971,singleton_profile,,1,1,1,1,1,1,0,individual_review|exclude_non_dentist_category|include_dental_provider,
Medical clinic,needs_category_review,manual_review,external_evidence_required,,category and title evidence do not support a safe batch suggestion,1,LA_CA_L,El Proyecto Del Barrio,,,,,eligibility_review_block:ce7d7c93692c2989,eligibility_group:504917ff371eb69d,singleton_profile,,0,0,0,0,1,1,0,individual_review|exclude_non_dentist_category|include_dental_provider,
Medical clinic,needs_category_review,manual_review,external_evidence_required,,category and title evidence do not support a safe batch suggestion,1,NYC_NY_L,Health Science Center At Brooklyn,,,,,eligibility_review_block:cebc96216fba861c,eligibility_group:504917ff371eb69d,singleton_profile,,0,0,0,0,1,1,0,individual_review|exclude_non_dentist_category|include_dental_provider,
Medical clinic,needs_category_review,manual_review,external_evidence_required,,category and title evidence do not support a safe batch suggestion,1,NYC_NY_L,"Century Medical & Dental Center | Brooklyn, Downtown",,,,,eligibility_review_block:cec2152add9f9036,eligibility_group:504917ff371eb69d,singleton_profile,,1,1,0,0,1,1,0,individual_review|exclude_non_dentist_category|include_dental_provider,
Dentist|Medical clinic,automatic_include|needs_category_review,include|manual_review,focused_category_conflict,include_dental_provider,at least one observed category has a frozen include rule,1,Vidalia_GA_S,East Georgia Healthcare Center,,,,,eligibility_review_block:ced54dabb17f4994,eligibility_group:9acced880530cd1b,singleton_profile,,0,0,0,0,1,1,0,individual_review|exclude_non_dentist_category|include_dental_provider,
Sleep clinic,needs_category_review,unknown,external_evidence_required,,category and title evidence do not support a safe batch suggestion,1,LA_CA_L,Sleep Apnea Sherman Oaks,,,,,eligibility_review_block:ced90942ddaf0cf2,eligibility_group:d73fe04c4858867b,singleton_profile,,0,0,1,0,0,1,0,individual_review|exclude_non_dentist_category|include_dental_provider,
Public health department,needs_category_review,unknown,external_evidence_required,,category and title evidence do not support a safe batch suggestion,1,Eureka_CA_S,United Indian Health Services - Downtown Eureka,,,,,eligibility_review_block:d016dd076e909cca,eligibility_group:cc959e46f76b4a21,singleton_profile,,0,0,1,0,1,1,0,individual_review|exclude_non_dentist_category|include_dental_provider,
Chiropractor,needs_category_review,unknown,external_evidence_required,,category and title evidence do not support a safe batch suggestion,1,Buffalo_NY_L,"Buffalo Family Chiropractic Wellness, P.C.",,,,,eligibility_review_block:d02060af39cc78df,eligibility_group:dedfc745d89f2414,singleton_profile,,0,0,1,0,1,1,0,individual_review|exclude_non_dentist_category|include_dental_provider,
Veterans hospital,needs_category_review,unknown,focused_title_evidence,exclude_non_dentist_category,non-dental title signal with no configured final category rule,2,Augusta_GA_L,Charlie Norwood VA Medical Center - Downtown Division || Charlie Norwood VA Medical Center - Uptown Division,,,,,eligibility_review_block:d0b72ceda3104401,eligibility_group:6fb59f6854cdbdc4,shared_domain_within_category_group,www.augusta.va.gov,0,2,2,0,2,2,0,individual_review|exclude_non_dentist_category|include_dental_provider,
Medical clinic,needs_category_review,manual_review,external_evidence_required,,category and title evidence do not support a safe batch suggestion,1,Buffalo_NY_L,ECMC Center for Dental Care - Buffalo General Medical Center,,,,,eligibility_review_block:d0e62ff8a53b9af5,eligibility_group:504917ff371eb69d,singleton_profile,,1,1,0,0,1,1,0,individual_review|exclude_non_dentist_category|include_dental_provider,
Medical clinic|Oral surgeon,automatic_include|needs_category_review,include|manual_review,focused_category_conflict,include_dental_provider,at least one observed category has a frozen include rule,1,Buffalo_NY_L,Suburban Oral & Maxillofacial Surgery Associates PC,,,,,eligibility_review_block:d1278f9af3cc396d,eligibility_group:5a2e5dc34c3d59e6,singleton_profile,,1,0,0,0,1,1,0,individual_review|exclude_non_dentist_category|include_dental_provider,
Insurance agency,needs_category_review,unknown,focused_category_evidence,exclude_non_dentist_category,unconfigured category identifies an auxiliary or non-provider business,1,Macon_GA_M,Meservey & Associates,,,,,eligibility_review_block:d1fd82a393eea705,eligibility_group:f7c843be67e281eb,singleton_profile,,0,0,1,1,1,1,0,individual_review|exclude_non_dentist_category|include_dental_provider,
Community health center,needs_category_review,manual_review,external_evidence_required,,category and title evidence do not support a safe batch suggestion,2,LA_CA_L,ROADS Community Clinic - Compton || ROADS Community Clinic - Lynwood,,,,,eligibility_review_block:d37a7d944a1edc24,eligibility_group:75eedbc19c8622b7,shared_domain_within_category_group,roadsfoundation.org,0,0,0,0,2,2,0,individual_review|exclude_non_dentist_category|include_dental_provider,
Skin care clinic,needs_category_review,unknown,external_evidence_required,,category and title evidence do not support a safe batch suggestion,1,Vidalia_GA_S,Dermatology Associates,,,,,eligibility_review_block:d3994f3d312eac82,eligibility_group:7a6b4d7abd08fee8,singleton_profile,,0,0,1,0,1,1,0,individual_review|exclude_non_dentist_category|include_dental_provider,
Doctor,needs_category_review,manual_review,focused_title_evidence,include_dental_provider,dental title signal with no configured include category,1,LA_CA_L,AHF - Downtown Dental Office,,,,,eligibility_review_block:d3ede7b9e6ed445c,eligibility_group:933ded2705f84074,singleton_profile,,1,0,0,0,1,1,0,individual_review|exclude_non_dentist_category|include_dental_provider,
Community health center,needs_category_review,manual_review,external_evidence_required,,category and title evidence do not support a safe batch suggestion,1,NYC_NY_L,Harlem United,,,,,eligibility_review_block:d46109d072774289,eligibility_group:75eedbc19c8622b7,singleton_profile,,0,0,0,0,1,1,0,individual_review|exclude_non_dentist_category|include_dental_provider,
Medical clinic,needs_category_review,manual_review,external_evidence_required,,category and title evidence do not support a safe batch suggestion,2,NYC_NY_L,BronxCare - Ogden Family Medical and Dental || BronxCare Third Avenue Medical and Dental Practice,,,,,eligibility_review_block:d7a5aa74bca27ed6,eligibility_group:504917ff371eb69d,shared_domain_within_category_group,www.mlkhealthcenter.com,2,2,0,0,2,2,0,individual_review|exclude_non_dentist_category|include_dental_provider,
Medical clinic,needs_category_review,manual_review,focused_title_evidence,include_dental_provider,dental title signal with no configured include category,1,NYC_NY_L,Clinton Hill Dental,,,,,eligibility_review_block:d7b1f6e7c59b89e0,eligibility_group:3a576676bc82902a,singleton_profile,,1,0,0,0,1,1,0,individual_review|exclude_non_dentist_category|include_dental_provider,
Medical clinic,needs_category_review,manual_review,external_evidence_required,,category and title evidence do not support a safe batch suggestion,1,Augusta_GA_L,Druid Park Community Health Center,,,,,eligibility_review_block:d7bb651c0151370c,eligibility_group:504917ff371eb69d,singleton_profile,,0,0,0,0,1,1,0,individual_review|exclude_non_dentist_category|include_dental_provider,
Medical clinic,needs_category_review,manual_review,external_evidence_required,,category and title evidence do not support a safe batch suggestion,1,NYC_NY_L,Ramon Velez Health Center,,,,,eligibility_review_block:d7fe3314dc303384,eligibility_group:504917ff371eb69d,singleton_profile,,0,0,0,0,1,1,0,individual_review|exclude_non_dentist_category|include_dental_provider,
Medical clinic,needs_category_review,manual_review,external_evidence_required,,category and title evidence do not support a safe batch suggestion,1,Buffalo_NY_L,Pediatric Dental – Golisano Children’s Buffalo Outpatient Center (Conventus),,,,,eligibility_review_block:d8943c6ce852d028,eligibility_group:504917ff371eb69d,singleton_profile,,1,1,0,0,1,1,0,individual_review|exclude_non_dentist_category|include_dental_provider,
Medical Center,needs_category_review,manual_review,external_evidence_required,,category and title evidence do not support a safe batch suggestion,1,Buffalo_NY_L,ECMC Health Campus,,,,,eligibility_review_block:d930d9ac11ba2df1,eligibility_group:b070ffeb7e138d00,singleton_profile,,0,0,0,0,1,1,0,individual_review|exclude_non_dentist_category|include_dental_provider,
Medical clinic,needs_category_review,manual_review,focused_title_evidence,exclude_non_dentist_category,non-dental title signal with no configured final category rule,1,SanFrancisco_CA_L,North East Medical Services (NEMS) - San Bruno Avenue,,,,,eligibility_review_block:d97acd9263aee1e7,eligibility_group:525c831a331b438e,singleton_profile,,0,1,0,0,1,1,0,individual_review|exclude_non_dentist_category|include_dental_provider,
Medical clinic,needs_category_review,manual_review,focused_title_evidence,include_dental_provider,dental title signal with no configured include category,1,LA_CA_L,Ladera Dental,,,,,eligibility_review_block:daf2e5c4b7231b8d,eligibility_group:3a576676bc82902a,singleton_profile,,1,0,0,0,1,1,0,individual_review|exclude_non_dentist_category|include_dental_provider,
Medical clinic,needs_category_review,manual_review,external_evidence_required,,category and title evidence do not support a safe batch suggestion,1,NYC_NY_L,First Family Care Medical and Dental,,,,,eligibility_review_block:dc219af46be8e5b5,eligibility_group:504917ff371eb69d,singleton_profile,,1,1,0,0,1,1,0,individual_review|exclude_non_dentist_category|include_dental_provider,
Oral surgeon|Surgical center,automatic_include|needs_category_review,include|manual_review,focused_category_conflict,include_dental_provider,at least one observed category has a frozen include rule,1,Atlanta_GA_L,Emory Clinic General/vsclr Surgery,,,,,eligibility_review_block:dc85169a3be7b344,eligibility_group:5d66d5a72d6afc63,singleton_profile,,0,0,0,0,1,1,0,individual_review|exclude_non_dentist_category|include_dental_provider,
X-ray lab,needs_category_review,unknown,external_evidence_required,,category and title evidence do not support a safe batch suggestion,1,LA_CA_L,Granada Hills Radiology,,,,,eligibility_review_block:dc8ab16dcab90fab,eligibility_group:bcde824d5b399027,singleton_profile,,0,0,1,0,1,1,0,individual_review|exclude_non_dentist_category|include_dental_provider,
Dental clinic|Medical office,automatic_include|needs_category_review,include|unknown,focused_category_conflict,include_dental_provider,at least one observed category has a frozen include rule,1,Augusta_GA_L,Medical Associates Plus,,,,,eligibility_review_block:dd0354f1d9e8df40,eligibility_group:77f1b310e0ec8dc9,singleton_profile,,0,1,1,0,1,1,0,individual_review|exclude_non_dentist_category|include_dental_provider,
X-ray lab,needs_category_review,unknown,external_evidence_required,,category and title evidence do not support a safe batch suggestion,1,LA_CA_L,Dent X Imaging Center,,,,,eligibility_review_block:dde57ab96bcbcaaa,eligibility_group:bcde824d5b399027,singleton_profile,,0,0,1,0,1,1,0,individual_review|exclude_non_dentist_category|include_dental_provider,
,needs_category_review,unknown,external_evidence_required,,category and title evidence do not support a safe batch suggestion,1,Buffalo_NY_L,Dr MGK,,,,,eligibility_review_block:de11e0dc34fb36d9,eligibility_group:7f6c6360ca5455ff,singleton_profile,,0,0,1,0,0,1,0,individual_review|exclude_non_dentist_category|include_dental_provider,
Medical clinic,needs_category_review,manual_review,focused_title_evidence,include_dental_provider,dental title signal with no configured include category,1,NYC_NY_L,Yeung's Dental Care Pc.,,,,,eligibility_review_block:de1a39ae91d18254,eligibility_group:3a576676bc82902a,singleton_profile,,1,0,0,0,1,1,0,individual_review|exclude_non_dentist_category|include_dental_provider,
Pet boarding service,needs_category_review,unknown,external_evidence_required,,category and title evidence do not support a safe batch suggestion,1,LA_CA_L,K9 LOFT,,,,,eligibility_review_block:deaaf2fef2a1628f,eligibility_group:85cb6619e39fd7d5,singleton_profile,,0,0,1,0,1,1,0,individual_review|exclude_non_dentist_category|include_dental_provider,
Medical clinic,needs_category_review,manual_review,focused_title_evidence,exclude_non_dentist_category,non-dental title signal with no configured final category rule,1,NYC_NY_L,Maple Medical,,,,,eligibility_review_block:df55a35067099a3a,eligibility_group:525c831a331b438e,singleton_profile,,0,1,0,0,0,1,0,individual_review|exclude_non_dentist_category|include_dental_provider,
Medical clinic,needs_category_review,manual_review,focused_title_evidence,include_dental_provider,dental title signal with no configured include category,1,NYC_NY_L,NewYork-Presbyterian Ambulatory Care Network - Dentistry - Upper East Side,,,,,eligibility_review_block:df883fbf38054024,eligibility_group:3a576676bc82902a,singleton_profile,,1,0,0,0,1,1,0,individual_review|exclude_non_dentist_category|include_dental_provider,
Internist,needs_category_review,unknown,external_evidence_required,,category and title evidence do not support a safe batch suggestion,1,NYC_NY_L,Uppal Rajinder MD,,,,,eligibility_review_block:e04220e4e9f72fb1,eligibility_group:190ff23a6596779d,singleton_profile,,0,0,1,0,0,1,0,individual_review|exclude_non_dentist_category|include_dental_provider,
Animal hospital,needs_category_review,unknown,focused_category_evidence,exclude_non_dentist_category,unconfigured category identifies an auxiliary or non-provider business,1,Buffalo_NY_L,McClelland Small Animal Hospital,,,,,eligibility_review_block:e105364796fc5635,eligibility_group:d1bdc0276582982d,singleton_profile,,0,1,1,1,1,1,0,individual_review|exclude_non_dentist_category|include_dental_provider,
Medical school,needs_category_review,unknown,focused_title_evidence,exclude_non_dentist_category,non-dental title signal with no configured final category rule,1,NYC_NY_L,Hammer Health Sciences Building - Columbia University Irving Medical Center,,,,,eligibility_review_block:e1a23e4f77e3f21d,eligibility_group:99b446ef94da2153,singleton_profile,,0,1,1,0,1,1,0,individual_review|exclude_non_dentist_category|include_dental_provider,
Dentist|Medical clinic,automatic_include|needs_category_review,include|manual_review,focused_category_conflict,include_dental_provider,at least one observed category has a frozen include rule,2,NYC_NY_L,Dr. Nai Yan Lam || East Broadway Dental Center,,,,,eligibility_review_block:e1ad0efd8fa3c293,eligibility_group:9acced880530cd1b,shared_domain_within_category_group,weence.com,1,0,0,0,2,2,0,individual_review|exclude_non_dentist_category|include_dental_provider,
Plastic surgeon,needs_category_review,unknown,external_evidence_required,,category and title evidence do not support a safe batch suggestion,1,LA_CA_L,Jeffrey Ashraf Hammoudeh,,,,,eligibility_review_block:e1af862ce0923dd2,eligibility_group:ad9d7cea6cadeae3,singleton_profile,,0,0,1,0,0,1,0,individual_review|exclude_non_dentist_category|include_dental_provider,
Temp agency,needs_category_review,unknown,focused_category_evidence,exclude_non_dentist_category,unconfigured category identifies an auxiliary or non-provider business,1,Modesto_CA_M,A-Team Dental Staffing L.L.C,,,,,eligibility_review_block:e1ddf6de11b1127a,eligibility_group:8a9abdffe9a03d11,singleton_profile,,1,1,1,1,1,1,0,individual_review|exclude_non_dentist_category|include_dental_provider,
Health,needs_category_review,unknown,external_evidence_required,,category and title evidence do not support a safe batch suggestion,1,LA_CA_L,Chinatown Service Center,,,,,eligibility_review_block:e2652efb5e169a07,eligibility_group:996c37683b16ba16,singleton_profile,,0,0,1,0,1,1,0,individual_review|exclude_non_dentist_category|include_dental_provider,
Denture care center,needs_category_review,unknown,external_evidence_required,,category and title evidence do not support a safe batch suggestion,1,Atlanta_GA_L,Lee Denture Lab,,,,,eligibility_review_block:e2bdff965f0fcdfd,eligibility_group:fe4a0b2a99a6e2f0,singleton_profile,,0,0,1,0,1,1,0,individual_review|exclude_non_dentist_category|include_dental_provider,
Dental clinic|Medical clinic,automatic_include|needs_category_review,include|manual_review,focused_category_conflict,include_dental_provider,at least one observed category has a frozen include rule,1,Augusta_GA_L,Georgia Dental Clinic,,,,,eligibility_review_block:e2eff97039e3f387,eligibility_group:b5100c3d9e0ccdcb,singleton_profile,,1,0,0,0,1,1,0,individual_review|exclude_non_dentist_category|include_dental_provider,
Medical clinic,needs_category_review,manual_review,external_evidence_required,,category and title evidence do not support a safe batch suggestion,1,NYC_NY_L,Geoffrey Halberstadt,,,,,eligibility_review_block:e30d818ea0c7d7d5,eligibility_group:504917ff371eb69d,singleton_profile,,0,0,0,0,1,1,0,individual_review|exclude_non_dentist_category|include_dental_provider,
Medical clinic,needs_category_review,manual_review,focused_title_evidence,exclude_non_dentist_category,non-dental title signal with no configured final category rule,1,NYC_NY_L,Efficient Medical Care PC,,,,,eligibility_review_block:e313751564d6f7f3,eligibility_group:525c831a331b438e,singleton_profile,,0,1,0,0,1,1,0,individual_review|exclude_non_dentist_category|include_dental_provider,
Community health center,needs_category_review,manual_review,external_evidence_required,,category and title evidence do not support a safe batch suggestion,2,NYC_NY_L,"Advantage Care Health Centers || Advantage Care Health Centers, Brookville, Freeport",,,,,eligibility_review_block:e334db8bc5dab65b,eligibility_group:75eedbc19c8622b7,shared_domain_within_category_group,www.advantagecaredtc.org,0,0,0,0,2,2,0,individual_review|exclude_non_dentist_category|include_dental_provider,
Medical Center,needs_category_review,manual_review,focused_title_evidence,exclude_non_dentist_category,non-dental title signal with no configured final category rule,1,NYC_NY_L,Ezra Medical Center - 13th Avenue,,,,,eligibility_review_block:e4638fa06dbd0a12,eligibility_group:d6a5057259cdd490,singleton_profile,,0,1,0,0,1,1,0,individual_review|exclude_non_dentist_category|include_dental_provider,
Dental clinic|Medical clinic,automatic_include|needs_category_review,include|manual_review,focused_category_conflict,include_dental_provider,at least one observed category has a frozen include rule,1,Atlanta_GA_L,Good Samaritan Health Center,,,,,eligibility_review_block:e574d479bb471360,eligibility_group:b5100c3d9e0ccdcb,singleton_profile,,0,0,0,0,1,1,0,individual_review|exclude_non_dentist_category|include_dental_provider,
Community health center,needs_category_review,manual_review,external_evidence_required,,category and title evidence do not support a safe batch suggestion,1,Atlanta_GA_L,Healing Community Center,,,,,eligibility_review_block:e66361ef703d9843,eligibility_group:75eedbc19c8622b7,singleton_profile,,0,0,0,0,1,1,0,individual_review|exclude_non_dentist_category|include_dental_provider,
Medical clinic,needs_category_review,manual_review,external_evidence_required,,category and title evidence do not support a safe batch suggestion,3,LA_CA_L,Eisner Health - Downtown Los Angeles || Eisner Health - Lynwood || Eisner Health - Sherman Oaks,,,,,eligibility_review_block:e7049a065b0534c1,eligibility_group:504917ff371eb69d,shared_domain_within_category_group,www.eisnerhealth.org,0,0,0,0,3,3,0,individual_review|exclude_non_dentist_category|include_dental_provider,
Medical clinic,needs_category_review,manual_review,focused_title_evidence,exclude_non_dentist_category,non-dental title signal with no configured final category rule,1,LA_CA_L,Urgent Plus Advanced Medical Center,,,,,eligibility_review_block:e70eedea332067d0,eligibility_group:525c831a331b438e,singleton_profile,,0,1,0,0,1,1,0,individual_review|exclude_non_dentist_category|include_dental_provider,
Sleep clinic,needs_category_review,unknown,external_evidence_required,,category and title evidence do not support a safe batch suggestion,1,NYC_NY_L,AV Sleep Company,,,,,eligibility_review_block:e845dea1783fca37,eligibility_group:d73fe04c4858867b,singleton_profile,,0,0,1,0,0,1,0,individual_review|exclude_non_dentist_category|include_dental_provider,
Condominium complex,needs_category_review,unknown,external_evidence_required,,category and title evidence do not support a safe batch suggestion,1,NYC_NY_L,One Hanson Place,,,,,eligibility_review_block:e90333fd6db06aae,eligibility_group:690588d673aff3e0,singleton_profile,,0,0,1,0,1,1,0,individual_review|exclude_non_dentist_category|include_dental_provider,
Medical clinic,needs_category_review,manual_review,external_evidence_required,,category and title evidence do not support a safe batch suggestion,1,NYC_NY_L,Sun River Health Staten Island,,,,,eligibility_review_block:e9a6162a99add76b,eligibility_group:504917ff371eb69d,singleton_profile,,0,0,0,0,1,1,0,individual_review|exclude_non_dentist_category|include_dental_provider,
Nail salon,needs_category_review,unknown,external_evidence_required,,category and title evidence do not support a safe batch suggestion,1,FortBragg_CA_S,My Beautiful Nails,,,,,eligibility_review_block:e9ad4d4fff724825,eligibility_group:57eeb9e687d4ba7d,singleton_profile,,0,0,1,0,0,1,0,individual_review|exclude_non_dentist_category|include_dental_provider,
Dental clinic|Medical Center,automatic_include|needs_category_review,include|manual_review,focused_category_conflict,include_dental_provider,at least one observed category has a frozen include rule,1,NYC_NY_L,Charles B. Wang Community Health Center,,,,,eligibility_review_block:ea368a2254d6ab26,eligibility_group:799490d30f423ab7,singleton_profile,,0,0,0,0,1,1,0,individual_review|exclude_non_dentist_category|include_dental_provider,
Medical group,needs_category_review,manual_review,focused_title_evidence,exclude_non_dentist_category,non-dental title signal with no configured final category rule,1,NYC_NY_L,First Medcare Medical Clinic,,,,,eligibility_review_block:ea960b38872e0321,eligibility_group:1fa47dbf03af3215,singleton_profile,,0,1,0,0,1,1,0,individual_review|exclude_non_dentist_category|include_dental_provider,
Community health center,needs_category_review,manual_review,focused_title_evidence,exclude_non_dentist_category,non-dental title signal with no configured final category rule,1,LA_CA_L,Center for Family Health and Education - Family Medicine/Pediatrics,,,,,eligibility_review_block:ead333d057194ece,eligibility_group:ce20189a50f385ea,singleton_profile,,0,1,0,0,1,1,0,individual_review|exclude_non_dentist_category|include_dental_provider,
Pain control clinic,needs_category_review,unknown,focused_title_evidence,include_dental_provider,dental title signal with no configured include category,1,NYC_NY_L,Geld Rejuvenation Dentistry,,,,,eligibility_review_block:eaf3749402a0ca9d,eligibility_group:b3e913bb6e89851c,singleton_profile,,1,0,1,0,1,1,0,individual_review|exclude_non_dentist_category|include_dental_provider,
Medical clinic,needs_category_review,manual_review,external_evidence_required,,category and title evidence do not support a safe batch suggestion,1,LA_CA_L,"AltaMed Medical and Dental Group - Pasadena, Fair Oaks",,,,,eligibility_review_block:ecc2ea6e4ea31de8,eligibility_group:504917ff371eb69d,singleton_profile,,1,1,0,0,1,1,0,individual_review|exclude_non_dentist_category|include_dental_provider,
Dental clinic|Medical clinic,automatic_include|needs_category_review,include|manual_review,focused_category_conflict,include_dental_provider,at least one observed category has a frozen include rule,1,Modesto_CA_M,Standiford Family Dental,,,,,eligibility_review_block:ecda4f36d90bdc8a,eligibility_group:b5100c3d9e0ccdcb,singleton_profile,,1,0,0,0,0,1,0,individual_review|exclude_non_dentist_category|include_dental_provider,
Employment agency,needs_category_review,unknown,focused_category_evidence,exclude_non_dentist_category,unconfigured category identifies an auxiliary or non-provider business,1,NYC_NY_L,"Fabysmiles – Dental, Medical, Medspa & Aesthetic Recruitment",,,,,eligibility_review_block:ecfa22363c9a8dd2,eligibility_group:f49cde5c98362481,singleton_profile,,1,1,1,1,1,1,0,individual_review|exclude_non_dentist_category|include_dental_provider,
Community health center,needs_category_review,manual_review,external_evidence_required,,category and title evidence do not support a safe batch suggestion,2,NYC_NY_L,Union Community Health Center - (188th St.) || Union Community Health Center - (2021 Grand Concourse),,,,,eligibility_review_block:ed13c66e70f61ed4,eligibility_group:75eedbc19c8622b7,shared_domain_within_category_group,www.uchcbronx.org,0,0,0,0,2,2,0,individual_review|exclude_non_dentist_category|include_dental_provider,
Pain management physician,needs_category_review,unknown,external_evidence_required,,category and title evidence do not support a safe batch suggestion,2,NYC_NY_L,"Dr. Donald Tanenbaum || New York TMJ & Orofacial Pain (NY, NY 5th Ave)",,,,,eligibility_review_block:ed339689d4238a92,eligibility_group:da5f0c039fc4a778,shared_domain_within_category_group,www.nytmj.com,0,0,2,0,2,2,0,individual_review|exclude_non_dentist_category|include_dental_provider,
Medical clinic,needs_category_review,manual_review,focused_title_evidence,exclude_non_dentist_category,non-dental title signal with no configured final category rule,1,LA_CA_L,"Center for Community Health - JWCH Institute, Inc. Medical Clinic",,,,,eligibility_review_block:ef07229b7540b0f6,eligibility_group:525c831a331b438e,singleton_profile,,0,1,0,0,1,1,0,individual_review|exclude_non_dentist_category|include_dental_provider,
Medical group,needs_category_review,manual_review,external_evidence_required,,category and title evidence do not support a safe batch suggestion,1,LA_CA_L,Wesley Health Clinic,,,,,eligibility_review_block:efc0ad29675fa663,eligibility_group:a7d77b97fc90c3df,singleton_profile,,0,0,0,0,1,1,0,individual_review|exclude_non_dentist_category|include_dental_provider,
Family planning center,needs_category_review,unknown,external_evidence_required,,category and title evidence do not support a safe batch suggestion,1,LA_CA_L,St. John’s Community Health - Leavey-OB Clinic,,,,,eligibility_review_block:efdc144592ed2f22,eligibility_group:557fbafaadfc06c0,singleton_profile,,0,0,1,0,1,1,0,individual_review|exclude_non_dentist_category|include_dental_provider,
Medical clinic,needs_category_review,manual_review,external_evidence_required,,category and title evidence do not support a safe batch suggestion,1,NYC_NY_L,Windsor Podiatry,,,,,eligibility_review_block:f02162f4a2df191a,eligibility_group:504917ff371eb69d,singleton_profile,,0,0,0,0,1,1,0,individual_review|exclude_non_dentist_category|include_dental_provider,
Podiatrist,needs_category_review,unknown,external_evidence_required,,category and title evidence do not support a safe batch suggestion,1,NYC_NY_L,John Spina Dpm,,,,,eligibility_review_block:f04795ccc9044ba1,eligibility_group:83a1f37e83b51b28,singleton_profile,,0,0,1,0,0,1,0,individual_review|exclude_non_dentist_category|include_dental_provider,
Veterinarian,needs_category_review,unknown,focused_category_evidence,exclude_non_dentist_category,unconfigured category identifies an auxiliary or non-provider business,1,Eureka_CA_S,Myrtle Avenue Veterinary Hospital,,,,,eligibility_review_block:f062262553b8f92b,eligibility_group:33340ba2db18c2ad,singleton_profile,,0,1,1,1,1,1,0,individual_review|exclude_non_dentist_category|include_dental_provider,
Veterinarian,needs_category_review,unknown,focused_category_evidence,exclude_non_dentist_category,unconfigured category identifies an auxiliary or non-provider business,1,LA_CA_L,"Dog and Cat Dentist, Inc.",,,,,eligibility_review_block:f094e43d1178bc16,eligibility_group:33340ba2db18c2ad,singleton_profile,,1,1,1,1,1,1,0,individual_review|exclude_non_dentist_category|include_dental_provider,
Surgical center,needs_category_review,manual_review,external_evidence_required,,category and title evidence do not support a safe batch suggestion,1,NYC_NY_L,Hanna Face and Jaw,,,,,eligibility_review_block:f1045a1bbc2540fa,eligibility_group:0f60d922875b512e,singleton_profile,,0,0,0,0,1,1,0,individual_review|exclude_non_dentist_category|include_dental_provider,
Medical clinic,needs_category_review,manual_review,external_evidence_required,,category and title evidence do not support a safe batch suggestion,1,NYC_NY_L,Rambam Family Health Center,,,,,eligibility_review_block:f108bac8548a4db0,eligibility_group:504917ff371eb69d,singleton_profile,,0,0,0,0,1,1,0,individual_review|exclude_non_dentist_category|include_dental_provider,
Sleep clinic,needs_category_review,unknown,external_evidence_required,,category and title evidence do not support a safe batch suggestion,1,NYC_NY_L,Lower Manhattan Sleep Apnea Treatment,,,,,eligibility_review_block:f381375e07d09794,eligibility_group:d73fe04c4858867b,singleton_profile,,0,0,1,0,0,0,1,individual_review|exclude_non_dentist_category|include_dental_provider,
Medical clinic,needs_category_review,manual_review,external_evidence_required,,category and title evidence do not support a safe batch suggestion,1,NYC_NY_L,Premier HealthCare & YAI Center for Specialty Therapy,,,,,eligibility_review_block:f3dfd5fc24484083,eligibility_group:504917ff371eb69d,singleton_profile,,0,0,0,0,1,1,0,individual_review|exclude_non_dentist_category|include_dental_provider,
Pediatrician|Periodontist,automatic_include|needs_category_review,exclude|include,focused_category_conflict,include_dental_provider,at least one observed category has a frozen include rule,1,Atlanta_GA_L,Dr. Benjamin Blackburn,,,,,eligibility_review_block:f41b6d7faf6b1f42,eligibility_group:1e0e8f0cf4d1053e,singleton_profile,,0,0,0,0,1,1,0,individual_review|exclude_non_dentist_category|include_dental_provider,
Medical Center,needs_category_review,manual_review,external_evidence_required,,category and title evidence do not support a safe batch suggestion,1,NYC_NY_L,Brooklyn Medcare,,,,,eligibility_review_block:f4c2797be5d8fc40,eligibility_group:b070ffeb7e138d00,singleton_profile,,0,0,0,0,0,1,0,individual_review|exclude_non_dentist_category|include_dental_provider,
Veterinarian,needs_category_review,unknown,focused_category_evidence,exclude_non_dentist_category,unconfigured category identifies an auxiliary or non-provider business,1,Vidalia_GA_S,Four Rivers Veterinary Center,,,,,eligibility_review_block:f649b093dc2d489e,eligibility_group:33340ba2db18c2ad,singleton_profile,,0,1,1,1,1,1,0,individual_review|exclude_non_dentist_category|include_dental_provider,
Medical clinic,needs_category_review,manual_review,focused_title_evidence,exclude_non_dentist_category,non-dental title signal with no configured final category rule,1,SanFrancisco_CA_L,North East Medical Services (NEMS) - 1520 Stockton Clinic,,,,,eligibility_review_block:f674610b549ccd02,eligibility_group:525c831a331b438e,singleton_profile,,0,1,0,0,1,1,0,individual_review|exclude_non_dentist_category|include_dental_provider,
Medical clinic,needs_category_review,manual_review,external_evidence_required,,category and title evidence do not support a safe batch suggestion,1,NYC_NY_L,Montefiore Janice A Simpson,,,,,eligibility_review_block:f70ed30abd1f6c7a,eligibility_group:504917ff371eb69d,singleton_profile,,0,0,0,0,1,1,0,individual_review|exclude_non_dentist_category|include_dental_provider,
Animal hospital,needs_category_review,unknown,focused_category_evidence,exclude_non_dentist_category,unconfigured category identifies an auxiliary or non-provider business,1,Eureka_CA_S,Healing Spirit Animal Wellness Center,,,,,eligibility_review_block:f9ceef78699a0dd3,eligibility_group:d1bdc0276582982d,singleton_profile,,0,1,1,1,1,1,0,individual_review|exclude_non_dentist_category|include_dental_provider,
Condominium complex,needs_category_review,unknown,external_evidence_required,,category and title evidence do not support a safe batch suggestion,1,NYC_NY_L,Devonshire House,,,,,eligibility_review_block:fa9ddc2c553e4104,eligibility_group:690588d673aff3e0,singleton_profile,,0,0,1,0,1,1,0,individual_review|exclude_non_dentist_category|include_dental_provider,
Medical clinic,needs_category_review,manual_review,external_evidence_required,,category and title evidence do not support a safe batch suggestion,3,NYC_NY_L,MHHC at St. Ann's || MHHC at Vanguard || MHHC at Walton,,,,,eligibility_review_block:fab56810fda7a991,eligibility_group:504917ff371eb69d,shared_domain_within_category_group,www.mhhc.org,0,0,0,0,3,3,0,individual_review|exclude_non_dentist_category|include_dental_provider,
Medical spa,needs_category_review,unknown,external_evidence_required,,category and title evidence do not support a safe batch suggestion,1,NYC_NY_L,Medical Orthodontics,,,,,eligibility_review_block:fb16e77201fa99ba,eligibility_group:8c88af6de3a4ac5e,singleton_profile,,1,1,1,0,1,1,0,individual_review|exclude_non_dentist_category|include_dental_provider,
Home health care service,needs_category_review,unknown,external_evidence_required,,category and title evidence do not support a safe batch suggestion,1,LA_CA_L,Comprehensive Health Care,,,,,eligibility_review_block:fb2c1c9219e47f0f,eligibility_group:3fb50d6253134f7d,singleton_profile,,0,0,1,0,1,1,0,individual_review|exclude_non_dentist_category|include_dental_provider,
Physician assistant,needs_category_review,unknown,external_evidence_required,,category and title evidence do not support a safe batch suggestion,1,Eureka_CA_S,Casey Kelly,,,,,eligibility_review_block:fba07c19aa99e90a,eligibility_group:4be703df9eed5108,singleton_profile,,0,0,1,0,0,1,0,individual_review|exclude_non_dentist_category|include_dental_provider,
Pediatric clinic,needs_category_review,manual_review,focused_title_evidence,exclude_non_dentist_category,non-dental title signal with no configured final category rule,1,Eureka_CA_S,Providence Medical Group Eureka - Pediatrics,,,,,eligibility_review_block:fbbc427f5b395d98,eligibility_group:c0fd3acfd6eb1c49,singleton_profile,,0,1,0,0,1,1,0,individual_review|exclude_non_dentist_category|include_dental_provider,
Medical clinic,needs_category_review,manual_review,external_evidence_required,,category and title evidence do not support a safe batch suggestion,1,NYC_NY_L,Dr. Caroline Nup,,,,,eligibility_review_block:fc0f10fd44195313,eligibility_group:504917ff371eb69d,singleton_profile,,0,0,0,0,0,1,0,individual_review|exclude_non_dentist_category|include_dental_provider,
Medical clinic,needs_category_review,manual_review,external_evidence_required,,category and title evidence do not support a safe batch suggestion,1,Macon_GA_M,Navicent Health,,,,,eligibility_review_block:fc495ff11e40d90a,eligibility_group:504917ff371eb69d,singleton_profile,,0,0,0,0,1,1,0,individual_review|exclude_non_dentist_category|include_dental_provider,
Veterinarian,needs_category_review,unknown,focused_category_evidence,exclude_non_dentist_category,unconfigured category identifies an auxiliary or non-provider business,1,Atlanta_GA_L,Veterinary Dental Center of Atlanta,,,,,eligibility_review_block:fc5d9b40ea65d0b1,eligibility_group:33340ba2db18c2ad,singleton_profile,,1,1,1,1,1,1,0,individual_review|exclude_non_dentist_category|include_dental_provider,
Acupuncture clinic,needs_category_review,unknown,external_evidence_required,,category and title evidence do not support a safe batch suggestion,1,Macon_GA_M,Macon Holistic,,,,,eligibility_review_block:fde81239f988589c,eligibility_group:11aa1e916db1aa85,singleton_profile,,0,0,1,0,1,1,0,individual_review|exclude_non_dentist_category|include_dental_provider,
Community health center,needs_category_review,manual_review,external_evidence_required,,category and title evidence do not support a safe batch suggestion,2,Buffalo_NY_L,Neighborhood Health Center || Neighborhood Health Center,,,,,eligibility_review_block:fe960dfead8c501f,eligibility_group:75eedbc19c8622b7,shared_domain_within_category_group,nhcwny.org,0,0,0,0,2,2,0,individual_review|exclude_non_dentist_category|include_dental_provider,
Community health center,needs_category_review,manual_review,external_evidence_required,,category and title evidence do not support a safe batch suggestion,1,NYC_NY_L,Betances Health Center,,,,,eligibility_review_block:ff436f706f385d3e,eligibility_group:75eedbc19c8622b7,singleton_profile,,0,0,0,0,1,1,0,individual_review|exclude_non_dentist_category|include_dental_provider,
Oral surgeon|Surgical center,automatic_include|needs_category_review,include|manual_review,focused_category_conflict,include_dental_provider,at least one observed category has a frozen include rule,1,LA_CA_L,South Coast Surgery Center,,,,,eligibility_review_block:fff907f58556181f,eligibility_group:5d66d5a72d6afc63,singleton_profile,,0,0,0,0,1,1,0,individual_review|exclude_non_dentist_category|include_dental_provider,
