decision_id,market,profile_key,title,address,observed_sources,observed_categories,observed_source_decisions,profile_status_basis,allowed_manual_decisions,manual_decision,decision_evidence,evidence_url,reviewed_by,reviewed_on,category_group_id,category_rule_pattern,category_rule_reasons,unknown_categories,dental_title_signals,nondental_title_signals,category_nonprovider_signals,suggested_manual_decision,review_tier,suggestion_basis,automatic_final_decision_applied,source_phone,source_domain,source_website_url,source_votes_count,source_latitude,source_longitude,direct_profile_evidence_url,existing_evidence_route,normalized_source_domain,review_block_id,review_block_basis,row_review_note
profile:NYC_NY_L:google:cid:3018543719665768431,NYC_NY_L,google:cid:3018543719665768431,NYUDentalUrgentCareCtr,"345 E 24th St, New York, NY 10010",business_listings,Academic department,needs_category_review,unreviewed_or_conflicting_category_evidence,exclude_non_dentist_category|include_dental_provider,,,,,,eligibility_group:02dcfcd73b831370,unknown,,Academic department,,,,,external_evidence_required,category and title evidence do not support a safe batch suggestion,False,+1212-998-9800,dental.nyu.edu,https://dental.nyu.edu/patientcare/emergency-services-urgent-care.html,144.0,40.7383132,-73.9785261,https://www.google.com/maps?cid=3018543719665768431,website_then_google_profile,dental.nyu.edu,eligibility_review_block:31d3e981a102c5ae,singleton_profile,"Fill this row only when it is an exception to a reviewed group decision, or when its group is marked individual_review."
profile:NYC_NY_L:google:cid:12734663689420348493,NYC_NY_L,google:cid:12734663689420348493,Meadow Park Rehab & Healthcare,"78-10 164th St, Fresh Meadows, NY 11366",business_listings,Nursing home,needs_category_review,unreviewed_or_conflicting_category_evidence,exclude_non_dentist_category|include_dental_provider,,,,,,eligibility_group:0ec14e66a4663c8f,unknown,,Nursing home,,,,,external_evidence_required,category and title evidence do not support a safe batch suggestion,False,+1718-591-8300,meadowparkrehab.com,http://meadowparkrehab.com/,239.0,40.722552,-73.8049346,https://www.google.com/maps?cid=12734663689420348493,website_then_google_profile,meadowparkrehab.com,eligibility_review_block:6f72609514868811,singleton_profile,"Fill this row only when it is an exception to a reviewed group decision, or when its group is marked individual_review."
profile:NYC_NY_L:google:cid:18214434003362221946,NYC_NY_L,google:cid:18214434003362221946,Hanna Face and Jaw,"521 Park Ave C, New York, NY 10065",business_listings,Surgical center,needs_category_review,unreviewed_or_conflicting_category_evidence,exclude_non_dentist_category|include_dental_provider,,,,,,eligibility_group:0f60d922875b512e,manual_review,Surgical center: Category alone does not establish whether oral surgery is provided,,,,,,external_evidence_required,category and title evidence do not support a safe batch suggestion,False,+1212-779-2787,hannafacejaw.com,https://hannafacejaw.com/,80.0,40.7636187,-73.9689386,https://www.google.com/maps?cid=18214434003362221946,website_then_google_profile,hannafacejaw.com,eligibility_review_block:f1045a1bbc2540fa,singleton_profile,"Fill this row only when it is an exception to a reviewed group decision, or when its group is marked individual_review."
profile:NYC_NY_L:google:cid:36045056295983553,NYC_NY_L,google:cid:36045056295983553,Akpinar Bill B,"61-10 Marathon Pkwy, Flushing, NY 11362",business_listings,Acupuncturist,needs_category_review,unreviewed_or_conflicting_category_evidence,exclude_non_dentist_category|include_dental_provider,,,,,,eligibility_group:109ca635159bfcf9,unknown,,Acupuncturist,,,,,external_evidence_required,category and title evidence do not support a safe batch suggestion,False,+1718-428-2780,,,14.0,40.7566135,-73.7297387,https://www.google.com/maps?cid=36045056295983553,google_profile_only,,eligibility_review_block:42983d00b3e73cf7,singleton_profile,"Fill this row only when it is an exception to a reviewed group decision, or when its group is marked individual_review."
profile:Macon_GA_M:google:cid:14174239940159880544,Macon_GA_M,google:cid:14174239940159880544,Macon Holistic,"1080 3rd St Ste 200, Macon, GA 31201",maps_core,Acupuncture clinic,needs_category_review,unreviewed_or_conflicting_category_evidence,exclude_non_dentist_category|include_dental_provider,,,,,,eligibility_group:11aa1e916db1aa85,unknown,,Acupuncture clinic,,,,,external_evidence_required,category and title evidence do not support a safe batch suggestion,False,+1478-284-1576,maconholistic.com,http://maconholistic.com/,37.0,32.8279774,-83.6333236,https://www.google.com/maps?cid=14174239940159880544,website_then_google_profile,maconholistic.com,eligibility_review_block:fde81239f988589c,singleton_profile,"Fill this row only when it is an exception to a reviewed group decision, or when its group is marked individual_review."
profile:LA_CA_L:google:cid:10073033236181205716,LA_CA_L,google:cid:10073033236181205716,"Ardeshir Soroushyari, M.D.","5411 Etiwanda Ave #200, Tarzana, CA 91356",business_listings,Internist,needs_category_review,unreviewed_or_conflicting_category_evidence,exclude_non_dentist_category|include_dental_provider,,,,,,eligibility_group:190ff23a6596779d,unknown,,Internist,,,,,external_evidence_required,category and title evidence do not support a safe batch suggestion,False,+1818-996-5700,www.cedars-sinai.org,https://www.cedars-sinai.org/provider/ardeshir-soroushyari-2644702.html,16.0,34.1692466,-118.5313568,https://www.google.com/maps?cid=10073033236181205716,website_then_google_profile,www.cedars-sinai.org,eligibility_review_block:009142746158e259,singleton_profile,"Fill this row only when it is an exception to a reviewed group decision, or when its group is marked individual_review."
profile:NYC_NY_L:google:cid:5699955828418129941,NYC_NY_L,google:cid:5699955828418129941,Be Well Primary Health Care Center,"3007 Farragut Rd, Brooklyn, NY 11210",business_listings,Internist,needs_category_review,unreviewed_or_conflicting_category_evidence,exclude_non_dentist_category|include_dental_provider,,,,,,eligibility_group:190ff23a6596779d,unknown,,Internist,,,,,external_evidence_required,category and title evidence do not support a safe batch suggestion,False,+1718-253-9355,www.bewellmedical.com,http://www.bewellmedical.com/,379.0,40.6364519,-73.94771539999999,https://www.google.com/maps?cid=5699955828418129941,website_then_google_profile,www.bewellmedical.com,eligibility_review_block:2fed6c001288880a,singleton_profile,"Fill this row only when it is an exception to a reviewed group decision, or when its group is marked individual_review."
profile:NYC_NY_L:google:cid:3053711292195176961,NYC_NY_L,google:cid:3053711292195176961,"Deborah M. Swiderski, MD","111 E 210th St, Bronx, NY 10467",business_listings,Internist,needs_category_review,unreviewed_or_conflicting_category_evidence,exclude_non_dentist_category|include_dental_provider,,,,,,eligibility_group:190ff23a6596779d,unknown,,Internist,,,,,external_evidence_required,category and title evidence do not support a safe batch suggestion,False,+1718-920-5521,,,,40.8799679,-73.8798813,https://www.google.com/maps?cid=3053711292195176961,google_profile_only,,eligibility_review_block:c63ebf933de2b9bd,singleton_profile,"Fill this row only when it is an exception to a reviewed group decision, or when its group is marked individual_review."
profile:NYC_NY_L:google:cid:1252474763438112699,NYC_NY_L,google:cid:1252474763438112699,Uppal Rajinder MD,"16-70 Putnam Ave, Ridgewood, NY 11385",business_listings,Internist,needs_category_review,unreviewed_or_conflicting_category_evidence,exclude_non_dentist_category|include_dental_provider,,,,,,eligibility_group:190ff23a6596779d,unknown,,Internist,,,,,external_evidence_required,category and title evidence do not support a safe batch suggestion,False,+1718-417-7200,,,3.0,40.6998081,-73.90705679999999,https://www.google.com/maps?cid=1252474763438112699,google_profile_only,,eligibility_review_block:e04220e4e9f72fb1,singleton_profile,"Fill this row only when it is an exception to a reviewed group decision, or when its group is marked individual_review."
profile:Atlanta_GA_L:google:cid:2428785299818441667,Atlanta_GA_L,google:cid:2428785299818441667,Medhanie Berhane,"2020 Peachtree Rd NW, Atlanta, GA 30309",business_listings,Surgeon,needs_category_review,unreviewed_or_conflicting_category_evidence,exclude_non_dentist_category|include_dental_provider,,,,,,eligibility_group:1a7fe0b72a158684,unknown,,Surgeon,,,,,external_evidence_required,category and title evidence do not support a safe batch suggestion,False,+1404-350-3602,,,,33.8101669,-84.3940369,https://www.google.com/maps?cid=2428785299818441667,google_profile_only,,eligibility_review_block:a6f1f36cba13bcc3,singleton_profile,"Fill this row only when it is an exception to a reviewed group decision, or when its group is marked individual_review."
profile:SanFrancisco_CA_L:google:cid:7955568972727550025,SanFrancisco_CA_L,google:cid:7955568972727550025,HealthRIGHT 360,"1563 Mission St, San Francisco, CA 94103",maps_core,Addiction treatment center,needs_category_review,unreviewed_or_conflicting_category_evidence,exclude_non_dentist_category|include_dental_provider,,,,,,eligibility_group:1c581a3afe68aaf2,unknown,,Addiction treatment center,,,,,external_evidence_required,category and title evidence do not support a safe batch suggestion,False,+1415-762-3700,www.healthright360.org,http://www.healthright360.org/,96.0,37.7730537,-122.4181031,https://www.google.com/maps?cid=7955568972727550025,website_then_google_profile,www.healthright360.org,eligibility_review_block:5fd1c17645389daa,singleton_profile,"Fill this row only when it is an exception to a reviewed group decision, or when its group is marked individual_review."
profile:LA_CA_L:google:cid:8520393266508949767,LA_CA_L,google:cid:8520393266508949767,K9 Loft,"450 S Arroyo Pkwy, Pasadena, CA 91105",business_listings,Kennel,needs_category_review,unreviewed_or_conflicting_category_evidence,exclude_non_dentist_category|include_dental_provider,,,,,,eligibility_group:1d59b7122da080e0,unknown,,Kennel,,,,,external_evidence_required,category and title evidence do not support a safe batch suggestion,False,+1626-795-6060,www.k9loft.com,http://www.k9loft.com/,176.0,34.1379194,-118.1469785,https://www.google.com/maps?cid=8520393266508949767,website_then_google_profile,www.k9loft.com,eligibility_review_block:c4e461a591802370,singleton_profile,"Fill this row only when it is an exception to a reviewed group decision, or when its group is marked individual_review."
profile:NYC_NY_L:google:cid:8627939193481494640,NYC_NY_L,google:cid:8627939193481494640,Art Investment Consultancy,"851 5th Ave, New York, NY 10065",business_listings,Art gallery,needs_category_review,unreviewed_or_conflicting_category_evidence,exclude_non_dentist_category|include_dental_provider,,,,,,eligibility_group:2828f45881a41726,unknown,,Art gallery,,,,,external_evidence_required,category and title evidence do not support a safe batch suggestion,False,+1212-734-0000,,,1.0,40.7687487,-73.96949049999999,https://www.google.com/maps?cid=8627939193481494640,google_profile_only,,eligibility_review_block:c0f721ea7ea7da6f,singleton_profile,"Fill this row only when it is an exception to a reviewed group decision, or when its group is marked individual_review."
profile:LA_CA_L:google:cid:1041337711816604659,LA_CA_L,google:cid:1041337711816604659,100 Black Men of Los Angeles,"3701 Stocker St #309a, Los Angeles, CA 90008",business_listings,Non-profit organization,needs_category_review,unreviewed_or_conflicting_category_evidence,exclude_non_dentist_category|include_dental_provider,,,,,,eligibility_group:284d9dbfa1c169a1,unknown,,Non-profit organization,,,,,external_evidence_required,category and title evidence do not support a safe batch suggestion,False,+1310-947-7745,www.100bmla.net,https://www.100bmla.net/,5.0,34.0070736,-118.33791,https://www.google.com/maps?cid=1041337711816604659,website_then_google_profile,www.100bmla.net,eligibility_review_block:27d0aae5d9705545,singleton_profile,"Fill this row only when it is an exception to a reviewed group decision, or when its group is marked individual_review."
profile:LA_CA_L:google:cid:856027905363852558,LA_CA_L,google:cid:856027905363852558,Comprehensive Community Health Centers - Eagle Rock,"1704 Colorado Blvd, Los Angeles, CA 90041",business_listings,Non-profit organization,needs_category_review,unreviewed_or_conflicting_category_evidence,exclude_non_dentist_category|include_dental_provider,,,,,,eligibility_group:284d9dbfa1c169a1,unknown,,Non-profit organization,,,,,external_evidence_required,category and title evidence do not support a safe batch suggestion,False,+1323-256-4116,cchccenters.org,https://cchccenters.org/,289.0,34.1391136,-118.2039119,https://www.google.com/maps?cid=856027905363852558,website_then_google_profile,cchccenters.org,eligibility_review_block:5c3e369f37db6a5b,singleton_profile,"Fill this row only when it is an exception to a reviewed group decision, or when its group is marked individual_review."
profile:NYC_NY_L:google:cid:14802067086695398071,NYC_NY_L,google:cid:14802067086695398071,Children's Aid - Dunlevy Milbank Center,"14-32 W 118th St, New York, NY 10026",business_listings,Non-profit organization,needs_category_review,unreviewed_or_conflicting_category_evidence,exclude_non_dentist_category|include_dental_provider,,,,,,eligibility_group:284d9dbfa1c169a1,unknown,,Non-profit organization,,,,,external_evidence_required,category and title evidence do not support a safe batch suggestion,False,+1212-996-1716,www.childrensaidnyc.org,http://www.childrensaidnyc.org/programs/location/dunlevy-milbank-center,141.0,40.8023203,-73.9469254,https://www.google.com/maps?cid=14802067086695398071,website_then_google_profile,www.childrensaidnyc.org,eligibility_review_block:5fff7d16e629eefe,singleton_profile,"Fill this row only when it is an exception to a reviewed group decision, or when its group is marked individual_review."
profile:NYC_NY_L:google:cid:726771841321324320,NYC_NY_L,google:cid:726771841321324320,"Spanish American Medical Dental Society of New York, Inc.","104-01 Roosevelt Ave, Corona, NY 11368",business_listings,Association / Organization,needs_category_review,unreviewed_or_conflicting_category_evidence,exclude_non_dentist_category|include_dental_provider,,,,,,eligibility_group:2b363d7841954eac,unknown,,Association / Organization,dental,medical,,,external_evidence_required,category and title evidence do not support a safe batch suggestion,False,+1718-505-2037,,,,40.7501998,-73.8616447,https://www.google.com/maps?cid=726771841321324320,google_profile_only,,eligibility_review_block:466e385c629f5f95,singleton_profile,"Fill this row only when it is an exception to a reviewed group decision, or when its group is marked individual_review."
profile:NYC_NY_L:google:cid:9088123712092137469,NYC_NY_L,google:cid:9088123712092137469,Center for Hemifacial Microsomia and Ear Deformities,"1991 Marcus Ave #102, North New Hyde Park, NY 11042",business_listings,Pediatric ophthalmologist,needs_category_review,unreviewed_or_conflicting_category_evidence,exclude_non_dentist_category|include_dental_provider,,,,,,eligibility_group:2e00f425af73d508,unknown,,Pediatric ophthalmologist,,,,,external_evidence_required,category and title evidence do not support a safe batch suggestion,False,+1516-497-7900,pediatrics.northwell.edu,https://pediatrics.northwell.edu/departments-services/center-for-hemifacial-microsomia-ear-deformities?utm_source=provider_listing&utm_medium=partner&utm_campaign=yext,,40.7553484,-73.6915918,https://www.google.com/maps?cid=9088123712092137469,website_then_google_profile,pediatrics.northwell.edu,eligibility_review_block:8a887994f814d1e9,singleton_profile,"Fill this row only when it is an exception to a reviewed group decision, or when its group is marked individual_review."
profile:LA_CA_L:google:cid:3964067785989222189,LA_CA_L,google:cid:3964067785989222189,Workforce Resource & Management Group,"5150 CA-1, Long Beach, CA 90804",business_listings,Consultant,needs_category_review,unreviewed_or_conflicting_category_evidence,exclude_non_dentist_category|include_dental_provider,,,,,,eligibility_group:33f2d6fdc924912e,unknown,,Consultant,,,,,external_evidence_required,category and title evidence do not support a safe batch suggestion,False,+1562-497-0861,,,,33.7829014,-118.1336177,https://www.google.com/maps?cid=3964067785989222189,google_profile_only,,eligibility_review_block:52fd2bfc8c173032,singleton_profile,"Fill this row only when it is an exception to a reviewed group decision, or when its group is marked individual_review."
profile:Macon_GA_M:google:cid:135096128598810680,Macon_GA_M,google:cid:135096128598810680,North Central Health District,"201 2nd St, Macon, GA 31201",maps_core,State government office,needs_category_review,unreviewed_or_conflicting_category_evidence,exclude_non_dentist_category|include_dental_provider,,,,,,eligibility_group:35cf00a42bc08bcb,unknown,,State government office,,,,,external_evidence_required,category and title evidence do not support a safe batch suggestion,False,+1478-751-6303,www.northcentralhealthdistrict.org,http://www.northcentralhealthdistrict.org/,1.0,32.839228,-83.6274485,https://www.google.com/maps?cid=135096128598810680,website_then_google_profile,www.northcentralhealthdistrict.org,eligibility_review_block:2653e847e6824843,singleton_profile,"Fill this row only when it is an exception to a reviewed group decision, or when its group is marked individual_review."
profile:Atlanta_GA_L:google:cid:14051362357773369561,Atlanta_GA_L,google:cid:14051362357773369561,Ponce De Leon Center,"341 Ponce De Leon Ave NE, Atlanta, GA 30308",business_listings,STD clinic,needs_category_review,unreviewed_or_conflicting_category_evidence,exclude_non_dentist_category|include_dental_provider,,,,,,eligibility_group:3850dec87c574304,unknown,,STD clinic,,,,,external_evidence_required,category and title evidence do not support a safe batch suggestion,False,+1404-616-2440,www.gradyhealth.org,https://www.gradyhealth.org/locations/ponce-de-leon-center/?utm_source=gmb&utm_medium=organic&utm_campaign=sitelink&utm_id=ponce,81.0,33.771853,-84.3761076,https://www.google.com/maps?cid=14051362357773369561,website_then_google_profile,www.gradyhealth.org,eligibility_review_block:91500f742546c595,singleton_profile,"Fill this row only when it is an exception to a reviewed group decision, or when its group is marked individual_review."
profile:LA_CA_L:google:cid:2520457688506967269,LA_CA_L,google:cid:2520457688506967269,Comprehensive Health Care,"3540 Wilshire Blvd #715, Los Angeles, CA 90010",business_listings,Home health care service,needs_category_review,unreviewed_or_conflicting_category_evidence,exclude_non_dentist_category|include_dental_provider,,,,,,eligibility_group:3fb50d6253134f7d,unknown,,Home health care service,,,,,external_evidence_required,category and title evidence do not support a safe batch suggestion,False,+1213-389-4876,comphc.org,https://comphc.org/,1.0,34.0614464,-118.3016875,https://www.google.com/maps?cid=2520457688506967269,website_then_google_profile,comphc.org,eligibility_review_block:fb2c1c9219e47f0f,singleton_profile,"Fill this row only when it is an exception to a reviewed group decision, or when its group is marked individual_review."
profile:LA_CA_L:google:cid:9861830449886396311,LA_CA_L,google:cid:9861830449886396311,TelerainMD-Online Doctor Consultation,"19360 Rinaldi St #375, Porter Ranch, CA 91326",business_listings,Home health care service,needs_category_review,unreviewed_or_conflicting_category_evidence,exclude_non_dentist_category|include_dental_provider,,,,,,eligibility_group:3fb50d6253134f7d,unknown,,Home health care service,,,,,external_evidence_required,category and title evidence do not support a safe batch suggestion,False,+1858-437-5812,,,625.0,34.273585,-118.554954,https://www.google.com/maps?cid=9861830449886396311,google_profile_only,,eligibility_review_block:470d90260693674d,singleton_profile,"Fill this row only when it is an exception to a reviewed group decision, or when its group is marked individual_review."
profile:NYC_NY_L:google:cid:15795670956715437029,NYC_NY_L,google:cid:15795670956715437029,Aspire Health Solutions,"8 Davison Plaza, East Rockaway, NY 11518",business_listings,Home health care service,needs_category_review,unreviewed_or_conflicting_category_evidence,exclude_non_dentist_category|include_dental_provider,,,,,,eligibility_group:3fb50d6253134f7d,unknown,,Home health care service,,,,,external_evidence_required,category and title evidence do not support a safe batch suggestion,False,+1347-717-4117,www.aspirehs.com,https://www.aspirehs.com/,5.0,40.643136,-73.65964799999999,https://www.google.com/maps?cid=15795670956715437029,website_then_google_profile,www.aspirehs.com,eligibility_review_block:bfdd4f662893030a,singleton_profile,"Fill this row only when it is an exception to a reviewed group decision, or when its group is marked individual_review."
profile:NYC_NY_L:google:cid:13044985527534183180,NYC_NY_L,google:cid:13044985527534183180,Project Renewal Fort Washington Men's Shelter,"651 W 168th St, New York, NY 10032",business_listings,Homeless shelter,needs_category_review,unreviewed_or_conflicting_category_evidence,exclude_non_dentist_category|include_dental_provider,,,,,,eligibility_group:488e8f068db9ff30,unknown,,Homeless shelter,,,,,external_evidence_required,category and title evidence do not support a safe batch suggestion,False,+1212-740-1780,www.projectrenewal.org,http://www.projectrenewal.org/,60.0,40.8419418,-73.941307,https://www.google.com/maps?cid=13044985527534183180,website_then_google_profile,www.projectrenewal.org,eligibility_review_block:3ce0aa1cf632b127,singleton_profile,"Fill this row only when it is an exception to a reviewed group decision, or when its group is marked individual_review."
profile:Buffalo_NY_L:google:cid:7759169902728672012,Buffalo_NY_L,google:cid:7759169902728672012,CurlyJanes Crystal Rose,"21 Leroy Ave, Buffalo, NY 14214",business_listings,Herbalist,needs_category_review,unreviewed_or_conflicting_category_evidence,exclude_non_dentist_category|include_dental_provider,,,,,,eligibility_group:4ba8b77a4528c354,unknown,,Herbalist,,,,,external_evidence_required,category and title evidence do not support a safe batch suggestion,False,,www.curlyjanes.com,http://www.curlyjanes.com/,13.0,42.93266,-78.8448779,https://www.google.com/maps?cid=7759169902728672012,website_then_google_profile,www.curlyjanes.com,eligibility_review_block:98f404512480c445,singleton_profile,"Fill this row only when it is an exception to a reviewed group decision, or when its group is marked individual_review."
profile:Eureka_CA_S:google:cid:637581436883905048,Eureka_CA_S,google:cid:637581436883905048,Casey Kelly,"2200 Tydd St, Eureka, CA 95501",maps_core,Physician assistant,needs_category_review,unreviewed_or_conflicting_category_evidence,exclude_non_dentist_category|include_dental_provider,,,,,,eligibility_group:4be703df9eed5108,unknown,,Physician assistant,,,,,external_evidence_required,category and title evidence do not support a safe batch suggestion,False,+1707-269-7051,,,,40.8020886,-124.1458058,https://www.google.com/maps?cid=637581436883905048,google_profile_only,,eligibility_review_block:fba07c19aa99e90a,singleton_profile,"Fill this row only when it is an exception to a reviewed group decision, or when its group is marked individual_review."
profile:LA_CA_L:google:cid:7646798875731967891,LA_CA_L,google:cid:7646798875731967891,"InterDent, Inc.","2260 E Imperial Hwy, El Segundo, CA 90245",business_listings,Business to business service,needs_category_review,unreviewed_or_conflicting_category_evidence,exclude_non_dentist_category|include_dental_provider,,,,,,eligibility_group:4e65f218b0c2f72b,unknown,,Business to business service,,,,,external_evidence_required,category and title evidence do not support a safe batch suggestion,False,+1310-765-2400,www.interdent.com,https://www.interdent.com/,10.0,33.9300826,-118.3837026,https://www.google.com/maps?cid=7646798875731967891,website_then_google_profile,www.interdent.com,eligibility_review_block:9d5ca6e1f78928ea,singleton_profile,"Fill this row only when it is an exception to a reviewed group decision, or when its group is marked individual_review."
profile:Atlanta_GA_L:google:cid:1014165455047184436,Atlanta_GA_L,google:cid:1014165455047184436,Georgia State University Student Clinic,"75 Piedmont Ave NE Ste 200, Atlanta, GA 30312",maps_core,Medical clinic,needs_category_review,unreviewed_or_conflicting_category_evidence,exclude_non_dentist_category|include_dental_provider,,,,,,eligibility_group:504917ff371eb69d,manual_review,Medical clinic: Category alone does not establish whether dental care is provided,,,,,,external_evidence_required,category and title evidence do not support a safe batch suggestion,False,+1404-413-1930,health.gsu.edu,http://health.gsu.edu/,71.0,33.7566635,-84.3819613,https://www.google.com/maps?cid=1014165455047184436,website_then_google_profile,health.gsu.edu,eligibility_review_block:848929f859c17027,singleton_profile,"Fill this row only when it is an exception to a reviewed group decision, or when its group is marked individual_review."
profile:Atlanta_GA_L:google:cid:16152439090923692825,Atlanta_GA_L,google:cid:16152439090923692825,Mercy Care at Gateway Center,"275 Pryor St SW, Atlanta, GA 30303",maps_core,Medical clinic,needs_category_review,unreviewed_or_conflicting_category_evidence,exclude_non_dentist_category|include_dental_provider,,,,,,eligibility_group:504917ff371eb69d,manual_review,Medical clinic: Category alone does not establish whether dental care is provided,,,,,,external_evidence_required,category and title evidence do not support a safe batch suggestion,False,+1678-843-8600,mercyatlanta.org,http://mercyatlanta.org/LOCATION_GATEWAY_CENTER,15.0,33.7475406,-84.3943666,https://www.google.com/maps?cid=16152439090923692825,website_then_google_profile,mercyatlanta.org,eligibility_review_block:1b757650ef12cc79,singleton_profile,"Fill this row only when it is an exception to a reviewed group decision, or when its group is marked individual_review."
profile:Atlanta_GA_L:google:cid:374081400048267317,Atlanta_GA_L,google:cid:374081400048267317,Whitefoord Health Center,"1401 Hosea L Williams Dr NE, Atlanta, GA 30317",business_listings,Medical clinic,needs_category_review,unreviewed_or_conflicting_category_evidence,exclude_non_dentist_category|include_dental_provider,,,,,,eligibility_group:504917ff371eb69d,manual_review,Medical clinic: Category alone does not establish whether dental care is provided,,,,,,external_evidence_required,category and title evidence do not support a safe batch suggestion,False,+1404-373-6614,whitefoord.org,http://whitefoord.org/,124.0,33.7531661,-84.3417968,https://www.google.com/maps?cid=374081400048267317,website_then_google_profile,whitefoord.org,eligibility_review_block:c64197d1b4ae0c54,singleton_profile,"Fill this row only when it is an exception to a reviewed group decision, or when its group is marked individual_review."
profile:Atlanta_GA_L:google:cid:16197116083296152898,Atlanta_GA_L,google:cid:16197116083296152898,"Whitefoord, Inc.","35 Whitefoord Ave SE, Atlanta, GA 30317",business_listings,Medical clinic,needs_category_review,unreviewed_or_conflicting_category_evidence,exclude_non_dentist_category|include_dental_provider,,,,,,eligibility_group:504917ff371eb69d,manual_review,Medical clinic: Category alone does not establish whether dental care is provided,,,,,,external_evidence_required,category and title evidence do not support a safe batch suggestion,False,+1404-373-6614,www.whitefoord.org,http://www.whitefoord.org/,17.0,33.7527847,-84.3424148,https://www.google.com/maps?cid=16197116083296152898,website_then_google_profile,www.whitefoord.org,eligibility_review_block:bd420ca7392f1a01,singleton_profile,"Fill this row only when it is an exception to a reviewed group decision, or when its group is marked individual_review."
profile:Augusta_GA_L:google:cid:15876635400132913439,Augusta_GA_L,google:cid:15876635400132913439,Christ Community Health Peach Orchard,"2604 Peach Orchard Rd #200, Augusta, GA 30906",maps_core,Medical clinic,needs_category_review,unreviewed_or_conflicting_category_evidence,exclude_non_dentist_category|include_dental_provider,,,,,,eligibility_group:504917ff371eb69d,manual_review,Medical clinic: Category alone does not establish whether dental care is provided,,,,,,external_evidence_required,category and title evidence do not support a safe batch suggestion,False,+1706-396-1493,www.cchsaugusta.org,https://www.cchsaugusta.org/,26.0,33.4250602,-82.0178985,https://www.google.com/maps?cid=15876635400132913439,website_then_google_profile,www.cchsaugusta.org,eligibility_review_block:15a90604db2d1ce1,singleton_profile,"Fill this row only when it is an exception to a reviewed group decision, or when its group is marked individual_review."
profile:Augusta_GA_L:google:cid:17592610386023037987,Augusta_GA_L,google:cid:17592610386023037987,Druid Park Community Health Center,"1018 Druid Park Ave, Augusta, GA 30904",maps_core,Medical clinic,needs_category_review,unreviewed_or_conflicting_category_evidence,exclude_non_dentist_category|include_dental_provider,,,,,,eligibility_group:504917ff371eb69d,manual_review,Medical clinic: Category alone does not establish whether dental care is provided,,,,,,external_evidence_required,category and title evidence do not support a safe batch suggestion,False,+1706-738-0455,mirmakmin.com,https://mirmakmin.com/,28.0,33.4738714,-81.9960672,https://www.google.com/maps?cid=17592610386023037987,website_then_google_profile,mirmakmin.com,eligibility_review_block:d7bb651c0151370c,singleton_profile,"Fill this row only when it is an exception to a reviewed group decision, or when its group is marked individual_review."
profile:Buffalo_NY_L:google:cid:16190680881071780487,Buffalo_NY_L,google:cid:16190680881071780487,City Smiles,"2264 Main St Apt 1, Buffalo, NY 14214",business_listings,Medical clinic,needs_category_review,unreviewed_or_conflicting_category_evidence,exclude_non_dentist_category|include_dental_provider,,,,,,eligibility_group:504917ff371eb69d,manual_review,Medical clinic: Category alone does not establish whether dental care is provided,,,,,,external_evidence_required,category and title evidence do not support a safe batch suggestion,False,+1716-837-4029,,,,42.9314786,-78.8479326,https://www.google.com/maps?cid=16190680881071780487,google_profile_only,,eligibility_review_block:993c355ef4785fad,singleton_profile,"Fill this row only when it is an exception to a reviewed group decision, or when its group is marked individual_review."
profile:Buffalo_NY_L:google:cid:9379723610265778813,Buffalo_NY_L,google:cid:9379723610265778813,ECMC Center for Dental Care - Buffalo General Medical Center,"100 High St, Buffalo, NY 14203",maps_core,Medical clinic,needs_category_review,unreviewed_or_conflicting_category_evidence,exclude_non_dentist_category|include_dental_provider,,,,,,eligibility_group:504917ff371eb69d,manual_review,Medical clinic: Category alone does not establish whether dental care is provided,,dental,medical,,,external_evidence_required,category and title evidence do not support a safe batch suggestion,False,+1716-859-4180,www.ecmc.edu,https://www.ecmc.edu/health-services-and-doctors/outpatient-specialty-clinics/dental-clinic/,1.0,42.9008378,-78.8656992,https://www.google.com/maps?cid=9379723610265778813,website_then_google_profile,www.ecmc.edu,eligibility_review_block:d0e62ff8a53b9af5,singleton_profile,"Fill this row only when it is an exception to a reviewed group decision, or when its group is marked individual_review."
profile:Buffalo_NY_L:google:cid:2431502444806696710,Buffalo_NY_L,google:cid:2431502444806696710,Good Neighbors Health Care,"175 Jefferson Ave, Buffalo, NY 14210",business_listings,Medical clinic,needs_category_review,unreviewed_or_conflicting_category_evidence,exclude_non_dentist_category|include_dental_provider,,,,,,eligibility_group:504917ff371eb69d,manual_review,Medical clinic: Category alone does not establish whether dental care is provided,,,,,,external_evidence_required,category and title evidence do not support a safe batch suggestion,False,+1716-856-2400,www.harvesthousebuffalo.org,https://www.harvesthousebuffalo.org/good-neighbors-health-care,37.0,42.8802206,-78.853402,https://www.google.com/maps?cid=2431502444806696710,website_then_google_profile,www.harvesthousebuffalo.org,eligibility_review_block:8e804d2e1514eb69,singleton_profile,"Fill this row only when it is an exception to a reviewed group decision, or when its group is marked individual_review."
profile:Buffalo_NY_L:google:cid:15791159538290549542,Buffalo_NY_L,google:cid:15791159538290549542,Pediatric Dental – Golisano Children’s Buffalo Outpatient Center (Conventus),"1001 Main St, Buffalo, NY 14203",maps_core|maps_specialist,Medical clinic,needs_category_review,unreviewed_or_conflicting_category_evidence,exclude_non_dentist_category|include_dental_provider,,,,,,eligibility_group:504917ff371eb69d,manual_review,Medical clinic: Category alone does not establish whether dental care is provided,,dental,pediatrics,,,external_evidence_required,category and title evidence do not support a safe batch suggestion,False,+1716-323-6040,www.ochbuffalo.org,https://www.ochbuffalo.org/care-treatment/Craniofacial-Center-of-Western-New-York/,1.0,42.9008482,-78.868796,https://www.google.com/maps?cid=15791159538290549542,website_then_google_profile,www.ochbuffalo.org,eligibility_review_block:d8943c6ce852d028,singleton_profile,"Fill this row only when it is an exception to a reviewed group decision, or when its group is marked individual_review."
profile:Buffalo_NY_L:google:cid:4884419086949519441,Buffalo_NY_L,google:cid:4884419086949519441,The Cardiac Connection,"5427 Transit Rd, Williamsville, NY 14221",business_listings,Medical clinic,needs_category_review,unreviewed_or_conflicting_category_evidence,exclude_non_dentist_category|include_dental_provider,,,,,,eligibility_group:504917ff371eb69d,manual_review,Medical clinic: Category alone does not establish whether dental care is provided,,,,,,external_evidence_required,category and title evidence do not support a safe batch suggestion,False,+1716-639-0200,,,,42.9942116,-78.6968122,https://www.google.com/maps?cid=4884419086949519441,google_profile_only,,eligibility_review_block:41efcc276edea1f7,singleton_profile,"Fill this row only when it is an exception to a reviewed group decision, or when its group is marked individual_review."
profile:Eureka_CA_S:google:cid:5485192789650701152,Eureka_CA_S,google:cid:5485192789650701152,Eureka Health Center- United Indian Health Services,"2505 Lucas St Ste a, Eureka, CA 95501",maps_core,Medical clinic,needs_category_review,unreviewed_or_conflicting_category_evidence,exclude_non_dentist_category|include_dental_provider,,,,,,eligibility_group:504917ff371eb69d,manual_review,Medical clinic: Category alone does not establish whether dental care is provided,,,,,,external_evidence_required,category and title evidence do not support a safe batch suggestion,False,+1707-442-0380,unitedindianhealthservices.org,http://unitedindianhealthservices.org/,6.0,40.7914404,-124.1393086,https://www.google.com/maps?cid=5485192789650701152,website_then_google_profile,unitedindianhealthservices.org,eligibility_review_block:6f8050add09e52aa,singleton_profile,"Fill this row only when it is an exception to a reviewed group decision, or when its group is marked individual_review."
profile:Eureka_CA_S:google:cid:14667082976660505393,Eureka_CA_S,google:cid:14667082976660505393,Eureka VA Clinic,"930 W Harris St, Eureka, CA 95501",maps_core,Medical clinic,needs_category_review,unreviewed_or_conflicting_category_evidence,exclude_non_dentist_category|include_dental_provider,,,,,,eligibility_group:504917ff371eb69d,manual_review,Medical clinic: Category alone does not establish whether dental care is provided,,,,,,external_evidence_required,category and title evidence do not support a safe batch suggestion,False,+1707-269-7500,www.va.gov,https://www.va.gov/san-francisco-health-care/locations/eureka-va-clinic/,30.0,40.7812224,-124.1813806,https://www.google.com/maps?cid=14667082976660505393,website_then_google_profile,www.va.gov,eligibility_review_block:158705282396dbfd,singleton_profile,"Fill this row only when it is an exception to a reviewed group decision, or when its group is marked individual_review."
profile:Eureka_CA_S:google:cid:12163677498635139494,Eureka_CA_S,google:cid:12163677498635139494,Open door clinic,"3rd St, Eureka, CA 95501",maps_core,Medical clinic,needs_category_review,unreviewed_or_conflicting_category_evidence,exclude_non_dentist_category|include_dental_provider,,,,,,eligibility_group:504917ff371eb69d,manual_review,Medical clinic: Category alone does not establish whether dental care is provided,,,,,,external_evidence_required,category and title evidence do not support a safe batch suggestion,False,+1707-443-4666,opendoorhealth.com,https://opendoorhealth.com/,3.0,40.804664,-124.1587569,https://www.google.com/maps?cid=12163677498635139494,website_then_google_profile,opendoorhealth.com,eligibility_review_block:619971a47933ebbf,singleton_profile,"Fill this row only when it is an exception to a reviewed group decision, or when its group is marked individual_review."
profile:FortBragg_CA_S:google:cid:14917014621510948541,FortBragg_CA_S,google:cid:14917014621510948541,"Mendocino Coast Clinics, Inc","205 South St, Fort Bragg, CA 95437",maps_core|maps_specialist,Medical clinic,needs_category_review,unreviewed_or_conflicting_category_evidence,exclude_non_dentist_category|include_dental_provider,,,,,,eligibility_group:504917ff371eb69d,manual_review,Medical clinic: Category alone does not establish whether dental care is provided,,,,,,external_evidence_required,category and title evidence do not support a safe batch suggestion,False,+1707-964-1251,mendocinocoastclinics.org,http://mendocinocoastclinics.org/,39.0,39.4316044,-123.8037061,https://www.google.com/maps?cid=14917014621510948541,website_then_google_profile,mendocinocoastclinics.org,eligibility_review_block:2339edbd9a7901c4,singleton_profile,"Fill this row only when it is an exception to a reviewed group decision, or when its group is marked individual_review."
profile:LA_CA_L:google:cid:14523467718029744471,LA_CA_L,google:cid:14523467718029744471,"APLA Health Center, Long Beach","1043 Elm Ave #302, Long Beach, CA 90813",business_listings,Medical clinic,needs_category_review,unreviewed_or_conflicting_category_evidence,exclude_non_dentist_category|include_dental_provider,,,,,,eligibility_group:504917ff371eb69d,manual_review,Medical clinic: Category alone does not establish whether dental care is provided,,,,,,external_evidence_required,category and title evidence do not support a safe batch suggestion,False,+1562-247-7740,aplahealth.org,https://aplahealth.org/locations/apla-health-center-long-beach/,84.0,33.779705,-118.188409,https://www.google.com/maps?cid=14523467718029744471,website_then_google_profile,aplahealth.org,eligibility_review_block:5b6be2e06fc03bf0,shared_domain_within_category_group,"Fill this row only when it is an exception to a reviewed group decision, or when its group is marked individual_review."
profile:LA_CA_L:google:cid:14508613773664398805,LA_CA_L,google:cid:14508613773664398805,"APLA Health, Gleicher/Chen Health Center, Baldwin Hills","3743 S La Brea Ave, Los Angeles, CA 90016",business_listings,Medical clinic,needs_category_review,unreviewed_or_conflicting_category_evidence,exclude_non_dentist_category|include_dental_provider,,,,,,eligibility_group:504917ff371eb69d,manual_review,Medical clinic: Category alone does not establish whether dental care is provided,,,,,,external_evidence_required,category and title evidence do not support a safe batch suggestion,False,+1323-329-9900,aplahealth.org,https://aplahealth.org/locations/gleicher-chen-health-center-baldwin-hills/,71.0,34.018727,-118.356329,https://www.google.com/maps?cid=14508613773664398805,website_then_google_profile,aplahealth.org,eligibility_review_block:5b6be2e06fc03bf0,shared_domain_within_category_group,"Fill this row only when it is an exception to a reviewed group decision, or when its group is marked individual_review."
profile:LA_CA_L:google:cid:8733211690348049313,LA_CA_L,google:cid:8733211690348049313,"AltaMed Medical and Dental Group - Pasadena, Fair Oaks","1855 N Fair Oaks Ave #200, Pasadena, CA 91103",business_listings,Medical clinic,needs_category_review,unreviewed_or_conflicting_category_evidence,exclude_non_dentist_category|include_dental_provider,,,,,,eligibility_group:504917ff371eb69d,manual_review,Medical clinic: Category alone does not establish whether dental care is provided,,dental,medical,,,external_evidence_required,category and title evidence do not support a safe batch suggestion,False,+1888-499-9303,www.altamed.org,https://www.altamed.org/,55.0,34.1775571,-118.151189,https://www.google.com/maps?cid=8733211690348049313,website_then_google_profile,www.altamed.org,eligibility_review_block:ecc2ea6e4ea31de8,singleton_profile,"Fill this row only when it is an exception to a reviewed group decision, or when its group is marked individual_review."
profile:LA_CA_L:google:cid:10671460001844304829,LA_CA_L,google:cid:10671460001844304829,Artur Arkelakyan,"905 S Lake St STE 102, Burbank, CA 91502",business_listings,Medical clinic,needs_category_review,unreviewed_or_conflicting_category_evidence,exclude_non_dentist_category|include_dental_provider,,,,,,eligibility_group:504917ff371eb69d,manual_review,Medical clinic: Category alone does not establish whether dental care is provided,,,,,,external_evidence_required,category and title evidence do not support a safe batch suggestion,False,+1818-859-7979,coastlanddental.com,https://coastlanddental.com/about/dr-artur-arkelakyan/,1.0,34.1694336,-118.3061976,https://www.google.com/maps?cid=10671460001844304829,website_then_google_profile,coastlanddental.com,eligibility_review_block:27d13c04ae8a79d4,singleton_profile,"Fill this row only when it is an exception to a reviewed group decision, or when its group is marked individual_review."
profile:LA_CA_L:google:cid:14327273828255401603,LA_CA_L,google:cid:14327273828255401603,Comprehensive Community Health Centers - CCHC Glendale,"801 S Chevy Chase Dr #250, Glendale, CA 91205",business_listings,Medical clinic,needs_category_review,unreviewed_or_conflicting_category_evidence,exclude_non_dentist_category|include_dental_provider,,,,,,eligibility_group:504917ff371eb69d,manual_review,Medical clinic: Category alone does not establish whether dental care is provided,,,,,,external_evidence_required,category and title evidence do not support a safe batch suggestion,False,+1818-265-2264,cchccenters.org,https://cchccenters.org/,520.0,34.1366539,-118.2402801,https://www.google.com/maps?cid=14327273828255401603,website_then_google_profile,cchccenters.org,eligibility_review_block:827d8844f8496075,singleton_profile,"Fill this row only when it is an exception to a reviewed group decision, or when its group is marked individual_review."
profile:LA_CA_L:google:cid:10967843234449240540,LA_CA_L,google:cid:10967843234449240540,Dr. Fouy Chau,"5363 Balboa Blvd Ste 328, Encino, CA 91316",business_listings,Medical clinic,needs_category_review,unreviewed_or_conflicting_category_evidence,exclude_non_dentist_category|include_dental_provider,,,,,,eligibility_group:504917ff371eb69d,manual_review,Medical clinic: Category alone does not establish whether dental care is provided,,,,,,external_evidence_required,category and title evidence do not support a safe batch suggestion,False,,,,2.0,34.1687459,-118.502047,https://www.google.com/maps?cid=10967843234449240540,google_profile_only,,eligibility_review_block:7b15ab25d1c44c08,singleton_profile,"Fill this row only when it is an exception to a reviewed group decision, or when its group is marked individual_review."
profile:LA_CA_L:google:cid:5006005254849634573,LA_CA_L,google:cid:5006005254849634573,Dr. Martin Galstyan,"813 Fair Oaks Ave, South Pasadena, CA 91030",business_listings,Medical clinic,needs_category_review,unreviewed_or_conflicting_category_evidence,exclude_non_dentist_category|include_dental_provider,,,,,,eligibility_group:504917ff371eb69d,manual_review,Medical clinic: Category alone does not establish whether dental care is provided,,,,,,external_evidence_required,category and title evidence do not support a safe batch suggestion,False,+1626-593-0053,,,1.0,34.1163384,-118.150714,https://www.google.com/maps?cid=5006005254849634573,google_profile_only,,eligibility_review_block:15c0309c3c9fc3b9,singleton_profile,"Fill this row only when it is an exception to a reviewed group decision, or when its group is marked individual_review."
profile:LA_CA_L:google:cid:1498220725156722538,LA_CA_L,google:cid:1498220725156722538,Eisner Health - Downtown Los Angeles,"1530 S Olive St, Los Angeles, CA 90015",business_listings,Medical clinic,needs_category_review,unreviewed_or_conflicting_category_evidence,exclude_non_dentist_category|include_dental_provider,,,,,,eligibility_group:504917ff371eb69d,manual_review,Medical clinic: Category alone does not establish whether dental care is provided,,,,,,external_evidence_required,category and title evidence do not support a safe batch suggestion,False,+1213-747-5542,www.eisnerhealth.org,http://www.eisnerhealth.org/,410.0,34.035289,-118.2650867,https://www.google.com/maps?cid=1498220725156722538,website_then_google_profile,www.eisnerhealth.org,eligibility_review_block:e7049a065b0534c1,shared_domain_within_category_group,"Fill this row only when it is an exception to a reviewed group decision, or when its group is marked individual_review."
profile:LA_CA_L:google:cid:17835189435584102604,LA_CA_L,google:cid:17835189435584102604,Eisner Health - Lynwood,"3680 E Imperial Hwy #200, Lynwood, CA 90262",business_listings,Medical clinic,needs_category_review,unreviewed_or_conflicting_category_evidence,exclude_non_dentist_category|include_dental_provider,,,,,,eligibility_group:504917ff371eb69d,manual_review,Medical clinic: Category alone does not establish whether dental care is provided,,,,,,external_evidence_required,category and title evidence do not support a safe batch suggestion,False,+1310-608-4898,www.eisnerhealth.org,http://www.eisnerhealth.org/,90.0,33.9318538,-118.2009874,https://www.google.com/maps?cid=17835189435584102604,website_then_google_profile,www.eisnerhealth.org,eligibility_review_block:e7049a065b0534c1,shared_domain_within_category_group,"Fill this row only when it is an exception to a reviewed group decision, or when its group is marked individual_review."
profile:LA_CA_L:google:cid:17016569287748856828,LA_CA_L,google:cid:17016569287748856828,Eisner Health - Sherman Oaks,"Dental Clinic Suite LL, 15477 Ventura Blvd #300, Sherman Oaks, CA 91403",business_listings,Medical clinic,needs_category_review,unreviewed_or_conflicting_category_evidence,exclude_non_dentist_category|include_dental_provider,,,,,,eligibility_group:504917ff371eb69d,manual_review,Medical clinic: Category alone does not establish whether dental care is provided,,,,,,external_evidence_required,category and title evidence do not support a safe batch suggestion,False,+1818-907-0322,www.eisnerhealth.org,http://www.eisnerhealth.org/,139.0,34.1549501,-118.4711322,https://www.google.com/maps?cid=17016569287748856828,website_then_google_profile,www.eisnerhealth.org,eligibility_review_block:e7049a065b0534c1,shared_domain_within_category_group,"Fill this row only when it is an exception to a reviewed group decision, or when its group is marked individual_review."
profile:LA_CA_L:google:cid:7614563752735245075,LA_CA_L,google:cid:7614563752735245075,El Proyecto Del Barrio,"9140 Van Nuys Blvd, Panorama City, CA 91402",business_listings,Medical clinic,needs_category_review,unreviewed_or_conflicting_category_evidence,exclude_non_dentist_category|include_dental_provider,,,,,,eligibility_group:504917ff371eb69d,manual_review,Medical clinic: Category alone does not establish whether dental care is provided,,,,,,external_evidence_required,category and title evidence do not support a safe batch suggestion,False,+1818-830-7181,www.elproyecto.us,https://www.elproyecto.us/,42.0,34.2366658,-118.4497211,https://www.google.com/maps?cid=7614563752735245075,website_then_google_profile,www.elproyecto.us,eligibility_review_block:ce7d7c93692c2989,singleton_profile,"Fill this row only when it is an exception to a reviewed group decision, or when its group is marked individual_review."
profile:LA_CA_L:google:cid:13084037250118456891,LA_CA_L,google:cid:13084037250118456891,Endoscopy Center At Skypark,"23441 Madison St, Torrance, CA 90505",business_listings,Medical clinic,needs_category_review,unreviewed_or_conflicting_category_evidence,exclude_non_dentist_category|include_dental_provider,,,,,,eligibility_group:504917ff371eb69d,manual_review,Medical clinic: Category alone does not establish whether dental care is provided,,,,,,external_evidence_required,category and title evidence do not support a safe batch suggestion,False,+1310-375-6461,www.digestivecareconsultants.net,http://www.digestivecareconsultants.net/,31.0,33.8124885,-118.3487014,https://www.google.com/maps?cid=13084037250118456891,website_then_google_profile,www.digestivecareconsultants.net,eligibility_review_block:85379a70dc451991,singleton_profile,"Fill this row only when it is an exception to a reviewed group decision, or when its group is marked individual_review."
profile:LA_CA_L:google:cid:16173013667061739290,LA_CA_L,google:cid:16173013667061739290,Friends of Family Health Center,"501 S Idaho St, La Habra, CA 90631",business_listings,Medical clinic,needs_category_review,unreviewed_or_conflicting_category_evidence,exclude_non_dentist_category|include_dental_provider,,,,,,eligibility_group:504917ff371eb69d,manual_review,Medical clinic: Category alone does not establish whether dental care is provided,,,,,,external_evidence_required,category and title evidence do not support a safe batch suggestion,False,+1562-690-0400,www.fofhealthcenter.org,http://www.fofhealthcenter.org/,303.0,33.9277881,-117.9597721,https://www.google.com/maps?cid=16173013667061739290,website_then_google_profile,www.fofhealthcenter.org,eligibility_review_block:1fee17e85ea9f58c,singleton_profile,"Fill this row only when it is an exception to a reviewed group decision, or when its group is marked individual_review."
profile:LA_CA_L:google:cid:11366871718438330174,LA_CA_L,google:cid:11366871718438330174,Jwch Clinic,"954 N Vermont Ave, Los Angeles, CA 90029",business_listings,Medical clinic,needs_category_review,unreviewed_or_conflicting_category_evidence,exclude_non_dentist_category|include_dental_provider,,,,,,eligibility_group:504917ff371eb69d,manual_review,Medical clinic: Category alone does not establish whether dental care is provided,,,,,,external_evidence_required,category and title evidence do not support a safe batch suggestion,False,+1323-454-4850,jwchinstitute.org,http://jwchinstitute.org/,14.0,34.0888909,-118.2914886,https://www.google.com/maps?cid=11366871718438330174,website_then_google_profile,jwchinstitute.org,eligibility_review_block:2bb67c50689b2015,shared_domain_within_category_group,"Fill this row only when it is an exception to a reviewed group decision, or when its group is marked individual_review."
profile:LA_CA_L:google:cid:6196496635137087288,LA_CA_L,google:cid:6196496635137087288,KCS Health Center - Orangethorpe,"7212 Orangethorpe Ave #9a, Buena Park, CA 90621",business_listings,Medical clinic,needs_category_review,unreviewed_or_conflicting_category_evidence,exclude_non_dentist_category|include_dental_provider,,,,,,eligibility_group:504917ff371eb69d,manual_review,Medical clinic: Category alone does not establish whether dental care is provided,,,,,,external_evidence_required,category and title evidence do not support a safe batch suggestion,False,+1714-503-6550,www.kcsinc.org,https://www.kcsinc.org/,167.0,33.8582658,-118.0074926,https://www.google.com/maps?cid=6196496635137087288,website_then_google_profile,www.kcsinc.org,eligibility_review_block:84d5cfec82085514,singleton_profile,"Fill this row only when it is an exception to a reviewed group decision, or when its group is marked individual_review."
profile:LA_CA_L:google:cid:8154161051919693340,LA_CA_L,google:cid:8154161051919693340,Kheir Clinic Suite 120,"3255 Wilshire Blvd, Los Angeles, CA 90010",business_listings,Medical clinic,needs_category_review,unreviewed_or_conflicting_category_evidence,exclude_non_dentist_category|include_dental_provider,,,,,,eligibility_group:504917ff371eb69d,manual_review,Medical clinic: Category alone does not establish whether dental care is provided,,,,,,external_evidence_required,category and title evidence do not support a safe batch suggestion,False,+1213-235-2500,www.lakheir.org,http://www.lakheir.org/,84.0,34.061962099999995,-118.2932306,https://www.google.com/maps?cid=8154161051919693340,website_then_google_profile,www.lakheir.org,eligibility_review_block:92d8a1d1ce5ca255,singleton_profile,"Fill this row only when it is an exception to a reviewed group decision, or when its group is marked individual_review."
profile:LA_CA_L:google:cid:2840277457789965236,LA_CA_L,google:cid:2840277457789965236,"Mission City Community Network, Inc - North Hills","15206 Parthenia St, North Hills, CA 91343",business_listings,Medical clinic,needs_category_review,unreviewed_or_conflicting_category_evidence,exclude_non_dentist_category|include_dental_provider,,,,,,eligibility_group:504917ff371eb69d,manual_review,Medical clinic: Category alone does not establish whether dental care is provided,,,,,,external_evidence_required,category and title evidence do not support a safe batch suggestion,False,+1818-895-3100,www.mccn.org,http://www.mccn.org/,49.0,34.2279919,-118.4635373,https://www.google.com/maps?cid=2840277457789965236,website_then_google_profile,www.mccn.org,eligibility_review_block:8f83604a46ab74d8,singleton_profile,"Fill this row only when it is an exception to a reviewed group decision, or when its group is marked individual_review."
profile:LA_CA_L:google:cid:11349239648908701467,LA_CA_L,google:cid:11349239648908701467,Mr. John Whitley,"10436 Sepulveda Blvd, Mission Hills, CA 91345",business_listings,Medical clinic,needs_category_review,unreviewed_or_conflicting_category_evidence,exclude_non_dentist_category|include_dental_provider,,,,,,eligibility_group:504917ff371eb69d,manual_review,Medical clinic: Category alone does not establish whether dental care is provided,,,,,,external_evidence_required,category and title evidence do not support a safe batch suggestion,False,+1562-445-4267,,,,34.2607409,-118.4667104,https://www.google.com/maps?cid=11349239648908701467,google_profile_only,,eligibility_review_block:69918f93543f1e20,singleton_profile,"Fill this row only when it is an exception to a reviewed group decision, or when its group is marked individual_review."
profile:LA_CA_L:google:cid:3096215368823140089,LA_CA_L,google:cid:3096215368823140089,Northeast Valley Health Corporation (San Fernando Health Center),"1600 San Fernando Rd, San Fernando, CA 91340",business_listings,Medical clinic,needs_category_review,unreviewed_or_conflicting_category_evidence,exclude_non_dentist_category|include_dental_provider,,,,,,eligibility_group:504917ff371eb69d,manual_review,Medical clinic: Category alone does not establish whether dental care is provided,,,,,,external_evidence_required,category and title evidence do not support a safe batch suggestion,False,+1818-365-8086,www.nevhc.org,http://www.nevhc.org/,494.0,34.2887919,-118.4484995,https://www.google.com/maps?cid=3096215368823140089,website_then_google_profile,www.nevhc.org,eligibility_review_block:b7d7081bc212d943,singleton_profile,"Fill this row only when it is an exception to a reviewed group decision, or when its group is marked individual_review."
profile:LA_CA_L:google:cid:3440383556425355901,LA_CA_L,google:cid:3440383556425355901,ROADS Community Clinic - East Long Beach,"4800 E Los Coyotes Diagonal, Long Beach, CA 90815",business_listings,Medical clinic,needs_category_review,unreviewed_or_conflicting_category_evidence,exclude_non_dentist_category|include_dental_provider,,,,,,eligibility_group:504917ff371eb69d,manual_review,Medical clinic: Category alone does not establish whether dental care is provided,,,,,,external_evidence_required,category and title evidence do not support a safe batch suggestion,False,+1562-506-1313,roadsfoundation.org,https://roadsfoundation.org/,55.0,33.7928638,-118.1375988,https://www.google.com/maps?cid=3440383556425355901,website_then_google_profile,roadsfoundation.org,eligibility_review_block:21627077b3f38f67,singleton_profile,"Fill this row only when it is an exception to a reviewed group decision, or when its group is marked individual_review."
profile:LA_CA_L:google:cid:16921693145374816641,LA_CA_L,google:cid:16921693145374816641,St. John’s Community Health Warner Traynham Clinic,"326 W 23rd St, Los Angeles, CA 90007",business_listings,Medical clinic,needs_category_review,unreviewed_or_conflicting_category_evidence,exclude_non_dentist_category|include_dental_provider,,,,,,eligibility_group:504917ff371eb69d,manual_review,Medical clinic: Category alone does not establish whether dental care is provided,,,,,,external_evidence_required,category and title evidence do not support a safe batch suggestion,False,+1323-541-1411,sjch.org,https://sjch.org/,394.0,34.029281,-118.2715524,https://www.google.com/maps?cid=16921693145374816641,website_then_google_profile,sjch.org,eligibility_review_block:273162d348b497fb,singleton_profile,"Fill this row only when it is an exception to a reviewed group decision, or when its group is marked individual_review."
profile:LA_CA_L:google:cid:17012823065007518935,LA_CA_L,google:cid:17012823065007518935,TC Clinic,"604 Rose Ave, Venice, CA 90291",business_listings,Medical clinic,needs_category_review,unreviewed_or_conflicting_category_evidence,exclude_non_dentist_category|include_dental_provider,,,,,,eligibility_group:504917ff371eb69d,manual_review,Medical clinic: Category alone does not establish whether dental care is provided,,,,,,external_evidence_required,category and title evidence do not support a safe batch suggestion,False,+1310-392-8636,tccliniic.com,http://tccliniic.com/family-clinic/venice-family-clinic-locations-hrs-directions.html,,33.9991486,-118.4715237,https://www.google.com/maps?cid=17012823065007518935,website_then_google_profile,tccliniic.com,eligibility_review_block:b5017a9567967f01,singleton_profile,"Fill this row only when it is an exception to a reviewed group decision, or when its group is marked individual_review."
profile:LA_CA_L:google:cid:10667488645197953416,LA_CA_L,google:cid:10667488645197953416,TTW,"6551 Van Nuys Blvd, Van Nuys, CA 91401",business_listings,Medical clinic,needs_category_review,unreviewed_or_conflicting_category_evidence,exclude_non_dentist_category|include_dental_provider,,,,,,eligibility_group:504917ff371eb69d,manual_review,Medical clinic: Category alone does not establish whether dental care is provided,,,,,,external_evidence_required,category and title evidence do not support a safe batch suggestion,False,,,,1.0,34.1899091,-118.4491988,https://www.google.com/maps?cid=10667488645197953416,google_profile_only,,eligibility_review_block:1b603f17744a25ad,singleton_profile,"Fill this row only when it is an exception to a reviewed group decision, or when its group is marked individual_review."
profile:LA_CA_L:google:cid:15840384001208137121,LA_CA_L,google:cid:15840384001208137121,The Allergy Eliminator,"1306 W Glenoaks Blvd, Glendale, CA 91201",business_listings,Medical clinic,needs_category_review,unreviewed_or_conflicting_category_evidence,exclude_non_dentist_category|include_dental_provider,,,,,,eligibility_group:504917ff371eb69d,manual_review,Medical clinic: Category alone does not establish whether dental care is provided,,,,,,external_evidence_required,category and title evidence do not support a safe batch suggestion,False,+1818-247-4766,,,,34.1661228,-118.2833812,https://www.google.com/maps?cid=15840384001208137121,google_profile_only,,eligibility_review_block:3f21e0a4570e8447,singleton_profile,"Fill this row only when it is an exception to a reviewed group decision, or when its group is marked individual_review."
profile:LA_CA_L:google:cid:14004486374216899848,LA_CA_L,google:cid:14004486374216899848,To Help Everyone - La Brea Health Center,"3721 S La Brea Ave, Los Angeles, CA 90016",business_listings,Medical clinic,needs_category_review,unreviewed_or_conflicting_category_evidence,exclude_non_dentist_category|include_dental_provider,,,,,,eligibility_group:504917ff371eb69d,manual_review,Medical clinic: Category alone does not establish whether dental care is provided,,,,,,external_evidence_required,category and title evidence do not support a safe batch suggestion,False,+1323-730-1920,www.tohelpeveryone.org,https://www.tohelpeveryone.org/,35.0,34.019045,-118.3560497,https://www.google.com/maps?cid=14004486374216899848,website_then_google_profile,www.tohelpeveryone.org,eligibility_review_block:4f16c30f833763cd,shared_domain_within_category_group,"Fill this row only when it is an exception to a reviewed group decision, or when its group is marked individual_review."
profile:LA_CA_L:google:cid:10095274009169916734,LA_CA_L,google:cid:10095274009169916734,To Help Everyone - Lennox Health Center,"10223 Firmona Ave, Lennox, CA 90304",business_listings,Medical clinic,needs_category_review,unreviewed_or_conflicting_category_evidence,exclude_non_dentist_category|include_dental_provider,,,,,,eligibility_group:504917ff371eb69d,manual_review,Medical clinic: Category alone does not establish whether dental care is provided,,,,,,external_evidence_required,category and title evidence do not support a safe batch suggestion,False,+1323-730-1920,www.tohelpeveryone.org,https://www.tohelpeveryone.org/,16.0,33.9430079,-118.3572074,https://www.google.com/maps?cid=10095274009169916734,website_then_google_profile,www.tohelpeveryone.org,eligibility_review_block:4f16c30f833763cd,shared_domain_within_category_group,"Fill this row only when it is an exception to a reviewed group decision, or when its group is marked individual_review."
profile:LA_CA_L:google:cid:17977013904022740629,LA_CA_L,google:cid:17977013904022740629,To Help Everyone - Western Health Center,"3834 S Western Ave, Los Angeles, CA 90062",business_listings,Medical clinic,needs_category_review,unreviewed_or_conflicting_category_evidence,exclude_non_dentist_category|include_dental_provider,,,,,,eligibility_group:504917ff371eb69d,manual_review,Medical clinic: Category alone does not establish whether dental care is provided,,,,,,external_evidence_required,category and title evidence do not support a safe batch suggestion,False,+1323-730-1920,www.tohelpeveryone.org,https://www.tohelpeveryone.org/,96.0,34.0161799,-118.3085939,https://www.google.com/maps?cid=17977013904022740629,website_then_google_profile,www.tohelpeveryone.org,eligibility_review_block:4f16c30f833763cd,shared_domain_within_category_group,"Fill this row only when it is an exception to a reviewed group decision, or when its group is marked individual_review."
profile:LA_CA_L:google:cid:8776957313786257906,LA_CA_L,google:cid:8776957313786257906,U Snore No More Treatment Center,"25856 Hemingway Ave, Stevenson Ranch, CA 91381",business_listings,Medical clinic,needs_category_review,unreviewed_or_conflicting_category_evidence,exclude_non_dentist_category|include_dental_provider,,,,,,eligibility_group:504917ff371eb69d,manual_review,Medical clinic: Category alone does not establish whether dental care is provided,,,,,,external_evidence_required,category and title evidence do not support a safe batch suggestion,False,+1818-205-1122,,,,34.3871819,-118.5817083,https://www.google.com/maps?cid=8776957313786257906,google_profile_only,,eligibility_review_block:2002a0bcb3a5a556,singleton_profile,"Fill this row only when it is an exception to a reviewed group decision, or when its group is marked individual_review."
profile:LA_CA_L:google:cid:5424899260031512217,LA_CA_L,google:cid:5424899260031512217,Unicare Community Health Center - Los Angeles,"741 S Alvarado St, Los Angeles, CA 90057",business_listings,Medical clinic,needs_category_review,unreviewed_or_conflicting_category_evidence,exclude_non_dentist_category|include_dental_provider,,,,,,eligibility_group:504917ff371eb69d,manual_review,Medical clinic: Category alone does not establish whether dental care is provided,,,,,,external_evidence_required,category and title evidence do not support a safe batch suggestion,False,+1213-413-6666,unicarechc.org,https://unicarechc.org/,36.0,34.0554564,-118.2776422,https://www.google.com/maps?cid=5424899260031512217,website_then_google_profile,unicarechc.org,eligibility_review_block:602117636e38b825,singleton_profile,"Fill this row only when it is an exception to a reviewed group decision, or when its group is marked individual_review."
profile:LA_CA_L:google:cid:17820276821066351545,LA_CA_L,google:cid:17820276821066351545,VCC: The Gary Center,"201 S Harbor Blvd, La Habra, CA 90631",business_listings,Medical clinic,needs_category_review,unreviewed_or_conflicting_category_evidence,exclude_non_dentist_category|include_dental_provider,,,,,,eligibility_group:504917ff371eb69d,manual_review,Medical clinic: Category alone does not establish whether dental care is provided,,,,,,external_evidence_required,category and title evidence do not support a safe batch suggestion,False,+1562-264-6000,www.vistacommunityclinic.org,https://www.vistacommunityclinic.org/events/grand-opening-vcc-gary-center/,60.0,33.9306242,-117.9339027,https://www.google.com/maps?cid=17820276821066351545,website_then_google_profile,www.vistacommunityclinic.org,eligibility_review_block:0f9c62a7cb88bc5b,singleton_profile,"Fill this row only when it is an exception to a reviewed group decision, or when its group is marked individual_review."
profile:LA_CA_L:google:cid:685936001646178210,LA_CA_L,google:cid:685936001646178210,Valley Community Healthcare,"6801 Coldwater Canyon Ave, North Hollywood, CA 91605",business_listings,Medical clinic,needs_category_review,unreviewed_or_conflicting_category_evidence,exclude_non_dentist_category|include_dental_provider,,,,,,eligibility_group:504917ff371eb69d,manual_review,Medical clinic: Category alone does not establish whether dental care is provided,,,,,,external_evidence_required,category and title evidence do not support a safe batch suggestion,False,+1818-763-8836,valleycommunityhealthcare.org,https://valleycommunityhealthcare.org/,241.0,34.1943608,-118.414939,https://www.google.com/maps?cid=685936001646178210,website_then_google_profile,valleycommunityhealthcare.org,eligibility_review_block:a0f3be8b669e721f,singleton_profile,"Fill this row only when it is an exception to a reviewed group decision, or when its group is marked individual_review."
profile:LA_CA_L:google:cid:1439068570786713565,LA_CA_L,google:cid:1439068570786713565,Venice Family Clinic - Simms/Mann Health Ctr,"2509 Pico Blvd, Santa Monica, CA 90405",business_listings,Medical clinic,needs_category_review,unreviewed_or_conflicting_category_evidence,exclude_non_dentist_category|include_dental_provider,,,,,,eligibility_group:504917ff371eb69d,manual_review,Medical clinic: Category alone does not establish whether dental care is provided,,,,,,external_evidence_required,category and title evidence do not support a safe batch suggestion,False,+1310-392-8636,www.venicefamilyclinic.org,https://www.venicefamilyclinic.org/,187.0,34.0231221,-118.4633112,https://www.google.com/maps?cid=1439068570786713565,website_then_google_profile,www.venicefamilyclinic.org,eligibility_review_block:89092459c850517d,singleton_profile,"Fill this row only when it is an exception to a reviewed group decision, or when its group is marked individual_review."
profile:LA_CA_L:google:cid:2329387890553899643,LA_CA_L,google:cid:2329387890553899643,Via Care Cesar Chavez Health Center,"4755 E Cesar E Chavez Ave, East Los Angeles, CA 90022",business_listings,Medical clinic,needs_category_review,unreviewed_or_conflicting_category_evidence,exclude_non_dentist_category|include_dental_provider,,,,,,eligibility_group:504917ff371eb69d,manual_review,Medical clinic: Category alone does not establish whether dental care is provided,,,,,,external_evidence_required,category and title evidence do not support a safe batch suggestion,False,+1323-268-9191,www.viacarela.org,https://www.viacarela.org/,78.0,34.0407912,-118.162866,https://www.google.com/maps?cid=2329387890553899643,website_then_google_profile,www.viacarela.org,eligibility_review_block:40aa3ebf615d3fda,singleton_profile,"Fill this row only when it is an exception to a reviewed group decision, or when its group is marked individual_review."
profile:LA_CA_L:google:cid:12666400545154698834,LA_CA_L,google:cid:12666400545154698834,Wesley Health Centers - Weingart Clinic,"515 E 6th St, Los Angeles, CA 90021",business_listings,Medical clinic,needs_category_review,unreviewed_or_conflicting_category_evidence,exclude_non_dentist_category|include_dental_provider,,,,,,eligibility_group:504917ff371eb69d,manual_review,Medical clinic: Category alone does not establish whether dental care is provided,,,,,,external_evidence_required,category and title evidence do not support a safe batch suggestion,False,+1213-270-6564,jwchinstitute.org,https://jwchinstitute.org/,6.0,34.042216,-118.2447028,https://www.google.com/maps?cid=12666400545154698834,website_then_google_profile,jwchinstitute.org,eligibility_review_block:2bb67c50689b2015,shared_domain_within_category_group,"Fill this row only when it is an exception to a reviewed group decision, or when its group is marked individual_review."
profile:LA_CA_L:google:cid:17578519269912760366,LA_CA_L,google:cid:17578519269912760366,White Memorial Community Health Center - Plaza III,"1828 E Cesar E Chavez Ave, Los Angeles, CA 90033",business_listings,Medical clinic,needs_category_review,unreviewed_or_conflicting_category_evidence,exclude_non_dentist_category|include_dental_provider,,,,,,eligibility_group:504917ff371eb69d,manual_review,Medical clinic: Category alone does not establish whether dental care is provided,,,,,,external_evidence_required,category and title evidence do not support a safe batch suggestion,False,+1323-987-1200,wmchealthcenter.org,https://wmchealthcenter.org/contact/,62.0,34.0499582,-118.2155778,https://www.google.com/maps?cid=17578519269912760366,website_then_google_profile,wmchealthcenter.org,eligibility_review_block:9f9d425a519b3050,singleton_profile,"Fill this row only when it is an exception to a reviewed group decision, or when its group is marked individual_review."
profile:LA_CA_L:google:cid:5839081733048392970,LA_CA_L,google:cid:5839081733048392970,ZendyHealth,"1200 Santee St #201, Los Angeles, CA 90015",business_listings,Medical clinic,needs_category_review,unreviewed_or_conflicting_category_evidence,exclude_non_dentist_category|include_dental_provider,,,,,,eligibility_group:504917ff371eb69d,manual_review,Medical clinic: Category alone does not establish whether dental care is provided,,,,,,external_evidence_required,category and title evidence do not support a safe batch suggestion,False,+1855-699-3639,specials.zendyhealth.com,https://specials.zendyhealth.com/hsabank/,5.0,34.0359797,-118.2573566,https://www.google.com/maps?cid=5839081733048392970,website_then_google_profile,specials.zendyhealth.com,eligibility_review_block:498b511e0b067451,singleton_profile,"Fill this row only when it is an exception to a reviewed group decision, or when its group is marked individual_review."
profile:Macon_GA_M:google:cid:920815215444172769,Macon_GA_M,google:cid:920815215444172769,"Bibb Family Practice Associates, PC","721 Riverside Dr Ln, Macon, GA 31201",maps_core,Medical clinic,needs_category_review,unreviewed_or_conflicting_category_evidence,exclude_non_dentist_category|include_dental_provider,,,,,,eligibility_group:504917ff371eb69d,manual_review,Medical clinic: Category alone does not establish whether dental care is provided,,,,,,external_evidence_required,category and title evidence do not support a safe batch suggestion,False,+1478-259-3439,bibbfamilypractice.com,http://bibbfamilypractice.com/,11.0,32.8414236,-83.6281958,https://www.google.com/maps?cid=920815215444172769,website_then_google_profile,bibbfamilypractice.com,eligibility_review_block:049945e26140b61e,singleton_profile,"Fill this row only when it is an exception to a reviewed group decision, or when its group is marked individual_review."
profile:Macon_GA_M:google:cid:4691704608957327781,Macon_GA_M,google:cid:4691704608957327781,Jasmine Edwards,"205 Tom Hill Sr Blvd Ste B, Macon, GA 31210",business_listings|maps_core,Medical clinic,needs_category_review,unreviewed_or_conflicting_category_evidence,exclude_non_dentist_category|include_dental_provider,,,,,,eligibility_group:504917ff371eb69d,manual_review,Medical clinic: Category alone does not establish whether dental care is provided,,,,,,external_evidence_required,category and title evidence do not support a safe batch suggestion,False,+1478-654-3111,,,,32.8968819,-83.6875106,https://www.google.com/maps?cid=4691704608957327781,google_profile_only,,eligibility_review_block:572d91b4219ccbc8,singleton_profile,"Fill this row only when it is an exception to a reviewed group decision, or when its group is marked individual_review."
profile:Macon_GA_M:google:cid:2683486518035905913,Macon_GA_M,google:cid:2683486518035905913,Macon VA Clinic,"5566 Thomaston Rd, Macon, GA 31220",maps_core,Medical clinic,needs_category_review,unreviewed_or_conflicting_category_evidence,exclude_non_dentist_category|include_dental_provider,,,,,,eligibility_group:504917ff371eb69d,manual_review,Medical clinic: Category alone does not establish whether dental care is provided,,,,,,external_evidence_required,category and title evidence do not support a safe batch suggestion,False,+1478-476-8868,www.dublin.va.gov,http://www.dublin.va.gov/,108.0,32.8325957,-83.74387349999999,https://www.google.com/maps?cid=2683486518035905913,website_then_google_profile,www.dublin.va.gov,eligibility_review_block:32f079af42304ab1,singleton_profile,"Fill this row only when it is an exception to a reviewed group decision, or when its group is marked individual_review."
profile:Macon_GA_M:google:cid:4599951736689123327,Macon_GA_M,google:cid:4599951736689123327,Macon Volunteer Clinic,"770 Walnut St, Macon, GA 31201",maps_core|maps_specialist,Medical clinic,needs_category_review,unreviewed_or_conflicting_category_evidence,exclude_non_dentist_category|include_dental_provider,,,,,,eligibility_group:504917ff371eb69d,manual_review,Medical clinic: Category alone does not establish whether dental care is provided,,,,,,external_evidence_required,category and title evidence do not support a safe batch suggestion,False,+1478-755-1110,www.maconvolunteerclinic.org,http://www.maconvolunteerclinic.org/,29.0,32.8404188,-83.6296192,https://www.google.com/maps?cid=4599951736689123327,website_then_google_profile,www.maconvolunteerclinic.org,eligibility_review_block:791b53455ab73cba,singleton_profile,"Fill this row only when it is an exception to a reviewed group decision, or when its group is marked individual_review."
profile:Macon_GA_M:google:cid:2483200121336417676,Macon_GA_M,google:cid:2483200121336417676,Navicent Health,"1014 Forsyth St, Macon, GA 31201",maps_core,Medical clinic,needs_category_review,unreviewed_or_conflicting_category_evidence,exclude_non_dentist_category|include_dental_provider,,,,,,eligibility_group:504917ff371eb69d,manual_review,Medical clinic: Category alone does not establish whether dental care is provided,,,,,,external_evidence_required,category and title evidence do not support a safe batch suggestion,False,+1478-633-8500,childrenshospitalnh.org,http://childrenshospitalnh.org/services-centers/autism-developmental-center/,26.0,32.8353402,-83.63768139999999,https://www.google.com/maps?cid=2483200121336417676,website_then_google_profile,childrenshospitalnh.org,eligibility_review_block:fc495ff11e40d90a,singleton_profile,"Fill this row only when it is an exception to a reviewed group decision, or when its group is marked individual_review."
profile:Macon_GA_M:google:cid:13284838367573234959,Macon_GA_M,google:cid:13284838367573234959,Walmart Health Center,"6020 Harrison Rd Suite B, Macon, GA 31206",business_listings,Medical clinic,needs_category_review,unreviewed_or_conflicting_category_evidence,exclude_non_dentist_category|include_dental_provider,,,,,,eligibility_group:504917ff371eb69d,manual_review,Medical clinic: Category alone does not establish whether dental care is provided,,,,,,external_evidence_required,category and title evidence do not support a safe batch suggestion,False,+1478-703-0468,walmarthealth.com,https://walmarthealth.com/,27.0,32.8091422,-83.7184363,https://www.google.com/maps?cid=13284838367573234959,website_then_google_profile,walmarthealth.com,eligibility_review_block:155ae2123f5f32c2,singleton_profile,"Fill this row only when it is an exception to a reviewed group decision, or when its group is marked individual_review."
profile:NYC_NY_L:google:cid:7177437249452483103,NYC_NY_L,google:cid:7177437249452483103,Advanced Medical & Dental,"147-12 Rockaway Blvd, Jamaica, NY 11436",business_listings,Medical clinic,needs_category_review,unreviewed_or_conflicting_category_evidence,exclude_non_dentist_category|include_dental_provider,,,,,,eligibility_group:504917ff371eb69d,manual_review,Medical clinic: Category alone does not establish whether dental care is provided,,dental,medical,,,external_evidence_required,category and title evidence do not support a safe batch suggestion,False,+1718-732-7744,advancedmedicalanddental.com,http://advancedmedicalanddental.com/,28.0,40.6731547,-73.7903668,https://www.google.com/maps?cid=7177437249452483103,website_then_google_profile,advancedmedicalanddental.com,eligibility_review_block:c970ac4ff488624c,singleton_profile,"Fill this row only when it is an exception to a reviewed group decision, or when its group is marked individual_review."
profile:NYC_NY_L:google:cid:16423535341868293306,NYC_NY_L,google:cid:16423535341868293306,BronxCare - Ogden Family Medical and Dental,"1067 Ogden Ave, Bronx, NY 10451",business_listings,Medical clinic,needs_category_review,unreviewed_or_conflicting_category_evidence,exclude_non_dentist_category|include_dental_provider,,,,,,eligibility_group:504917ff371eb69d,manual_review,Medical clinic: Category alone does not establish whether dental care is provided,,dental,medical,,,external_evidence_required,category and title evidence do not support a safe batch suggestion,False,+1718-992-7669,www.mlkhealthcenter.com,https://www.mlkhealthcenter.com/locations/bronxcare-ogden-family-medical-and-dental/,29.0,40.8350395,-73.9283562,https://www.google.com/maps?cid=16423535341868293306,website_then_google_profile,www.mlkhealthcenter.com,eligibility_review_block:d7a5aa74bca27ed6,shared_domain_within_category_group,"Fill this row only when it is an exception to a reviewed group decision, or when its group is marked individual_review."
profile:NYC_NY_L:google:cid:6226833835766794545,NYC_NY_L,google:cid:6226833835766794545,BronxCare Third Avenue Medical and Dental Practice,"2739 3rd Ave, Bronx, NY 10451",business_listings,Medical clinic,needs_category_review,unreviewed_or_conflicting_category_evidence,exclude_non_dentist_category|include_dental_provider,,,,,,eligibility_group:504917ff371eb69d,manual_review,Medical clinic: Category alone does not establish whether dental care is provided,,dental,medical,,,external_evidence_required,category and title evidence do not support a safe batch suggestion,False,+1718-838-1000,www.mlkhealthcenter.com,https://www.mlkhealthcenter.com/,81.0,40.8145881,-73.92084969999999,https://www.google.com/maps?cid=6226833835766794545,website_then_google_profile,www.mlkhealthcenter.com,eligibility_review_block:d7a5aa74bca27ed6,shared_domain_within_category_group,"Fill this row only when it is an exception to a reviewed group decision, or when its group is marked individual_review."
profile:NYC_NY_L:google:cid:16296289560891316346,NYC_NY_L,google:cid:16296289560891316346,CEC Health Care - Glen Cove,"113 Glen Cove Ave, Glen Cove, NY 11542",business_listings,Medical clinic,needs_category_review,unreviewed_or_conflicting_category_evidence,exclude_non_dentist_category|include_dental_provider,,,,,,eligibility_group:504917ff371eb69d,manual_review,Medical clinic: Category alone does not establish whether dental care is provided,,,,,,external_evidence_required,category and title evidence do not support a safe batch suggestion,False,+1516-622-8888,charlesevanscenter.org,http://charlesevanscenter.org/,22.0,40.8572377,-73.6345826,https://www.google.com/maps?cid=16296289560891316346,website_then_google_profile,charlesevanscenter.org,eligibility_review_block:a54d0e1d436c0292,singleton_profile,"Fill this row only when it is an exception to a reviewed group decision, or when its group is marked individual_review."
profile:NYC_NY_L:google:cid:3675758136041550130,NYC_NY_L,google:cid:3675758136041550130,"Century Medical & Dental Center | Brooklyn, Downtown","200 Livingston St, Brooklyn, NY 11201",business_listings,Medical clinic,needs_category_review,unreviewed_or_conflicting_category_evidence,exclude_non_dentist_category|include_dental_provider,,,,,,eligibility_group:504917ff371eb69d,manual_review,Medical clinic: Category alone does not establish whether dental care is provided,,dental,medical,,,external_evidence_required,category and title evidence do not support a safe batch suggestion,False,+1718-522-3399,www.centurymedicaldental.com,https://www.centurymedicaldental.com/downtown-brooklyn-ny-11201/,1511.0,40.68967,-73.98645239999999,https://www.google.com/maps?cid=3675758136041550130,website_then_google_profile,www.centurymedicaldental.com,eligibility_review_block:cec2152add9f9036,singleton_profile,"Fill this row only when it is an exception to a reviewed group decision, or when its group is marked individual_review."
profile:NYC_NY_L:google:cid:12592558756776222246,NYC_NY_L,google:cid:12592558756776222246,Community Healthcare Network – Williamsburg,"94-98 Manhattan Ave, Brooklyn, NY 11206",business_listings,Medical clinic,needs_category_review,unreviewed_or_conflicting_category_evidence,exclude_non_dentist_category|include_dental_provider,,,,,,eligibility_group:504917ff371eb69d,manual_review,Medical clinic: Category alone does not establish whether dental care is provided,,,,,,external_evidence_required,category and title evidence do not support a safe batch suggestion,False,+1718-388-0390,www.chnnyc.org,https://www.chnnyc.org/williamsburg/,90.0,40.7056408,-73.9443598,https://www.google.com/maps?cid=12592558756776222246,website_then_google_profile,www.chnnyc.org,eligibility_review_block:9d918db41789d360,shared_domain_within_category_group,"Fill this row only when it is an exception to a reviewed group decision, or when its group is marked individual_review."
profile:NYC_NY_L:google:cid:162871782998748986,NYC_NY_L,google:cid:162871782998748986,Community Healthcare Network- Sutphin Boulevard,"97-04 Sutphin Blvd, Jamaica, NY 11435",business_listings,Medical clinic,needs_category_review,unreviewed_or_conflicting_category_evidence,exclude_non_dentist_category|include_dental_provider,,,,,,eligibility_group:504917ff371eb69d,manual_review,Medical clinic: Category alone does not establish whether dental care is provided,,,,,,external_evidence_required,category and title evidence do not support a safe batch suggestion,False,+1718-657-7088,www.chnnyc.org,https://www.chnnyc.org/sutphin-blvd-health-center/,42.0,40.6969931,-73.8058029,https://www.google.com/maps?cid=162871782998748986,website_then_google_profile,www.chnnyc.org,eligibility_review_block:9d918db41789d360,shared_domain_within_category_group,"Fill this row only when it is an exception to a reviewed group decision, or when its group is marked individual_review."
profile:NYC_NY_L:google:cid:18239375735290298326,NYC_NY_L,google:cid:18239375735290298326,Damian Family Health Center,"137-50 Jamaica Ave, Jamaica, NY 11435",business_listings,Medical clinic,needs_category_review,unreviewed_or_conflicting_category_evidence,exclude_non_dentist_category|include_dental_provider,,,,,,eligibility_group:504917ff371eb69d,manual_review,Medical clinic: Category alone does not establish whether dental care is provided,,,,,,external_evidence_required,category and title evidence do not support a safe batch suggestion,False,+1718-298-5100,www.damian.org,http://www.damian.org/,55.0,40.7022025,-73.8150472,https://www.google.com/maps?cid=18239375735290298326,website_then_google_profile,www.damian.org,eligibility_review_block:9fcc6059181e7067,singleton_profile,"Fill this row only when it is an exception to a reviewed group decision, or when its group is marked individual_review."
profile:NYC_NY_L:google:cid:8516860510085333250,NYC_NY_L,google:cid:8516860510085333250,Dr. Caroline Nup,"2 Allen St, New York, NY 10002",business_listings,Medical clinic,needs_category_review,unreviewed_or_conflicting_category_evidence,exclude_non_dentist_category|include_dental_provider,,,,,,eligibility_group:504917ff371eb69d,manual_review,Medical clinic: Category alone does not establish whether dental care is provided,,,,,,external_evidence_required,category and title evidence do not support a safe batch suggestion,False,+1212-226-3250,,,3.0,40.7145952,-73.9922313,https://www.google.com/maps?cid=8516860510085333250,google_profile_only,,eligibility_review_block:fc0f10fd44195313,singleton_profile,"Fill this row only when it is an exception to a reviewed group decision, or when its group is marked individual_review."
profile:NYC_NY_L:google:cid:295538574977635025,NYC_NY_L,google:cid:295538574977635025,Dr. Lawrence Weiss,"9323 Avenue L, Brooklyn, NY 11236",business_listings,Medical clinic,needs_category_review,unreviewed_or_conflicting_category_evidence,exclude_non_dentist_category|include_dental_provider,,,,,,eligibility_group:504917ff371eb69d,manual_review,Medical clinic: Category alone does not establish whether dental care is provided,,,,,,external_evidence_required,category and title evidence do not support a safe batch suggestion,False,+1718-531-9100,newyorkfamilydentistry.com,https://newyorkfamilydentistry.com/about_us/doctor_weiss/,,40.637236,-73.8978645,https://www.google.com/maps?cid=295538574977635025,website_then_google_profile,newyorkfamilydentistry.com,eligibility_review_block:6f6fe3623feb01f7,singleton_profile,"Fill this row only when it is an exception to a reviewed group decision, or when its group is marked individual_review."
profile:NYC_NY_L:google:cid:12624793362500748108,NYC_NY_L,google:cid:12624793362500748108,Dr. Luzmarina Coffey,"220 13th St, Brooklyn, NY 11215",business_listings,Medical clinic,needs_category_review,unreviewed_or_conflicting_category_evidence,exclude_non_dentist_category|include_dental_provider,,,,,,eligibility_group:504917ff371eb69d,manual_review,Medical clinic: Category alone does not establish whether dental care is provided,,,,,,external_evidence_required,category and title evidence do not support a safe batch suggestion,False,+1718-832-5980,,,,40.6674033,-73.99021119999999,https://www.google.com/maps?cid=12624793362500748108,google_profile_only,,eligibility_review_block:5378e85b3823826e,singleton_profile,"Fill this row only when it is an exception to a reviewed group decision, or when its group is marked individual_review."
profile:NYC_NY_L:google:cid:15164199505872784181,NYC_NY_L,google:cid:15164199505872784181,Dr. Michael Devito,"6 E 45th St Rm 1200, New York, NY 10017",business_listings,Medical clinic,needs_category_review,unreviewed_or_conflicting_category_evidence,exclude_non_dentist_category|include_dental_provider,,,,,,eligibility_group:504917ff371eb69d,manual_review,Medical clinic: Category alone does not establish whether dental care is provided,,,,,,external_evidence_required,category and title evidence do not support a safe batch suggestion,False,+1212-302-4132,,,1.0,40.7548711,-73.9789103,https://www.google.com/maps?cid=15164199505872784181,google_profile_only,,eligibility_review_block:11411dee260641f8,singleton_profile,"Fill this row only when it is an exception to a reviewed group decision, or when its group is marked individual_review."
profile:NYC_NY_L:google:cid:15310307393337248434,NYC_NY_L,google:cid:15310307393337248434,Dr. Michael Yeung,"217 Grand St #801, New York, NY 10013",business_listings,Medical clinic,needs_category_review,unreviewed_or_conflicting_category_evidence,exclude_non_dentist_category|include_dental_provider,,,,,,eligibility_group:504917ff371eb69d,manual_review,Medical clinic: Category alone does not establish whether dental care is provided,,,,,,external_evidence_required,category and title evidence do not support a safe batch suggestion,False,+1212-680-0573,,,,40.7186792,-73.9961107,https://www.google.com/maps?cid=15310307393337248434,google_profile_only,,eligibility_review_block:9c5051e5fa7e4f07,singleton_profile,"Fill this row only when it is an exception to a reviewed group decision, or when its group is marked individual_review."
profile:NYC_NY_L:google:cid:12561385290095799208,NYC_NY_L,google:cid:12561385290095799208,Dr. Oleg Zusin,"543A Hempstead Tpke # Nassau, 543 Hempstead Turnpike, West Hempstead, NY 11552",business_listings,Medical clinic,needs_category_review,unreviewed_or_conflicting_category_evidence,exclude_non_dentist_category|include_dental_provider,,,,,,eligibility_group:504917ff371eb69d,manual_review,Medical clinic: Category alone does not establish whether dental care is provided,,,,,,external_evidence_required,category and title evidence do not support a safe batch suggestion,False,+1516-564-9444,www.csdentalny.com,https://www.csdentalny.com/meet-our-doctors,,40.7058734,-73.6596946,https://www.google.com/maps?cid=12561385290095799208,website_then_google_profile,www.csdentalny.com,eligibility_review_block:60c1ac06090022eb,singleton_profile,"Fill this row only when it is an exception to a reviewed group decision, or when its group is marked individual_review."
profile:NYC_NY_L:google:cid:9768454306702895582,NYC_NY_L,google:cid:9768454306702895582,Dr. Omid Arastehmanesh,"5313 New Utrecht Ave, Brooklyn, NY 11219",business_listings,Medical clinic,needs_category_review,unreviewed_or_conflicting_category_evidence,exclude_non_dentist_category|include_dental_provider,,,,,,eligibility_group:504917ff371eb69d,manual_review,Medical clinic: Category alone does not establish whether dental care is provided,,,,,,external_evidence_required,category and title evidence do not support a safe batch suggestion,False,+1718-435-3400,refuahfamilydental.com,https://refuahfamilydental.com/,,40.6327364,-73.9950203,https://www.google.com/maps?cid=9768454306702895582,website_then_google_profile,refuahfamilydental.com,eligibility_review_block:56c2836cb025a52a,singleton_profile,"Fill this row only when it is an exception to a reviewed group decision, or when its group is marked individual_review."
profile:NYC_NY_L:google:cid:6451845079583961423,NYC_NY_L,google:cid:6451845079583961423,Dr. Opal Goodridge,"462 1st Ave, New York, NY 10016",business_listings,Medical clinic,needs_category_review,unreviewed_or_conflicting_category_evidence,exclude_non_dentist_category|include_dental_provider,,,,,,eligibility_group:504917ff371eb69d,manual_review,Medical clinic: Category alone does not establish whether dental care is provided,,,,,,external_evidence_required,category and title evidence do not support a safe batch suggestion,False,+1212-562-8780,,,,40.7396865,-73.9762044,https://www.google.com/maps?cid=6451845079583961423,google_profile_only,,eligibility_review_block:9b6841e82e39baad,singleton_profile,"Fill this row only when it is an exception to a reviewed group decision, or when its group is marked individual_review."
profile:NYC_NY_L:google:cid:6164055533882993300,NYC_NY_L,google:cid:6164055533882993300,Dr. Rakesh Khilwani,"2279 Hempstead Tpke, East Meadow, NY 11554",business_listings,Medical clinic,needs_category_review,unreviewed_or_conflicting_category_evidence,exclude_non_dentist_category|include_dental_provider,,,,,,eligibility_group:504917ff371eb69d,manual_review,Medical clinic: Category alone does not establish whether dental care is provided,,,,,,external_evidence_required,category and title evidence do not support a safe batch suggestion,False,+1516-489-1199,,,1.0,40.7253599,-73.55113159999999,https://www.google.com/maps?cid=6164055533882993300,google_profile_only,,eligibility_review_block:77df7f5ce749b192,singleton_profile,"Fill this row only when it is an exception to a reviewed group decision, or when its group is marked individual_review."
profile:NYC_NY_L:google:cid:6881627921830420633,NYC_NY_L,google:cid:6881627921830420633,Dr. Siamak Rambod,"72-21 Vleigh Pl, Kew Gardens Hills, NY 11367",business_listings,Medical clinic,needs_category_review,unreviewed_or_conflicting_category_evidence,exclude_non_dentist_category|include_dental_provider,,,,,,eligibility_group:504917ff371eb69d,manual_review,Medical clinic: Category alone does not establish whether dental care is provided,,,,,,external_evidence_required,category and title evidence do not support a safe batch suggestion,False,+1718-268-3384,,,3.0,40.7263729,-73.8208551,https://www.google.com/maps?cid=6881627921830420633,google_profile_only,,eligibility_review_block:379795e9694f4fb1,singleton_profile,"Fill this row only when it is an exception to a reviewed group decision, or when its group is marked individual_review."
profile:NYC_NY_L:google:cid:5725267993414120448,NYC_NY_L,google:cid:5725267993414120448,El Nuevo San Juan Health Center- Urban Health Plan,"1065 Southern Blvd #8, Bronx, NY 10459",business_listings,Medical clinic,needs_category_review,unreviewed_or_conflicting_category_evidence,exclude_non_dentist_category|include_dental_provider,,,,,,eligibility_group:504917ff371eb69d,manual_review,Medical clinic: Category alone does not establish whether dental care is provided,,,,,,external_evidence_required,category and title evidence do not support a safe batch suggestion,False,+1718-589-2440,,,544.0,40.825037,-73.8922271,https://www.google.com/maps?cid=5725267993414120448,google_profile_only,,eligibility_review_block:ba4933a300c220b8,singleton_profile,"Fill this row only when it is an exception to a reviewed group decision, or when its group is marked individual_review."
profile:NYC_NY_L:google:cid:17106224640588947992,NYC_NY_L,google:cid:17106224640588947992,Family Health Center of Harlem,"1824 Madison Ave, New York, NY 10035",business_listings,Medical clinic,needs_category_review,unreviewed_or_conflicting_category_evidence,exclude_non_dentist_category|include_dental_provider,,,,,,eligibility_group:504917ff371eb69d,manual_review,Medical clinic: Category alone does not establish whether dental care is provided,,,,,,external_evidence_required,category and title evidence do not support a safe batch suggestion,False,+1212-423-4500,www.institute.org,http://www.institute.org/,312.0,40.8018227,-73.9438005,https://www.google.com/maps?cid=17106224640588947992,website_then_google_profile,www.institute.org,eligibility_review_block:ae7b1b62a31a0ab5,shared_domain_within_category_group,"Fill this row only when it is an exception to a reviewed group decision, or when its group is marked individual_review."
profile:NYC_NY_L:google:cid:3257959083374607564,NYC_NY_L,google:cid:3257959083374607564,First Family Care Medical and Dental,"701 Avenue U, Brooklyn, NY 11223",business_listings,Medical clinic,needs_category_review,unreviewed_or_conflicting_category_evidence,exclude_non_dentist_category|include_dental_provider,,,,,,eligibility_group:504917ff371eb69d,manual_review,Medical clinic: Category alone does not establish whether dental care is provided,,dental,medical,,,external_evidence_required,category and title evidence do not support a safe batch suggestion,False,+1718-336-0100,www.firstfamilycare.com,http://www.firstfamilycare.com/,21.0,40.5982754,-73.96401209999999,https://www.google.com/maps?cid=3257959083374607564,website_then_google_profile,www.firstfamilycare.com,eligibility_review_block:dc219af46be8e5b5,singleton_profile,"Fill this row only when it is an exception to a reviewed group decision, or when its group is marked individual_review."
profile:NYC_NY_L:google:cid:15971631033806517776,NYC_NY_L,google:cid:15971631033806517776,Geoffrey Halberstadt,"364 Merrick Rd, Rockville Centre, NY 11570",business_listings,Medical clinic,needs_category_review,unreviewed_or_conflicting_category_evidence,exclude_non_dentist_category|include_dental_provider,,,,,,eligibility_group:504917ff371eb69d,manual_review,Medical clinic: Category alone does not establish whether dental care is provided,,,,,,external_evidence_required,category and title evidence do not support a safe batch suggestion,False,+1516-594-9510,www.halberstadtortho.com,https://www.halberstadtortho.com/,1.0,40.6555448,-73.64144639999999,https://www.google.com/maps?cid=15971631033806517776,website_then_google_profile,www.halberstadtortho.com,eligibility_review_block:e30d818ea0c7d7d5,singleton_profile,"Fill this row only when it is an exception to a reviewed group decision, or when its group is marked individual_review."
profile:NYC_NY_L:google:cid:7626899602233517191,NYC_NY_L,google:cid:7626899602233517191,Health Science Center At Brooklyn,"450 Clarkson Ave #30, Brooklyn, NY 11203",business_listings,Medical clinic,needs_category_review,unreviewed_or_conflicting_category_evidence,exclude_non_dentist_category|include_dental_provider,,,,,,eligibility_group:504917ff371eb69d,manual_review,Medical clinic: Category alone does not establish whether dental care is provided,,,,,,external_evidence_required,category and title evidence do not support a safe batch suggestion,False,+1718-270-1000,www.downstate.edu,http://www.downstate.edu/,,40.6556692,-73.9477752,https://www.google.com/maps?cid=7626899602233517191,website_then_google_profile,www.downstate.edu,eligibility_review_block:cebc96216fba861c,singleton_profile,"Fill this row only when it is an exception to a reviewed group decision, or when its group is marked individual_review."
profile:NYC_NY_L:google:cid:14029482900807417077,NYC_NY_L,google:cid:14029482900807417077,Jack Martin Fund Clinic,"158 W 124th St, New York, NY 10027",business_listings,Medical clinic,needs_category_review,unreviewed_or_conflicting_category_evidence,exclude_non_dentist_category|include_dental_provider,,,,,,eligibility_group:504917ff371eb69d,manual_review,Medical clinic: Category alone does not establish whether dental care is provided,,,,,,external_evidence_required,category and title evidence do not support a safe batch suggestion,False,+1332-243-0100,www.mountsinai.org,http://www.mountsinai.org/patient-care/service-areas/infectious-diseases/hiv-aids/jack-martin-fund-clinic,16.0,40.8078908,-73.9483328,https://www.google.com/maps?cid=14029482900807417077,website_then_google_profile,www.mountsinai.org,eligibility_review_block:3e1c0340286c06e2,shared_domain_within_category_group,"Fill this row only when it is an exception to a reviewed group decision, or when its group is marked individual_review."
profile:NYC_NY_L:google:cid:6492963245042507531,NYC_NY_L,google:cid:6492963245042507531,MHHC at St. Ann's,"625 E 137th St #1776, Bronx, NY 10454",business_listings,Medical clinic,needs_category_review,unreviewed_or_conflicting_category_evidence,exclude_non_dentist_category|include_dental_provider,,,,,,eligibility_group:504917ff371eb69d,manual_review,Medical clinic: Category alone does not establish whether dental care is provided,,,,,,external_evidence_required,category and title evidence do not support a safe batch suggestion,False,+1718-716-4400,www.mhhc.org,http://www.mhhc.org/,9.0,40.8054607,-73.9159844,https://www.google.com/maps?cid=6492963245042507531,website_then_google_profile,www.mhhc.org,eligibility_review_block:fab56810fda7a991,shared_domain_within_category_group,"Fill this row only when it is an exception to a reviewed group decision, or when its group is marked individual_review."
profile:NYC_NY_L:google:cid:9516528143012860758,NYC_NY_L,google:cid:9516528143012860758,MHHC at Vanguard,"825 E 233rd St, Bronx, NY 10466",business_listings,Medical clinic,needs_category_review,unreviewed_or_conflicting_category_evidence,exclude_non_dentist_category|include_dental_provider,,,,,,eligibility_group:504917ff371eb69d,manual_review,Medical clinic: Category alone does not establish whether dental care is provided,,,,,,external_evidence_required,category and title evidence do not support a safe batch suggestion,False,+1718-716-4400,www.mhhc.org,http://www.mhhc.org/,42.0,40.8924148,-73.8535364,https://www.google.com/maps?cid=9516528143012860758,website_then_google_profile,www.mhhc.org,eligibility_review_block:fab56810fda7a991,shared_domain_within_category_group,"Fill this row only when it is an exception to a reviewed group decision, or when its group is marked individual_review."
profile:NYC_NY_L:google:cid:3164012872835746003,NYC_NY_L,google:cid:3164012872835746003,MHHC at Walton,"25 E 183rd St, Bronx, NY 10453",business_listings,Medical clinic,needs_category_review,unreviewed_or_conflicting_category_evidence,exclude_non_dentist_category|include_dental_provider,,,,,,eligibility_group:504917ff371eb69d,manual_review,Medical clinic: Category alone does not establish whether dental care is provided,,,,,,external_evidence_required,category and title evidence do not support a safe batch suggestion,False,+1718-716-4400,www.mhhc.org,http://www.mhhc.org/,119.0,40.8586718,-73.9029548,https://www.google.com/maps?cid=3164012872835746003,website_then_google_profile,www.mhhc.org,eligibility_review_block:fab56810fda7a991,shared_domain_within_category_group,"Fill this row only when it is an exception to a reviewed group decision, or when its group is marked individual_review."
profile:NYC_NY_L:google:cid:18397791011711702157,NYC_NY_L,google:cid:18397791011711702157,Montefiore Janice A Simpson,"1625 Poplar St, Bronx, NY 10461",business_listings,Medical clinic,needs_category_review,unreviewed_or_conflicting_category_evidence,exclude_non_dentist_category|include_dental_provider,,,,,,eligibility_group:504917ff371eb69d,manual_review,Medical clinic: Category alone does not establish whether dental care is provided,,,,,,external_evidence_required,category and title evidence do not support a safe batch suggestion,False,+1866-662-9729,www.montefiore.org,http://www.montefiore.org/,11.0,40.846405,-73.8459192,https://www.google.com/maps?cid=18397791011711702157,website_then_google_profile,www.montefiore.org,eligibility_review_block:f70ed30abd1f6c7a,singleton_profile,"Fill this row only when it is an exception to a reviewed group decision, or when its group is marked individual_review."
profile:NYC_NY_L:google:cid:7511299405233410581,NYC_NY_L,google:cid:7511299405233410581,Mount Sinai Queens-Family Health,"31-60 21st St, Astoria, NY 11106",business_listings,Medical clinic,needs_category_review,unreviewed_or_conflicting_category_evidence,exclude_non_dentist_category|include_dental_provider,,,,,,eligibility_group:504917ff371eb69d,manual_review,Medical clinic: Category alone does not establish whether dental care is provided,,,,,,external_evidence_required,category and title evidence do not support a safe batch suggestion,False,+1718-808-7300,www.mountsinai.org,https://www.mountsinai.org/locations/queens/facilities/medical/family-health-associates?y_source=1_MjAxMjU1OTI0OC03MTUtbG9jYXRpb24ud2Vic2l0ZQ%3D%3D,82.0,40.7659771,-73.931296,https://www.google.com/maps?cid=7511299405233410581,website_then_google_profile,www.mountsinai.org,eligibility_review_block:3e1c0340286c06e2,shared_domain_within_category_group,"Fill this row only when it is an exception to a reviewed group decision, or when its group is marked individual_review."
profile:NYC_NY_L:google:cid:7749441387408078850,NYC_NY_L,google:cid:7749441387408078850,NYU Lutheran Family Health Centers Brooklyn-Chinese,"5008 7th Ave, Brooklyn, NY 11220",business_listings,Medical clinic,needs_category_review,unreviewed_or_conflicting_category_evidence,exclude_non_dentist_category|include_dental_provider,,,,,,eligibility_group:504917ff371eb69d,manual_review,Medical clinic: Category alone does not establish whether dental care is provided,,,,,,external_evidence_required,category and title evidence do not support a safe batch suggestion,False,+1718-210-1030,nyulangone.org,https://nyulangone.org/locations/seventh-avenue-family-health-center-at-nyu-langone,50.0,40.6423881,-74.006221,https://www.google.com/maps?cid=7749441387408078850,website_then_google_profile,nyulangone.org,eligibility_review_block:64e19383c95c8e70,singleton_profile,"Fill this row only when it is an exception to a reviewed group decision, or when its group is marked individual_review."
profile:NYC_NY_L:google:cid:10487271695260862641,NYC_NY_L,google:cid:10487271695260862641,New York City Publishers,"305 Madison Ave #449, New York, NY 10017",business_listings,Medical clinic,needs_category_review,unreviewed_or_conflicting_category_evidence,exclude_non_dentist_category|include_dental_provider,,,,,,eligibility_group:504917ff371eb69d,manual_review,Medical clinic: Category alone does not establish whether dental care is provided,,,,,,external_evidence_required,category and title evidence do not support a safe batch suggestion,False,+1212-697-0939,,,,40.7510976,-73.9801104,https://www.google.com/maps?cid=10487271695260862641,google_profile_only,,eligibility_review_block:62a7a4967b652f2a,singleton_profile,"Fill this row only when it is an exception to a reviewed group decision, or when its group is marked individual_review."
profile:NYC_NY_L:google:cid:2981445453940694204,NYC_NY_L,google:cid:2981445453940694204,Park Avenue Neurology & Sleep,"737 Park Ave Apt 1C, New York, NY 10021",business_listings,Medical clinic,needs_category_review,unreviewed_or_conflicting_category_evidence,exclude_non_dentist_category|include_dental_provider,,,,,,eligibility_group:504917ff371eb69d,manual_review,Medical clinic: Category alone does not establish whether dental care is provided,,,,,,external_evidence_required,category and title evidence do not support a safe batch suggestion,False,+1212-288-6060,,,1.0,40.7704242,-73.9637746,https://www.google.com/maps?cid=2981445453940694204,google_profile_only,,eligibility_review_block:7c7ee287e64f0031,singleton_profile,"Fill this row only when it is an exception to a reviewed group decision, or when its group is marked individual_review."
profile:NYC_NY_L:google:cid:15896470951924789074,NYC_NY_L,google:cid:15896470951924789074,Premier HealthCare & YAI Center for Specialty Therapy,"227 E 41st St 8th floor, New York, NY 10017",business_listings,Medical clinic,needs_category_review,unreviewed_or_conflicting_category_evidence,exclude_non_dentist_category|include_dental_provider,,,,,,eligibility_group:504917ff371eb69d,manual_review,Medical clinic: Category alone does not establish whether dental care is provided,,,,,,external_evidence_required,category and title evidence do not support a safe batch suggestion,False,+1212-273-6272,www.yai.org,https://www.yai.org/locations/healthcare,131.0,40.7496813,-73.973524,https://www.google.com/maps?cid=15896470951924789074,website_then_google_profile,www.yai.org,eligibility_review_block:f3dfd5fc24484083,singleton_profile,"Fill this row only when it is an exception to a reviewed group decision, or when its group is marked individual_review."
profile:NYC_NY_L:google:cid:12316060239770702726,NYC_NY_L,google:cid:12316060239770702726,Queens Audiology PLLC,"150-12 14th Ave, Whitestone, NY 11357",business_listings,Medical clinic,needs_category_review,unreviewed_or_conflicting_category_evidence,exclude_non_dentist_category|include_dental_provider,,,,,,eligibility_group:504917ff371eb69d,manual_review,Medical clinic: Category alone does not establish whether dental care is provided,,,,,,external_evidence_required,category and title evidence do not support a safe batch suggestion,False,+1718-279-4327,www.manhattanaudiology.com,https://www.manhattanaudiology.com/,3.0,40.7888211,-73.81320989999999,https://www.google.com/maps?cid=12316060239770702726,website_then_google_profile,www.manhattanaudiology.com,eligibility_review_block:7267602f470246f5,singleton_profile,"Fill this row only when it is an exception to a reviewed group decision, or when its group is marked individual_review."
profile:NYC_NY_L:google:cid:5575282571407485970,NYC_NY_L,google:cid:5575282571407485970,Rambam Family Health Center,"1122 Chestnut Ave, Brooklyn, NY 11230",business_listings,Medical clinic,needs_category_review,unreviewed_or_conflicting_category_evidence,exclude_non_dentist_category|include_dental_provider,,,,,,eligibility_group:504917ff371eb69d,manual_review,Medical clinic: Category alone does not establish whether dental care is provided,,,,,,external_evidence_required,category and title evidence do not support a safe batch suggestion,False,+1718-942-3888,rambamfamilyhealth.org,https://rambamfamilyhealth.org/,1289.0,40.6173075,-73.9633279,https://www.google.com/maps?cid=5575282571407485970,website_then_google_profile,rambamfamilyhealth.org,eligibility_review_block:f108bac8548a4db0,singleton_profile,"Fill this row only when it is an exception to a reviewed group decision, or when its group is marked individual_review."
profile:NYC_NY_L:google:cid:7258043979584977031,NYC_NY_L,google:cid:7258043979584977031,Ramon Velez Health Center,"754 E 151st St, Bronx, NY 10455",business_listings,Medical clinic,needs_category_review,unreviewed_or_conflicting_category_evidence,exclude_non_dentist_category|include_dental_provider,,,,,,eligibility_group:504917ff371eb69d,manual_review,Medical clinic: Category alone does not establish whether dental care is provided,,,,,,external_evidence_required,category and title evidence do not support a safe batch suggestion,False,+1718-734-2539,lacasadesalud.org,https://lacasadesalud.org/,102.0,40.8146303,-73.90727729999999,https://www.google.com/maps?cid=7258043979584977031,website_then_google_profile,lacasadesalud.org,eligibility_review_block:d7fe3314dc303384,singleton_profile,"Fill this row only when it is an exception to a reviewed group decision, or when its group is marked individual_review."
profile:NYC_NY_L:google:cid:18302922146132025269,NYC_NY_L,google:cid:18302922146132025269,Sterling Podiatric PC,"1250 E 223rd St, Bronx, NY 10466",business_listings,Medical clinic,needs_category_review,unreviewed_or_conflicting_category_evidence,exclude_non_dentist_category|include_dental_provider,,,,,,eligibility_group:504917ff371eb69d,manual_review,Medical clinic: Category alone does not establish whether dental care is provided,,,,,,external_evidence_required,category and title evidence do not support a safe batch suggestion,False,+1347-602-5881,www.marvabuttersdpm.com,http://www.marvabuttersdpm.com/,6.0,40.880722,-73.8452911,https://www.google.com/maps?cid=18302922146132025269,website_then_google_profile,www.marvabuttersdpm.com,eligibility_review_block:c4c3768b075529ec,singleton_profile,"Fill this row only when it is an exception to a reviewed group decision, or when its group is marked individual_review."
profile:NYC_NY_L:google:cid:10842945812211081545,NYC_NY_L,google:cid:10842945812211081545,Steve Taranov,"11 Broadway, New York, NY 10004",business_listings,Medical clinic,needs_category_review,unreviewed_or_conflicting_category_evidence,exclude_non_dentist_category|include_dental_provider,,,,,,eligibility_group:504917ff371eb69d,manual_review,Medical clinic: Category alone does not establish whether dental care is provided,,,,,,external_evidence_required,category and title evidence do not support a safe batch suggestion,False,+1212-425-0505,,,1.0,40.7052656,-74.0139733,https://www.google.com/maps?cid=10842945812211081545,google_profile_only,,eligibility_review_block:6e5d45e8df0dc5bb,singleton_profile,"Fill this row only when it is an exception to a reviewed group decision, or when its group is marked individual_review."
profile:NYC_NY_L:google:cid:11781321278977330842,NYC_NY_L,google:cid:11781321278977330842,Stevenson Family Health Center,"731 White Plains Rd, Bronx, NY 10473",business_listings,Medical clinic,needs_category_review,unreviewed_or_conflicting_category_evidence,exclude_non_dentist_category|include_dental_provider,,,,,,eligibility_group:504917ff371eb69d,manual_review,Medical clinic: Category alone does not establish whether dental care is provided,,,,,,external_evidence_required,category and title evidence do not support a safe batch suggestion,False,+1718-589-8775,www.institute.org,http://www.institute.org/,184.0,40.8204612,-73.8582229,https://www.google.com/maps?cid=11781321278977330842,website_then_google_profile,www.institute.org,eligibility_review_block:ae7b1b62a31a0ab5,shared_domain_within_category_group,"Fill this row only when it is an exception to a reviewed group decision, or when its group is marked individual_review."
profile:NYC_NY_L:google:cid:14534325133775607876,NYC_NY_L,google:cid:14534325133775607876,Sun River Health Staten Island,"57 Bay St 1st & 3rd Floor, Staten Island, NY 10301",business_listings,Medical clinic,needs_category_review,unreviewed_or_conflicting_category_evidence,exclude_non_dentist_category|include_dental_provider,,,,,,eligibility_group:504917ff371eb69d,manual_review,Medical clinic: Category alone does not establish whether dental care is provided,,,,,,external_evidence_required,category and title evidence do not support a safe batch suggestion,False,+1844-400-1975,www.sunriver.org,https://www.sunriver.org/your-health/sun-river-health-staten-island/,86.0,40.6406296,-74.07541119999999,https://www.google.com/maps?cid=14534325133775607876,website_then_google_profile,www.sunriver.org,eligibility_review_block:e9a6162a99add76b,singleton_profile,"Fill this row only when it is an exception to a reviewed group decision, or when its group is marked individual_review."
profile:NYC_NY_L:google:cid:445069592422833706,NYC_NY_L,google:cid:445069592422833706,The Institute for Family Health at Westchester Square (Open for telehealth),"1420 Ferris Pl, Bronx, NY 10461",business_listings,Medical clinic,needs_category_review,unreviewed_or_conflicting_category_evidence,exclude_non_dentist_category|include_dental_provider,,,,,,eligibility_group:504917ff371eb69d,manual_review,Medical clinic: Category alone does not establish whether dental care is provided,,,,,,external_evidence_required,category and title evidence do not support a safe batch suggestion,False,+1718-730-1004,www.institute.org,http://www.institute.org/access,13.0,40.8393984,-73.8414215,https://www.google.com/maps?cid=445069592422833706,website_then_google_profile,www.institute.org,eligibility_review_block:ae7b1b62a31a0ab5,shared_domain_within_category_group,"Fill this row only when it is an exception to a reviewed group decision, or when its group is marked individual_review."
profile:NYC_NY_L:google:cid:8780094804165839386,NYC_NY_L,google:cid:8780094804165839386,Urban Health Plan,"1065 Southern Blvd, Bronx, NY 10459",business_listings,Medical clinic,needs_category_review,unreviewed_or_conflicting_category_evidence,exclude_non_dentist_category|include_dental_provider,,,,,,eligibility_group:504917ff371eb69d,manual_review,Medical clinic: Category alone does not establish whether dental care is provided,,,,,,external_evidence_required,category and title evidence do not support a safe batch suggestion,False,+1718-589-2440,www.urbanhealthplan.org,http://www.urbanhealthplan.org/,177.0,40.8250304,-73.8922127,https://www.google.com/maps?cid=8780094804165839386,website_then_google_profile,www.urbanhealthplan.org,eligibility_review_block:8c56a146890145f2,singleton_profile,"Fill this row only when it is an exception to a reviewed group decision, or when its group is marked individual_review."
profile:NYC_NY_L:google:cid:17125209626621041816,NYC_NY_L,google:cid:17125209626621041816,Urban Horizons Family Health Center,"50 E 168th St, Bronx, NY 10452",business_listings,Medical clinic,needs_category_review,unreviewed_or_conflicting_category_evidence,exclude_non_dentist_category|include_dental_provider,,,,,,eligibility_group:504917ff371eb69d,manual_review,Medical clinic: Category alone does not establish whether dental care is provided,,,,,,external_evidence_required,category and title evidence do not support a safe batch suggestion,False,+1718-293-3900,www.institute.org,http://www.institute.org/,30.0,40.8364448,-73.9192411,https://www.google.com/maps?cid=17125209626621041816,website_then_google_profile,www.institute.org,eligibility_review_block:ae7b1b62a31a0ab5,shared_domain_within_category_group,"Fill this row only when it is an exception to a reviewed group decision, or when its group is marked individual_review."
profile:NYC_NY_L:google:cid:5364480293788529244,NYC_NY_L,google:cid:5364480293788529244,Walton Family Health Center,"1894 Walton Ave, Bronx, NY 10453",business_listings,Medical clinic,needs_category_review,unreviewed_or_conflicting_category_evidence,exclude_non_dentist_category|include_dental_provider,,,,,,eligibility_group:504917ff371eb69d,manual_review,Medical clinic: Category alone does not establish whether dental care is provided,,,,,,external_evidence_required,category and title evidence do not support a safe batch suggestion,False,+1718-583-3060,www.institute.org,http://www.institute.org/,144.0,40.8497084,-73.9089837,https://www.google.com/maps?cid=5364480293788529244,website_then_google_profile,www.institute.org,eligibility_review_block:ae7b1b62a31a0ab5,shared_domain_within_category_group,"Fill this row only when it is an exception to a reviewed group decision, or when its group is marked individual_review."
profile:NYC_NY_L:google:cid:14221168649792805791,NYC_NY_L,google:cid:14221168649792805791,Whitman Ingersoll Farragut Hea,"297 Myrtle Ave, Brooklyn, NY 11205",business_listings,Medical clinic,needs_category_review,unreviewed_or_conflicting_category_evidence,exclude_non_dentist_category|include_dental_provider,,,,,,eligibility_group:504917ff371eb69d,manual_review,Medical clinic: Category alone does not establish whether dental care is provided,,,,,,external_evidence_required,category and title evidence do not support a safe batch suggestion,False,+1718-596-8000,www.brooklynplaza.org,http://www.brooklynplaza.org/,6.0,40.6935335,-73.9761817,https://www.google.com/maps?cid=14221168649792805791,website_then_google_profile,www.brooklynplaza.org,eligibility_review_block:36385981fbe9dbd7,singleton_profile,"Fill this row only when it is an exception to a reviewed group decision, or when its group is marked individual_review."
profile:NYC_NY_L:google:cid:10928271238652832087,NYC_NY_L,google:cid:10928271238652832087,Windsor Podiatry,"1655 Flatbush Ave # A103, Brooklyn, NY 11210",business_listings,Medical clinic,needs_category_review,unreviewed_or_conflicting_category_evidence,exclude_non_dentist_category|include_dental_provider,,,,,,eligibility_group:504917ff371eb69d,manual_review,Medical clinic: Category alone does not establish whether dental care is provided,,,,,,external_evidence_required,category and title evidence do not support a safe batch suggestion,False,+1718-252-2727,www.windsorpodiatry.com,http://www.windsorpodiatry.com/,1.0,40.6304085,-73.9444972,https://www.google.com/maps?cid=10928271238652832087,website_then_google_profile,www.windsorpodiatry.com,eligibility_review_block:f02162f4a2df191a,singleton_profile,"Fill this row only when it is an exception to a reviewed group decision, or when its group is marked individual_review."
profile:SanFrancisco_CA_L:google:cid:14237711967666725015,SanFrancisco_CA_L,google:cid:14237711967666725015,Clinic by the Bay,"35 Onondaga Ave, San Francisco, CA 94112",business_listings,Medical clinic,needs_category_review,unreviewed_or_conflicting_category_evidence,exclude_non_dentist_category|include_dental_provider,,,,,,eligibility_group:504917ff371eb69d,manual_review,Medical clinic: Category alone does not establish whether dental care is provided,,,,,,external_evidence_required,category and title evidence do not support a safe batch suggestion,False,+1415-405-0222,www.clinicbythebay.org,http://www.clinicbythebay.org/,21.0,37.7213306,-122.4383634,https://www.google.com/maps?cid=14237711967666725015,website_then_google_profile,www.clinicbythebay.org,eligibility_review_block:1877864899329051,singleton_profile,"Fill this row only when it is an exception to a reviewed group decision, or when its group is marked individual_review."
profile:SanFrancisco_CA_L:google:cid:11047455065508509761,SanFrancisco_CA_L,google:cid:11047455065508509761,Health Right 360,"1468 Carroll Ave, San Francisco, CA 94124",business_listings,Medical clinic,needs_category_review,unreviewed_or_conflicting_category_evidence,exclude_non_dentist_category|include_dental_provider,,,,,,eligibility_group:504917ff371eb69d,manual_review,Medical clinic: Category alone does not establish whether dental care is provided,,,,,,external_evidence_required,category and title evidence do not support a safe batch suggestion,False,+1800-200-7181,,,8.0,37.7236743,-122.390793,https://www.google.com/maps?cid=11047455065508509761,google_profile_only,,eligibility_review_block:34c398e95335045d,singleton_profile,"Fill this row only when it is an exception to a reviewed group decision, or when its group is marked individual_review."
profile:SanFrancisco_CA_L:google:cid:3260818236341142390,SanFrancisco_CA_L,google:cid:3260818236341142390,Lyon-Martin Community Health Services,"1735 Mission St, San Francisco, CA 94103",maps_core,Medical clinic,needs_category_review,unreviewed_or_conflicting_category_evidence,exclude_non_dentist_category|include_dental_provider,,,,,,eligibility_group:504917ff371eb69d,manual_review,Medical clinic: Category alone does not establish whether dental care is provided,,,,,,external_evidence_required,category and title evidence do not support a safe batch suggestion,False,+1415-565-7667,lyon-martin.org,http://lyon-martin.org/,63.0,37.7693726,-122.4197856,https://www.google.com/maps?cid=3260818236341142390,website_then_google_profile,lyon-martin.org,eligibility_review_block:c85be1a121dd115f,singleton_profile,"Fill this row only when it is an exception to a reviewed group decision, or when its group is marked individual_review."
profile:SanFrancisco_CA_L:google:cid:12201026490335252961,SanFrancisco_CA_L,google:cid:12201026490335252961,Native American Health Center - 160 Capp St,"160 Capp St, San Francisco, CA 94110",maps_core,Medical clinic,needs_category_review,unreviewed_or_conflicting_category_evidence,exclude_non_dentist_category|include_dental_provider,,,,,,eligibility_group:504917ff371eb69d,manual_review,Medical clinic: Category alone does not establish whether dental care is provided,,,,,,external_evidence_required,category and title evidence do not support a safe batch suggestion,False,+1415-417-3500,www.nativehealth.org,http://www.nativehealth.org/,27.0,37.7640465,-122.418738,https://www.google.com/maps?cid=12201026490335252961,website_then_google_profile,www.nativehealth.org,eligibility_review_block:8eb204c9b069280e,singleton_profile,"Fill this row only when it is an exception to a reviewed group decision, or when its group is marked individual_review."
profile:SanFrancisco_CA_L:google:cid:11713460053424059316,SanFrancisco_CA_L,google:cid:11713460053424059316,Tom Waddell Urban Health Center,"230 Golden Gate Ave, San Francisco, CA 94102",maps_core,Medical clinic,needs_category_review,unreviewed_or_conflicting_category_evidence,exclude_non_dentist_category|include_dental_provider,,,,,,eligibility_group:504917ff371eb69d,manual_review,Medical clinic: Category alone does not establish whether dental care is provided,,,,,,external_evidence_required,category and title evidence do not support a safe batch suggestion,False,+1415-355-7500,www.sf.gov,http://www.sf.gov/location/tom-waddell-urban-health-clinic,47.0,37.7821968,-122.4144286,https://www.google.com/maps?cid=11713460053424059316,website_then_google_profile,www.sf.gov,eligibility_review_block:3c705ff237e69cef,singleton_profile,"Fill this row only when it is an exception to a reviewed group decision, or when its group is marked individual_review."
profile:SaranacLake_NY_S:google:cid:10103828371342018102,SaranacLake_NY_S,google:cid:10103828371342018102,Adirondack Health,"2233 NY-86, Saranac Lake, NY 12983",maps_core,Medical clinic,needs_category_review,unreviewed_or_conflicting_category_evidence,exclude_non_dentist_category|include_dental_provider,,,,,,eligibility_group:504917ff371eb69d,manual_review,Medical clinic: Category alone does not establish whether dental care is provided,,,,,,external_evidence_required,category and title evidence do not support a safe batch suggestion,False,+1518-891-4141,www.adirondackhealth.org,http://www.adirondackhealth.org/,69.0,44.3455195,-74.14346689999999,https://www.google.com/maps?cid=10103828371342018102,website_then_google_profile,www.adirondackhealth.org,eligibility_review_block:2ca8d26ec4c84e03,singleton_profile,"Fill this row only when it is an exception to a reviewed group decision, or when its group is marked individual_review."
profile:Toccoa_GA_S:google:cid:1725797652379241771,Toccoa_GA_S,google:cid:1725797652379241771,Open Arms Clinic,"109 Big A Rd, Toccoa, GA 30577",maps_core,Medical clinic,needs_category_review,unreviewed_or_conflicting_category_evidence,exclude_non_dentist_category|include_dental_provider,,,,,,eligibility_group:504917ff371eb69d,manual_review,Medical clinic: Category alone does not establish whether dental care is provided,,,,,,external_evidence_required,category and title evidence do not support a safe batch suggestion,False,+1706-886-0940,www.openarmsclinicga.com,http://www.openarmsclinicga.com/,5.0,34.5804566,-83.3175187,https://www.google.com/maps?cid=1725797652379241771,website_then_google_profile,www.openarmsclinicga.com,eligibility_review_block:107964ab97cc6dba,singleton_profile,"Fill this row only when it is an exception to a reviewed group decision, or when its group is marked individual_review."
profile:Buffalo_NY_L:google:cid:18370073229225808885,Buffalo_NY_L,google:cid:18370073229225808885,Struggle Compound,"1841 Seneca St, Buffalo, NY 14210",business_listings,Clothing store,needs_category_review,unreviewed_or_conflicting_category_evidence,exclude_non_dentist_category|include_dental_provider,,,,,,eligibility_group:542f09dfc2a7d5b4,unknown,,Clothing store,,,,,external_evidence_required,category and title evidence do not support a safe batch suggestion,False,+1716-931-5046,www.thecompound716.com,https://www.thecompound716.com/,35.0,42.8599318,-78.8158875,https://www.google.com/maps?cid=18370073229225808885,website_then_google_profile,www.thecompound716.com,eligibility_review_block:51e1ee095cd63c36,singleton_profile,"Fill this row only when it is an exception to a reviewed group decision, or when its group is marked individual_review."
profile:LA_CA_L:google:cid:2699669743953774124,LA_CA_L,google:cid:2699669743953774124,St. John’s Community Health - Leavey-OB Clinic,"3628 E Imperial Hwy #301, Lynwood, CA 90262",business_listings,Family planning center,needs_category_review,unreviewed_or_conflicting_category_evidence,exclude_non_dentist_category|include_dental_provider,,,,,,eligibility_group:557fbafaadfc06c0,unknown,,Family planning center,,,,,external_evidence_required,category and title evidence do not support a safe batch suggestion,False,+1323-541-1411,sjch.org,http://sjch.org/find-a-clinic/,201.0,33.9304969,-118.2043075,https://www.google.com/maps?cid=2699669743953774124,website_then_google_profile,sjch.org,eligibility_review_block:efdc144592ed2f22,singleton_profile,"Fill this row only when it is an exception to a reviewed group decision, or when its group is marked individual_review."
profile:LA_CA_L:google:cid:11311635005790691978,LA_CA_L,google:cid:11311635005790691978,Wong Jessica Pea MD,"6000 N Figueroa St, Highland Park, CA 90042",business_listings,Doctor,needs_category_review,unreviewed_or_conflicting_category_evidence,exclude_non_dentist_category|include_dental_provider,,,,,,eligibility_group:5721d7584f64bb4b,manual_review,Doctor: Category alone does not establish a dentist clinic,,,,,,external_evidence_required,category and title evidence do not support a safe batch suggestion,False,+1323-254-5221,www.arroyovista.org,http://www.arroyovista.org/,1.0,34.1112472,-118.1885857,https://www.google.com/maps?cid=11311635005790691978,website_then_google_profile,www.arroyovista.org,eligibility_review_block:19e6b0cd8bfe6908,singleton_profile,"Fill this row only when it is an exception to a reviewed group decision, or when its group is marked individual_review."
profile:NYC_NY_L:google:cid:8290167571579195981,NYC_NY_L,google:cid:8290167571579195981,"VisoDent NYC - Teeth whitening, Invisalign, Aesthetics clinic","903 Park Avenue Main Floor Office, New York, NY 10075",business_listings,Doctor,needs_category_review,unreviewed_or_conflicting_category_evidence,exclude_non_dentist_category|include_dental_provider,,,,,,eligibility_group:5721d7584f64bb4b,manual_review,Doctor: Category alone does not establish a dentist clinic,,,,,,external_evidence_required,category and title evidence do not support a safe batch suggestion,False,+1212-991-9095,www.visodentnyc.com,https://www.visodentnyc.com/,106.0,40.7757426,-73.9600679,https://www.google.com/maps?cid=8290167571579195981,website_then_google_profile,www.visodentnyc.com,eligibility_review_block:761ecb78576ac102,singleton_profile,"Fill this row only when it is an exception to a reviewed group decision, or when its group is marked individual_review."
profile:FortBragg_CA_S:google:cid:8005356864665464194,FortBragg_CA_S,google:cid:8005356864665464194,My Beautiful Nails,"120 E Redwood Ave, Fort Bragg, CA 95437",maps_core,Nail salon,needs_category_review,unreviewed_or_conflicting_category_evidence,exclude_non_dentist_category|include_dental_provider,,,,,,eligibility_group:57eeb9e687d4ba7d,unknown,,Nail salon,,,,,external_evidence_required,category and title evidence do not support a safe batch suggestion,False,+1707-964-3001,,,78.0,39.4441522,-123.805279,https://www.google.com/maps?cid=8005356864665464194,google_profile_only,,eligibility_review_block:e9ad4d4fff724825,singleton_profile,"Fill this row only when it is an exception to a reviewed group decision, or when its group is marked individual_review."
profile:Augusta_GA_L:google:cid:16042696556243485449,Augusta_GA_L,google:cid:16042696556243485449,TMJ Associates,"456 Furys Ferry Rd, Augusta, GA 30907",maps_specialist,Cancer treatment center,needs_category_review,unreviewed_or_conflicting_category_evidence,exclude_non_dentist_category|include_dental_provider,,,,,,eligibility_group:58feeb0c4d85c099,unknown,,Cancer treatment center,,,,,external_evidence_required,category and title evidence do not support a safe batch suggestion,False,+1706-836-8840,,,2.0,33.5322757,-82.07735,https://www.google.com/maps?cid=16042696556243485449,google_profile_only,,eligibility_review_block:c9b86f0155b41261,singleton_profile,"Fill this row only when it is an exception to a reviewed group decision, or when its group is marked individual_review."
profile:LA_CA_L:google:cid:92410452455775698,LA_CA_L,google:cid:92410452455775698,Vantage Oncology,"5522 Sepulveda Blvd, Sherman Oaks, CA 91411",business_listings,Cancer treatment center,needs_category_review,unreviewed_or_conflicting_category_evidence,exclude_non_dentist_category|include_dental_provider,,,,,,eligibility_group:58feeb0c4d85c099,unknown,,Cancer treatment center,,,,,external_evidence_required,category and title evidence do not support a safe batch suggestion,False,+1818-997-1522,usoncology.com,https://usoncology.com/news/vantage-oncologys-50-centers-and-more-than-350-affiliated-physicians-join-the-us-oncology-network/,,34.1711034,-118.465489,https://www.google.com/maps?cid=92410452455775698,website_then_google_profile,usoncology.com,eligibility_review_block:6b43b8cf56fca6fa,singleton_profile,"Fill this row only when it is an exception to a reviewed group decision, or when its group is marked individual_review."
profile:NYC_NY_L:google:cid:4889158453415494831,NYC_NY_L,google:cid:4889158453415494831,Brookdale Family Care Center - New Lots,"465 New Lots Ave, Brooklyn, NY 11207",business_listings,Medical office,needs_category_review,unreviewed_or_conflicting_category_evidence,exclude_non_dentist_category|include_dental_provider,,,,,,eligibility_group:594fa1d47532a2c5,unknown,,Medical office,,,,,external_evidence_required,category and title evidence do not support a safe batch suggestion,False,+1718-240-8950,www.brookdalehospital.org,http://www.brookdalehospital.org/brookdale-family-care-center-bristol-street.html,58.0,40.6580479,-73.8898641,https://www.google.com/maps?cid=4889158453415494831,website_then_google_profile,www.brookdalehospital.org,eligibility_review_block:2f91fa2e4ac094e8,singleton_profile,"Fill this row only when it is an exception to a reviewed group decision, or when its group is marked individual_review."
profile:LA_CA_L:google:cid:6628421155979957422,LA_CA_L,google:cid:6628421155979957422,K9 Loft,"14257 Ventura Blvd, Sherman Oaks, CA 91423",business_listings,Pet groomer,needs_category_review,unreviewed_or_conflicting_category_evidence,exclude_non_dentist_category|include_dental_provider,,,,,,eligibility_group:596207ce1c9c7475,unknown,,Pet groomer,,,,,external_evidence_required,category and title evidence do not support a safe batch suggestion,False,+1818-905-6006,www.k9loft.com,http://www.k9loft.com/,202.0,34.1503283,-118.4441234,https://www.google.com/maps?cid=6628421155979957422,website_then_google_profile,www.k9loft.com,eligibility_review_block:36286df988a212c2,singleton_profile,"Fill this row only when it is an exception to a reviewed group decision, or when its group is marked individual_review."
profile:FortBragg_CA_S:google:cid:17036417683359244779,FortBragg_CA_S,google:cid:17036417683359244779,"J. Kyle Smith, OD","450 N McPherson St, Fort Bragg, CA 95437",maps_core,Optometrist,needs_category_review,unreviewed_or_conflicting_category_evidence,exclude_non_dentist_category|include_dental_provider,,,,,,eligibility_group:608841ecf0b2db79,unknown,,Optometrist,,,,,external_evidence_required,category and title evidence do not support a safe batch suggestion,False,+1707-964-5927,www.mendocinocoasteyecare.com,http://www.mendocinocoasteyecare.com/,23.0,39.4464589,-123.8029606,https://www.google.com/maps?cid=17036417683359244779,website_then_google_profile,www.mendocinocoasteyecare.com,eligibility_review_block:5627fefc69762b1a,singleton_profile,"Fill this row only when it is an exception to a reviewed group decision, or when its group is marked individual_review."
profile:FortBragg_CA_S:google:cid:3097706296214713699,FortBragg_CA_S,google:cid:3097706296214713699,"Lynette Kline, OD","510 Cypress St # A, Fort Bragg, CA 95437",maps_core,Optometrist,needs_category_review,unreviewed_or_conflicting_category_evidence,exclude_non_dentist_category|include_dental_provider,,,,,,eligibility_group:608841ecf0b2db79,unknown,,Optometrist,,,,,external_evidence_required,category and title evidence do not support a safe batch suggestion,False,+1707-961-1037,www.lynetteklineod.com,http://www.lynetteklineod.com/,137.0,39.4321671,-123.7989493,https://www.google.com/maps?cid=3097706296214713699,website_then_google_profile,www.lynetteklineod.com,eligibility_review_block:c455c41a26e4db76,singleton_profile,"Fill this row only when it is an exception to a reviewed group decision, or when its group is marked individual_review."
profile:NYC_NY_L:google:cid:7617309210467543931,NYC_NY_L,google:cid:7617309210467543931,"Antonia Sarris, LCSW","25 Chapel St, Brooklyn, NY 11201",business_listings,Social services organization,needs_category_review,unreviewed_or_conflicting_category_evidence,exclude_non_dentist_category|include_dental_provider,,,,,,eligibility_group:62fd405f34bcf5e4,unknown,,Social services organization,,,,,external_evidence_required,category and title evidence do not support a safe batch suggestion,False,+1718-398-0153,www.ccbq.org,http://www.ccbq.org/,1.0,40.6974582,-73.9860496,https://www.google.com/maps?cid=7617309210467543931,website_then_google_profile,www.ccbq.org,eligibility_review_block:9aa85c1c3f27d980,singleton_profile,"Fill this row only when it is an exception to a reviewed group decision, or when its group is marked individual_review."
profile:NYC_NY_L:google:cid:1196111142762645885,NYC_NY_L,google:cid:1196111142762645885,3D Imaging Inc,"1560 Broadway, New York, NY 10036",business_listings,Medical diagnostic imaging center,needs_category_review,unreviewed_or_conflicting_category_evidence,exclude_non_dentist_category|include_dental_provider,,,,,,eligibility_group:65504865b22162bd,unknown,,Medical diagnostic imaging center,,,,,external_evidence_required,category and title evidence do not support a safe batch suggestion,False,+1212-354-6444,,,6.0,40.7585723,-73.98455729999999,https://www.google.com/maps?cid=1196111142762645885,google_profile_only,,eligibility_review_block:a5567b94b567a125,singleton_profile,"Fill this row only when it is an exception to a reviewed group decision, or when its group is marked individual_review."
profile:FortBragg_CA_S:google:cid:7813504546310747474,FortBragg_CA_S,google:cid:7813504546310747474,Align Orthotics & Prosthetics,"401 Cypress St, Fort Bragg, CA 95437",maps_core|maps_specialist,Orthotics & prosthetics service,needs_category_review,unreviewed_or_conflicting_category_evidence,exclude_non_dentist_category|include_dental_provider,,,,,,eligibility_group:6802faf098d90035,unknown,,Orthotics & prosthetics service,,,,,external_evidence_required,category and title evidence do not support a safe batch suggestion,False,+1707-937-3003,,,1.0,39.4330766,-123.8009115,https://www.google.com/maps?cid=7813504546310747474,google_profile_only,,eligibility_review_block:04ca1c406fc2af4a,singleton_profile,"Fill this row only when it is an exception to a reviewed group decision, or when its group is marked individual_review."
profile:NYC_NY_L:google:cid:5452137540325187513,NYC_NY_L,google:cid:5452137540325187513,Devonshire House,"28 E 10th St, New York, NY 10003",business_listings,Condominium complex,needs_category_review,unreviewed_or_conflicting_category_evidence,exclude_non_dentist_category|include_dental_provider,,,,,,eligibility_group:690588d673aff3e0,unknown,,Condominium complex,,,,,external_evidence_required,category and title evidence do not support a safe batch suggestion,False,+1212-254-2053,www.devonshirehouse10th.com,https://www.devonshirehouse10th.com/,11.0,40.7324394,-73.9935611,https://www.google.com/maps?cid=5452137540325187513,website_then_google_profile,www.devonshirehouse10th.com,eligibility_review_block:fa9ddc2c553e4104,singleton_profile,"Fill this row only when it is an exception to a reviewed group decision, or when its group is marked individual_review."
profile:NYC_NY_L:google:cid:14748533435362658906,NYC_NY_L,google:cid:14748533435362658906,One Hanson Place,"One Hanson Pl, Brooklyn, NY 11243",business_listings,Condominium complex,needs_category_review,unreviewed_or_conflicting_category_evidence,exclude_non_dentist_category|include_dental_provider,,,,,,eligibility_group:690588d673aff3e0,unknown,,Condominium complex,,,,,external_evidence_required,category and title evidence do not support a safe batch suggestion,False,+1718-783-6608,onehansonplace.nyc,https://onehansonplace.nyc/,12.0,40.6852379,-73.9776115,https://www.google.com/maps?cid=14748533435362658906,website_then_google_profile,onehansonplace.nyc,eligibility_review_block:e90333fd6db06aae,singleton_profile,"Fill this row only when it is an exception to a reviewed group decision, or when its group is marked individual_review."
profile:LA_CA_L:google:cid:895678497028964503,LA_CA_L,google:cid:895678497028964503,Aesthetic,"8663 Holloway Plaza Dr, Los Angeles, CA 90069",business_listings,Furniture maker,needs_category_review,unreviewed_or_conflicting_category_evidence,exclude_non_dentist_category|include_dental_provider,,,,,,eligibility_group:6a202a936b857088,unknown,,Furniture maker,,,,,external_evidence_required,category and title evidence do not support a safe batch suggestion,False,+1310-659-6213,www.aestheticdecor.com,http://www.aestheticdecor.com/,,34.0914431,-118.3814436,https://www.google.com/maps?cid=895678497028964503,website_then_google_profile,www.aestheticdecor.com,eligibility_review_block:46a52b1dd6bbb716,singleton_profile,"Fill this row only when it is an exception to a reviewed group decision, or when its group is marked individual_review."
profile:NYC_NY_L:google:cid:15502555001169980906,NYC_NY_L,google:cid:15502555001169980906,Aquatic Rehabilitation Center,"1659 78th St, Brooklyn, NY 11214",business_listings,Rehabilitation center,needs_category_review,unreviewed_or_conflicting_category_evidence,exclude_non_dentist_category|include_dental_provider,,,,,,eligibility_group:6b0bfdb18f3e8f3d,unknown,,Rehabilitation center,,,,,external_evidence_required,category and title evidence do not support a safe batch suggestion,False,+1718-234-1212,www.aquaticrehabilitation.com,http://www.aquaticrehabilitation.com/,138.0,40.6137525,-74.0009292,https://www.google.com/maps?cid=15502555001169980906,website_then_google_profile,www.aquaticrehabilitation.com,eligibility_review_block:b3fc68bf30ec615c,singleton_profile,"Fill this row only when it is an exception to a reviewed group decision, or when its group is marked individual_review."
profile:Atlanta_GA_L:google:cid:13815089370373089399,Atlanta_GA_L,google:cid:13815089370373089399,Healing Community Center,"1188 Ralph David Abernathy Blvd SW, Atlanta, GA 30310",maps_core,Community health center,needs_category_review,unreviewed_or_conflicting_category_evidence,exclude_non_dentist_category|include_dental_provider,,,,,,eligibility_group:75eedbc19c8622b7,manual_review,Community health center: Category alone does not establish whether dental care is provided,,,,,,external_evidence_required,category and title evidence do not support a safe batch suggestion,False,+1404-564-7749,healatlanta.org,https://healatlanta.org/,4.0,33.7380341,-84.42697319999999,https://www.google.com/maps?cid=13815089370373089399,website_then_google_profile,healatlanta.org,eligibility_review_block:e66361ef703d9843,singleton_profile,"Fill this row only when it is an exception to a reviewed group decision, or when its group is marked individual_review."
profile:Buffalo_NY_L:google:cid:15855541177964720473,Buffalo_NY_L,google:cid:15855541177964720473,Evergreen Health,"800 Hertel Ave Ste 100, Buffalo, NY 14207",maps_core,Community health center,needs_category_review,unreviewed_or_conflicting_category_evidence,exclude_non_dentist_category|include_dental_provider,,,,,,eligibility_group:75eedbc19c8622b7,manual_review,Community health center: Category alone does not establish whether dental care is provided,,,,,,external_evidence_required,category and title evidence do not support a safe batch suggestion,False,+1716-847-2441,www.evergreenhs.org,https://www.evergreenhs.org/,50.0,42.9484588,-78.8795662,https://www.google.com/maps?cid=15855541177964720473,website_then_google_profile,www.evergreenhs.org,eligibility_review_block:06ca6a64708e9121,shared_domain_within_category_group,"Fill this row only when it is an exception to a reviewed group decision, or when its group is marked individual_review."
profile:Buffalo_NY_L:google:cid:5257324846144316958,Buffalo_NY_L,google:cid:5257324846144316958,Evergreen Health,"206 S Elmwood Ave, Buffalo, NY 14201",maps_core,Community health center,needs_category_review,unreviewed_or_conflicting_category_evidence,exclude_non_dentist_category|include_dental_provider,,,,,,eligibility_group:75eedbc19c8622b7,manual_review,Community health center: Category alone does not establish whether dental care is provided,,,,,,external_evidence_required,category and title evidence do not support a safe batch suggestion,False,+1716-847-2441,www.evergreenhs.org,http://www.evergreenhs.org/,217.0,42.8908197,-78.8786604,https://www.google.com/maps?cid=5257324846144316958,website_then_google_profile,www.evergreenhs.org,eligibility_review_block:06ca6a64708e9121,shared_domain_within_category_group,"Fill this row only when it is an exception to a reviewed group decision, or when its group is marked individual_review."
profile:Buffalo_NY_L:google:cid:6809714559291597152,Buffalo_NY_L,google:cid:6809714559291597152,Jericho Road Community Health Center at Buffalo City Mission,"100 E Tupper St, Buffalo, NY 14203",maps_core,Community health center,needs_category_review,unreviewed_or_conflicting_category_evidence,exclude_non_dentist_category|include_dental_provider,,,,,,eligibility_group:75eedbc19c8622b7,manual_review,Community health center: Category alone does not establish whether dental care is provided,,,,,,external_evidence_required,category and title evidence do not support a safe batch suggestion,False,+1716-919-6870,www.jrchc.org,http://www.jrchc.org/,3.0,42.8931912,-78.8693206,https://www.google.com/maps?cid=6809714559291597152,website_then_google_profile,www.jrchc.org,eligibility_review_block:8941a678d1b3e684,singleton_profile,"Fill this row only when it is an exception to a reviewed group decision, or when its group is marked individual_review."
profile:Buffalo_NY_L:google:cid:11877499768464405465,Buffalo_NY_L,google:cid:11877499768464405465,Neighborhood Health Center,"Neighborhood Health Center, 1569 Niagara St, Riverway, Buffalo, NY 14213",business_listings|maps_core,Community health center,needs_category_review,unreviewed_or_conflicting_category_evidence,exclude_non_dentist_category|include_dental_provider,,,,,,eligibility_group:75eedbc19c8622b7,manual_review,Community health center: Category alone does not establish whether dental care is provided,,,,,,external_evidence_required,category and title evidence do not support a safe batch suggestion,False,+1716-427-7000,nhcwny.org,https://nhcwny.org/locations-and-hours/location:riverway/,118.0,42.927318,-78.8972975,https://www.google.com/maps?cid=11877499768464405465,website_then_google_profile,nhcwny.org,eligibility_review_block:fe960dfead8c501f,shared_domain_within_category_group,"Fill this row only when it is an exception to a reviewed group decision, or when its group is marked individual_review."
profile:Buffalo_NY_L:google:cid:2962843530212566674,Buffalo_NY_L,google:cid:2962843530212566674,Neighborhood Health Center,"Neighborhood Health Center, 4233 Lake Ave, Blasdell, NY 14219",business_listings|maps_core,Community health center,needs_category_review,unreviewed_or_conflicting_category_evidence,exclude_non_dentist_category|include_dental_provider,,,,,,eligibility_group:75eedbc19c8622b7,manual_review,Community health center: Category alone does not establish whether dental care is provided,,,,,,external_evidence_required,category and title evidence do not support a safe batch suggestion,False,+1716-332-3070,nhcwny.org,https://nhcwny.org/locations-and-hours/location:blasdell/,286.0,42.7965963,-78.8222345,https://www.google.com/maps?cid=2962843530212566674,website_then_google_profile,nhcwny.org,eligibility_review_block:fe960dfead8c501f,shared_domain_within_category_group,"Fill this row only when it is an exception to a reviewed group decision, or when its group is marked individual_review."
profile:Eureka_CA_S:google:cid:2468268097554676926,Eureka_CA_S,google:cid:2468268097554676926,Open Door Member Services Department,"1522 3rd St, Eureka, CA 95501",maps_core,Community health center,needs_category_review,unreviewed_or_conflicting_category_evidence,exclude_non_dentist_category|include_dental_provider,,,,,,eligibility_group:75eedbc19c8622b7,manual_review,Community health center: Category alone does not establish whether dental care is provided,,,,,,external_evidence_required,category and title evidence do not support a safe batch suggestion,False,+1707-269-7073,opendoorhealth.com,http://opendoorhealth.com/opendoor/?page_id=458,9.0,40.8053948,-124.1553488,https://www.google.com/maps?cid=2468268097554676926,website_then_google_profile,opendoorhealth.com,eligibility_review_block:2536fc2305e6878b,shared_domain_within_category_group,"Fill this row only when it is an exception to a reviewed group decision, or when its group is marked individual_review."
profile:Eureka_CA_S:google:cid:6832263757888478173,Eureka_CA_S,google:cid:6832263757888478173,Redwood Community Health Center,"2350 Buhne St, Eureka, CA 95501",maps_core,Community health center,needs_category_review,unreviewed_or_conflicting_category_evidence,exclude_non_dentist_category|include_dental_provider,,,,,,eligibility_group:75eedbc19c8622b7,manual_review,Community health center: Category alone does not establish whether dental care is provided,,,,,,external_evidence_required,category and title evidence do not support a safe batch suggestion,False,+1707-443-4593,opendoorhealth.com,http://opendoorhealth.com/opendoor/?page_id=6181,101.0,40.7852436,-124.1422364,https://www.google.com/maps?cid=6832263757888478173,website_then_google_profile,opendoorhealth.com,eligibility_review_block:2536fc2305e6878b,shared_domain_within_category_group,"Fill this row only when it is an exception to a reviewed group decision, or when its group is marked individual_review."
profile:Eureka_CA_S:google:cid:3539046292069828800,Eureka_CA_S,google:cid:3539046292069828800,Telehealth & Visiting Specialist Center,"2426 Buhne St, Eureka, CA 95501",maps_core,Community health center,needs_category_review,unreviewed_or_conflicting_category_evidence,exclude_non_dentist_category|include_dental_provider,,,,,,eligibility_group:75eedbc19c8622b7,manual_review,Community health center: Category alone does not establish whether dental care is provided,,,,,,external_evidence_required,category and title evidence do not support a safe batch suggestion,False,+1707-443-4666,opendoorhealth.com,http://opendoorhealth.com/opendoor/locations/mobile-health-services/,44.0,40.7856598,-124.140686,https://www.google.com/maps?cid=3539046292069828800,website_then_google_profile,opendoorhealth.com,eligibility_review_block:2536fc2305e6878b,shared_domain_within_category_group,"Fill this row only when it is an exception to a reviewed group decision, or when its group is marked individual_review."
profile:LA_CA_L:google:cid:6614151412022945732,LA_CA_L,google:cid:6614151412022945732,Central City Community Health Center,"5970 S Central Ave, Los Angeles, CA 90001",business_listings,Community health center,needs_category_review,unreviewed_or_conflicting_category_evidence,exclude_non_dentist_category|include_dental_provider,,,,,,eligibility_group:75eedbc19c8622b7,manual_review,Community health center: Category alone does not establish whether dental care is provided,,,,,,external_evidence_required,category and title evidence do not support a safe batch suggestion,False,+1323-234-3280,www.centralcityhealth.org,http://www.centralcityhealth.org/,82.0,33.9855537,-118.2561492,https://www.google.com/maps?cid=6614151412022945732,website_then_google_profile,www.centralcityhealth.org,eligibility_review_block:40f74497665d3559,singleton_profile,"Fill this row only when it is an exception to a reviewed group decision, or when its group is marked individual_review."
profile:LA_CA_L:google:cid:7778619330488409355,LA_CA_L,google:cid:7778619330488409355,Clinicas Newbury Park Health Center,"1000 Newbury Rd Ste 150, Newbury Park, CA 91320",business_listings,Community health center,needs_category_review,unreviewed_or_conflicting_category_evidence,exclude_non_dentist_category|include_dental_provider,,,,,,eligibility_group:75eedbc19c8622b7,manual_review,Community health center: Category alone does not establish whether dental care is provided,,,,,,external_evidence_required,category and title evidence do not support a safe batch suggestion,False,+1805-498-3640,www.clinicas.org,https://www.clinicas.org/content/newbury-park,374.0,34.1825181,-118.9048282,https://www.google.com/maps?cid=7778619330488409355,website_then_google_profile,www.clinicas.org,eligibility_review_block:92585a739ae9d706,singleton_profile,"Fill this row only when it is an exception to a reviewed group decision, or when its group is marked individual_review."
profile:LA_CA_L:google:cid:11660717878363179238,LA_CA_L,google:cid:11660717878363179238,ROADS Community Clinic - Compton,"121 S Long Beach Blvd, Compton, CA 90221",business_listings,Community health center,needs_category_review,unreviewed_or_conflicting_category_evidence,exclude_non_dentist_category|include_dental_provider,,,,,,eligibility_group:75eedbc19c8622b7,manual_review,Community health center: Category alone does not establish whether dental care is provided,,,,,,external_evidence_required,category and title evidence do not support a safe batch suggestion,False,+1855-645-0033,roadsfoundation.org,https://roadsfoundation.org/locations/roads-community-clinic-compton/,197.0,33.894956,-118.208363,https://www.google.com/maps?cid=11660717878363179238,website_then_google_profile,roadsfoundation.org,eligibility_review_block:d37a7d944a1edc24,shared_domain_within_category_group,"Fill this row only when it is an exception to a reviewed group decision, or when its group is marked individual_review."
profile:LA_CA_L:google:cid:17876263272543066434,LA_CA_L,google:cid:17876263272543066434,ROADS Community Clinic - Lynwood,"3737 Martin Luther King Jr Blvd Ste 402, Lynwood, CA 90262",business_listings,Community health center,needs_category_review,unreviewed_or_conflicting_category_evidence,exclude_non_dentist_category|include_dental_provider,,,,,,eligibility_group:75eedbc19c8622b7,manual_review,Community health center: Category alone does not establish whether dental care is provided,,,,,,external_evidence_required,category and title evidence do not support a safe batch suggestion,False,+1310-639-9363,roadsfoundation.org,https://roadsfoundation.org/,10.0,33.9288011,-118.20028,https://www.google.com/maps?cid=17876263272543066434,website_then_google_profile,roadsfoundation.org,eligibility_review_block:d37a7d944a1edc24,shared_domain_within_category_group,"Fill this row only when it is an exception to a reviewed group decision, or when its group is marked individual_review."
profile:LA_CA_L:google:cid:10021466510923515615,LA_CA_L,google:cid:10021466510923515615,Saban Community Clinic,"8405 Beverly Blvd, Los Angeles, CA 90048",business_listings,Community health center,needs_category_review,unreviewed_or_conflicting_category_evidence,exclude_non_dentist_category|include_dental_provider,,,,,,eligibility_group:75eedbc19c8622b7,manual_review,Community health center: Category alone does not establish whether dental care is provided,,,,,,external_evidence_required,category and title evidence do not support a safe batch suggestion,False,+1323-653-1990,www.sabancommunityclinic.org,https://www.sabancommunityclinic.org/,228.0,34.0763569,-118.3734012,https://www.google.com/maps?cid=10021466510923515615,website_then_google_profile,www.sabancommunityclinic.org,eligibility_review_block:89684b9e92614157,shared_domain_within_category_group,"Fill this row only when it is an exception to a reviewed group decision, or when its group is marked individual_review."
profile:LA_CA_L:google:cid:6573524519892687095,LA_CA_L,google:cid:6573524519892687095,Saban Community Clinic - Virgil,"137 Virgil Ave, Los Angeles, CA 90004",business_listings,Community health center,needs_category_review,unreviewed_or_conflicting_category_evidence,exclude_non_dentist_category|include_dental_provider,,,,,,eligibility_group:75eedbc19c8622b7,manual_review,Community health center: Category alone does not establish whether dental care is provided,,,,,,external_evidence_required,category and title evidence do not support a safe batch suggestion,False,+1323-653-1990,www.sabancommunityclinic.org,https://www.sabancommunityclinic.org/locations/virgil-family-health-center/,54.0,34.074600499999995,-118.2871851,https://www.google.com/maps?cid=6573524519892687095,website_then_google_profile,www.sabancommunityclinic.org,eligibility_review_block:89684b9e92614157,shared_domain_within_category_group,"Fill this row only when it is an exception to a reviewed group decision, or when its group is marked individual_review."
profile:LA_CA_L:google:cid:3932807939064839266,LA_CA_L,google:cid:3932807939064839266,Serenity Care Health Group - Atlantic Adult Clinic,"780 Atlantic Ave 2nd Floor, Long Beach, CA 90813",business_listings,Community health center,needs_category_review,unreviewed_or_conflicting_category_evidence,exclude_non_dentist_category|include_dental_provider,,,,,,eligibility_group:75eedbc19c8622b7,manual_review,Community health center: Category alone does not establish whether dental care is provided,,,,,,external_evidence_required,category and title evidence do not support a safe batch suggestion,False,+1562-580-0955,serenitycarehealthgroup.org,https://serenitycarehealthgroup.org/atlantic-adult-clinic/?utm_source=gmb&utm_medium=organic,,33.7763243,-118.1847838,https://www.google.com/maps?cid=3932807939064839266,website_then_google_profile,serenitycarehealthgroup.org,eligibility_review_block:612ba7b4fee98150,shared_domain_within_category_group,"Fill this row only when it is an exception to a reviewed group decision, or when its group is marked individual_review."
profile:LA_CA_L:google:cid:6241950912401221942,LA_CA_L,google:cid:6241950912401221942,"Serenity Care Health Group, FQHC-LAL","1930 E Anaheim St, Long Beach, CA 90813",business_listings,Community health center,needs_category_review,unreviewed_or_conflicting_category_evidence,exclude_non_dentist_category|include_dental_provider,,,,,,eligibility_group:75eedbc19c8622b7,manual_review,Community health center: Category alone does not establish whether dental care is provided,,,,,,external_evidence_required,category and title evidence do not support a safe batch suggestion,False,+1562-478-4102,serenitycarehealthgroup.org,https://serenitycarehealthgroup.org/?utm_source=gmb&utm_medium=organic,27.0,33.7822692,-118.1680986,https://www.google.com/maps?cid=6241950912401221942,website_then_google_profile,serenitycarehealthgroup.org,eligibility_review_block:612ba7b4fee98150,shared_domain_within_category_group,"Fill this row only when it is an exception to a reviewed group decision, or when its group is marked individual_review."
profile:LA_CA_L:google:cid:17870772743849719591,LA_CA_L,google:cid:17870772743849719591,Watts Healthcare - Watts Health Center,"10300 Compton Ave, Los Angeles, CA 90002",business_listings,Community health center,needs_category_review,unreviewed_or_conflicting_category_evidence,exclude_non_dentist_category|include_dental_provider,,,,,,eligibility_group:75eedbc19c8622b7,manual_review,Community health center: Category alone does not establish whether dental care is provided,,,,,,external_evidence_required,category and title evidence do not support a safe batch suggestion,False,+1323-564-4331,www.wattshealth.org,http://www.wattshealth.org/,272.0,33.9425909,-118.2453744,https://www.google.com/maps?cid=17870772743849719591,website_then_google_profile,www.wattshealth.org,eligibility_review_block:7a29ede9493a7d8c,singleton_profile,"Fill this row only when it is an exception to a reviewed group decision, or when its group is marked individual_review."
profile:NYC_NY_L:google:cid:15663490496687216379,NYC_NY_L,google:cid:15663490496687216379,Advantage Care Health Centers,"230 Hanse Ave, Freeport, NY 11520",business_listings,Community health center,needs_category_review,unreviewed_or_conflicting_category_evidence,exclude_non_dentist_category|include_dental_provider,,,,,,eligibility_group:75eedbc19c8622b7,manual_review,Community health center: Category alone does not establish whether dental care is provided,,,,,,external_evidence_required,category and title evidence do not support a safe batch suggestion,False,+1516-686-4400,www.advantagecaredtc.org,http://www.advantagecaredtc.org/,18.0,40.6454188,-73.57088329999999,https://www.google.com/maps?cid=15663490496687216379,website_then_google_profile,www.advantagecaredtc.org,eligibility_review_block:e334db8bc5dab65b,shared_domain_within_category_group,"Fill this row only when it is an exception to a reviewed group decision, or when its group is marked individual_review."
profile:NYC_NY_L:google:cid:15902478855329350188,NYC_NY_L,google:cid:15902478855329350188,"Advantage Care Health Centers, Brookville, Freeport","189 Wheatley Rd, Glen Head, NY 11545",business_listings,Community health center,needs_category_review,unreviewed_or_conflicting_category_evidence,exclude_non_dentist_category|include_dental_provider,,,,,,eligibility_group:75eedbc19c8622b7,manual_review,Community health center: Category alone does not establish whether dental care is provided,,,,,,external_evidence_required,category and title evidence do not support a safe batch suggestion,False,+1516-686-4400,www.advantagecaredtc.org,http://www.advantagecaredtc.org/,18.0,40.8085179,-73.58104159999999,https://www.google.com/maps?cid=15902478855329350188,website_then_google_profile,www.advantagecaredtc.org,eligibility_review_block:e334db8bc5dab65b,shared_domain_within_category_group,"Fill this row only when it is an exception to a reviewed group decision, or when its group is marked individual_review."
profile:NYC_NY_L:google:cid:9629879480313591668,NYC_NY_L,google:cid:9629879480313591668,Betances Health Center,"280 Henry St, New York, NY 10002",business_listings,Community health center,needs_category_review,unreviewed_or_conflicting_category_evidence,exclude_non_dentist_category|include_dental_provider,,,,,,eligibility_group:75eedbc19c8622b7,manual_review,Community health center: Category alone does not establish whether dental care is provided,,,,,,external_evidence_required,category and title evidence do not support a safe batch suggestion,False,+1212-227-8401,www.betances.org,http://www.betances.org/,207.0,40.7138475,-73.9836545,https://www.google.com/maps?cid=9629879480313591668,website_then_google_profile,www.betances.org,eligibility_review_block:ff436f706f385d3e,singleton_profile,"Fill this row only when it is an exception to a reviewed group decision, or when its group is marked individual_review."
profile:NYC_NY_L:google:cid:7797290965946195780,NYC_NY_L,google:cid:7797290965946195780,Community Healthcare Network – Lower East Side / Catherine M. Abate,"255 E Houston St, New York, NY 10002",business_listings,Community health center,needs_category_review,unreviewed_or_conflicting_category_evidence,exclude_non_dentist_category|include_dental_provider,,,,,,eligibility_group:75eedbc19c8622b7,manual_review,Community health center: Category alone does not establish whether dental care is provided,,,,,,external_evidence_required,category and title evidence do not support a safe batch suggestion,False,+1212-477-1120,www.chnnyc.org,https://www.chnnyc.org/lower-east-side-center/,81.0,40.7216329,-73.9849528,https://www.google.com/maps?cid=7797290965946195780,website_then_google_profile,www.chnnyc.org,eligibility_review_block:3cd0713d348a59b1,singleton_profile,"Fill this row only when it is an exception to a reviewed group decision, or when its group is marked individual_review."
profile:NYC_NY_L:google:cid:5978500574907670907,NYC_NY_L,google:cid:5978500574907670907,Harlem United,"179 E 116th St, New York, NY 10029",business_listings,Community health center,needs_category_review,unreviewed_or_conflicting_category_evidence,exclude_non_dentist_category|include_dental_provider,,,,,,eligibility_group:75eedbc19c8622b7,manual_review,Community health center: Category alone does not establish whether dental care is provided,,,,,,external_evidence_required,category and title evidence do not support a safe batch suggestion,False,+1212-987-3707,harlemunited.org,http://harlemunited.org/,3.0,40.7983831,-73.94034719999999,https://www.google.com/maps?cid=5978500574907670907,website_then_google_profile,harlemunited.org,eligibility_review_block:d46109d072774289,singleton_profile,"Fill this row only when it is an exception to a reviewed group decision, or when its group is marked individual_review."
profile:NYC_NY_L:google:cid:1233923132299180747,NYC_NY_L,google:cid:1233923132299180747,Harlem United's The Nest Community Health Center,"169 W 133rd St, New York, NY 10030",business_listings,Community health center,needs_category_review,unreviewed_or_conflicting_category_evidence,exclude_non_dentist_category|include_dental_provider,,,,,,eligibility_group:75eedbc19c8622b7,manual_review,Community health center: Category alone does not establish whether dental care is provided,,,,,,external_evidence_required,category and title evidence do not support a safe batch suggestion,False,+1844-464-2753,www.harlemunited.org,http://www.harlemunited.org/,61.0,40.8139109,-73.9439488,https://www.google.com/maps?cid=1233923132299180747,website_then_google_profile,www.harlemunited.org,eligibility_review_block:375ea063c5ac25d7,singleton_profile,"Fill this row only when it is an exception to a reviewed group decision, or when its group is marked individual_review."
profile:NYC_NY_L:google:cid:15144409111980064554,NYC_NY_L,google:cid:15144409111980064554,ODA Crown Heights,"779 E New York Ave, Brooklyn, NY 11203",business_listings,Community health center,needs_category_review,unreviewed_or_conflicting_category_evidence,exclude_non_dentist_category|include_dental_provider,,,,,,eligibility_group:75eedbc19c8622b7,manual_review,Community health center: Category alone does not establish whether dental care is provided,,,,,,external_evidence_required,category and title evidence do not support a safe batch suggestion,False,+1718-260-4670,odahealth.org,https://odahealth.org/locations/oda-crown-heights.html,75.0,40.6625692,-73.9366833,https://www.google.com/maps?cid=15144409111980064554,website_then_google_profile,odahealth.org,eligibility_review_block:b8ec56fa7baff676,singleton_profile,"Fill this row only when it is an exception to a reviewed group decision, or when its group is marked individual_review."
profile:NYC_NY_L:google:cid:10390034255530110063,NYC_NY_L,google:cid:10390034255530110063,Union Community Health Center - (188th St.),"260 E 188th St, Bronx, NY 10458",business_listings,Community health center,needs_category_review,unreviewed_or_conflicting_category_evidence,exclude_non_dentist_category|include_dental_provider,,,,,,eligibility_group:75eedbc19c8622b7,manual_review,Community health center: Category alone does not establish whether dental care is provided,,,,,,external_evidence_required,category and title evidence do not support a safe batch suggestion,False,+1718-220-2020,www.uchcbronx.org,http://www.uchcbronx.org/,196.0,40.8606063,-73.8960238,https://www.google.com/maps?cid=10390034255530110063,website_then_google_profile,www.uchcbronx.org,eligibility_review_block:ed13c66e70f61ed4,shared_domain_within_category_group,"Fill this row only when it is an exception to a reviewed group decision, or when its group is marked individual_review."
profile:NYC_NY_L:google:cid:4935697797244785263,NYC_NY_L,google:cid:4935697797244785263,Union Community Health Center - (2021 Grand Concourse),"2021 Grand Concourse, Bronx, NY 10453",business_listings,Community health center,needs_category_review,unreviewed_or_conflicting_category_evidence,exclude_non_dentist_category|include_dental_provider,,,,,,eligibility_group:75eedbc19c8622b7,manual_review,Community health center: Category alone does not establish whether dental care is provided,,,,,,external_evidence_required,category and title evidence do not support a safe batch suggestion,False,+1718-220-2020,www.uchcbronx.org,http://www.uchcbronx.org/,119.0,40.8519806,-73.90454199999999,https://www.google.com/maps?cid=4935697797244785263,website_then_google_profile,www.uchcbronx.org,eligibility_review_block:ed13c66e70f61ed4,shared_domain_within_category_group,"Fill this row only when it is an exception to a reviewed group decision, or when its group is marked individual_review."
profile:SanFrancisco_CA_L:google:cid:14242845636480544373,SanFrancisco_CA_L,google:cid:14242845636480544373,NEMS PACE San Francisco Chinatown Center,"728 Pacific Ave Ste 200, San Francisco, CA 94133",business_listings,Community health center,needs_category_review,unreviewed_or_conflicting_category_evidence,exclude_non_dentist_category|include_dental_provider,,,,,,eligibility_group:75eedbc19c8622b7,manual_review,Community health center: Category alone does not establish whether dental care is provided,,,,,,external_evidence_required,category and title evidence do not support a safe batch suggestion,False,+1888-981-8909,www.nemspace.org,https://www.nemspace.org/,2.0,37.7971223,-122.4075259,https://www.google.com/maps?cid=14242845636480544373,website_then_google_profile,www.nemspace.org,eligibility_review_block:96aff60da7afb43a,singleton_profile,"Fill this row only when it is an exception to a reviewed group decision, or when its group is marked individual_review."
profile:NYC_NY_L:google:cid:6683947002764799178,NYC_NY_L,google:cid:6683947002764799178,Head & Neck Surgical Group,"425 W 59th St #1, New York, NY 10019",business_listings,Otolaryngology clinic,needs_category_review,unreviewed_or_conflicting_category_evidence,exclude_non_dentist_category|include_dental_provider,,,,,,eligibility_group:772713ab1100c436,unknown,,Otolaryngology clinic,,,,,external_evidence_required,category and title evidence do not support a safe batch suggestion,False,+1212-523-7791,www.superdoctors.com,https://www.superdoctors.com/new-york-metro/hospital-clinic/Head-and-Neck-Surgical-Group/c8bd9019-fa74-4f4c-985a-8a1ec915098f.html,5.0,40.7701128,-73.985838,https://www.google.com/maps?cid=6683947002764799178,website_then_google_profile,www.superdoctors.com,eligibility_review_block:39334aa2da413e50,singleton_profile,"Fill this row only when it is an exception to a reviewed group decision, or when its group is marked individual_review."
profile:LA_CA_L:google:cid:15714100834549036307,LA_CA_L,google:cid:15714100834549036307,Affinity Cosmetic Center,"12304 Santa Monica Blvd #101, Los Angeles, CA 90025",business_listings,Skin care clinic,needs_category_review,unreviewed_or_conflicting_category_evidence,exclude_non_dentist_category|include_dental_provider,,,,,,eligibility_group:7a6b4d7abd08fee8,unknown,,Skin care clinic,,,,,external_evidence_required,category and title evidence do not support a safe batch suggestion,False,+1310-801-6484,www.affinitycosmeticcenter.com,http://www.affinitycosmeticcenter.com/,83.0,34.039182,-118.4655381,https://www.google.com/maps?cid=15714100834549036307,website_then_google_profile,www.affinitycosmeticcenter.com,eligibility_review_block:73a856afb4f0d983,singleton_profile,"Fill this row only when it is an exception to a reviewed group decision, or when its group is marked individual_review."
profile:Vidalia_GA_S:google:cid:7988439992617257135,Vidalia_GA_S,google:cid:7988439992617257135,Dermatology Associates,"1013 E 1st St, Vidalia, GA 30474",maps_core,Skin care clinic,needs_category_review,unreviewed_or_conflicting_category_evidence,exclude_non_dentist_category|include_dental_provider,,,,,,eligibility_group:7a6b4d7abd08fee8,unknown,,Skin care clinic,,,,,external_evidence_required,category and title evidence do not support a safe batch suggestion,False,+1912-472-6104,dermatologyassociatesga.com,https://dermatologyassociatesga.com/,144.0,32.2117118,-82.40216819999999,https://www.google.com/maps?cid=7988439992617257135,website_then_google_profile,dermatologyassociatesga.com,eligibility_review_block:d3994f3d312eac82,singleton_profile,"Fill this row only when it is an exception to a reviewed group decision, or when its group is marked individual_review."
profile:Atlanta_GA_L:google:cid:13898945642818331032,Atlanta_GA_L,google:cid:13898945642818331032,Grady Health System,"80 Jesse Hill Jr Dr SE, Atlanta, GA 30303",maps_core,Hospital,needs_category_review,unreviewed_or_conflicting_category_evidence,exclude_non_dentist_category|include_dental_provider,,,,,,eligibility_group:7a6fb05b52cfaa84,unknown,,Hospital,,,,,external_evidence_required,category and title evidence do not support a safe batch suggestion,False,+1404-616-1000,www.gradyhealth.org,https://www.gradyhealth.org/?utm_source=gmb&utm_medium=organic&utm_campaign=sitelink&utm_id=grady,5.0,33.7517652,-84.3819669,https://www.google.com/maps?cid=13898945642818331032,website_then_google_profile,www.gradyhealth.org,eligibility_review_block:5bdcb863be4d6bd3,singleton_profile,"Fill this row only when it is an exception to a reviewed group decision, or when its group is marked individual_review."
profile:Augusta_GA_L:google:cid:4908311652064968016,Augusta_GA_L,google:cid:4908311652064968016,VA Downtown Division,"950 15th St, Augusta, GA 30901",maps_core,Hospital,needs_category_review,unreviewed_or_conflicting_category_evidence,exclude_non_dentist_category|include_dental_provider,,,,,,eligibility_group:7a6fb05b52cfaa84,unknown,,Hospital,,,,,external_evidence_required,category and title evidence do not support a safe batch suggestion,False,+1706-733-0188,www.augusta.va.gov,https://www.augusta.va.gov/locations/directions.asp,110.0,33.4730357,-81.9872986,https://www.google.com/maps?cid=4908311652064968016,website_then_google_profile,www.augusta.va.gov,eligibility_review_block:7cbbc7672ac0742d,singleton_profile,"Fill this row only when it is an exception to a reviewed group decision, or when its group is marked individual_review."
profile:FortBragg_CA_S:google:cid:5493462293064925102,FortBragg_CA_S,google:cid:5493462293064925102,Adventist Health Mendocino Coast,"700 River Dr, Fort Bragg, CA 95437",maps_core,Hospital,needs_category_review,unreviewed_or_conflicting_category_evidence,exclude_non_dentist_category|include_dental_provider,,,,,,eligibility_group:7a6fb05b52cfaa84,unknown,,Hospital,,,,,external_evidence_required,category and title evidence do not support a safe batch suggestion,False,+1707-961-1234,www.adventisthealth.org,https://www.adventisthealth.org/mendocino-coast/,949.0,39.4316224,-123.8003007,https://www.google.com/maps?cid=5493462293064925102,website_then_google_profile,www.adventisthealth.org,eligibility_review_block:29f38db4cdbc594d,singleton_profile,"Fill this row only when it is an exception to a reviewed group decision, or when its group is marked individual_review."
profile:Buffalo_NY_L:google:cid:11366070002874749651,Buffalo_NY_L,google:cid:11366070002874749651,Dr MGK,"University at Buffalo South Campus, State, 3435 Main St, Buffalo, NY 14215",maps_specialist,,needs_category_review,unreviewed_or_conflicting_category_evidence,exclude_non_dentist_category|include_dental_provider,,,,,,eligibility_group:7f6c6360ca5455ff,unknown,,<blank category>,,,,,external_evidence_required,category and title evidence do not support a safe batch suggestion,False,+1304-508-8588,,,292.0,42.9533778,-78.8182806,https://www.google.com/maps?cid=11366070002874749651,google_profile_only,,eligibility_review_block:de11e0dc34fb36d9,singleton_profile,"Fill this row only when it is an exception to a reviewed group decision, or when its group is marked individual_review."
profile:Eureka_CA_S:google:cid:7161334439902583112,Eureka_CA_S,google:cid:7161334439902583112,Partnership Healthplan Of California,"1036 5th St, Eureka, CA 95501",maps_core,Government office,needs_category_review,unreviewed_or_conflicting_category_evidence,exclude_non_dentist_category|include_dental_provider,,,,,,eligibility_group:80bfcb676b0ff00e,unknown,,Government office,,,,,external_evidence_required,category and title evidence do not support a safe batch suggestion,False,+1800-863-4155,www.partnershiphp.org,http://www.partnershiphp.org/,7.0,40.8026082,-124.159647,https://www.google.com/maps?cid=7161334439902583112,website_then_google_profile,www.partnershiphp.org,eligibility_review_block:b239fe801ce6031c,singleton_profile,"Fill this row only when it is an exception to a reviewed group decision, or when its group is marked individual_review."
profile:NYC_NY_L:google:cid:8712220723097576755,NYC_NY_L,google:cid:8712220723097576755,John Spina Dpm,"2015 Bath Ave, Brooklyn, NY 11214",business_listings,Podiatrist,needs_category_review,unreviewed_or_conflicting_category_evidence,exclude_non_dentist_category|include_dental_provider,,,,,,eligibility_group:83a1f37e83b51b28,unknown,,Podiatrist,,,,,external_evidence_required,category and title evidence do not support a safe batch suggestion,False,+1718-313-0065,,,,40.6012544,-74.0008853,https://www.google.com/maps?cid=8712220723097576755,google_profile_only,,eligibility_review_block:f04795ccc9044ba1,singleton_profile,"Fill this row only when it is an exception to a reviewed group decision, or when its group is marked individual_review."
profile:Augusta_GA_L:google:cid:2881003103519768575,Augusta_GA_L,google:cid:2881003103519768575,ALAS Free Women's Clinic,"904 Merry St, Augusta, GA 30904",maps_core,Free clinic,needs_category_review,unreviewed_or_conflicting_category_evidence,exclude_non_dentist_category|include_dental_provider,,,,,,eligibility_group:8550c2bf40cd4dfa,manual_review,Free clinic: Category alone does not establish whether dental care is provided,,,,,,external_evidence_required,category and title evidence do not support a safe batch suggestion,False,+1706-426-1643,www.alas-csra.org,https://www.alas-csra.org/womens-clinic,,33.4751219,-82.0006897,https://www.google.com/maps?cid=2881003103519768575,website_then_google_profile,www.alas-csra.org,eligibility_review_block:412c3c0374129aa8,shared_domain_within_category_group,"Fill this row only when it is an exception to a reviewed group decision, or when its group is marked individual_review."
profile:Augusta_GA_L:google:cid:16620118602434899245,Augusta_GA_L,google:cid:16620118602434899245,Centro Médico,"904 Merry St, Augusta, GA 30904",maps_core,Free clinic,needs_category_review,unreviewed_or_conflicting_category_evidence,exclude_non_dentist_category|include_dental_provider,,,,,,eligibility_group:8550c2bf40cd4dfa,manual_review,Free clinic: Category alone does not establish whether dental care is provided,,,,,,external_evidence_required,category and title evidence do not support a safe batch suggestion,False,,www.alas-csra.org,http://www.alas-csra.org/,3.0,33.4751286,-82.00070989999999,https://www.google.com/maps?cid=16620118602434899245,website_then_google_profile,www.alas-csra.org,eligibility_review_block:412c3c0374129aa8,shared_domain_within_category_group,"Fill this row only when it is an exception to a reviewed group decision, or when its group is marked individual_review."
profile:Augusta_GA_L:google:cid:1016625347654546775,Augusta_GA_L,google:cid:1016625347654546775,Clínica Latina,"904 Merry St, Augusta, GA 30904",maps_core,Free clinic,needs_category_review,unreviewed_or_conflicting_category_evidence,exclude_non_dentist_category|include_dental_provider,,,,,,eligibility_group:8550c2bf40cd4dfa,manual_review,Free clinic: Category alone does not establish whether dental care is provided,,,,,,external_evidence_required,category and title evidence do not support a safe batch suggestion,False,+1706-940-2527,www.alas-csra.org,http://www.alas-csra.org/clinica-latina-1,5.0,33.4751276,-82.0007523,https://www.google.com/maps?cid=1016625347654546775,website_then_google_profile,www.alas-csra.org,eligibility_review_block:412c3c0374129aa8,shared_domain_within_category_group,"Fill this row only when it is an exception to a reviewed group decision, or when its group is marked individual_review."
profile:LA_CA_L:google:cid:15738244679380707742,LA_CA_L,google:cid:15738244679380707742,K9 LOFT,"2170 Sunset Blvd, Los Angeles, CA 90026",business_listings,Pet boarding service,needs_category_review,unreviewed_or_conflicting_category_evidence,exclude_non_dentist_category|include_dental_provider,,,,,,eligibility_group:85cb6619e39fd7d5,unknown,,Pet boarding service,,,,,external_evidence_required,category and title evidence do not support a safe batch suggestion,False,+1213-484-6006,www.k9loft.com,http://www.k9loft.com/,216.0,34.0776016,-118.2659924,https://www.google.com/maps?cid=15738244679380707742,website_then_google_profile,www.k9loft.com,eligibility_review_block:deaaf2fef2a1628f,singleton_profile,"Fill this row only when it is an exception to a reviewed group decision, or when its group is marked individual_review."
profile:LA_CA_L:google:cid:5546745703059237379,LA_CA_L,google:cid:5546745703059237379,Yang Bao Bin MD,"149 N 6th St, Montebello, CA 90640",business_listings,Cardiologist,needs_category_review,unreviewed_or_conflicting_category_evidence,exclude_non_dentist_category|include_dental_provider,,,,,,eligibility_group:87792a8b95e277fa,unknown,,Cardiologist,,,,,external_evidence_required,category and title evidence do not support a safe batch suggestion,False,+1323-721-5121,,,1.0,34.011382,-118.1057774,https://www.google.com/maps?cid=5546745703059237379,google_profile_only,,eligibility_review_block:0afc4d33c90a61aa,singleton_profile,"Fill this row only when it is an exception to a reviewed group decision, or when its group is marked individual_review."
profile:Atlanta_GA_L:google:cid:11085259445198486597,Atlanta_GA_L,google:cid:11085259445198486597,Smile Direct Club,"Located in Peachtree Offices, 3355 Lenox Rd NE Suite 750, Atlanta, GA 30326",business_listings,Health and beauty shop,needs_category_review,unreviewed_or_conflicting_category_evidence,exclude_non_dentist_category|include_dental_provider,,,,,,eligibility_group:8ab421eda41309f2,unknown,,Health and beauty shop,,,,,external_evidence_required,category and title evidence do not support a safe batch suggestion,False,+1800-688-4010,smiledirectclub.com,https://smiledirectclub.com/location?shop=Atlanta%20-%20Buckhead%20Lenox&shopId=4a3982e2-1c0d-475f-8ffd-b33206a658e7,1657.0,33.846719799999995,-84.3579821,https://www.google.com/maps?cid=11085259445198486597,website_then_google_profile,smiledirectclub.com,eligibility_review_block:5d71e81bea632f59,shared_domain_within_category_group,"Fill this row only when it is an exception to a reviewed group decision, or when its group is marked individual_review."
profile:Buffalo_NY_L:google:cid:126764987546349880,Buffalo_NY_L,google:cid:126764987546349880,Smile Direct Club,"Located inside Sola Salon, 4110 Maple Rd, Buffalo, NY 14226",business_listings,Health and beauty shop,needs_category_review,unreviewed_or_conflicting_category_evidence,exclude_non_dentist_category|include_dental_provider,,,,,,eligibility_group:8ab421eda41309f2,unknown,,Health and beauty shop,,,,,external_evidence_required,category and title evidence do not support a safe batch suggestion,False,+1800-688-4010,,,402.0,42.9921032,-78.8109345,https://www.google.com/maps?cid=126764987546349880,google_profile_only,,eligibility_review_block:9bcc91b45e04eebf,singleton_profile,"Fill this row only when it is an exception to a reviewed group decision, or when its group is marked individual_review."
profile:NYC_NY_L:google:cid:11474776953858767803,NYC_NY_L,google:cid:11474776953858767803,Smile Direct Club,"242 5th Ave, New York, NY 10001",business_listings,Health and beauty shop,needs_category_review,unreviewed_or_conflicting_category_evidence,exclude_non_dentist_category|include_dental_provider,,,,,,eligibility_group:8ab421eda41309f2,unknown,,Health and beauty shop,,,,,external_evidence_required,category and title evidence do not support a safe batch suggestion,False,+1800-688-4010,smiledirectclub.com,https://smiledirectclub.com/smileshops/flat-iron-nyc/,819.0,40.7445656,-73.9877588,https://www.google.com/maps?cid=11474776953858767803,website_then_google_profile,smiledirectclub.com,eligibility_review_block:5d71e81bea632f59,shared_domain_within_category_group,"Fill this row only when it is an exception to a reviewed group decision, or when its group is marked individual_review."
profile:NYC_NY_L:google:cid:9001258392962397789,NYC_NY_L,google:cid:9001258392962397789,Smile Direct Club,"525 Atlantic Ave, Brooklyn, NY 11217",business_listings,Health and beauty shop,needs_category_review,unreviewed_or_conflicting_category_evidence,exclude_non_dentist_category|include_dental_provider,,,,,,eligibility_group:8ab421eda41309f2,unknown,,Health and beauty shop,,,,,external_evidence_required,category and title evidence do not support a safe batch suggestion,False,+1800-688-4010,smiledirectclub.com,https://smiledirectclub.com/smileshops/brooklyn-downtown/,1273.0,40.6853297,-73.9801086,https://www.google.com/maps?cid=9001258392962397789,website_then_google_profile,smiledirectclub.com,eligibility_review_block:5d71e81bea632f59,shared_domain_within_category_group,"Fill this row only when it is an exception to a reviewed group decision, or when its group is marked individual_review."
profile:SanFrancisco_CA_L:google:cid:15999424789158348057,SanFrancisco_CA_L,google:cid:15999424789158348057,"University of the Pacific, Arthur A. Dugoni School of Dentistry","155 5th St, San Francisco, CA 94103",business_listings,University,needs_category_review,unreviewed_or_conflicting_category_evidence,exclude_non_dentist_category|include_dental_provider,,,,,,eligibility_group:8c78ac49852cece2,unknown,,University,dentistry,school_or_training,,,external_evidence_required,category and title evidence do not support a safe batch suggestion,False,+1415-929-6501,www.pacific.edu,http://www.pacific.edu/dental,347.0,37.7822541,-122.4053174,https://www.google.com/maps?cid=15999424789158348057,website_then_google_profile,www.pacific.edu,eligibility_review_block:32c78f498de5b468,singleton_profile,"Fill this row only when it is an exception to a reviewed group decision, or when its group is marked individual_review."
profile:NYC_NY_L:google:cid:6815302961615898188,NYC_NY_L,google:cid:6815302961615898188,Medical Orthodontics,"45 Park Ave PH 01, New York, NY 10016",business_listings,Medical spa,needs_category_review,unreviewed_or_conflicting_category_evidence,exclude_non_dentist_category|include_dental_provider,,,,,,eligibility_group:8c88af6de3a4ac5e,unknown,,Medical spa,orthodontic,medical,,,external_evidence_required,category and title evidence do not support a safe batch suggestion,False,+1212-779-8442,www.medicalorthodontics.org,http://www.medicalorthodontics.org/,,40.7487272,-73.9797616,https://www.google.com/maps?cid=6815302961615898188,website_then_google_profile,www.medicalorthodontics.org,eligibility_review_block:fb16e77201fa99ba,singleton_profile,"Fill this row only when it is an exception to a reviewed group decision, or when its group is marked individual_review."
profile:SanFrancisco_CA_L:google:cid:10983116578148769284,SanFrancisco_CA_L,google:cid:10983116578148769284,Facial Therapy Studio,"90 Gough St, San Francisco, CA 94102",business_listings,Medical spa,needs_category_review,unreviewed_or_conflicting_category_evidence,exclude_non_dentist_category|include_dental_provider,,,,,,eligibility_group:8c88af6de3a4ac5e,unknown,,Medical spa,,,,,external_evidence_required,category and title evidence do not support a safe batch suggestion,False,+1415-706-7687,www.facialtherapystudio.com,https://www.facialtherapystudio.com/,,37.773738,-122.4221511,https://www.google.com/maps?cid=10983116578148769284,website_then_google_profile,www.facialtherapystudio.com,eligibility_review_block:30ec380e1ff1d19e,singleton_profile,"Fill this row only when it is an exception to a reviewed group decision, or when its group is marked individual_review."
profile:SanFrancisco_CA_L:google:cid:12780241047922579012,SanFrancisco_CA_L,google:cid:12780241047922579012,"Joan Demartini Warren, PSYD","1738 Union St, San Francisco, CA 94123",business_listings,Psychologist,needs_category_review,unreviewed_or_conflicting_category_evidence,exclude_non_dentist_category|include_dental_provider,,,,,,eligibility_group:8cc3af3cb556b0b4,unknown,,Psychologist,,,,,external_evidence_required,category and title evidence do not support a safe batch suggestion,False,+1415-262-0166,,,,37.7982878,-122.4279824,https://www.google.com/maps?cid=12780241047922579012,google_profile_only,,eligibility_review_block:2e793ca1063b8f0e,singleton_profile,"Fill this row only when it is an exception to a reviewed group decision, or when its group is marked individual_review."
profile:Eureka_CA_S:google:cid:10342098488761581509,Eureka_CA_S,google:cid:10342098488761581509,Pure Makeup Studio & Med Spa,"522 F St, Eureka, CA 95501",maps_core,Make-up artist,needs_category_review,unreviewed_or_conflicting_category_evidence,exclude_non_dentist_category|include_dental_provider,,,,,,eligibility_group:951745147fdc1790,unknown,,Make-up artist,,,,,external_evidence_required,category and title evidence do not support a safe batch suggestion,False,+1707-442-9200,puremakeupstore.com,http://puremakeupstore.com/,8.0,40.8013764,-124.1661406,https://www.google.com/maps?cid=10342098488761581509,website_then_google_profile,puremakeupstore.com,eligibility_review_block:bc1100121070e6f7,singleton_profile,"Fill this row only when it is an exception to a reviewed group decision, or when its group is marked individual_review."
profile:Eureka_CA_S:google:cid:1858770223063797444,Eureka_CA_S,google:cid:1858770223063797444,North Coast Clinics Network,"1036 5th St Ste c, Eureka, CA 95501",maps_core,Business administration service,needs_category_review,unreviewed_or_conflicting_category_evidence,exclude_non_dentist_category|include_dental_provider,,,,,,eligibility_group:95a4c5f41bb94bef,unknown,,Business administration service,,,,,external_evidence_required,category and title evidence do not support a safe batch suggestion,False,+1707-444-6226,www.northcoastclinics.org,http://www.northcoastclinics.org/,2.0,40.8025617,-124.1595674,https://www.google.com/maps?cid=1858770223063797444,website_then_google_profile,www.northcoastclinics.org,eligibility_review_block:378cfb7193162fc7,singleton_profile,"Fill this row only when it is an exception to a reviewed group decision, or when its group is marked individual_review."
profile:Macon_GA_M:google:cid:15706617772192173359,Macon_GA_M,google:cid:15706617772192173359,First Choice Primary Care: Rountree Rhonda MD,"770 Walnut St # 7A, Macon, GA 31201",maps_core,Registered general nurse,needs_category_review,unreviewed_or_conflicting_category_evidence,exclude_non_dentist_category|include_dental_provider,,,,,,eligibility_group:97f57507e4664de1,unknown,,Registered general nurse,,,,,external_evidence_required,category and title evidence do not support a safe batch suggestion,False,+1478-787-4266,www.firstchoiceprimarycare.org,https://www.firstchoiceprimarycare.org/,1.0,32.8404116,-83.6296158,https://www.google.com/maps?cid=15706617772192173359,website_then_google_profile,www.firstchoiceprimarycare.org,eligibility_review_block:a9e4d4d3b293fb70,singleton_profile,"Fill this row only when it is an exception to a reviewed group decision, or when its group is marked individual_review."
profile:LA_CA_L:google:cid:16938644178152517497,LA_CA_L,google:cid:16938644178152517497,Chinatown Service Center,"767 N Hill St, Los Angeles, CA 90012",maps_core,Health,needs_category_review,unreviewed_or_conflicting_category_evidence,exclude_non_dentist_category|include_dental_provider,,,,,,eligibility_group:996c37683b16ba16,unknown,,Health,,,,,external_evidence_required,category and title evidence do not support a safe batch suggestion,False,+1213-808-1792,www.cscla.org,https://www.cscla.org/,343.0,34.0626606,-118.2400077,https://www.google.com/maps?cid=16938644178152517497,website_then_google_profile,www.cscla.org,eligibility_review_block:e2652efb5e169a07,singleton_profile,"Fill this row only when it is an exception to a reviewed group decision, or when its group is marked individual_review."
profile:Toccoa_GA_S:google:cid:13320476754117954318,Toccoa_GA_S,google:cid:13320476754117954318,Stephens County Health Department,"64 N Blvd, Toccoa, GA 30577",maps_core,Health,needs_category_review,unreviewed_or_conflicting_category_evidence,exclude_non_dentist_category|include_dental_provider,,,,,,eligibility_group:996c37683b16ba16,unknown,,Health,,,,,external_evidence_required,category and title evidence do not support a safe batch suggestion,False,+1706-282-4507,phdistrict2.org,https://phdistrict2.org/stephens-county-health-department/,13.0,34.581581799999995,-83.3145165,https://www.google.com/maps?cid=13320476754117954318,website_then_google_profile,phdistrict2.org,eligibility_review_block:25a091681609301a,singleton_profile,"Fill this row only when it is an exception to a reviewed group decision, or when its group is marked individual_review."
profile:SanFrancisco_CA_L:google:cid:11372912843166958775,SanFrancisco_CA_L,google:cid:11372912843166958775,Envoy Health,"5432 Geary Blvd Unit 787, San Francisco, CA 94121",business_listings,Health consultant,needs_category_review,unreviewed_or_conflicting_category_evidence,exclude_non_dentist_category|include_dental_provider,,,,,,eligibility_group:9b7c162f3e96d8ac,unknown,,Health consultant,,,,,external_evidence_required,category and title evidence do not support a safe batch suggestion,False,+1415-406-6339,www.envoyhealth.io,https://www.envoyhealth.io/,,37.7806336,-122.4779216,https://www.google.com/maps?cid=11372912843166958775,website_then_google_profile,www.envoyhealth.io,eligibility_review_block:86ab1347f293960d,singleton_profile,"Fill this row only when it is an exception to a reviewed group decision, or when its group is marked individual_review."
profile:LA_CA_L:google:cid:4203108899044058271,LA_CA_L,google:cid:4203108899044058271,Uniformland,"23360 Valencia Blvd Ste G, Valencia, CA 91355",business_listings,Uniform store,needs_category_review,unreviewed_or_conflicting_category_evidence,exclude_non_dentist_category|include_dental_provider,,,,,,eligibility_group:a11b09fd5b033ba3,unknown,,Uniform store,,,,,external_evidence_required,category and title evidence do not support a safe batch suggestion,False,+1661-255-2033,uniform.land,http://uniform.land/,27.0,34.4215503,-118.5466238,https://www.google.com/maps?cid=4203108899044058271,website_then_google_profile,uniform.land,eligibility_review_block:29bce50425de23df,singleton_profile,"Fill this row only when it is an exception to a reviewed group decision, or when its group is marked individual_review."
profile:LA_CA_L:google:cid:4180294560927685777,LA_CA_L,google:cid:4180294560927685777,Foster Mall,"13408 Woodruff Ave, Bellflower, CA 90706",business_listings,Shopping mall,needs_category_review,unreviewed_or_conflicting_category_evidence,exclude_non_dentist_category|include_dental_provider,,,,,,eligibility_group:a610b283ab567286,unknown,,Shopping mall,,,,,external_evidence_required,category and title evidence do not support a safe batch suggestion,False,+1626-802-5595,,,,33.9091494,-118.1163364,https://www.google.com/maps?cid=4180294560927685777,google_profile_only,,eligibility_review_block:932b150e4e68c68d,singleton_profile,"Fill this row only when it is an exception to a reviewed group decision, or when its group is marked individual_review."
profile:LA_CA_L:google:cid:4243264581896210541,LA_CA_L,google:cid:4243264581896210541,POLY PLAZA,"1434 Atlantic Ave, Long Beach, CA 90813",business_listings,Shopping mall,needs_category_review,unreviewed_or_conflicting_category_evidence,exclude_non_dentist_category|include_dental_provider,,,,,,eligibility_group:a610b283ab567286,unknown,,Shopping mall,,,,,external_evidence_required,category and title evidence do not support a safe batch suggestion,False,,,,1.0,33.7840784,-118.184216,https://www.google.com/maps?cid=4243264581896210541,google_profile_only,,eligibility_review_block:84024fdd1b906b78,singleton_profile,"Fill this row only when it is an exception to a reviewed group decision, or when its group is marked individual_review."
profile:LA_CA_L:google:cid:11349040228690126297,LA_CA_L,google:cid:11349040228690126297,AltaMed Medical and Dental Group - South Gate,"8627 Atlantic Ave, South Gate, CA 90280",business_listings,Medical group,needs_category_review,unreviewed_or_conflicting_category_evidence,exclude_non_dentist_category|include_dental_provider,,,,,,eligibility_group:a7d77b97fc90c3df,manual_review,Medical group: Category alone does not establish whether dental care is provided,,dental,medical,,,external_evidence_required,category and title evidence do not support a safe batch suggestion,False,+1888-499-9303,www.altamed.org,http://www.altamed.org/,178.0,33.9544347,-118.1841698,https://www.google.com/maps?cid=11349040228690126297,website_then_google_profile,www.altamed.org,eligibility_review_block:44f13bc44b5fc9a8,singleton_profile,"Fill this row only when it is an exception to a reviewed group decision, or when its group is marked individual_review."
profile:LA_CA_L:google:cid:17148503378792403798,LA_CA_L,google:cid:17148503378792403798,Wesley Health Clinic,"522 San Pedro St, Los Angeles, CA 90013",maps_core,Medical group,needs_category_review,unreviewed_or_conflicting_category_evidence,exclude_non_dentist_category|include_dental_provider,,,,,,eligibility_group:a7d77b97fc90c3df,manual_review,Medical group: Category alone does not establish whether dental care is provided,,,,,,external_evidence_required,category and title evidence do not support a safe batch suggestion,False,+1562-867-7999,wesleyhealthcenters.com,http://wesleyhealthcenters.com/,81.0,34.043420999999995,-118.244091,https://www.google.com/maps?cid=17148503378792403798,website_then_google_profile,wesleyhealthcenters.com,eligibility_review_block:efc0ad29675fa663,singleton_profile,"Fill this row only when it is an exception to a reviewed group decision, or when its group is marked individual_review."
profile:NYC_NY_L:google:cid:8951881897675096385,NYC_NY_L,google:cid:8951881897675096385,Virtual House Call Docs NYC,"970 Park Ave Ste 1, New York, NY 10028",business_listings,Medical group,needs_category_review,unreviewed_or_conflicting_category_evidence,exclude_non_dentist_category|include_dental_provider,,,,,,eligibility_group:a7d77b97fc90c3df,manual_review,Medical group: Category alone does not establish whether dental care is provided,,,,,,external_evidence_required,category and title evidence do not support a safe batch suggestion,False,+1646-520-0628,,,,40.7781965,-73.9589393,https://www.google.com/maps?cid=8951881897675096385,google_profile_only,,eligibility_review_block:97c82299835b1616,singleton_profile,"Fill this row only when it is an exception to a reviewed group decision, or when its group is marked individual_review."
profile:LA_CA_L:google:cid:17695359038008349542,LA_CA_L,google:cid:17695359038008349542,Beverly Hills Augmentation & Tuck,"436 N Roxbury Dr Ste Penthouse South B, Beverly Hills, CA 90210",business_listings,Plastic surgeon,needs_category_review,unreviewed_or_conflicting_category_evidence,exclude_non_dentist_category|include_dental_provider,,,,,,eligibility_group:ad9d7cea6cadeae3,unknown,,Plastic surgeon,,,,,external_evidence_required,category and title evidence do not support a safe batch suggestion,False,+1310-999-0418,,,,34.0680272,-118.4064381,https://www.google.com/maps?cid=17695359038008349542,google_profile_only,,eligibility_review_block:18128ac84c4d359b,singleton_profile,"Fill this row only when it is an exception to a reviewed group decision, or when its group is marked individual_review."
profile:LA_CA_L:google:cid:7491525317975939457,LA_CA_L,google:cid:7491525317975939457,Jeffrey Ashraf Hammoudeh,"1510 San Pablo St, Los Angeles, CA 90033",business_listings,Plastic surgeon,needs_category_review,unreviewed_or_conflicting_category_evidence,exclude_non_dentist_category|include_dental_provider,,,,,,eligibility_group:ad9d7cea6cadeae3,unknown,,Plastic surgeon,,,,,external_evidence_required,category and title evidence do not support a safe batch suggestion,False,+1323-442-5908,,,,34.0623826,-118.2019939,https://www.google.com/maps?cid=7491525317975939457,google_profile_only,,eligibility_review_block:e1af862ce0923dd2,singleton_profile,"Fill this row only when it is an exception to a reviewed group decision, or when its group is marked individual_review."
profile:LA_CA_L:google:cid:706109540966761708,LA_CA_L,google:cid:706109540966761708,"Mark M. Urata, MD","4650 Sunset Blvd, Los Angeles, CA 90027",business_listings,Plastic surgeon,needs_category_review,unreviewed_or_conflicting_category_evidence,exclude_non_dentist_category|include_dental_provider,,,,,,eligibility_group:ad9d7cea6cadeae3,unknown,,Plastic surgeon,,,,,external_evidence_required,category and title evidence do not support a safe batch suggestion,False,+1323-361-2154,,,,34.097772299999995,-118.2898676,https://www.google.com/maps?cid=706109540966761708,google_profile_only,,eligibility_review_block:cb98f9a6be846e47,singleton_profile,"Fill this row only when it is an exception to a reviewed group decision, or when its group is marked individual_review."
profile:LA_CA_L:google:cid:11990484528381377309,LA_CA_L,google:cid:11990484528381377309,"Pearlman D Hicks, Jr, MD","2360 Long Beach Blvd, Long Beach, CA 90806",business_listings,Plastic surgeon,needs_category_review,unreviewed_or_conflicting_category_evidence,exclude_non_dentist_category|include_dental_provider,,,,,,eligibility_group:ad9d7cea6cadeae3,unknown,,Plastic surgeon,,,,,external_evidence_required,category and title evidence do not support a safe batch suggestion,False,+1562-595-9493,,,10.0,33.8001206,-118.1889094,https://www.google.com/maps?cid=11990484528381377309,google_profile_only,,eligibility_review_block:076620a60702bd7f,singleton_profile,"Fill this row only when it is an exception to a reviewed group decision, or when its group is marked individual_review."
profile:LA_CA_L:google:cid:16710840398733596569,LA_CA_L,google:cid:16710840398733596569,Stepanyan Surgical Arts Center,"1500 E Chevy Chase Dr #430, Glendale, CA 91206",business_listings,Plastic surgeon,needs_category_review,unreviewed_or_conflicting_category_evidence,exclude_non_dentist_category|include_dental_provider,,,,,,eligibility_group:ad9d7cea6cadeae3,unknown,,Plastic surgeon,,,,,external_evidence_required,category and title evidence do not support a safe batch suggestion,False,+1818-551-0088,stepanyansurgical.com,https://stepanyansurgical.com/,68.0,34.1517682,-118.2320956,https://www.google.com/maps?cid=16710840398733596569,website_then_google_profile,stepanyansurgical.com,eligibility_review_block:9720555d6a8d1468,singleton_profile,"Fill this row only when it is an exception to a reviewed group decision, or when its group is marked individual_review."
profile:NYC_NY_L:google:cid:10257469848042679318,NYC_NY_L,google:cid:10257469848042679318,James Bradley,"110 E 59th St, New York, NY 10022",business_listings,Plastic surgeon,needs_category_review,unreviewed_or_conflicting_category_evidence,exclude_non_dentist_category|include_dental_provider,,,,,,eligibility_group:ad9d7cea6cadeae3,unknown,,Plastic surgeon,,,,,external_evidence_required,category and title evidence do not support a safe batch suggestion,False,+1516-927-1500,,,,40.7623738,-73.9691596,https://www.google.com/maps?cid=10257469848042679318,google_profile_only,,eligibility_review_block:5af3333a907bedb1,singleton_profile,"Fill this row only when it is an exception to a reviewed group decision, or when its group is marked individual_review."
profile:Atlanta_GA_L:google:cid:17876037465300181764,Atlanta_GA_L,google:cid:17876037465300181764,Southside Health Care Inc: Mills Anthony MD,"1046 Ridge Ave SW #4, Atlanta, GA 30315",business_listings,Medical Center,needs_category_review,unreviewed_or_conflicting_category_evidence,exclude_non_dentist_category|include_dental_provider,,,,,,eligibility_group:b070ffeb7e138d00,manual_review,Medical Center: Category alone does not establish whether dental care is provided,,,,,,external_evidence_required,category and title evidence do not support a safe batch suggestion,False,+1404-688-1350,,,1.0,33.7270375,-84.39187439999999,https://www.google.com/maps?cid=17876037465300181764,google_profile_only,,eligibility_review_block:c45c0e23ada8fd09,singleton_profile,"Fill this row only when it is an exception to a reviewed group decision, or when its group is marked individual_review."
profile:Atlanta_GA_L:google:cid:6442774181064297868,Atlanta_GA_L,google:cid:6442774181064297868,"The Family Health Centers of Georgia, Inc.","868 York Ave SW, Atlanta, GA 30310",maps_core,Medical Center,needs_category_review,unreviewed_or_conflicting_category_evidence,exclude_non_dentist_category|include_dental_provider,,,,,,eligibility_group:b070ffeb7e138d00,manual_review,Medical Center: Category alone does not establish whether dental care is provided,,,,,,external_evidence_required,category and title evidence do not support a safe batch suggestion,False,+1404-752-1400,fhcga.org,http://fhcga.org/?utm_source=GMBSocialClimb&utm_medium=TheFamilyHealthCentersofGeorgia%2CInc.,1312.0,33.736796,-84.41637399999999,https://www.google.com/maps?cid=6442774181064297868,website_then_google_profile,fhcga.org,eligibility_review_block:b681ad3d6e3d5fcc,singleton_profile,"Fill this row only when it is an exception to a reviewed group decision, or when its group is marked individual_review."
profile:Augusta_GA_L:google:cid:14702604690810388273,Augusta_GA_L,google:cid:14702604690810388273,Shifa Care Clinic,"3416 Middleton Dr, Augusta, GA 30907",maps_core,Medical Center,needs_category_review,unreviewed_or_conflicting_category_evidence,exclude_non_dentist_category|include_dental_provider,,,,,,eligibility_group:b070ffeb7e138d00,manual_review,Medical Center: Category alone does not establish whether dental care is provided,,,,,,external_evidence_required,category and title evidence do not support a safe batch suggestion,False,+1706-513-0582,www.facebook.com,https://www.facebook.com/shifacareclinic,16.0,33.5123855,-82.0737814,https://www.google.com/maps?cid=14702604690810388273,website_then_google_profile,www.facebook.com,eligibility_review_block:7fbbaf9a644ab9be,singleton_profile,"Fill this row only when it is an exception to a reviewed group decision, or when its group is marked individual_review."
profile:Buffalo_NY_L:google:cid:9656432255286679171,Buffalo_NY_L,google:cid:9656432255286679171,ECMC Health Campus,"462 Grider St, Buffalo, NY 14215",maps_core|maps_specialist,Medical Center,needs_category_review,unreviewed_or_conflicting_category_evidence,exclude_non_dentist_category|include_dental_provider,,,,,,eligibility_group:b070ffeb7e138d00,manual_review,Medical Center: Category alone does not establish whether dental care is provided,,,,,,external_evidence_required,category and title evidence do not support a safe batch suggestion,False,+1716-898-3000,www.ecmc.edu,http://www.ecmc.edu/,826.0,42.9266226,-78.8319633,https://www.google.com/maps?cid=9656432255286679171,website_then_google_profile,www.ecmc.edu,eligibility_review_block:d930d9ac11ba2df1,singleton_profile,"Fill this row only when it is an exception to a reviewed group decision, or when its group is marked individual_review."
profile:Buffalo_NY_L:google:cid:7387759025015642405,Buffalo_NY_L,google:cid:7387759025015642405,Oishei Healthy Kids,"1100 Main St, Buffalo, NY 14209",maps_core|maps_specialist,Medical Center,needs_category_review,unreviewed_or_conflicting_category_evidence,exclude_non_dentist_category|include_dental_provider,,,,,,eligibility_group:b070ffeb7e138d00,manual_review,Medical Center: Category alone does not establish whether dental care is provided,,,,,,external_evidence_required,category and title evidence do not support a safe batch suggestion,False,+1716-370-1000,www.ochbuffalo.org,https://www.ochbuffalo.org/care-treatment/Oishei-Healthy-Kids-Health-Home,5.0,42.9037206,-78.8691592,https://www.google.com/maps?cid=7387759025015642405,website_then_google_profile,www.ochbuffalo.org,eligibility_review_block:bd676fb32d21ac53,singleton_profile,"Fill this row only when it is an exception to a reviewed group decision, or when its group is marked individual_review."
profile:NYC_NY_L:google:cid:18324274402083215110,NYC_NY_L,google:cid:18324274402083215110,Apicha Community Health Center - Jackson Heights-Queens,"82-11 37th Ave, Jackson Heights, NY 11372",business_listings,Medical Center,needs_category_review,unreviewed_or_conflicting_category_evidence,exclude_non_dentist_category|include_dental_provider,,,,,,eligibility_group:b070ffeb7e138d00,manual_review,Medical Center: Category alone does not establish whether dental care is provided,,,,,,external_evidence_required,category and title evidence do not support a safe batch suggestion,False,+1718-567-5200,www.apicha.org,https://www.apicha.org/locations/jackson-heights-clinic/,112.0,40.7500058,-73.8838809,https://www.google.com/maps?cid=18324274402083215110,website_then_google_profile,www.apicha.org,eligibility_review_block:3e1e10cc72501bff,singleton_profile,"Fill this row only when it is an exception to a reviewed group decision, or when its group is marked individual_review."
profile:NYC_NY_L:google:cid:3395348879050996542,NYC_NY_L,google:cid:3395348879050996542,BMS Family Health and Wellness Centers@Ashford,"650 Ashford St, Brooklyn, NY 11207",business_listings,Medical Center,needs_category_review,unreviewed_or_conflicting_category_evidence,exclude_non_dentist_category|include_dental_provider,,,,,,eligibility_group:b070ffeb7e138d00,manual_review,Medical Center: Category alone does not establish whether dental care is provided,,,,,,external_evidence_required,category and title evidence do not support a safe batch suggestion,False,+1718-345-5000,www.bmsfamilyhealth.org,https://www.bmsfamilyhealth.org/,157.0,40.665815,-73.883386,https://www.google.com/maps?cid=3395348879050996542,website_then_google_profile,www.bmsfamilyhealth.org,eligibility_review_block:50b76de9d5f67b05,singleton_profile,"Fill this row only when it is an exception to a reviewed group decision, or when its group is marked individual_review."
profile:NYC_NY_L:google:cid:6263446382272302887,NYC_NY_L,google:cid:6263446382272302887,Brooklyn Medcare,"445 Kings Hwy Fl 2, Brooklyn, NY 11223",business_listings,Medical Center,needs_category_review,unreviewed_or_conflicting_category_evidence,exclude_non_dentist_category|include_dental_provider,,,,,,eligibility_group:b070ffeb7e138d00,manual_review,Medical Center: Category alone does not establish whether dental care is provided,,,,,,external_evidence_required,category and title evidence do not support a safe batch suggestion,False,+1718-645-0300,,,10.0,40.604622,-73.973599,https://www.google.com/maps?cid=6263446382272302887,google_profile_only,,eligibility_review_block:f4c2797be5d8fc40,singleton_profile,"Fill this row only when it is an exception to a reviewed group decision, or when its group is marked individual_review."
profile:NYC_NY_L:google:cid:11156333151333039142,NYC_NY_L,google:cid:11156333151333039142,"Century Medical & Dental Center | Brooklyn, Gravesend","260 Avenue X, Brooklyn, NY 11223",business_listings,Medical Center,needs_category_review,unreviewed_or_conflicting_category_evidence,exclude_non_dentist_category|include_dental_provider,,,,,,eligibility_group:b070ffeb7e138d00,manual_review,Medical Center: Category alone does not establish whether dental care is provided,,dental,medical,,,external_evidence_required,category and title evidence do not support a safe batch suggestion,False,+1718-336-8855,www.centurymedicaldental.com,https://www.centurymedicaldental.com/gravesend-brooklyn-ny-11223/,525.0,40.5899691,-73.97338069999999,https://www.google.com/maps?cid=11156333151333039142,website_then_google_profile,www.centurymedicaldental.com,eligibility_review_block:b8163eeba9b28cea,shared_domain_within_category_group,"Fill this row only when it is an exception to a reviewed group decision, or when its group is marked individual_review."
profile:NYC_NY_L:google:cid:8026919671469686565,NYC_NY_L,google:cid:8026919671469686565,Century Medical & Dental Center | South Bronx,"425 Westchester Ave, Bronx, NY 10455",business_listings,Medical Center,needs_category_review,unreviewed_or_conflicting_category_evidence,exclude_non_dentist_category|include_dental_provider,,,,,,eligibility_group:b070ffeb7e138d00,manual_review,Medical Center: Category alone does not establish whether dental care is provided,,dental,medical,,,external_evidence_required,category and title evidence do not support a safe batch suggestion,False,+1718-705-2555,www.centurymedicaldental.com,https://www.centurymedicaldental.com/bronx-ny-10455/,36.0,40.8167113,-73.915691,https://www.google.com/maps?cid=8026919671469686565,website_then_google_profile,www.centurymedicaldental.com,eligibility_review_block:b8163eeba9b28cea,shared_domain_within_category_group,"Fill this row only when it is an exception to a reviewed group decision, or when its group is marked individual_review."
profile:NYC_NY_L:google:cid:5427215135935540092,NYC_NY_L,google:cid:5427215135935540092,Charles B. Wang Community Health Center,"131-72 40th Rd 4th Floor, Flushing, NY 11354",business_listings,Medical Center,needs_category_review,unreviewed_or_conflicting_category_evidence,exclude_non_dentist_category|include_dental_provider,,,,,,eligibility_group:b070ffeb7e138d00,manual_review,Medical Center: Category alone does not establish whether dental care is provided,,,,,,external_evidence_required,category and title evidence do not support a safe batch suggestion,False,+1718-587-1111,www.cbwchc.org,https://www.cbwchc.org/,1060.0,40.7568563,-73.8343531,https://www.google.com/maps?cid=5427215135935540092,website_then_google_profile,www.cbwchc.org,eligibility_review_block:879034564dc36aae,singleton_profile,"Fill this row only when it is an exception to a reviewed group decision, or when its group is marked individual_review."
profile:NYC_NY_L:google:cid:5545151789808744503,NYC_NY_L,google:cid:5545151789808744503,Children's Aid: Bronx Health Center,"910 E 172nd St, Bronx, NY 10460",business_listings,Medical Center,needs_category_review,unreviewed_or_conflicting_category_evidence,exclude_non_dentist_category|include_dental_provider,,,,,,eligibility_group:b070ffeb7e138d00,manual_review,Medical Center: Category alone does not establish whether dental care is provided,,,,,,external_evidence_required,category and title evidence do not support a safe batch suggestion,False,+1347-767-2200,www.childrensaidnyc.org,http://www.childrensaidnyc.org/health,27.0,40.834085,-73.8901497,https://www.google.com/maps?cid=5545151789808744503,website_then_google_profile,www.childrensaidnyc.org,eligibility_review_block:a84adfff126af993,singleton_profile,"Fill this row only when it is an exception to a reviewed group decision, or when its group is marked individual_review."
profile:NYC_NY_L:google:cid:12688400926869408311,NYC_NY_L,google:cid:12688400926869408311,ColumbiaDoctors - Midtown,"51 W 51st St, New York, NY 10019",business_listings,Medical Center,needs_category_review,unreviewed_or_conflicting_category_evidence,exclude_non_dentist_category|include_dental_provider,,,,,,eligibility_group:b070ffeb7e138d00,manual_review,Medical Center: Category alone does not establish whether dental care is provided,,,,,,external_evidence_required,category and title evidence do not support a safe batch suggestion,False,+1212-326-8500,www.columbiadoctors.org,https://www.columbiadoctors.org/locations/columbiadoctors-midtown?utm_source=yextgmb&utm_medium=organic&utm_campaign=yext_doctor_listings,133.0,40.7603402,-73.97906019999999,https://www.google.com/maps?cid=12688400926869408311,website_then_google_profile,www.columbiadoctors.org,eligibility_review_block:693a1df2c176f4ed,singleton_profile,"Fill this row only when it is an exception to a reviewed group decision, or when its group is marked individual_review."
profile:NYC_NY_L:google:cid:13390369086248022341,NYC_NY_L,google:cid:13390369086248022341,Morris Heights Health Center,"85 W Burnside Ave, Bronx, NY 10453",business_listings,Medical Center,needs_category_review,unreviewed_or_conflicting_category_evidence,exclude_non_dentist_category|include_dental_provider,,,,,,eligibility_group:b070ffeb7e138d00,manual_review,Medical Center: Category alone does not establish whether dental care is provided,,,,,,external_evidence_required,category and title evidence do not support a safe batch suggestion,False,+1718-716-4400,www.mhhc.org,https://www.mhhc.org/,211.0,40.854781,-73.9100666,https://www.google.com/maps?cid=13390369086248022341,website_then_google_profile,www.mhhc.org,eligibility_review_block:c09be474f1284d24,singleton_profile,"Fill this row only when it is an exception to a reviewed group decision, or when its group is marked individual_review."
profile:NYC_NY_L:google:cid:18267820865628352209,NYC_NY_L,google:cid:18267820865628352209,"The Joseph P. Addabbo Family Health Center, Inc.","62-00 Beach Channel Dr, Arverne, NY 11692",business_listings,Medical Center,needs_category_review,unreviewed_or_conflicting_category_evidence,exclude_non_dentist_category|include_dental_provider,,,,,,eligibility_group:b070ffeb7e138d00,manual_review,Medical Center: Category alone does not establish whether dental care is provided,,,,,,external_evidence_required,category and title evidence do not support a safe batch suggestion,False,+1718-945-7150,www.addabbo.org,http://www.addabbo.org/,365.0,40.5934632,-73.791738,https://www.google.com/maps?cid=18267820865628352209,website_then_google_profile,www.addabbo.org,eligibility_review_block:5fe61fe1f649a4f8,singleton_profile,"Fill this row only when it is an exception to a reviewed group decision, or when its group is marked individual_review."
profile:SanFrancisco_CA_L:google:cid:12517242987390427288,SanFrancisco_CA_L,google:cid:12517242987390427288,Los Portales Medical and Dental Center,"2480 Mission St, San Francisco, CA 94110",maps_core,Medical Center,needs_category_review,unreviewed_or_conflicting_category_evidence,exclude_non_dentist_category|include_dental_provider,,,,,,eligibility_group:b070ffeb7e138d00,manual_review,Medical Center: Category alone does not establish whether dental care is provided,,dental,medical,,,external_evidence_required,category and title evidence do not support a safe batch suggestion,False,,www.losportalesmd.com,https://www.losportalesmd.com/,6.0,37.7574432,-122.4193841,https://www.google.com/maps?cid=12517242987390427288,website_then_google_profile,www.losportalesmd.com,eligibility_review_block:11d466aedcb2403d,singleton_profile,"Fill this row only when it is an exception to a reviewed group decision, or when its group is marked individual_review."
profile:LA_CA_L:google:cid:14188941666966415095,LA_CA_L,google:cid:14188941666966415095,Appliance Therapy Group,"9129 Lurline Ave, Chatsworth, CA 91311",business_listings,Appliance store,needs_category_review,unreviewed_or_conflicting_category_evidence,exclude_non_dentist_category|include_dental_provider,,,,,,eligibility_group:b3f2ea68ed102628,unknown,,Appliance store,,,,,external_evidence_required,category and title evidence do not support a safe batch suggestion,False,+1800-423-3270,,,,34.2365038,-118.584506,https://www.google.com/maps?cid=14188941666966415095,google_profile_only,,eligibility_review_block:a279597c1f1bcfba,singleton_profile,"Fill this row only when it is an exception to a reviewed group decision, or when its group is marked individual_review."
profile:LA_CA_L:google:cid:8342031488362629794,LA_CA_L,google:cid:8342031488362629794,Millennium Health Group,"16661 Ventura Blvd #716, Encino, CA 91436",business_listings,Alternative medicine practitioner,needs_category_review,unreviewed_or_conflicting_category_evidence,exclude_non_dentist_category|include_dental_provider,,,,,,eligibility_group:b5ae80e5ad7cea6d,unknown,,Alternative medicine practitioner,,,,,external_evidence_required,category and title evidence do not support a safe batch suggestion,False,+1818-990-1166,www.millenniumhealthcenters.com,http://www.millenniumhealthcenters.com/,,34.158479199999995,-118.496341,https://www.google.com/maps?cid=8342031488362629794,website_then_google_profile,www.millenniumhealthcenters.com,eligibility_review_block:b258b5e8e399eb66,singleton_profile,"Fill this row only when it is an exception to a reviewed group decision, or when its group is marked individual_review."
profile:LA_CA_L:google:cid:9661089799132322437,LA_CA_L,google:cid:9661089799132322437,Mundrugstore,"6333 W 3rd St, Los Angeles, CA 90036",business_listings,Alternative medicine practitioner,needs_category_review,unreviewed_or_conflicting_category_evidence,exclude_non_dentist_category|include_dental_provider,,,,,,eligibility_group:b5ae80e5ad7cea6d,unknown,,Alternative medicine practitioner,,,,,external_evidence_required,category and title evidence do not support a safe batch suggestion,False,+1561-285-2397,,,6.0,34.0721124,-118.360326,https://www.google.com/maps?cid=9661089799132322437,google_profile_only,,eligibility_review_block:89b8b4dabb24bec0,singleton_profile,"Fill this row only when it is an exception to a reviewed group decision, or when its group is marked individual_review."
profile:Atlanta_GA_L:google:cid:11970192833599671661,Atlanta_GA_L,google:cid:11970192833599671661,Fellowship For Christian,"2100 Riveredge Pkwy, Atlanta, GA 30328",business_listings,Religious organization,needs_category_review,unreviewed_or_conflicting_category_evidence,exclude_non_dentist_category|include_dental_provider,,,,,,eligibility_group:b5c4ce5395b98413,unknown,,Religious organization,,,,,external_evidence_required,category and title evidence do not support a safe batch suggestion,False,+1770-955-1512,www.fcaoutdoors.com,http://www.fcaoutdoors.com/,,33.9086629,-84.4405695,https://www.google.com/maps?cid=11970192833599671661,website_then_google_profile,www.fcaoutdoors.com,eligibility_review_block:662db022da9036d7,singleton_profile,"Fill this row only when it is an exception to a reviewed group decision, or when its group is marked individual_review."
profile:NYC_NY_L:google:cid:12506336222272585870,NYC_NY_L,google:cid:12506336222272585870,Ron Rinaldi Photography,"225 W 28th St, New York, NY 10001",business_listings,Photographer,needs_category_review,unreviewed_or_conflicting_category_evidence,exclude_non_dentist_category|include_dental_provider,,,,,,eligibility_group:b686c7871ae764f8,unknown,,Photographer,,,,,external_evidence_required,category and title evidence do not support a safe batch suggestion,False,+1917-868-3059,www.ronrinaldi.com,http://www.ronrinaldi.com/,,40.7479338,-73.9944407,https://www.google.com/maps?cid=12506336222272585870,website_then_google_profile,www.ronrinaldi.com,eligibility_review_block:624507677e9fd2aa,singleton_profile,"Fill this row only when it is an exception to a reviewed group decision, or when its group is marked individual_review."
profile:LA_CA_L:google:cid:13376749074934566412,LA_CA_L,google:cid:13376749074934566412,Dent X Imaging Center,"1323 N San Fernando Blvd, Burbank, CA 91504",business_listings,X-ray lab,needs_category_review,unreviewed_or_conflicting_category_evidence,exclude_non_dentist_category|include_dental_provider,,,,,,eligibility_group:bcde824d5b399027,unknown,,X-ray lab,,,,,external_evidence_required,category and title evidence do not support a safe batch suggestion,False,+1818-239-5333,dentximaging.com,https://dentximaging.com/,9.0,34.189706,-118.3210956,https://www.google.com/maps?cid=13376749074934566412,website_then_google_profile,dentximaging.com,eligibility_review_block:dde57ab96bcbcaaa,singleton_profile,"Fill this row only when it is an exception to a reviewed group decision, or when its group is marked individual_review."
profile:LA_CA_L:google:cid:11920906171447464232,LA_CA_L,google:cid:11920906171447464232,Granada Hills Radiology,"10515 Balboa Blvd #240, Granada Hills, CA 91344",business_listings,X-ray lab,needs_category_review,unreviewed_or_conflicting_category_evidence,exclude_non_dentist_category|include_dental_provider,,,,,,eligibility_group:bcde824d5b399027,unknown,,X-ray lab,,,,,external_evidence_required,category and title evidence do not support a safe batch suggestion,False,+1818-832-3300,www.raddico.com,http://www.raddico.com/,8.0,34.2616661,-118.5026695,https://www.google.com/maps?cid=11920906171447464232,website_then_google_profile,www.raddico.com,eligibility_review_block:dc8ab16dcab90fab,singleton_profile,"Fill this row only when it is an exception to a reviewed group decision, or when its group is marked individual_review."
profile:LA_CA_L:google:cid:539673608057027857,LA_CA_L,google:cid:539673608057027857,Mobile 3D Advantage,"10315 Los Alamitos Blvd, Los Alamitos, CA 90720",business_listings,X-ray lab,needs_category_review,unreviewed_or_conflicting_category_evidence,exclude_non_dentist_category|include_dental_provider,,,,,,eligibility_group:bcde824d5b399027,unknown,,X-ray lab,,,,,external_evidence_required,category and title evidence do not support a safe batch suggestion,False,+1949-282-0083,www.mobile3dadvantage.com,https://www.mobile3dadvantage.com/,111.0,33.8127883,-118.0722383,https://www.google.com/maps?cid=539673608057027857,website_then_google_profile,www.mobile3dadvantage.com,eligibility_review_block:03630f4f40fbfee8,singleton_profile,"Fill this row only when it is an exception to a reviewed group decision, or when its group is marked individual_review."
profile:SanFrancisco_CA_L:google:cid:4203807645744766748,SanFrancisco_CA_L,google:cid:4203807645744766748,"Richard Jordan, D.D.S.","1825 4th St, San Francisco, CA 94158",business_listings,Pathologist,needs_category_review,unreviewed_or_conflicting_category_evidence,exclude_non_dentist_category|include_dental_provider,,,,,,eligibility_group:bfea3f9b8ddbece7,unknown,,Pathologist,,,,,external_evidence_required,category and title evidence do not support a safe batch suggestion,False,+1415-885-7528,www.ucsfhealth.org,https://www.ucsfhealth.org/providers/dr-richard-c-jordan,2.0,37.7656374,-122.3897884,https://www.google.com/maps?cid=4203807645744766748,website_then_google_profile,www.ucsfhealth.org,eligibility_review_block:a1d0e6e5db16a891,singleton_profile,"Fill this row only when it is an exception to a reviewed group decision, or when its group is marked individual_review."
profile:NYC_NY_L:google:cid:9953255016073954045,NYC_NY_L,google:cid:9953255016073954045,Dr. Frank Lo,"80 Broad St, New York, NY 10004",business_listings,Physical therapist,needs_category_review,unreviewed_or_conflicting_category_evidence,exclude_non_dentist_category|include_dental_provider,,,,,,eligibility_group:c40b38a9a09eff2c,unknown,,Physical therapist,,,,,external_evidence_required,category and title evidence do not support a safe batch suggestion,False,+1212-493-4999,,,1.0,40.7043392,-74.0117909,https://www.google.com/maps?cid=9953255016073954045,google_profile_only,,eligibility_review_block:c0f6f340fed7ebb3,singleton_profile,"Fill this row only when it is an exception to a reviewed group decision, or when its group is marked individual_review."
profile:Atlanta_GA_L:google:cid:8914701910281558014,Atlanta_GA_L,google:cid:8914701910281558014,Georgia Department of Community Health,"2 M.L.K. Jr Dr SE, Atlanta, GA 30334",maps_core,Public health department,needs_category_review,unreviewed_or_conflicting_category_evidence,exclude_non_dentist_category|include_dental_provider,,,,,,eligibility_group:cc959e46f76b4a21,unknown,,Public health department,,,,,external_evidence_required,category and title evidence do not support a safe batch suggestion,False,+1404-656-4507,dch.georgia.gov,http://dch.georgia.gov/,21.0,33.7498461,-84.3861355,https://www.google.com/maps?cid=8914701910281558014,website_then_google_profile,dch.georgia.gov,eligibility_review_block:048c12cff57b01e4,singleton_profile,"Fill this row only when it is an exception to a reviewed group decision, or when its group is marked individual_review."
profile:Augusta_GA_L:google:cid:14457415903984627262,Augusta_GA_L,google:cid:14457415903984627262,Richmond County Health Department,"950 Laney Walker Blvd, Augusta, GA 30901",maps_core,Public health department,needs_category_review,unreviewed_or_conflicting_category_evidence,exclude_non_dentist_category|include_dental_provider,,,,,,eligibility_group:cc959e46f76b4a21,unknown,,Public health department,,,,,external_evidence_required,category and title evidence do not support a safe batch suggestion,False,+1706-721-5800,ecphd.com,http://ecphd.com/counties/richmond-county-health-department/,94.0,33.4637039,-81.9753999,https://www.google.com/maps?cid=14457415903984627262,website_then_google_profile,ecphd.com,eligibility_review_block:c8cdf20390081417,singleton_profile,"Fill this row only when it is an exception to a reviewed group decision, or when its group is marked individual_review."
profile:Eureka_CA_S:google:cid:13043699129127900103,Eureka_CA_S,google:cid:13043699129127900103,United Indian Health Services - Downtown Eureka,"434 7th St, Eureka, CA 95501",maps_core,Public health department,needs_category_review,unreviewed_or_conflicting_category_evidence,exclude_non_dentist_category|include_dental_provider,,,,,,eligibility_group:cc959e46f76b4a21,unknown,,Public health department,,,,,external_evidence_required,category and title evidence do not support a safe batch suggestion,False,+1707-296-2500,unitedindianhealthservices.org,https://unitedindianhealthservices.org/,5.0,40.8000619,-124.1658891,https://www.google.com/maps?cid=13043699129127900103,website_then_google_profile,unitedindianhealthservices.org,eligibility_review_block:d016dd076e909cca,singleton_profile,"Fill this row only when it is an exception to a reviewed group decision, or when its group is marked individual_review."
profile:NYC_NY_L:google:cid:689736336193155396,NYC_NY_L,google:cid:689736336193155396,Smile Time NY & Meikkos Juice Bar,"89-02 165th Street (Jamaica Colosseum Mall NW 22, Jamaica, NY 11432",business_listings,Day spa,needs_category_review,unreviewed_or_conflicting_category_evidence,exclude_non_dentist_category|include_dental_provider,,,,,,eligibility_group:d074f22de8ddee98,unknown,,Day spa,,,,,external_evidence_required,category and title evidence do not support a safe batch suggestion,False,+1718-880-1844,,,3.0,40.7071196,-73.7964633,https://www.google.com/maps?cid=689736336193155396,google_profile_only,,eligibility_review_block:1a22ec62639a8438,singleton_profile,"Fill this row only when it is an exception to a reviewed group decision, or when its group is marked individual_review."
profile:LA_CA_L:google:cid:7827430601838141701,LA_CA_L,google:cid:7827430601838141701,Studer Performance Art,"4135 Laurel Canyon Blvd, Studio City, CA 91604",business_listings,Music instruction,needs_category_review,unreviewed_or_conflicting_category_evidence,exclude_non_dentist_category|include_dental_provider,,,,,,eligibility_group:d4d460f80a65be63,unknown,,Music instruction,,,,,external_evidence_required,category and title evidence do not support a safe batch suggestion,False,+1818-284-2468,,,,34.1463103,-118.3968197,https://www.google.com/maps?cid=7827430601838141701,google_profile_only,,eligibility_review_block:536e252326dc6742,singleton_profile,"Fill this row only when it is an exception to a reviewed group decision, or when its group is marked individual_review."
profile:Atlanta_GA_L:google:cid:2869506919639306180,Atlanta_GA_L,google:cid:2869506919639306180,Sleep Better Georgia,"1719 Mt Vernon Rd, Dunwoody, GA 30338",business_listings,Sleep clinic,needs_category_review,unreviewed_or_conflicting_category_evidence,exclude_non_dentist_category|include_dental_provider,,,,,,eligibility_group:d73fe04c4858867b,unknown,,Sleep clinic,,,,,external_evidence_required,category and title evidence do not support a safe batch suggestion,False,+1770-626-5652,www.sleepdunwoody.com,https://www.sleepdunwoody.com/?utm_source=google&utm_medium=organic&utm_campaign=gbpDunwoody,351.0,33.9466194,-84.32989119999999,https://www.google.com/maps?cid=2869506919639306180,website_then_google_profile,www.sleepdunwoody.com,eligibility_review_block:ba1d819abe5c7597,singleton_profile,"Fill this row only when it is an exception to a reviewed group decision, or when its group is marked individual_review."
profile:LA_CA_L:google:cid:16643914325503616698,LA_CA_L,google:cid:16643914325503616698,Encino Center for Sleep and TMJ Disorders,"16500 Ventura Blvd #370, Encino, CA 91436",business_listings,Sleep clinic,needs_category_review,unreviewed_or_conflicting_category_evidence,exclude_non_dentist_category|include_dental_provider,,,,,,eligibility_group:d73fe04c4858867b,unknown,,Sleep clinic,,,,,external_evidence_required,category and title evidence do not support a safe batch suggestion,False,+1818-300-0070,www.encinosleepandtmj.com,http://www.encinosleepandtmj.com/,94.0,34.1573651,-118.4927435,https://www.google.com/maps?cid=16643914325503616698,website_then_google_profile,www.encinosleepandtmj.com,eligibility_review_block:7ebf7025ccbbcdfd,singleton_profile,"Fill this row only when it is an exception to a reviewed group decision, or when its group is marked individual_review."
profile:LA_CA_L:google:cid:15466958758423106428,LA_CA_L,google:cid:15466958758423106428,Sleep Apnea Sherman Oaks,"4521 Sherman Oaks Ave Ste 201, Sherman Oaks, CA 91403",business_listings,Sleep clinic,needs_category_review,unreviewed_or_conflicting_category_evidence,exclude_non_dentist_category|include_dental_provider,,,,,,eligibility_group:d73fe04c4858867b,unknown,,Sleep clinic,,,,,external_evidence_required,category and title evidence do not support a safe batch suggestion,False,+1323-287-9569,,,,34.1530185,-118.4696263,https://www.google.com/maps?cid=15466958758423106428,google_profile_only,,eligibility_review_block:ced90942ddaf0cf2,singleton_profile,"Fill this row only when it is an exception to a reviewed group decision, or when its group is marked individual_review."
profile:NYC_NY_L:google:cid:15322627160932991390,NYC_NY_L,google:cid:15322627160932991390,AV Sleep Company,"635 Madison Ave Fl 19, New York, NY 10022",business_listings,Sleep clinic,needs_category_review,unreviewed_or_conflicting_category_evidence,exclude_non_dentist_category|include_dental_provider,,,,,,eligibility_group:d73fe04c4858867b,unknown,,Sleep clinic,,,,,external_evidence_required,category and title evidence do not support a safe batch suggestion,False,+1631-352-0856,,,,40.7636668,-73.9709945,https://www.google.com/maps?cid=15322627160932991390,google_profile_only,,eligibility_review_block:e845dea1783fca37,singleton_profile,"Fill this row only when it is an exception to a reviewed group decision, or when its group is marked individual_review."
profile:NYC_NY_L:google:cid:5141540515377181725,NYC_NY_L,google:cid:5141540515377181725,Lower Manhattan Sleep Apnea Treatment,"Chetham Green, 215 Park Row #1, New York, NY 10038",business_listings,Sleep clinic,needs_category_review,unreviewed_or_conflicting_category_evidence,exclude_non_dentist_category|include_dental_provider,,,,,,eligibility_group:d73fe04c4858867b,unknown,,Sleep clinic,,,,,external_evidence_required,category and title evidence do not support a safe batch suggestion,False,,,,,40.7127421,-73.9993575,https://www.google.com/maps?cid=5141540515377181725,google_profile_only,,eligibility_review_block:f381375e07d09794,singleton_profile,"Fill this row only when it is an exception to a reviewed group decision, or when its group is marked individual_review."
profile:NYC_NY_L:google:cid:14013165419560239248,NYC_NY_L,google:cid:14013165419560239248,New York Sleep Solutions,"265 Madison Ave 3rd floor, New York, NY 10016",business_listings,Sleep clinic,needs_category_review,unreviewed_or_conflicting_category_evidence,exclude_non_dentist_category|include_dental_provider,,,,,,eligibility_group:d73fe04c4858867b,unknown,,Sleep clinic,,,,,external_evidence_required,category and title evidence do not support a safe batch suggestion,False,+1212-540-1622,nysleepsolutions.com,https://nysleepsolutions.com/,10.0,40.750899,-73.980313,https://www.google.com/maps?cid=14013165419560239248,website_then_google_profile,nysleepsolutions.com,eligibility_review_block:626ecc10d472452a,singleton_profile,"Fill this row only when it is an exception to a reviewed group decision, or when its group is marked individual_review."
profile:NYC_NY_L:google:cid:10128345118129549676,NYC_NY_L,google:cid:10128345118129549676,Restful Sleep Solution,"1725 Sheepshead Bay Rd, Brooklyn, NY 11235",business_listings,Sleep clinic,needs_category_review,unreviewed_or_conflicting_category_evidence,exclude_non_dentist_category|include_dental_provider,,,,,,eligibility_group:d73fe04c4858867b,unknown,,Sleep clinic,,,,,external_evidence_required,category and title evidence do not support a safe batch suggestion,False,+1718-872-7830,restfulsleepsolution.com,https://restfulsleepsolution.com/contact-us,,40.5853505,-73.951194,https://www.google.com/maps?cid=10128345118129549676,website_then_google_profile,restfulsleepsolution.com,eligibility_review_block:8ae10c691fbd5a9e,singleton_profile,"Fill this row only when it is an exception to a reviewed group decision, or when its group is marked individual_review."
profile:NYC_NY_L:google:cid:18166011723617241542,NYC_NY_L,google:cid:18166011723617241542,SleepWell Orthotics,"693 5th Ave Ste 1400, New York, NY 10022",business_listings,Sleep clinic,needs_category_review,unreviewed_or_conflicting_category_evidence,exclude_non_dentist_category|include_dental_provider,,,,,,eligibility_group:d73fe04c4858867b,unknown,,Sleep clinic,,,,,external_evidence_required,category and title evidence do not support a safe batch suggestion,False,+1212-777-6725,www.sleepwellorthotics.com,https://www.sleepwellorthotics.com/,44.0,40.761147,-73.974784,https://www.google.com/maps?cid=18166011723617241542,website_then_google_profile,www.sleepwellorthotics.com,eligibility_review_block:9a78754eb6133ea8,singleton_profile,"Fill this row only when it is an exception to a reviewed group decision, or when its group is marked individual_review."
profile:LA_CA_L:google:cid:8910150710373783377,LA_CA_L,google:cid:8910150710373783377,"Dr. Wei Ching Lee, MD - Arc Motion Rehab Clinic","55 E Huntington Dr #219, Arcadia, CA 91006",business_listings,Pain management physician,needs_category_review,unreviewed_or_conflicting_category_evidence,exclude_non_dentist_category|include_dental_provider,,,,,,eligibility_group:da5f0c039fc4a778,unknown,,Pain management physician,,,,,external_evidence_required,category and title evidence do not support a safe batch suggestion,False,+1626-817-3422,www.arcmotionrehab.com,http://www.arcmotionrehab.com/,,34.1403396,-118.0287561,https://www.google.com/maps?cid=8910150710373783377,website_then_google_profile,www.arcmotionrehab.com,eligibility_review_block:60a849dfd2738800,singleton_profile,"Fill this row only when it is an exception to a reviewed group decision, or when its group is marked individual_review."
profile:NYC_NY_L:google:cid:14729043579708094485,NYC_NY_L,google:cid:14729043579708094485,Dr. Donald Tanenbaum,"630 5th Ave Ste. 1857, New York, NY 10111",business_listings,Pain management physician,needs_category_review,unreviewed_or_conflicting_category_evidence,exclude_non_dentist_category|include_dental_provider,,,,,,eligibility_group:da5f0c039fc4a778,unknown,,Pain management physician,,,,,external_evidence_required,category and title evidence do not support a safe batch suggestion,False,+1212-265-0110,www.nytmj.com,https://www.nytmj.com/?utm_source=local_directory&utm_medium=referral&utm_campaign=directory-listing,52.0,40.758995,-73.9772981,https://www.google.com/maps?cid=14729043579708094485,website_then_google_profile,www.nytmj.com,eligibility_review_block:ed339689d4238a92,shared_domain_within_category_group,"Fill this row only when it is an exception to a reviewed group decision, or when its group is marked individual_review."
profile:NYC_NY_L:google:cid:12702828959288087172,NYC_NY_L,google:cid:12702828959288087172,"New York TMJ & Orofacial Pain (NY, NY 5th Ave)","630 5th Ave Ste. 1857, New York, NY 10111",business_listings,Pain management physician,needs_category_review,unreviewed_or_conflicting_category_evidence,exclude_non_dentist_category|include_dental_provider,,,,,,eligibility_group:da5f0c039fc4a778,unknown,,Pain management physician,,,,,external_evidence_required,category and title evidence do not support a safe batch suggestion,False,+1212-265-0110,www.nytmj.com,https://www.nytmj.com/?utm_source=gbp&utm_medium=organic,65.0,40.758995,-73.9772981,https://www.google.com/maps?cid=12702828959288087172,website_then_google_profile,www.nytmj.com,eligibility_review_block:ed339689d4238a92,shared_domain_within_category_group,"Fill this row only when it is an exception to a reviewed group decision, or when its group is marked individual_review."
profile:Buffalo_NY_L:google:cid:17955257316026171728,Buffalo_NY_L,google:cid:17955257316026171728,"Buffalo Family Chiropractic Wellness, P.C.","369 Delaware Ave, Buffalo, NY 14202",maps_core,Chiropractor,needs_category_review,unreviewed_or_conflicting_category_evidence,exclude_non_dentist_category|include_dental_provider,,,,,,eligibility_group:dedfc745d89f2414,unknown,,Chiropractor,,,,,external_evidence_required,category and title evidence do not support a safe batch suggestion,False,+1716-854-1563,livewellbuffalo.com,https://livewellbuffalo.com/,60.0,42.8943384,-78.87533859999999,https://www.google.com/maps?cid=17955257316026171728,website_then_google_profile,livewellbuffalo.com,eligibility_review_block:d02060af39cc78df,singleton_profile,"Fill this row only when it is an exception to a reviewed group decision, or when its group is marked individual_review."
profile:LA_CA_L:google:cid:3746368657671100983,LA_CA_L,google:cid:3746368657671100983,AmeriplanUsa,"760 W Lomita Blvd, Harbor City, CA 90710",business_listings,Chiropractor,needs_category_review,unreviewed_or_conflicting_category_evidence,exclude_non_dentist_category|include_dental_provider,,,,,,eligibility_group:dedfc745d89f2414,unknown,,Chiropractor,,,,,external_evidence_required,category and title evidence do not support a safe batch suggestion,False,+1800-467-0708,,,1.0,33.7956135,-118.286761,https://www.google.com/maps?cid=3746368657671100983,google_profile_only,,eligibility_review_block:b6a5c9b5a59d6464,singleton_profile,"Fill this row only when it is an exception to a reviewed group decision, or when its group is marked individual_review."
profile:SanFrancisco_CA_L:google:cid:3964837681164051013,SanFrancisco_CA_L,google:cid:3964837681164051013,"University of Pacific (UOP), San Francisco","155 5th St #2919, San Francisco, CA 94103",business_listings,Graduate school,needs_category_review,unreviewed_or_conflicting_category_evidence,exclude_non_dentist_category|include_dental_provider,,,,,,eligibility_group:e231d05b9a97123e,unknown,,Graduate school,,,,,external_evidence_required,category and title evidence do not support a safe batch suggestion,False,+1415-400-8222,www.pacific.edu,http://www.pacific.edu/San-Francisco-Campus,70.0,37.78235,-122.4057217,https://www.google.com/maps?cid=3964837681164051013,website_then_google_profile,www.pacific.edu,eligibility_review_block:4800eb18d564991b,singleton_profile,"Fill this row only when it is an exception to a reviewed group decision, or when its group is marked individual_review."
profile:LA_CA_L:google:cid:339669297753351258,LA_CA_L,google:cid:339669297753351258,Neobiotech USA,"2700 E Foothill Blvd Unit 121, Pasadena, CA 91107",business_listings,Medical equipment supplier,needs_category_review,unreviewed_or_conflicting_category_evidence,exclude_non_dentist_category|include_dental_provider,,,,,,eligibility_group:e254853096c923f9,unknown,,Medical equipment supplier,,,,,external_evidence_required,category and title evidence do not support a safe batch suggestion,False,+1213-387-7704,www.neobiotechusa.com,http://www.neobiotechusa.com/,41.0,34.149745,-118.094653,https://www.google.com/maps?cid=339669297753351258,website_then_google_profile,www.neobiotechusa.com,eligibility_review_block:787b501f5bf87685,singleton_profile,"Fill this row only when it is an exception to a reviewed group decision, or when its group is marked individual_review."
profile:Buffalo_NY_L:google:cid:13263697866949406865,Buffalo_NY_L,google:cid:13263697866949406865,Richards and Jurusik Immigration Lawyers,"5 Niagara Square, Buffalo, NY 14202",maps_core,Immigration attorney,needs_category_review,unreviewed_or_conflicting_category_evidence,exclude_non_dentist_category|include_dental_provider,,,,,,eligibility_group:ea5d31a9418eb3d1,unknown,,Immigration attorney,,,,,external_evidence_required,category and title evidence do not support a safe batch suggestion,False,+1716-970-4007,www.rjimmigrationlaw.com,https://www.rjimmigrationlaw.com/,435.0,42.8856089,-78.8780273,https://www.google.com/maps?cid=13263697866949406865,website_then_google_profile,www.rjimmigrationlaw.com,eligibility_review_block:9c0cf569b6e7adc4,singleton_profile,"Fill this row only when it is an exception to a reviewed group decision, or when its group is marked individual_review."
profile:NYC_NY_L:google:cid:7171405538689679713,NYC_NY_L,google:cid:7171405538689679713,Coffee and Consulting LLC,"1633 E 15th St, Brooklyn, NY 11229",business_listings,Bookkeeping service,needs_category_review,unreviewed_or_conflicting_category_evidence,exclude_non_dentist_category|include_dental_provider,,,,,,eligibility_group:ed06ca914eca5a5b,unknown,,Bookkeeping service,,,,,external_evidence_required,category and title evidence do not support a safe batch suggestion,False,+1401-236-7286,www.coffeeandconsultingllc.com,https://www.coffeeandconsultingllc.com/,,40.6095655,-73.9582197,https://www.google.com/maps?cid=7171405538689679713,website_then_google_profile,www.coffeeandconsultingllc.com,eligibility_review_block:01175930470c0fab,singleton_profile,"Fill this row only when it is an exception to a reviewed group decision, or when its group is marked individual_review."
profile:NYC_NY_L:google:cid:9802149004801648262,NYC_NY_L,google:cid:9802149004801648262,Richter & Co Inc,"450 Park Ave, New York, NY 10022",business_listings,Bank,needs_category_review,unreviewed_or_conflicting_category_evidence,exclude_non_dentist_category|include_dental_provider,,,,,,eligibility_group:f471df0293731a06,unknown,,Bank,,,,,external_evidence_required,category and title evidence do not support a safe batch suggestion,False,+1212-758-5305,,,,40.7614676,-73.9712067,https://www.google.com/maps?cid=9802149004801648262,google_profile_only,,eligibility_review_block:732e0898d029cc8f,singleton_profile,"Fill this row only when it is an exception to a reviewed group decision, or when its group is marked individual_review."
profile:Buffalo_NY_L:google:cid:13718650259631278177,Buffalo_NY_L,google:cid:13718650259631278177,Aesthetic Associates Centre,"2500 Kensington Ave, Amherst, NY 14226",business_listings,Plastic surgery clinic,needs_category_review,unreviewed_or_conflicting_category_evidence,exclude_non_dentist_category|include_dental_provider,,,,,,eligibility_group:f4c429ee0eaa6a16,unknown,,Plastic surgery clinic,,,,,external_evidence_required,category and title evidence do not support a safe batch suggestion,False,+1716-839-1700,www.gr8look.com,https://www.gr8look.com/,44.0,42.9577916,-78.7694721,https://www.google.com/maps?cid=13718650259631278177,website_then_google_profile,www.gr8look.com,eligibility_review_block:c252d9495898d037,singleton_profile,"Fill this row only when it is an exception to a reviewed group decision, or when its group is marked individual_review."
profile:LA_CA_L:google:cid:12486001094639181232,LA_CA_L,google:cid:12486001094639181232,Jaw Surgery Los Angeles,"2811 Wilshire Blvd Suite 940B, Santa Monica, CA 90403",business_listings,Plastic surgery clinic,needs_category_review,unreviewed_or_conflicting_category_evidence,exclude_non_dentist_category|include_dental_provider,,,,,,eligibility_group:f4c429ee0eaa6a16,unknown,,Plastic surgery clinic,,,,,external_evidence_required,category and title evidence do not support a safe batch suggestion,False,+1310-857-2088,www.jawsurgerylosangeles.com,https://www.jawsurgerylosangeles.com/?y_source=1_MTY5Njc1NzctNzE1LWxvY2F0aW9uLndlYnNpdGU%3D,12.0,34.0383291,-118.4753561,https://www.google.com/maps?cid=12486001094639181232,website_then_google_profile,www.jawsurgerylosangeles.com,eligibility_review_block:529daee86191b13c,singleton_profile,"Fill this row only when it is an exception to a reviewed group decision, or when its group is marked individual_review."
profile:LA_CA_L:google:cid:2649598478930240656,LA_CA_L,google:cid:2649598478930240656,Dr. Ruben Baghdassarian,"2888 Long Beach Blvd #265, Long Beach, CA 90806",business_listings,Urologist,needs_category_review,unreviewed_or_conflicting_category_evidence,exclude_non_dentist_category|include_dental_provider,,,,,,eligibility_group:f78d395ec472858a,unknown,,Urologist,,,,,external_evidence_required,category and title evidence do not support a safe batch suggestion,False,+1562-598-6166,,,,33.8096693,-118.1889925,https://www.google.com/maps?cid=2649598478930240656,google_profile_only,,eligibility_review_block:c013c3dc307ae282,singleton_profile,"Fill this row only when it is an exception to a reviewed group decision, or when its group is marked individual_review."
profile:LA_CA_L:google:cid:6179340572617374652,LA_CA_L,google:cid:6179340572617374652,The Wallis Annenberg Children & Family Health Center at Hollywood Wilshire Health Center,"5205 Melrose Ave, Los Angeles, CA 90038",business_listings,Mental health clinic,needs_category_review,unreviewed_or_conflicting_category_evidence,exclude_non_dentist_category|include_dental_provider,,,,,,eligibility_group:fc496f50a73ebcfd,unknown,,Mental health clinic,,,,,external_evidence_required,category and title evidence do not support a safe batch suggestion,False,+1323-653-8622,www.sabancommunityclinic.org,http://www.sabancommunityclinic.org/,11.0,34.0836616,-118.3138012,https://www.google.com/maps?cid=6179340572617374652,website_then_google_profile,www.sabancommunityclinic.org,eligibility_review_block:1fce31c52bba2e6d,singleton_profile,"Fill this row only when it is an exception to a reviewed group decision, or when its group is marked individual_review."
profile:Atlanta_GA_L:google:cid:2389707156626682339,Atlanta_GA_L,google:cid:2389707156626682339,Lee Denture Lab,"171 Cleveland Ave SW, Atlanta, GA 30315",business_listings,Denture care center,needs_category_review,unreviewed_or_conflicting_category_evidence,exclude_non_dentist_category|include_dental_provider,,,,,,eligibility_group:fe4a0b2a99a6e2f0,unknown,,Denture care center,,,,,external_evidence_required,category and title evidence do not support a safe batch suggestion,False,+1404-762-5441,leedenturelaboratory.com,http://leedenturelaboratory.com/,31.0,33.6815609,-84.3946002,https://www.google.com/maps?cid=2389707156626682339,website_then_google_profile,leedenturelaboratory.com,eligibility_review_block:e2bdff965f0fcdfd,singleton_profile,"Fill this row only when it is an exception to a reviewed group decision, or when its group is marked individual_review."
profile:LA_CA_L:google:cid:2810400098018904937,LA_CA_L,google:cid:2810400098018904937,Best Choice Denture Implants and Repair,"8833 Reseda Blvd, Northridge, CA 91324",business_listings,Denture care center,needs_category_review,unreviewed_or_conflicting_category_evidence,exclude_non_dentist_category|include_dental_provider,,,,,,eligibility_group:fe4a0b2a99a6e2f0,unknown,,Denture care center,,,,,external_evidence_required,category and title evidence do not support a safe batch suggestion,False,+1213-733-9617,,,,34.2317062,-118.536269,https://www.google.com/maps?cid=2810400098018904937,google_profile_only,,eligibility_review_block:b07f6a619e55d6f2,singleton_profile,"Fill this row only when it is an exception to a reviewed group decision, or when its group is marked individual_review."
profile:LA_CA_L:google:cid:8725559073317735762,LA_CA_L,google:cid:8725559073317735762,Denture Care Services,"4686 Woodside Dr Apt 201, Los Angeles, CA 90065",business_listings,Denture care center,needs_category_review,unreviewed_or_conflicting_category_evidence,exclude_non_dentist_category|include_dental_provider,,,,,,eligibility_group:fe4a0b2a99a6e2f0,unknown,,Denture care center,,,,,external_evidence_required,category and title evidence do not support a safe batch suggestion,False,+1626-263-8528,,,1.0,34.1002051,-118.204388,https://www.google.com/maps?cid=8725559073317735762,google_profile_only,,eligibility_review_block:4ff6d04b5a110b97,singleton_profile,"Fill this row only when it is an exception to a reviewed group decision, or when its group is marked individual_review."
profile:LA_CA_L:google:cid:10636425930933224952,LA_CA_L,google:cid:10636425930933224952,Denture Repair and Implants,"3506 Whittier Blvd, Los Angeles, CA 90023",business_listings,Denture care center,needs_category_review,unreviewed_or_conflicting_category_evidence,exclude_non_dentist_category|include_dental_provider,,,,,,eligibility_group:fe4a0b2a99a6e2f0,unknown,,Denture care center,,,,,external_evidence_required,category and title evidence do not support a safe batch suggestion,False,,,,1.0,34.0263019,-118.1984116,https://www.google.com/maps?cid=10636425930933224952,google_profile_only,,eligibility_review_block:9e9f3d1af8aaf08b,singleton_profile,"Fill this row only when it is an exception to a reviewed group decision, or when its group is marked individual_review."
profile:LA_CA_L:google:cid:8019442712982059650,LA_CA_L,google:cid:8019442712982059650,Primary Denture Repair and Implants,"15234 Crenshaw Blvd, Gardena, CA 90249",business_listings,Denture care center,needs_category_review,unreviewed_or_conflicting_category_evidence,exclude_non_dentist_category|include_dental_provider,,,,,,eligibility_group:fe4a0b2a99a6e2f0,unknown,,Denture care center,,,,,external_evidence_required,category and title evidence do not support a safe batch suggestion,False,+1424-610-9061,,,,33.8927981,-118.3263652,https://www.google.com/maps?cid=8019442712982059650,google_profile_only,,eligibility_review_block:3f2c09d94c4caf37,singleton_profile,"Fill this row only when it is an exception to a reviewed group decision, or when its group is marked individual_review."
profile:NYC_NY_L:google:cid:10654524086348142840,NYC_NY_L,google:cid:10654524086348142840,Long Island Denture Center,"142 Union Ave, Lynbrook, NY 11563",business_listings,Denture care center,needs_category_review,unreviewed_or_conflicting_category_evidence,exclude_non_dentist_category|include_dental_provider,,,,,,eligibility_group:fe4a0b2a99a6e2f0,unknown,,Denture care center,,,,,external_evidence_required,category and title evidence do not support a safe batch suggestion,False,+1516-905-3368,longislanddenturecenter.com,https://longislanddenturecenter.com/,2.0,40.6497456,-73.67539579999999,https://www.google.com/maps?cid=10654524086348142840,website_then_google_profile,longislanddenturecenter.com,eligibility_review_block:4b83727581ef5e9d,singleton_profile,"Fill this row only when it is an exception to a reviewed group decision, or when its group is marked individual_review."
profile:Atlanta_GA_L:google:cid:664114471230519840,Atlanta_GA_L,google:cid:664114471230519840,Dr. Benjamin Blackburn,"75 Piedmont Ave NE Ste 400, Atlanta, GA 30303",business_listings|maps_specialist,Pediatrician|Periodontist,automatic_include|needs_category_review,unreviewed_or_conflicting_category_evidence,exclude_non_dentist_category|include_dental_provider,,,,,,eligibility_group:1e0e8f0cf4d1053e,exclude|include,Pediatrician: Non-dental medical specialty || Periodontist: Dentist specialty included by the study taxonomy,,,,,include_dental_provider,focused_category_conflict,at least one observed category has a frozen include rule,False,+1404-659-7696,www.atlantaprosthodontics.com,https://www.atlantaprosthodontics.com/about-us/b-a-blackburn-3-dds/dr-blackburn-iii-atlanta-cosmetic-dentist/,2.0,33.7567065,-84.381896,https://www.google.com/maps?cid=664114471230519840,website_then_google_profile,www.atlantaprosthodontics.com,eligibility_review_block:f41b6d7faf6b1f42,singleton_profile,"Fill this row only when it is an exception to a reviewed group decision, or when its group is marked individual_review."
profile:NYC_NY_L:google:cid:15450182623930209060,NYC_NY_L,google:cid:15450182623930209060,"Darryl Wu, DDS/","41 Elizabeth St #303, New York, NY 10013",business_listings|maps_core|maps_specialist,Medical clinic|Pediatric dentist,automatic_include|needs_category_review,unreviewed_or_conflicting_category_evidence,exclude_non_dentist_category|include_dental_provider,,,,,,eligibility_group:314f9fea485411aa,include|manual_review,Medical clinic: Category alone does not establish whether dental care is provided || Pediatric dentist: Dentist specialty included by the study taxonomy,,dds,,,include_dental_provider,focused_category_conflict,at least one observed category has a frozen include rule,False,+1855-629-1424,weence.com,https://weence.com/dentists/new-york-1/darryl-wu-dds/,59.0,40.7170983,-73.9977962,https://www.google.com/maps?cid=15450182623930209060,website_then_google_profile,weence.com,eligibility_review_block:7d208ec37608b83d,singleton_profile,"Fill this row only when it is an exception to a reviewed group decision, or when its group is marked individual_review."
profile:Augusta_GA_L:google:cid:371877985928288149,Augusta_GA_L,google:cid:371877985928288149,Christ Community Health Olde Town,"127 Telfair St, Augusta, GA 30901",business_listings|maps_core|maps_specialist,Dental clinic|Dentist|Medical clinic,automatic_include|needs_category_review,unreviewed_or_conflicting_category_evidence,exclude_non_dentist_category|include_dental_provider,,,,,,eligibility_group:4a328709832d8373,include|manual_review,Dental clinic: Google category identifies a dental clinic || Dentist: Google category identifies a dentist || Medical clinic: Category alone does not establish whether dental care is provided,,,,,include_dental_provider,focused_category_conflict,at least one observed category has a frozen include rule,False,+1706-396-1491,www.cchsaugusta.org,https://www.cchsaugusta.org/,94.0,33.4677118,-81.95182439999999,https://www.google.com/maps?cid=371877985928288149,website_then_google_profile,www.cchsaugusta.org,eligibility_review_block:8d4ecce98325922e,singleton_profile,"Fill this row only when it is an exception to a reviewed group decision, or when its group is marked individual_review."
profile:Buffalo_NY_L:google:cid:11295921837023317046,Buffalo_NY_L,google:cid:11295921837023317046,Suburban Oral & Maxillofacial Surgery Associates PC,"6490 Main St #3, Williamsville, NY 14221",business_listings|maps_specialist,Medical clinic|Oral surgeon,automatic_include|needs_category_review,unreviewed_or_conflicting_category_evidence,exclude_non_dentist_category|include_dental_provider,,,,,,eligibility_group:5a2e5dc34c3d59e6,include|manual_review,Medical clinic: Category alone does not establish whether dental care is provided || Oral surgeon: Dentist specialty included by the study taxonomy,,maxillofacial,,,include_dental_provider,focused_category_conflict,at least one observed category has a frozen include rule,False,+1716-631-2800,www.somsa.com,http://www.somsa.com/,33.0,42.9670524,-78.71118919999999,https://www.google.com/maps?cid=11295921837023317046,website_then_google_profile,www.somsa.com,eligibility_review_block:d1278f9af3cc396d,singleton_profile,"Fill this row only when it is an exception to a reviewed group decision, or when its group is marked individual_review."
profile:Atlanta_GA_L:google:cid:3689234672713981475,Atlanta_GA_L,google:cid:3689234672713981475,Emory Clinic General/vsclr Surgery,"1365 Clifton Rd NE Bldg C, Atlanta, GA 30322",business_listings|maps_specialist,Oral surgeon|Surgical center,automatic_include|needs_category_review,unreviewed_or_conflicting_category_evidence,exclude_non_dentist_category|include_dental_provider,,,,,,eligibility_group:5d66d5a72d6afc63,include|manual_review,Oral surgeon: Dentist specialty included by the study taxonomy || Surgical center: Category alone does not establish whether oral surgery is provided,,,,,include_dental_provider,focused_category_conflict,at least one observed category has a frozen include rule,False,+1404-778-4000,www.emoryhealthcare.org,http://www.emoryhealthcare.org/,4.0,33.792823,-84.31945449999999,https://www.google.com/maps?cid=3689234672713981475,website_then_google_profile,www.emoryhealthcare.org,eligibility_review_block:dc85169a3be7b344,singleton_profile,"Fill this row only when it is an exception to a reviewed group decision, or when its group is marked individual_review."
profile:LA_CA_L:google:cid:18146438528046903489,LA_CA_L,google:cid:18146438528046903489,Flintridge Office Oral Surgery & Implant Center,"1370 Foothill Blvd #200, La Cañada Flintridge, CA 91011",business_listings|maps_specialist,Oral surgeon|Surgical center,automatic_include|needs_category_review,unreviewed_or_conflicting_category_evidence,exclude_non_dentist_category|include_dental_provider,,,,,,eligibility_group:5d66d5a72d6afc63,include|manual_review,Oral surgeon: Dentist specialty included by the study taxonomy || Surgical center: Category alone does not establish whether oral surgery is provided,,oral_surgery,,,include_dental_provider,focused_category_conflict,at least one observed category has a frozen include rule,False,+1818-952-8183,www.huntingtonsurgical.com,https://www.huntingtonsurgical.com/,57.0,34.2078382,-118.2082144,https://www.google.com/maps?cid=18146438528046903489,website_then_google_profile,www.huntingtonsurgical.com,eligibility_review_block:591df8c630c05526,singleton_profile,"Fill this row only when it is an exception to a reviewed group decision, or when its group is marked individual_review."
profile:LA_CA_L:google:cid:6081313276054929227,LA_CA_L,google:cid:6081313276054929227,South Coast Surgery Center,"2621 Zoe Ave Ste B, Huntington Park, CA 90255",business_listings|maps_specialist,Oral surgeon|Surgical center,automatic_include|needs_category_review,unreviewed_or_conflicting_category_evidence,exclude_non_dentist_category|include_dental_provider,,,,,,eligibility_group:5d66d5a72d6afc63,include|manual_review,Oral surgeon: Dentist specialty included by the study taxonomy || Surgical center: Category alone does not establish whether oral surgery is provided,,,,,include_dental_provider,focused_category_conflict,at least one observed category has a frozen include rule,False,+1323-446-4100,www.southcoastsurgerycenter.com,https://www.southcoastsurgerycenter.com/,48.0,33.979415,-118.2242675,https://www.google.com/maps?cid=6081313276054929227,website_then_google_profile,www.southcoastsurgerycenter.com,eligibility_review_block:fff907f58556181f,singleton_profile,"Fill this row only when it is an exception to a reviewed group decision, or when its group is marked individual_review."
profile:Modesto_CA_M:google:cid:1196518838397738143,Modesto_CA_M,google:cid:1196518838397738143,Walls Dental Implant and Oral Surgical Arts,"1316 Coffee Rd Bldg E, Modesto, CA 95355",business_listings|maps_core|maps_specialist,Oral surgeon|Surgical center,automatic_include|needs_category_review,unreviewed_or_conflicting_category_evidence,exclude_non_dentist_category|include_dental_provider,,,,,,eligibility_group:5d66d5a72d6afc63,include|manual_review,Oral surgeon: Dentist specialty included by the study taxonomy || Surgical center: Category alone does not establish whether oral surgery is provided,,dental|oral_surgery,,,include_dental_provider,focused_category_conflict,at least one observed category has a frozen include rule,False,+1209-522-9963,www.wallsoralsurgerymodesto.com,http://www.wallsoralsurgerymodesto.com/,112.0,37.6620861,-120.9753546,https://www.google.com/maps?cid=1196518838397738143,website_then_google_profile,www.wallsoralsurgerymodesto.com,eligibility_review_block:06e412514b87a25f,singleton_profile,"Fill this row only when it is an exception to a reviewed group decision, or when its group is marked individual_review."
profile:NYC_NY_L:google:cid:13439767516404994175,NYC_NY_L,google:cid:13439767516404994175,Grand Central Oral & Maxillofacial Surgery,"Corner of, 353 Lexington Ave, E 40th St #700, New York, NY 10016",business_listings|maps_specialist,Oral surgeon|Surgical center,automatic_include|needs_category_review,unreviewed_or_conflicting_category_evidence,exclude_non_dentist_category|include_dental_provider,,,,,,eligibility_group:5d66d5a72d6afc63,include|manual_review,Oral surgeon: Dentist specialty included by the study taxonomy || Surgical center: Category alone does not establish whether oral surgery is provided,,maxillofacial,,,include_dental_provider,focused_category_conflict,at least one observed category has a frozen include rule,False,+1212-986-8151,www.grandcentraloms.com,https://www.grandcentraloms.com/,17.0,40.7499015,-73.97683099999999,https://www.google.com/maps?cid=13439767516404994175,website_then_google_profile,www.grandcentraloms.com,eligibility_review_block:ccafaabf96ae42ae,singleton_profile,"Fill this row only when it is an exception to a reviewed group decision, or when its group is marked individual_review."
profile:Buffalo_NY_L:google:cid:14218551985995785227,Buffalo_NY_L,google:cid:14218551985995785227,Humiston Bridget,"3615 Seneca St # N, West Seneca, NY 14224",business_listings|maps_specialist,Dental hygienist|Pediatric dentist,automatic_include|needs_category_review,unreviewed_or_conflicting_category_evidence,exclude_non_dentist_category|include_dental_provider,,,,,,eligibility_group:705b6e7d13b84d1a,exclude|include,Dental hygienist: Provider taxonomy excludes dental hygienists by default || Pediatric dentist: Dentist specialty included by the study taxonomy,,,,,include_dental_provider,focused_category_conflict,at least one observed category has a frozen include rule,False,+1716-674-0924,,,,42.828829,-78.7692598,https://www.google.com/maps?cid=14218551985995785227,google_profile_only,,eligibility_review_block:7271c7b768bc638d,singleton_profile,"Fill this row only when it is an exception to a reviewed group decision, or when its group is marked individual_review."
profile:Augusta_GA_L:google:cid:9390339446321822061,Augusta_GA_L,google:cid:9390339446321822061,Medical Associates Plus,"2467 Golden Camp Rd, Augusta, GA 30906",business_listings|maps_core|maps_specialist,Dental clinic|Medical office,automatic_include|needs_category_review,unreviewed_or_conflicting_category_evidence,exclude_non_dentist_category|include_dental_provider,,,,,,eligibility_group:77f1b310e0ec8dc9,include|unknown,Dental clinic: Google category identifies a dental clinic,Medical office,,medical,,include_dental_provider,focused_category_conflict,at least one observed category has a frozen include rule,False,+1706-790-4440,mapbt.com,https://mapbt.com/,475.0,33.429147,-82.0508969,https://www.google.com/maps?cid=9390339446321822061,website_then_google_profile,mapbt.com,eligibility_review_block:dd0354f1d9e8df40,singleton_profile,"Fill this row only when it is an exception to a reviewed group decision, or when its group is marked individual_review."
profile:NYC_NY_L:google:cid:11995089308409799053,NYC_NY_L,google:cid:11995089308409799053,Charles B. Wang Community Health Center,"125 Walker St 2nd fl, New York, NY 10013",business_listings|maps_core,Dental clinic|Medical Center,automatic_include|needs_category_review,unreviewed_or_conflicting_category_evidence,exclude_non_dentist_category|include_dental_provider,,,,,,eligibility_group:799490d30f423ab7,include|manual_review,Dental clinic: Google category identifies a dental clinic || Medical Center: Category alone does not establish whether dental care is provided,,,,,include_dental_provider,focused_category_conflict,at least one observed category has a frozen include rule,False,+1212-226-3888,www.cbwchc.org,https://www.cbwchc.org/,376.0,40.7173202,-73.99994459999999,https://www.google.com/maps?cid=11995089308409799053,website_then_google_profile,www.cbwchc.org,eligibility_review_block:ea368a2254d6ab26,singleton_profile,"Fill this row only when it is an exception to a reviewed group decision, or when its group is marked individual_review."
profile:LA_CA_L:google:cid:9897196552596211841,LA_CA_L,google:cid:9897196552596211841,"Dental Office App, powered by Dentulu","2002 S Hoover St, Los Angeles, CA 90007",business_listings|maps_core,Design engineer|Emergency dental service,automatic_include|needs_category_review,unreviewed_or_conflicting_category_evidence,exclude_non_dentist_category|include_dental_provider,,,,,,eligibility_group:837b8a0e4ad496b6,include|unknown,Emergency dental service: Dental provider category,Design engineer,dental,,design_engineer,include_dental_provider,focused_category_conflict,at least one observed category has a frozen include rule,False,+1888-905-0226,www.dentalofficeapp.com,http://www.dentalofficeapp.com/,,34.0377385,-118.2837694,https://www.google.com/maps?cid=9897196552596211841,website_then_google_profile,www.dentalofficeapp.com,eligibility_review_block:03ef07f4eeea0423,singleton_profile,"Fill this row only when it is an exception to a reviewed group decision, or when its group is marked individual_review."
profile:Buffalo_NY_L:google:cid:1234717031910883396,Buffalo_NY_L,google:cid:1234717031910883396,UB School of Dental Medicine / UB Dental,"State University at Buffalo South Campus, 3435 Main St, Buffalo, NY 14215",business_listings|maps_core|maps_specialist,Dental clinic|Dental school,automatic_include|needs_category_review,unreviewed_or_conflicting_category_evidence,exclude_non_dentist_category|include_dental_provider,,,,,,eligibility_group:94aed6377fd0b11e,include|unknown,Dental clinic: Google category identifies a dental clinic,Dental school,dental,school_or_training,education,include_dental_provider,focused_category_conflict,at least one observed category has a frozen include rule,False,+1716-262-9750,dental.buffalo.edu,https://dental.buffalo.edu/patients/our-services.html,118.0,42.9533778,-78.8182806,https://www.google.com/maps?cid=1234717031910883396,website_then_google_profile,dental.buffalo.edu,eligibility_review_block:b2c637f293518509,singleton_profile,"Fill this row only when it is an exception to a reviewed group decision, or when its group is marked individual_review."
profile:Atlanta_GA_L:google:cid:2318105929422082567,Atlanta_GA_L,google:cid:2318105929422082567,Mercy Care,"424 Decatur St. SE, Atlanta, GA 30312",business_listings|maps_core,Dentist|Medical clinic,automatic_include|needs_category_review,unreviewed_or_conflicting_category_evidence,exclude_non_dentist_category|include_dental_provider,,,,,,eligibility_group:9acced880530cd1b,include|manual_review,Dentist: Google category identifies a dentist || Medical clinic: Category alone does not establish whether dental care is provided,,,,,include_dental_provider,focused_category_conflict,at least one observed category has a frozen include rule,False,+1678-843-8600,mercyatlanta.org,http://mercyatlanta.org/,184.0,33.7508899,-84.37444169999999,https://www.google.com/maps?cid=2318105929422082567,website_then_google_profile,mercyatlanta.org,eligibility_review_block:38322e494d18206c,singleton_profile,"Fill this row only when it is an exception to a reviewed group decision, or when its group is marked individual_review."
profile:NYC_NY_L:google:cid:18233353287968621355,NYC_NY_L,google:cid:18233353287968621355,DR. MICHAEL ZEMELMAN,"250 S End Ave, New York, NY 10280",business_listings|maps_core|maps_specialist,Dentist|Medical clinic,automatic_include|needs_category_review,unreviewed_or_conflicting_category_evidence,exclude_non_dentist_category|include_dental_provider,,,,,,eligibility_group:9acced880530cd1b,include|manual_review,Dentist: Google category identifies a dentist || Medical clinic: Category alone does not establish whether dental care is provided,,,,,include_dental_provider,focused_category_conflict,at least one observed category has a frozen include rule,False,+1212-945-0600,,,20.0,40.709846,-74.016115,https://www.google.com/maps?cid=18233353287968621355,google_profile_only,,eligibility_review_block:b7264adafcf3d21f,singleton_profile,"Fill this row only when it is an exception to a reviewed group decision, or when its group is marked individual_review."
profile:NYC_NY_L:google:cid:14098049555746310178,NYC_NY_L,google:cid:14098049555746310178,Dr. Nai Yan Lam,"198 Canal St Ste 402, New York, NY 10013",business_listings|maps_core,Dentist|Medical clinic,automatic_include|needs_category_review,unreviewed_or_conflicting_category_evidence,exclude_non_dentist_category|include_dental_provider,,,,,,eligibility_group:9acced880530cd1b,include|manual_review,Dentist: Google category identifies a dentist || Medical clinic: Category alone does not establish whether dental care is provided,,,,,include_dental_provider,focused_category_conflict,at least one observed category has a frozen include rule,False,+1212-766-2128,weence.com,https://weence.com/dentists/new-york-1/nai-yan-lam-inc/,73.0,40.7167114,-73.9985133,https://www.google.com/maps?cid=14098049555746310178,website_then_google_profile,weence.com,eligibility_review_block:e1ad0efd8fa3c293,shared_domain_within_category_group,"Fill this row only when it is an exception to a reviewed group decision, or when its group is marked individual_review."
profile:NYC_NY_L:google:cid:17274019314189391120,NYC_NY_L,google:cid:17274019314189391120,East Broadway Dental Center,"17 E Broadway Ste 701, New York, NY 10002",business_listings|maps_core,Dentist|Medical clinic,automatic_include|needs_category_review,unreviewed_or_conflicting_category_evidence,exclude_non_dentist_category|include_dental_provider,,,,,,eligibility_group:9acced880530cd1b,include|manual_review,Dentist: Google category identifies a dentist || Medical clinic: Category alone does not establish whether dental care is provided,,dental,,,include_dental_provider,focused_category_conflict,at least one observed category has a frozen include rule,False,+1833-339-1228,weence.com,https://weence.com/dentists/new-york-1/east-broadway-dental-center/,1.0,40.7133631,-73.9971769,https://www.google.com/maps?cid=17274019314189391120,website_then_google_profile,weence.com,eligibility_review_block:e1ad0efd8fa3c293,shared_domain_within_category_group,"Fill this row only when it is an exception to a reviewed group decision, or when its group is marked individual_review."
profile:NYC_NY_L:google:cid:3188463322536960616,NYC_NY_L,google:cid:3188463322536960616,Mandalay Dental Care PC.,"98 E Broadway #501, New York, NY 10002",business_listings|maps_core,Dentist|Medical clinic,automatic_include|needs_category_review,unreviewed_or_conflicting_category_evidence,exclude_non_dentist_category|include_dental_provider,,,,,,eligibility_group:9acced880530cd1b,include|manual_review,Dentist: Google category identifies a dentist || Medical clinic: Category alone does not establish whether dental care is provided,,dental,,,include_dental_provider,focused_category_conflict,at least one observed category has a frozen include rule,False,+1212-227-4349,,,7.0,40.7140643,-73.993416,https://www.google.com/maps?cid=3188463322536960616,google_profile_only,,eligibility_review_block:58cfa633d4da842c,singleton_profile,"Fill this row only when it is an exception to a reviewed group decision, or when its group is marked individual_review."
profile:SanFrancisco_CA_L:google:cid:5762704364537589299,SanFrancisco_CA_L,google:cid:5762704364537589299,Mary Anne Baysac,"4200 California St #210, San Francisco, CA 941181379",business_listings|maps_specialist,Dentist|Medical clinic,automatic_include|needs_category_review,unreviewed_or_conflicting_category_evidence,exclude_non_dentist_category|include_dental_provider,,,,,,eligibility_group:9acced880530cd1b,include|manual_review,Dentist: Google category identifies a dentist || Medical clinic: Category alone does not establish whether dental care is provided,,,,,include_dental_provider,focused_category_conflict,at least one observed category has a frozen include rule,False,+1415-668-0526,www.sanfranciscodentalcare.com,https://www.sanfranciscodentalcare.com/our-practice/dr-mary-anne-baysac/,15.0,37.7854674,-122.4626903,https://www.google.com/maps?cid=5762704364537589299,website_then_google_profile,www.sanfranciscodentalcare.com,eligibility_review_block:b6f348fa9d09c659,singleton_profile,"Fill this row only when it is an exception to a reviewed group decision, or when its group is marked individual_review."
profile:Vidalia_GA_S:google:cid:5432786541802348760,Vidalia_GA_S,google:cid:5432786541802348760,East Georgia Healthcare Center,"118 Alice Coleman Dr, Vidalia, GA 30474",business_listings|maps_core,Dentist|Medical clinic,automatic_include|needs_category_review,unreviewed_or_conflicting_category_evidence,exclude_non_dentist_category|include_dental_provider,,,,,,eligibility_group:9acced880530cd1b,include|manual_review,Dentist: Google category identifies a dentist || Medical clinic: Category alone does not establish whether dental care is provided,,,,,include_dental_provider,focused_category_conflict,at least one observed category has a frozen include rule,False,+1912-537-6565,eghc.org,http://eghc.org/,20.0,32.2014541,-82.3635711,https://www.google.com/maps?cid=5432786541802348760,website_then_google_profile,eghc.org,eligibility_review_block:ced54dabb17f4994,singleton_profile,"Fill this row only when it is an exception to a reviewed group decision, or when its group is marked individual_review."
profile:Buffalo_NY_L:google:cid:15388569378089531316,Buffalo_NY_L,google:cid:15388569378089531316,Neighborhood Health Center,"155 Lawn Ave, Buffalo, NY 14207",business_listings|maps_core|maps_specialist,Community health center|Dentist,automatic_include|needs_category_review,unreviewed_or_conflicting_category_evidence,exclude_non_dentist_category|include_dental_provider,,,,,,eligibility_group:9e1937b2dda9c1f4,include|manual_review,Community health center: Category alone does not establish whether dental care is provided || Dentist: Google category identifies a dentist,,,,,include_dental_provider,focused_category_conflict,at least one observed category has a frozen include rule,False,+1716-875-2904,nhcwny.org,https://nhcwny.org/,242.0,42.9501724,-78.8881988,https://www.google.com/maps?cid=15388569378089531316,website_then_google_profile,nhcwny.org,eligibility_review_block:2dc4f2c8f6e81f7c,shared_domain_within_category_group,"Fill this row only when it is an exception to a reviewed group decision, or when its group is marked individual_review."
profile:Buffalo_NY_L:google:cid:8053481685675095661,Buffalo_NY_L,google:cid:8053481685675095661,Neighborhood Health Center,"Neighborhood Health Center - Mattina, 300 Niagara St, Buffalo, NY 14201",business_listings|maps_core|maps_specialist,Community health center|Dentist,automatic_include|needs_category_review,unreviewed_or_conflicting_category_evidence,exclude_non_dentist_category|include_dental_provider,,,,,,eligibility_group:9e1937b2dda9c1f4,include|manual_review,Community health center: Category alone does not establish whether dental care is provided || Dentist: Google category identifies a dentist,,,,,include_dental_provider,focused_category_conflict,at least one observed category has a frozen include rule,False,+1716-242-8600,nhcwny.org,https://nhcwny.org/locations-and-hours/location:mattina/,249.0,42.8920072,-78.8840479,https://www.google.com/maps?cid=8053481685675095661,website_then_google_profile,nhcwny.org,eligibility_review_block:2dc4f2c8f6e81f7c,shared_domain_within_category_group,"Fill this row only when it is an exception to a reviewed group decision, or when its group is marked individual_review."
profile:LA_CA_L:google:cid:17122915448874936130,LA_CA_L,google:cid:17122915448874936130,Los Angeles Christian Health Centers - Joshua House Clinic,"325 E 7th St, Los Angeles, CA 90014",business_listings|maps_core,Dental clinic|Free clinic,automatic_include|needs_category_review,unreviewed_or_conflicting_category_evidence,exclude_non_dentist_category|include_dental_provider,,,,,,eligibility_group:a48e809bd27ae1fc,include|manual_review,Dental clinic: Google category identifies a dental clinic || Free clinic: Category alone does not establish whether dental care is provided,,,,,include_dental_provider,focused_category_conflict,at least one observed category has a frozen include rule,False,+1213-893-1960,www.lachc.com,http://www.lachc.com/,171.0,34.042268,-118.2484795,https://www.google.com/maps?cid=17122915448874936130,website_then_google_profile,www.lachc.com,eligibility_review_block:0bd0f92403fc8003,singleton_profile,"Fill this row only when it is an exception to a reviewed group decision, or when its group is marked individual_review."
profile:Modesto_CA_M:google:cid:3193422547009580336,Modesto_CA_M,google:cid:3193422547009580336,Grace Dental of Modesto,"3125 Coffee Rd #7, Modesto, CA 95355",business_listings|maps_core|maps_specialist,Dental clinic|Doctor,automatic_include|needs_category_review,unreviewed_or_conflicting_category_evidence,exclude_non_dentist_category|include_dental_provider,,,,,,eligibility_group:b0858f026bb86e7a,include|manual_review,Dental clinic: Google category identifies a dental clinic || Doctor: Category alone does not establish a dentist clinic,,dental,,,include_dental_provider,focused_category_conflict,at least one observed category has a frozen include rule,False,+1209-526-8182,visitgracedental.com,https://visitgracedental.com/,298.0,37.683613,-120.9762872,https://www.google.com/maps?cid=3193422547009580336,website_then_google_profile,visitgracedental.com,eligibility_review_block:6b8fae0a7f99b363,singleton_profile,"Fill this row only when it is an exception to a reviewed group decision, or when its group is marked individual_review."
profile:Atlanta_GA_L:google:cid:12773958067227470323,Atlanta_GA_L,google:cid:12773958067227470323,Good Samaritan Health Center,"1015 Donald Lee Hollowell Pkwy NW, Atlanta, GA 30318",business_listings|maps_core,Dental clinic|Medical clinic,automatic_include|needs_category_review,unreviewed_or_conflicting_category_evidence,exclude_non_dentist_category|include_dental_provider,,,,,,eligibility_group:b5100c3d9e0ccdcb,include|manual_review,Dental clinic: Google category identifies a dental clinic || Medical clinic: Category alone does not establish whether dental care is provided,,,,,include_dental_provider,focused_category_conflict,at least one observed category has a frozen include rule,False,+1404-523-6571,www.goodsamatlanta.org,http://www.goodsamatlanta.org/,198.0,33.7734136,-84.42064599999999,https://www.google.com/maps?cid=12773958067227470323,website_then_google_profile,www.goodsamatlanta.org,eligibility_review_block:e574d479bb471360,singleton_profile,"Fill this row only when it is an exception to a reviewed group decision, or when its group is marked individual_review."
profile:Augusta_GA_L:google:cid:11022410293483888400,Augusta_GA_L,google:cid:11022410293483888400,DDEAMC Dental Clinic,"Augusta, GA 30905",business_listings|maps_specialist,Dental clinic|Medical clinic,automatic_include|needs_category_review,unreviewed_or_conflicting_category_evidence,exclude_non_dentist_category|include_dental_provider,,,,,,eligibility_group:b5100c3d9e0ccdcb,include|manual_review,Dental clinic: Google category identifies a dental clinic || Medical clinic: Category alone does not establish whether dental care is provided,,dental,,,include_dental_provider,focused_category_conflict,at least one observed category has a frozen include rule,False,+1706-787-5322,eisenhower.tricare.mil,https://eisenhower.tricare.mil/Health-Services/Dental/Hospital-Dental-Clinic,,33.4304156,-82.1261857,https://www.google.com/maps?cid=11022410293483888400,website_then_google_profile,eisenhower.tricare.mil,eligibility_review_block:0cbdc12848687c91,singleton_profile,"Fill this row only when it is an exception to a reviewed group decision, or when its group is marked individual_review."
profile:Augusta_GA_L:google:cid:6696260283652765943,Augusta_GA_L,google:cid:6696260283652765943,Georgia Dental Clinic,"1120 15th St, Augusta, GA 30912",business_listings|maps_core|maps_specialist,Dental clinic|Medical clinic,automatic_include|needs_category_review,unreviewed_or_conflicting_category_evidence,exclude_non_dentist_category|include_dental_provider,,,,,,eligibility_group:b5100c3d9e0ccdcb,include|manual_review,Dental clinic: Google category identifies a dental clinic || Medical clinic: Category alone does not establish whether dental care is provided,,dental,,,include_dental_provider,focused_category_conflict,at least one observed category has a frozen include rule,False,+1706-721-2371,www.augusta.edu,http://www.augusta.edu/dentalmedicine/patientservices/becomingapatient.php,3.0,33.4668741,-81.9912478,https://www.google.com/maps?cid=6696260283652765943,website_then_google_profile,www.augusta.edu,eligibility_review_block:e2eff97039e3f387,singleton_profile,"Fill this row only when it is an exception to a reviewed group decision, or when its group is marked individual_review."
profile:Modesto_CA_M:google:cid:3859868203878199545,Modesto_CA_M,google:cid:3859868203878199545,Standiford Family Dental,"2000 Standiford Ave # A, Modesto, CA 95350",business_listings|maps_core|maps_specialist,Dental clinic|Medical clinic,automatic_include|needs_category_review,unreviewed_or_conflicting_category_evidence,exclude_non_dentist_category|include_dental_provider,,,,,,eligibility_group:b5100c3d9e0ccdcb,include|manual_review,Dental clinic: Google category identifies a dental clinic || Medical clinic: Category alone does not establish whether dental care is provided,,dental,,,include_dental_provider,focused_category_conflict,at least one observed category has a frozen include rule,False,+1855-219-4656,,,16.0,37.6893573,-121.0291086,https://www.google.com/maps?cid=3859868203878199545,google_profile_only,,eligibility_review_block:ecda4f36d90bdc8a,singleton_profile,"Fill this row only when it is an exception to a reviewed group decision, or when its group is marked individual_review."
profile:NYC_NY_L:google:cid:6634882456670101173,NYC_NY_L,google:cid:6634882456670101173,3CK Complete Health & Family Dentistry,"139 Centre St, New York, NY 10013",business_listings|maps_core|maps_specialist,Dental clinic|Medical clinic,automatic_include|needs_category_review,unreviewed_or_conflicting_category_evidence,exclude_non_dentist_category|include_dental_provider,,,,,,eligibility_group:b5100c3d9e0ccdcb,include|manual_review,Dental clinic: Google category identifies a dental clinic || Medical clinic: Category alone does not establish whether dental care is provided,,dentistry,,,include_dental_provider,focused_category_conflict,at least one observed category has a frozen include rule,False,+1866-332-1454,,,6.0,40.7173995,-74.0007059,https://www.google.com/maps?cid=6634882456670101173,google_profile_only,,eligibility_review_block:78b0d96b424d0c50,singleton_profile,"Fill this row only when it is an exception to a reviewed group decision, or when its group is marked individual_review."
profile:SanFrancisco_CA_L:google:cid:10093308157411752934,SanFrancisco_CA_L,google:cid:10093308157411752934,Equity Health (FKA: South of Market Health Center),"229 7th St, San Francisco, CA 94103",business_listings|maps_core,Dental clinic|Medical clinic,automatic_include|needs_category_review,unreviewed_or_conflicting_category_evidence,exclude_non_dentist_category|include_dental_provider,,,,,,eligibility_group:b5100c3d9e0ccdcb,include|manual_review,Dental clinic: Google category identifies a dental clinic || Medical clinic: Category alone does not establish whether dental care is provided,,,,,include_dental_provider,focused_category_conflict,at least one observed category has a frozen include rule,False,+1415-503-6000,www.equityhealth.org,http://www.equityhealth.org/,203.0,37.7775431,-122.408618,https://www.google.com/maps?cid=10093308157411752934,website_then_google_profile,www.equityhealth.org,eligibility_review_block:bd4ca35789e83ced,singleton_profile,"Fill this row only when it is an exception to a reviewed group decision, or when its group is marked individual_review."
profile:Buffalo_NY_L:google:cid:12682816046732294410,Buffalo_NY_L,google:cid:12682816046732294410,"Community Health Center of Buffalo, Inc.","34 Benwood Ave, Buffalo, NY 14214",business_listings|maps_core|maps_specialist,Dental clinic|Doctor|Medical Center,automatic_include|needs_category_review,unreviewed_or_conflicting_category_evidence,exclude_non_dentist_category|include_dental_provider,,,,,,eligibility_group:b6cac6a6ad4fd119,include|manual_review,Dental clinic: Google category identifies a dental clinic || Doctor: Category alone does not establish a dentist clinic || Medical Center: Category alone does not establish whether dental care is provided,,,,,include_dental_provider,focused_category_conflict,at least one observed category has a frozen include rule,False,+1716-986-9199,www.chcb.net,http://www.chcb.net/,349.0,42.9420302,-78.8345519,https://www.google.com/maps?cid=12682816046732294410,website_then_google_profile,www.chcb.net,eligibility_review_block:a18fa85e5945e163,singleton_profile,"Fill this row only when it is an exception to a reviewed group decision, or when its group is marked individual_review."
profile:Buffalo_NY_L:google:cid:14404418594459482430,Buffalo_NY_L,google:cid:14404418594459482430,Buffalo Denture Care Services,"1389 Bailey Ave, Buffalo, NY 14206",business_listings|maps_core|maps_specialist,Dentist|Denture care center|Periodontist,automatic_include|needs_category_review,unreviewed_or_conflicting_category_evidence,exclude_non_dentist_category|include_dental_provider,,,,,,eligibility_group:b728695d69854e02,include|unknown,Dentist: Google category identifies a dentist || Periodontist: Dentist specialty included by the study taxonomy,Denture care center,,,,include_dental_provider,focused_category_conflict,at least one observed category has a frozen include rule,False,+1888-217-4937,,,10.0,42.8918387,-78.8136693,https://www.google.com/maps?cid=14404418594459482430,google_profile_only,,eligibility_review_block:98dd77e0092e07bf,singleton_profile,"Fill this row only when it is an exception to a reviewed group decision, or when its group is marked individual_review."
profile:Buffalo_NY_L:google:cid:14999402761544567565,Buffalo_NY_L,google:cid:14999402761544567565,Molina Healthcare of New York - Buffalo Enrollment Office,"446 Main St, Buffalo, NY 14202",maps_core,Health insurance agency,needs_category_review,unreviewed_or_conflicting_category_evidence,exclude_non_dentist_category|include_dental_provider,,,,,,eligibility_group:038e10c5e6f8567c,unknown,,Health insurance agency,,,insurance,exclude_non_dentist_category,focused_category_evidence,unconfigured category identifies an auxiliary or non-provider business,False,+1844-239-4911,www.molinahealthcare.com,https://www.molinahealthcare.com/members/ny/en-US/pages/home.aspx,22.0,42.8863977,-78.8745569,https://www.google.com/maps?cid=14999402761544567565,website_then_google_profile,www.molinahealthcare.com,eligibility_review_block:c743e3ab4c4449a7,singleton_profile,"Fill this row only when it is an exception to a reviewed group decision, or when its group is marked individual_review."
profile:Modesto_CA_M:google:cid:15300263323432157318,Modesto_CA_M,google:cid:15300263323432157318,Health Plan of San Joaquin,"1025 J St, Modesto, CA 95354",maps_core,Health insurance agency,needs_category_review,unreviewed_or_conflicting_category_evidence,exclude_non_dentist_category|include_dental_provider,,,,,,eligibility_group:038e10c5e6f8567c,unknown,,Health insurance agency,,,insurance,exclude_non_dentist_category,focused_category_evidence,unconfigured category identifies an auxiliary or non-provider business,False,+1209-942-6300,www.hpsj.com,http://www.hpsj.com/,10.0,37.6412491,-120.9997078,https://www.google.com/maps?cid=15300263323432157318,website_then_google_profile,www.hpsj.com,eligibility_review_block:9280573b17f7b52d,singleton_profile,"Fill this row only when it is an exception to a reviewed group decision, or when its group is marked individual_review."
profile:Augusta_GA_L:google:cid:6212271873494307269,Augusta_GA_L,google:cid:6212271873494307269,Dental College of Georgia,"1430 John Wesley Gilbert Drive, Augusta, GA 30912",maps_core|maps_specialist,Dental school,needs_category_review,unreviewed_or_conflicting_category_evidence,exclude_non_dentist_category|include_dental_provider,,,,,,eligibility_group:03aabea56f3fd971,unknown,,Dental school,dental,school_or_training,education,exclude_non_dentist_category,focused_category_evidence,unconfigured category identifies an auxiliary or non-provider business,False,+1706-721-2371,www.augusta.edu,http://www.augusta.edu/dentalmedicine,222.0,33.4668224,-81.9911013,https://www.google.com/maps?cid=6212271873494307269,website_then_google_profile,www.augusta.edu,eligibility_review_block:8cae2b3fb4cd7bdf,singleton_profile,"Fill this row only when it is an exception to a reviewed group decision, or when its group is marked individual_review."
profile:Buffalo_NY_L:google:cid:17653108616219652760,Buffalo_NY_L,google:cid:17653108616219652760,State University of New York at Buffalo School of Dental Medicine,"320 Hayes Rd, Buffalo, NY 14215",business_listings|maps_core,Dental school,needs_category_review,unreviewed_or_conflicting_category_evidence,exclude_non_dentist_category|include_dental_provider,,,,,,eligibility_group:03aabea56f3fd971,unknown,,Dental school,dental,school_or_training,education,exclude_non_dentist_category,focused_category_evidence,unconfigured category identifies an auxiliary or non-provider business,False,+1716-829-2824,dental.buffalo.edu,http://dental.buffalo.edu/,13.0,42.9545517,-78.8174951,https://www.google.com/maps?cid=17653108616219652760,website_then_google_profile,dental.buffalo.edu,eligibility_review_block:cd2be9a94aafdc5a,singleton_profile,"Fill this row only when it is an exception to a reviewed group decision, or when its group is marked individual_review."
profile:LA_CA_L:google:cid:13469792447363300883,LA_CA_L,google:cid:13469792447363300883,Global Dental Implant Academy,"11095 Knott Ave Suite ABC, Cypress, CA 90630",business_listings,Dental school,needs_category_review,unreviewed_or_conflicting_category_evidence,exclude_non_dentist_category|include_dental_provider,,,,,,eligibility_group:03aabea56f3fd971,unknown,,Dental school,dental,school_or_training,education,exclude_non_dentist_category,focused_category_evidence,unconfigured category identifies an auxiliary or non-provider business,False,+1323-617-4141,gdia.com,http://gdia.com/,8.0,33.8010993,-118.0130279,https://www.google.com/maps?cid=13469792447363300883,website_then_google_profile,gdia.com,eligibility_review_block:afd685c8235aa47a,singleton_profile,"Fill this row only when it is an exception to a reviewed group decision, or when its group is marked individual_review."
profile:LA_CA_L:google:cid:15189357900660175276,LA_CA_L,google:cid:15189357900660175276,UCLA School of Dentistry,"714 Tiverton Ave, Los Angeles, CA 90095",business_listings,Dental school,needs_category_review,unreviewed_or_conflicting_category_evidence,exclude_non_dentist_category|include_dental_provider,,,,,,eligibility_group:03aabea56f3fd971,unknown,,Dental school,dentistry,school_or_training,education,exclude_non_dentist_category,focused_category_evidence,unconfigured category identifies an auxiliary or non-provider business,False,+1310-206-3904,www.dentistry.ucla.edu,https://www.dentistry.ucla.edu/,356.0,34.0660738,-118.4420175,https://www.google.com/maps?cid=15189357900660175276,website_then_google_profile,www.dentistry.ucla.edu,eligibility_review_block:647f765acce00698,shared_domain_within_category_group,"Fill this row only when it is an exception to a reviewed group decision, or when its group is marked individual_review."
profile:LA_CA_L:google:cid:15156045830424764245,LA_CA_L,google:cid:15156045830424764245,Ucla School Of Dentistry,"90095, 10833 Le Conte Ave, Los Angeles, CA 90024",business_listings,Dental school,needs_category_review,unreviewed_or_conflicting_category_evidence,exclude_non_dentist_category|include_dental_provider,,,,,,eligibility_group:03aabea56f3fd971,unknown,,Dental school,dentistry,school_or_training,education,exclude_non_dentist_category,focused_category_evidence,unconfigured category identifies an auxiliary or non-provider business,False,,www.dentistry.ucla.edu,http://www.dentistry.ucla.edu/,6.0,34.0661214,-118.4420247,https://www.google.com/maps?cid=15156045830424764245,website_then_google_profile,www.dentistry.ucla.edu,eligibility_review_block:647f765acce00698,shared_domain_within_category_group,"Fill this row only when it is an exception to a reviewed group decision, or when its group is marked individual_review."
profile:NYC_NY_L:google:cid:15412192422553827058,NYC_NY_L,google:cid:15412192422553827058,Columbia University College of Dental Medicine,"622 W 168th St, New York, NY 10032",business_listings,Dental school,needs_category_review,unreviewed_or_conflicting_category_evidence,exclude_non_dentist_category|include_dental_provider,,,,,,eligibility_group:03aabea56f3fd971,unknown,,Dental school,dental,school_or_training,education,exclude_non_dentist_category,focused_category_evidence,unconfigured category identifies an auxiliary or non-provider business,False,+1212-305-6100,www.columbiadentalschool.com,http://www.columbiadentalschool.com/,379.0,40.841053,-73.9408874,https://www.google.com/maps?cid=15412192422553827058,website_then_google_profile,www.columbiadentalschool.com,eligibility_review_block:3904e733b68ab8d9,singleton_profile,"Fill this row only when it is an exception to a reviewed group decision, or when its group is marked individual_review."
profile:NYC_NY_L:google:cid:17147439378915426708,NYC_NY_L,google:cid:17147439378915426708,New York University College of Dentistry,"345 E 24th St, New York, NY 10010",business_listings,Dental school,needs_category_review,unreviewed_or_conflicting_category_evidence,exclude_non_dentist_category|include_dental_provider,,,,,,eligibility_group:03aabea56f3fd971,unknown,,Dental school,dentistry,school_or_training,education,exclude_non_dentist_category,focused_category_evidence,unconfigured category identifies an auxiliary or non-provider business,False,+1212-998-9800,dental.nyu.edu,http://dental.nyu.edu/,1293.0,40.7378213,-73.97840579999999,https://www.google.com/maps?cid=17147439378915426708,website_then_google_profile,dental.nyu.edu,eligibility_review_block:8ae3ebccef454414,singleton_profile,"Fill this row only when it is an exception to a reviewed group decision, or when its group is marked individual_review."
profile:SanFrancisco_CA_L:google:cid:11964296551902599073,SanFrancisco_CA_L,google:cid:11964296551902599073,TCP Implant Courses & Live Implant Training,"98 10th St, San Francisco, CA 94103",maps_core,Dental school,needs_category_review,unreviewed_or_conflicting_category_evidence,exclude_non_dentist_category|include_dental_provider,,,,,,eligibility_group:03aabea56f3fd971,unknown,,Dental school,,school_or_training,education,exclude_non_dentist_category,focused_category_evidence,unconfigured category identifies an auxiliary or non-provider business,False,+1628-225-3274,implantologycourses.com,https://implantologycourses.com/location/san-francisco-ca/,18.0,37.7754667,-122.4159471,https://www.google.com/maps?cid=11964296551902599073,website_then_google_profile,implantologycourses.com,eligibility_review_block:abe2063b44fdfba5,singleton_profile,"Fill this row only when it is an exception to a reviewed group decision, or when its group is marked individual_review."
profile:NYC_NY_L:google:cid:10426579078660064972,NYC_NY_L,google:cid:10426579078660064972,URvet Care - Upper East Side NYC,"1432 2nd Ave, New York, NY 10021",business_listings,Emergency veterinarian service,needs_category_review,unreviewed_or_conflicting_category_evidence,exclude_non_dentist_category|include_dental_provider,,,,,,eligibility_group:2073a0e934c168e6,unknown,,Emergency veterinarian service,,,veterinary,exclude_non_dentist_category,focused_category_evidence,unconfigured category identifies an auxiliary or non-provider business,False,+1646-535-9220,urvetcare.com,https://urvetcare.com/,225.0,40.7703025,-73.95690359999999,https://www.google.com/maps?cid=10426579078660064972,website_then_google_profile,urvetcare.com,eligibility_review_block:76b152b240c22525,singleton_profile,"Fill this row only when it is an exception to a reviewed group decision, or when its group is marked individual_review."
profile:NYC_NY_L:google:cid:6458159380476270644,NYC_NY_L,google:cid:6458159380476270644,URvet Care Medical Center - Astoria,"30-80 Steinway St, Astoria, NY 11103",business_listings,Emergency veterinarian service,needs_category_review,unreviewed_or_conflicting_category_evidence,exclude_non_dentist_category|include_dental_provider,,,,,,eligibility_group:2073a0e934c168e6,unknown,,Emergency veterinarian service,,medical,veterinary,exclude_non_dentist_category,focused_category_evidence,unconfigured category identifies an auxiliary or non-provider business,False,+1646-242-5200,www.urvetcare.com,https://www.urvetcare.com/,178.0,40.7619485,-73.9168498,https://www.google.com/maps?cid=6458159380476270644,website_then_google_profile,www.urvetcare.com,eligibility_review_block:132a2ae6e54fa5ab,singleton_profile,"Fill this row only when it is an exception to a reviewed group decision, or when its group is marked individual_review."
profile:Atlanta_GA_L:google:cid:14826937450612169934,Atlanta_GA_L,google:cid:14826937450612169934,Atlanta Veterinary Dentistry,"8097 Roswell Rd Bldg F, Atlanta, GA 30350",business_listings,Veterinarian,needs_category_review,unreviewed_or_conflicting_category_evidence,exclude_non_dentist_category|include_dental_provider,,,,,,eligibility_group:33340ba2db18c2ad,unknown,,Veterinarian,dentistry,veterinary,veterinary,exclude_non_dentist_category,focused_category_evidence,unconfigured category identifies an auxiliary or non-provider business,False,+1404-464-5510,atlantaveterinarydentistry.net,https://atlantaveterinarydentistry.net/,95.0,33.9732247,-84.3542749,https://www.google.com/maps?cid=14826937450612169934,website_then_google_profile,atlantaveterinarydentistry.net,eligibility_review_block:8c6d2956d67f4ec5,singleton_profile,"Fill this row only when it is an exception to a reviewed group decision, or when its group is marked individual_review."
profile:Atlanta_GA_L:google:cid:5043981146667545184,Atlanta_GA_L,google:cid:5043981146667545184,Veterinary Dental Center of Atlanta,"8097 Roswell Rd Bldg F, Atlanta, GA 30350",business_listings,Veterinarian,needs_category_review,unreviewed_or_conflicting_category_evidence,exclude_non_dentist_category|include_dental_provider,,,,,,eligibility_group:33340ba2db18c2ad,unknown,,Veterinarian,dental,veterinary,veterinary,exclude_non_dentist_category,focused_category_evidence,unconfigured category identifies an auxiliary or non-provider business,False,+1770-807-9435,vdcatlanta.com,https://vdcatlanta.com/,58.0,33.9732247,-84.3542749,https://www.google.com/maps?cid=5043981146667545184,website_then_google_profile,vdcatlanta.com,eligibility_review_block:fc5d9b40ea65d0b1,singleton_profile,"Fill this row only when it is an exception to a reviewed group decision, or when its group is marked individual_review."
profile:Buffalo_NY_L:google:cid:4708478448088972298,Buffalo_NY_L,google:cid:4708478448088972298,Ellicott Street Animal Hospital,"517 Ellicott St, Buffalo, NY 14203",maps_core,Veterinarian,needs_category_review,unreviewed_or_conflicting_category_evidence,exclude_non_dentist_category|include_dental_provider,,,,,,eligibility_group:33340ba2db18c2ad,unknown,,Veterinarian,,animal|hospital,veterinary,exclude_non_dentist_category,focused_category_evidence,unconfigured category identifies an auxiliary or non-provider business,False,+1716-852-8276,www.ellicottvets.com,https://www.ellicottvets.com/,824.0,42.892517,-78.869497,https://www.google.com/maps?cid=4708478448088972298,website_then_google_profile,www.ellicottvets.com,eligibility_review_block:5b0b4c8532959236,singleton_profile,"Fill this row only when it is an exception to a reviewed group decision, or when its group is marked individual_review."
profile:Eureka_CA_S:google:cid:15234039165892868140,Eureka_CA_S,google:cid:15234039165892868140,Myrtle Avenue Veterinary Hospital,"2390 Myrtle Avenue, Eureka, CA 95501",maps_core,Veterinarian,needs_category_review,unreviewed_or_conflicting_category_evidence,exclude_non_dentist_category|include_dental_provider,,,,,,eligibility_group:33340ba2db18c2ad,unknown,,Veterinarian,,veterinary|hospital,veterinary,exclude_non_dentist_category,focused_category_evidence,unconfigured category identifies an auxiliary or non-provider business,False,+1707-443-8686,www.myrtleavenuevet.com,http://www.myrtleavenuevet.com/,611.0,40.7856602,-124.1316847,https://www.google.com/maps?cid=15234039165892868140,website_then_google_profile,www.myrtleavenuevet.com,eligibility_review_block:f062262553b8f92b,singleton_profile,"Fill this row only when it is an exception to a reviewed group decision, or when its group is marked individual_review."
profile:LA_CA_L:google:cid:14042312314831859793,LA_CA_L,google:cid:14042312314831859793,"Dog and Cat Dentist, Inc.","20051 Ventura Blvd, Woodland Hills, CA 91364",business_listings,Veterinarian,needs_category_review,unreviewed_or_conflicting_category_evidence,exclude_non_dentist_category|include_dental_provider,,,,,,eligibility_group:33340ba2db18c2ad,unknown,,Veterinarian,dentist,pet_or_companion_animal,veterinary,exclude_non_dentist_category,focused_category_evidence,unconfigured category identifies an auxiliary or non-provider business,False,+1818-697-9757,www.dogandcatdentist.com,http://www.dogandcatdentist.com/?utm_source=GMBlisting&utm_medium=organic&utm_campaign=gmb,13.0,34.171751,-118.5704275,https://www.google.com/maps?cid=14042312314831859793,website_then_google_profile,www.dogandcatdentist.com,eligibility_review_block:f094e43d1178bc16,singleton_profile,"Fill this row only when it is an exception to a reviewed group decision, or when its group is marked individual_review."
profile:LA_CA_L:google:cid:2780829454184804647,LA_CA_L,google:cid:2780829454184804647,VetCheck Animal Hospital,"15618 Whittwood Ln Ste A, Whittier, CA 90603",business_listings,Veterinarian,needs_category_review,unreviewed_or_conflicting_category_evidence,exclude_non_dentist_category|include_dental_provider,,,,,,eligibility_group:33340ba2db18c2ad,unknown,,Veterinarian,,animal|hospital,veterinary,exclude_non_dentist_category,focused_category_evidence,unconfigured category identifies an auxiliary or non-provider business,False,+1833-838-2435,www.vetcheck24.com,https://www.vetcheck24.com/,20.0,33.9424043,-117.9956437,https://www.google.com/maps?cid=2780829454184804647,website_then_google_profile,www.vetcheck24.com,eligibility_review_block:c4f57e52569f91b6,singleton_profile,"Fill this row only when it is an exception to a reviewed group decision, or when its group is marked individual_review."
profile:NYC_NY_L:google:cid:15999846683421955017,NYC_NY_L,google:cid:15999846683421955017,Carroll Gardens Veterinary Group,"455 Court St, Brooklyn, NY 11231",business_listings,Veterinarian,needs_category_review,unreviewed_or_conflicting_category_evidence,exclude_non_dentist_category|include_dental_provider,,,,,,eligibility_group:33340ba2db18c2ad,unknown,,Veterinarian,,veterinary,veterinary,exclude_non_dentist_category,focused_category_evidence,unconfigured category identifies an auxiliary or non-provider business,False,+1718-875-7007,thegardenvet.com,http://thegardenvet.com/,276.0,40.6774155,-73.997993,https://www.google.com/maps?cid=15999846683421955017,website_then_google_profile,thegardenvet.com,eligibility_review_block:1ee3595ef100bf95,singleton_profile,"Fill this row only when it is an exception to a reviewed group decision, or when its group is marked individual_review."
profile:NYC_NY_L:google:cid:11555451915091950355,NYC_NY_L,google:cid:11555451915091950355,The Sunnyside Pet Healthcare & Dental Center,"47-04 Greenpoint Ave, Sunnyside, NY 11104",business_listings,Veterinarian,needs_category_review,unreviewed_or_conflicting_category_evidence,exclude_non_dentist_category|include_dental_provider,,,,,,eligibility_group:33340ba2db18c2ad,unknown,,Veterinarian,dental,pet_or_companion_animal,veterinary,exclude_non_dentist_category,focused_category_evidence,unconfigured category identifies an auxiliary or non-provider business,False,+1718-472-4600,sunnysidevet.com,http://sunnysidevet.com/,123.0,40.7424617,-73.9176957,https://www.google.com/maps?cid=11555451915091950355,website_then_google_profile,sunnysidevet.com,eligibility_review_block:688050a04022296a,singleton_profile,"Fill this row only when it is an exception to a reviewed group decision, or when its group is marked individual_review."
profile:Vidalia_GA_S:google:cid:14613503648955258273,Vidalia_GA_S,google:cid:14613503648955258273,Four Rivers Veterinary Center,"1901 Commerce Dr, Vidalia, GA 30474",maps_core,Veterinarian,needs_category_review,unreviewed_or_conflicting_category_evidence,exclude_non_dentist_category|include_dental_provider,,,,,,eligibility_group:33340ba2db18c2ad,unknown,,Veterinarian,,veterinary,veterinary,exclude_non_dentist_category,focused_category_evidence,unconfigured category identifies an auxiliary or non-provider business,False,+1912-535-8165,www.fourriversvet.com,http://www.fourriversvet.com/,373.0,32.2290071,-82.4467201,https://www.google.com/maps?cid=14613503648955258273,website_then_google_profile,www.fourriversvet.com,eligibility_review_block:f649b093dc2d489e,singleton_profile,"Fill this row only when it is an exception to a reviewed group decision, or when its group is marked individual_review."
profile:Vidalia_GA_S:google:cid:5048611281571284389,Vidalia_GA_S,google:cid:5048611281571284389,Vidalia Veterinary Clinic,"303 W 1st St, Vidalia, GA 30474",maps_core,Veterinarian,needs_category_review,unreviewed_or_conflicting_category_evidence,exclude_non_dentist_category|include_dental_provider,,,,,,eligibility_group:33340ba2db18c2ad,unknown,,Veterinarian,,veterinary,veterinary,exclude_non_dentist_category,focused_category_evidence,unconfigured category identifies an auxiliary or non-provider business,False,+1912-537-1069,www.vidaliaveterinaryclinic.com,http://www.vidaliaveterinaryclinic.com/,298.0,32.2192928,-82.4164128,https://www.google.com/maps?cid=5048611281571284389,website_then_google_profile,www.vidaliaveterinaryclinic.com,eligibility_review_block:15a7b34898716507,singleton_profile,"Fill this row only when it is an exception to a reviewed group decision, or when its group is marked individual_review."
profile:NYC_NY_L:google:cid:3013052381072058602,NYC_NY_L,google:cid:3013052381072058602,Park Dental Research Corporation,"19 W 34th St., New York, NY 10001",business_listings,Research foundation,needs_category_review,unreviewed_or_conflicting_category_evidence,exclude_non_dentist_category|include_dental_provider,,,,,,eligibility_group:47e685e7f3898679,unknown,,Research foundation,dental,,research_or_sales,exclude_non_dentist_category,focused_category_evidence,unconfigured category identifies an auxiliary or non-provider business,False,+1800-243-7372,www.parkdentalresearch.com,http://www.parkdentalresearch.com/,,40.7492694,-73.98560619999999,https://www.google.com/maps?cid=3013052381072058602,website_then_google_profile,www.parkdentalresearch.com,eligibility_review_block:8be9425ce3c720f5,singleton_profile,"Fill this row only when it is an exception to a reviewed group decision, or when its group is marked individual_review."
profile:NYC_NY_L:google:cid:425119728771502051,NYC_NY_L,google:cid:425119728771502051,DC 37 Health Center,"115 Chambers St, New York, NY 10007",maps_core,Dental insurance agency,needs_category_review,unreviewed_or_conflicting_category_evidence,exclude_non_dentist_category|include_dental_provider,,,,,,eligibility_group:62ebc388157a2b70,unknown,,Dental insurance agency,,,insurance,exclude_non_dentist_category,focused_category_evidence,unconfigured category identifies an auxiliary or non-provider business,False,+1212-766-4440,www.dc37.net,http://www.dc37.net/,39.0,40.7153207,-74.008331,https://www.google.com/maps?cid=425119728771502051,website_then_google_profile,www.dc37.net,eligibility_review_block:566fe16447bbdddb,singleton_profile,"Fill this row only when it is an exception to a reviewed group decision, or when its group is marked individual_review."
profile:LA_CA_L:google:cid:10072456300286438869,LA_CA_L,google:cid:10072456300286438869,"Dunkel Dental Services & Equipment Sales, Inc.","24612 Pine St, Santa Clarita, CA 91321",business_listings,Dental supply store,needs_category_review,unreviewed_or_conflicting_category_evidence,exclude_non_dentist_category|include_dental_provider,,,,,,eligibility_group:73ecfba8f12eba34,unknown,,Dental supply store,dental,equipment_sales,dental_supply,exclude_non_dentist_category,focused_category_evidence,unconfigured category identifies an auxiliary or non-provider business,False,+1661-476-2559,www.dunkeldentalserviceca.com,http://www.dunkeldentalserviceca.com/,2.0,34.3844214,-118.5300482,https://www.google.com/maps?cid=10072456300286438869,website_then_google_profile,www.dunkeldentalserviceca.com,eligibility_review_block:67bcb1f76b407156,singleton_profile,"Fill this row only when it is an exception to a reviewed group decision, or when its group is marked individual_review."
profile:LA_CA_L:google:cid:1411755430182435803,LA_CA_L,google:cid:1411755430182435803,"OJG Health Products, Inc","10515 Balboa Blvd #175, Granada Hills, CA 91344",business_listings,Dental supply store,needs_category_review,unreviewed_or_conflicting_category_evidence,exclude_non_dentist_category|include_dental_provider,,,,,,eligibility_group:73ecfba8f12eba34,unknown,,Dental supply store,,,dental_supply,exclude_non_dentist_category,focused_category_evidence,unconfigured category identifies an auxiliary or non-provider business,False,+1818-368-3412,,,1.0,34.2613724,-118.5027182,https://www.google.com/maps?cid=1411755430182435803,google_profile_only,,eligibility_review_block:29f0497a195ca13a,singleton_profile,"Fill this row only when it is an exception to a reviewed group decision, or when its group is marked individual_review."
profile:SanFrancisco_CA_L:google:cid:1136265689670014385,SanFrancisco_CA_L,google:cid:1136265689670014385,EDT,"500 Sansome St #604, San Francisco, CA 94111",business_listings,Dental supply store,needs_category_review,unreviewed_or_conflicting_category_evidence,exclude_non_dentist_category|include_dental_provider,,,,,,eligibility_group:73ecfba8f12eba34,unknown,,Dental supply store,,,dental_supply,exclude_non_dentist_category,focused_category_evidence,unconfigured category identifies an auxiliary or non-provider business,False,+1415-781-1976,,,,37.795164,-122.4012306,https://www.google.com/maps?cid=1136265689670014385,google_profile_only,,eligibility_review_block:1e00a9758869e816,singleton_profile,"Fill this row only when it is an exception to a reviewed group decision, or when its group is marked individual_review."
profile:Eureka_CA_S:google:cid:13691425450444065534,Eureka_CA_S,google:cid:13691425450444065534,Humboldt Spay/Neuter Clinic,"2606 Myrtle Avenue, Eureka, CA 95501",maps_core,Veterinary care,needs_category_review,unreviewed_or_conflicting_category_evidence,exclude_non_dentist_category|include_dental_provider,,,,,,eligibility_group:7d6616894d81e917,unknown,,Veterinary care,,,veterinary,exclude_non_dentist_category,focused_category_evidence,unconfigured category identifies an auxiliary or non-provider business,False,+1707-442-7729,spayhumboldt.org,http://spayhumboldt.org/,220.0,40.782577,-124.128691,https://www.google.com/maps?cid=13691425450444065534,website_then_google_profile,spayhumboldt.org,eligibility_review_block:8934aa7eaec042f5,singleton_profile,"Fill this row only when it is an exception to a reviewed group decision, or when its group is marked individual_review."
profile:LA_CA_L:google:cid:1140174246573374673,LA_CA_L,google:cid:1140174246573374673,"Dog and Cat Dentist, Inc.","9599 Jefferson Blvd, Culver City, CA 90232",business_listings,Veterinary care,needs_category_review,unreviewed_or_conflicting_category_evidence,exclude_non_dentist_category|include_dental_provider,,,,,,eligibility_group:7d6616894d81e917,unknown,,Veterinary care,dentist,pet_or_companion_animal,veterinary,exclude_non_dentist_category,focused_category_evidence,unconfigured category identifies an auxiliary or non-provider business,False,+1424-373-5002,www.dogandcatdentist.com,http://www.dogandcatdentist.com/?utm_source=GMBlisting&utm_medium=organic&utm_campaign=gmb,25.0,34.0173571,-118.3883189,https://www.google.com/maps?cid=1140174246573374673,website_then_google_profile,www.dogandcatdentist.com,eligibility_review_block:4b2f5d9bcc07a2c7,singleton_profile,"Fill this row only when it is an exception to a reviewed group decision, or when its group is marked individual_review."
profile:Buffalo_NY_L:google:cid:15287270071867544428,Buffalo_NY_L,google:cid:15287270071867544428,"Apex Dental Solutions, LLC","8600 Sheridan Dr, Williamsville, NY 14221",business_listings,Marketing agency,needs_category_review,unreviewed_or_conflicting_category_evidence,exclude_non_dentist_category|include_dental_provider,,,,,,eligibility_group:808631f70ae4a1e8,unknown,,Marketing agency,dental,,software_or_marketing,exclude_non_dentist_category,focused_category_evidence,unconfigured category identifies an auxiliary or non-provider business,False,+1716-833-0038,www.apexdentalsolutions.com,https://www.apexdentalsolutions.com/,8.0,42.9785464,-78.671543,https://www.google.com/maps?cid=15287270071867544428,website_then_google_profile,www.apexdentalsolutions.com,eligibility_review_block:26ccbac8f6aeb4f5,singleton_profile,"Fill this row only when it is an exception to a reviewed group decision, or when its group is marked individual_review."
profile:Modesto_CA_M:google:cid:17135547689108652897,Modesto_CA_M,google:cid:17135547689108652897,A-Team Dental Staffing L.L.C,"931 10th St Ste 265, Modesto, CA 95354",maps_core|maps_specialist,Temp agency,needs_category_review,unreviewed_or_conflicting_category_evidence,exclude_non_dentist_category|include_dental_provider,,,,,,eligibility_group:8a9abdffe9a03d11,unknown,,Temp agency,dental,staffing,staffing,exclude_non_dentist_category,focused_category_evidence,unconfigured category identifies an auxiliary or non-provider business,False,+1209-497-8288,www.a-teamdentalstaffing.com,http://www.a-teamdentalstaffing.com/,14.0,37.63985,-121.0000508,https://www.google.com/maps?cid=17135547689108652897,website_then_google_profile,www.a-teamdentalstaffing.com,eligibility_review_block:e1ddf6de11b1127a,singleton_profile,"Fill this row only when it is an exception to a reviewed group decision, or when its group is marked individual_review."
profile:Buffalo_NY_L:google:cid:7188245865820882796,Buffalo_NY_L,google:cid:7188245865820882796,"Ivoclar Vivadent, Inc.","175 Pineview Dr, Buffalo, NY 14228",business_listings,Manufacturer,needs_category_review,unreviewed_or_conflicting_category_evidence,exclude_non_dentist_category|include_dental_provider,,,,,,eligibility_group:96cb5028b66511b9,unknown,,Manufacturer,,,manufacturer,exclude_non_dentist_category,focused_category_evidence,unconfigured category identifies an auxiliary or non-provider business,False,+1800-533-6825,www.ivoclar.com,https://www.ivoclar.com/en_us,7.0,43.0274051,-78.8022915,https://www.google.com/maps?cid=7188245865820882796,website_then_google_profile,www.ivoclar.com,eligibility_review_block:7baf1bf3f7845bb8,singleton_profile,"Fill this row only when it is an exception to a reviewed group decision, or when its group is marked individual_review."
profile:LA_CA_L:google:cid:15046459923282137820,LA_CA_L,google:cid:15046459923282137820,Global Academy of Oral Implantology,"9100 Wilshire Blvd W710, Beverly Hills, CA 90212",business_listings,Educational institution,needs_category_review,unreviewed_or_conflicting_category_evidence,exclude_non_dentist_category|include_dental_provider,,,,,,eligibility_group:a5d78c435f0148a2,unknown,,Educational institution,,school_or_training,education,exclude_non_dentist_category,focused_category_evidence,unconfigured category identifies an auxiliary or non-provider business,False,+1310-896-4964,implantedu.org,https://implantedu.org/,1.0,34.0666697,-118.3900661,https://www.google.com/maps?cid=15046459923282137820,website_then_google_profile,implantedu.org,eligibility_review_block:117f4efd596ec39b,singleton_profile,"Fill this row only when it is an exception to a reviewed group decision, or when its group is marked individual_review."
profile:LA_CA_L:google:cid:16458988322556177375,LA_CA_L,google:cid:16458988322556177375,Global Dental Assistant Program.,"7136 Haskell Ave #217, Van Nuys, CA 91406",business_listings,Educational institution,needs_category_review,unreviewed_or_conflicting_category_evidence,exclude_non_dentist_category|include_dental_provider,,,,,,eligibility_group:a5d78c435f0148a2,unknown,,Educational institution,dental,school_or_training,education,exclude_non_dentist_category,focused_category_evidence,unconfigured category identifies an auxiliary or non-provider business,False,+1818-787-6060,globaldentalassisting.com,http://globaldentalassisting.com/,12.0,34.2002284,-118.4746604,https://www.google.com/maps?cid=16458988322556177375,website_then_google_profile,globaldentalassisting.com,eligibility_review_block:383186ec58e119e1,singleton_profile,"Fill this row only when it is an exception to a reviewed group decision, or when its group is marked individual_review."
profile:Augusta_GA_L:google:cid:12137716057317078040,Augusta_GA_L,google:cid:12137716057317078040,Top Dentists LLC,"961 Broad St, Augusta, GA 30901",maps_core|maps_specialist,Market researcher,needs_category_review,unreviewed_or_conflicting_category_evidence,exclude_non_dentist_category|include_dental_provider,,,,,,eligibility_group:c85032f10b2ddde9,unknown,,Market researcher,dentist,,research_or_sales,exclude_non_dentist_category,focused_category_evidence,unconfigured category identifies an auxiliary or non-provider business,False,+1706-364-0853,www.usatopdentists.com,https://www.usatopdentists.com/?utm_source=gbp&utm_medium=organic&utm_campaign=gmb_listing,2.0,33.4767694,-81.9690298,https://www.google.com/maps?cid=12137716057317078040,website_then_google_profile,www.usatopdentists.com,eligibility_review_block:162be30397e15c7b,singleton_profile,"Fill this row only when it is an exception to a reviewed group decision, or when its group is marked individual_review."
profile:Buffalo_NY_L:google:cid:355931956425941180,Buffalo_NY_L,google:cid:355931956425941180,McClelland Small Animal Hospital,"455 Ellicott St, Buffalo, NY 14203",maps_core,Animal hospital,needs_category_review,unreviewed_or_conflicting_category_evidence,exclude_non_dentist_category|include_dental_provider,,,,,,eligibility_group:d1bdc0276582982d,unknown,,Animal hospital,,animal|hospital,animal_provider,exclude_non_dentist_category,focused_category_evidence,unconfigured category identifies an auxiliary or non-provider business,False,+1716-847-0181,mcclellandsah.com,https://mcclellandsah.com/,489.0,42.8907443,-78.8700021,https://www.google.com/maps?cid=355931956425941180,website_then_google_profile,mcclellandsah.com,eligibility_review_block:e105364796fc5635,singleton_profile,"Fill this row only when it is an exception to a reviewed group decision, or when its group is marked individual_review."
profile:Eureka_CA_S:google:cid:17288488438933510604,Eureka_CA_S,google:cid:17288488438933510604,Broadway Animal Hospital,"3700 Broadway St, Eureka, CA 95503",maps_core,Animal hospital,needs_category_review,unreviewed_or_conflicting_category_evidence,exclude_non_dentist_category|include_dental_provider,,,,,,eligibility_group:d1bdc0276582982d,unknown,,Animal hospital,,animal|hospital,animal_provider,exclude_non_dentist_category,focused_category_evidence,unconfigured category identifies an auxiliary or non-provider business,False,+1707-442-5717,broadwayanimal.org,http://broadwayanimal.org/,319.0,40.7728485,-124.1914423,https://www.google.com/maps?cid=17288488438933510604,website_then_google_profile,broadwayanimal.org,eligibility_review_block:a1ba8e8cf427530a,singleton_profile,"Fill this row only when it is an exception to a reviewed group decision, or when its group is marked individual_review."
profile:Eureka_CA_S:google:cid:11050925436210414761,Eureka_CA_S,google:cid:11050925436210414761,Healing Spirit Animal Wellness Center,"7650 Myrtle Avenue, Eureka, CA 95503",maps_core,Animal hospital,needs_category_review,unreviewed_or_conflicting_category_evidence,exclude_non_dentist_category|include_dental_provider,,,,,,eligibility_group:d1bdc0276582982d,unknown,,Animal hospital,,animal,animal_provider,exclude_non_dentist_category,focused_category_evidence,unconfigured category identifies an auxiliary or non-provider business,False,+1707-822-8387,healingspiritvet.com,https://healingspiritvet.com/,142.0,40.810514,-124.0848203,https://www.google.com/maps?cid=11050925436210414761,website_then_google_profile,healingspiritvet.com,eligibility_review_block:f9ceef78699a0dd3,singleton_profile,"Fill this row only when it is an exception to a reviewed group decision, or when its group is marked individual_review."
profile:Macon_GA_M:google:cid:1164194923902499357,Macon_GA_M,google:cid:1164194923902499357,Hudspeth Animal Hospital,"510 Pio Nono Ave, Macon, GA 31204",maps_core,Animal hospital,needs_category_review,unreviewed_or_conflicting_category_evidence,exclude_non_dentist_category|include_dental_provider,,,,,,eligibility_group:d1bdc0276582982d,unknown,,Animal hospital,,animal|hospital,animal_provider,exclude_non_dentist_category,focused_category_evidence,unconfigured category identifies an auxiliary or non-provider business,False,+1478-742-8766,www.hudspethanimalhospital.com,https://www.hudspethanimalhospital.com/,765.0,32.841693,-83.662081,https://www.google.com/maps?cid=1164194923902499357,website_then_google_profile,www.hudspethanimalhospital.com,eligibility_review_block:82168cd18f5de654,singleton_profile,"Fill this row only when it is an exception to a reviewed group decision, or when its group is marked individual_review."
profile:Buffalo_NY_L:google:cid:15534335769424063628,Buffalo_NY_L,google:cid:15534335769424063628,ABEL Dental Software Inc,"50 Fountain Plz #1400, Buffalo, NY 14202",maps_core|maps_specialist,Software company,needs_category_review,unreviewed_or_conflicting_category_evidence,exclude_non_dentist_category|include_dental_provider,,,,,,eligibility_group:dfee5c9d3f99f6c3,unknown,,Software company,dental,software,software_or_marketing,exclude_non_dentist_category,focused_category_evidence,unconfigured category identifies an auxiliary or non-provider business,False,+1800-267-2235,www.abeldent.com,https://www.abeldent.com/,7.0,42.8899897,-78.87379729999999,https://www.google.com/maps?cid=15534335769424063628,website_then_google_profile,www.abeldent.com,eligibility_review_block:6815bb6584da8011,singleton_profile,"Fill this row only when it is an exception to a reviewed group decision, or when its group is marked individual_review."
profile:NYC_NY_L:google:cid:86366606213307897,NYC_NY_L,google:cid:86366606213307897,"Fabysmiles – Dental, Medical, Medspa & Aesthetic Recruitment","211 E 43rd St, New York, NY 10017",business_listings,Employment agency,needs_category_review,unreviewed_or_conflicting_category_evidence,exclude_non_dentist_category|include_dental_provider,,,,,,eligibility_group:f49cde5c98362481,unknown,,Employment agency,dental,medical,staffing,exclude_non_dentist_category,focused_category_evidence,unconfigured category identifies an auxiliary or non-provider business,False,+1929-324-6966,www.fabysmiles.com,https://www.fabysmiles.com/,10.0,40.7553135,-73.9779345,https://www.google.com/maps?cid=86366606213307897,website_then_google_profile,www.fabysmiles.com,eligibility_review_block:ecfa22363c9a8dd2,singleton_profile,"Fill this row only when it is an exception to a reviewed group decision, or when its group is marked individual_review."
profile:Macon_GA_M:google:cid:15348972201900678381,Macon_GA_M,google:cid:15348972201900678381,Meservey & Associates,"830 Mulberry St Ste 104, Macon, GA 31201",maps_core,Insurance agency,needs_category_review,unreviewed_or_conflicting_category_evidence,exclude_non_dentist_category|include_dental_provider,,,,,,eligibility_group:f7c843be67e281eb,unknown,,Insurance agency,,,insurance,exclude_non_dentist_category,focused_category_evidence,unconfigured category identifies an auxiliary or non-provider business,False,+1478-254-4209,meserveyinsurance.com,https://meserveyinsurance.com/,95.0,32.8396712,-83.63172929999999,https://www.google.com/maps?cid=15348972201900678381,website_then_google_profile,meserveyinsurance.com,eligibility_review_block:d1fd82a393eea705,singleton_profile,"Fill this row only when it is an exception to a reviewed group decision, or when its group is marked individual_review."
profile:NYC_NY_L:google:cid:5828700512640996947,NYC_NY_L,google:cid:5828700512640996947,NY Dental Insurance Quotes,"2040 Ralph Ave, Brooklyn, NY 11234",business_listings,Insurance agency,needs_category_review,unreviewed_or_conflicting_category_evidence,exclude_non_dentist_category|include_dental_provider,,,,,,eligibility_group:f7c843be67e281eb,unknown,,Insurance agency,dental,insurance,insurance,exclude_non_dentist_category,focused_category_evidence,unconfigured category identifies an auxiliary or non-provider business,False,+1718-763-3535,,,,40.6277524,-73.9184497,https://www.google.com/maps?cid=5828700512640996947,google_profile_only,,eligibility_review_block:62f9d99b009a5fed,singleton_profile,"Fill this row only when it is an exception to a reviewed group decision, or when its group is marked individual_review."
profile:Buffalo_NY_L:google:cid:14624434527722302725,Buffalo_NY_L,google:cid:14624434527722302725,Lighthouse Free Medical Clinic,"34 Benwood Ave, Buffalo, NY 14214",maps_core,Free clinic,needs_category_review,unreviewed_or_conflicting_category_evidence,exclude_non_dentist_category|include_dental_provider,,,,,,eligibility_group:192e3304f6009b7f,manual_review,Free clinic: Category alone does not establish whether dental care is provided,,,medical,,exclude_non_dentist_category,focused_title_evidence,non-dental title signal with no configured final category rule,False,+1716-222-0805,www.lighthousefreemedicalclinic.com,http://www.lighthousefreemedicalclinic.com/,16.0,42.9420658,-78.8342685,https://www.google.com/maps?cid=14624434527722302725,website_then_google_profile,www.lighthousefreemedicalclinic.com,eligibility_review_block:411a2c3d580b223c,singleton_profile,"Fill this row only when it is an exception to a reviewed group decision, or when its group is marked individual_review."
profile:NYC_NY_L:google:cid:6100373059996867428,NYC_NY_L,google:cid:6100373059996867428,First Medcare Medical Clinic,"8707 Flatlands Ave, Brooklyn, NY 11236",business_listings,Medical group,needs_category_review,unreviewed_or_conflicting_category_evidence,exclude_non_dentist_category|include_dental_provider,,,,,,eligibility_group:1fa47dbf03af3215,manual_review,Medical group: Category alone does not establish whether dental care is provided,,,medical,,exclude_non_dentist_category,focused_title_evidence,non-dental title signal with no configured final category rule,False,+1718-257-7777,www.firstmedcare.com,http://www.firstmedcare.com/?utm_campaign=gmb,266.0,40.6391826,-73.908104,https://www.google.com/maps?cid=6100373059996867428,website_then_google_profile,www.firstmedcare.com,eligibility_review_block:ea960b38872e0321,singleton_profile,"Fill this row only when it is an exception to a reviewed group decision, or when its group is marked individual_review."
profile:NYC_NY_L:google:cid:14788709628859883195,NYC_NY_L,google:cid:14788709628859883195,Medical Practice Administrator,"F.D.R Station, 909 3rd Ave, New York, NY 10150",business_listings,Medical group,needs_category_review,unreviewed_or_conflicting_category_evidence,exclude_non_dentist_category|include_dental_provider,,,,,,eligibility_group:1fa47dbf03af3215,manual_review,Medical group: Category alone does not establish whether dental care is provided,,,medical,,exclude_non_dentist_category,focused_title_evidence,non-dental title signal with no configured final category rule,False,+1646-926-0402,,,,40.7583293,-73.96798869999999,https://www.google.com/maps?cid=14788709628859883195,google_profile_only,,eligibility_review_block:053546d1b5cf24de,singleton_profile,"Fill this row only when it is an exception to a reviewed group decision, or when its group is marked individual_review."
profile:NYC_NY_L:google:cid:6563437070851777575,NYC_NY_L,google:cid:6563437070851777575,"King Chong Chan, DMD","622 W 168th St, New York, NY 10032",business_listings,Radiologist,needs_category_review,unreviewed_or_conflicting_category_evidence,exclude_non_dentist_category|include_dental_provider,,,,,,eligibility_group:24b84cf81d363dd1,unknown,,Radiologist,dmd,,,include_dental_provider,focused_title_evidence,dental title signal with no configured include category,False,+1212-305-4552,doctors.columbia.edu,https://doctors.columbia.edu/us/ny/new-york/king-chong-chan-dmd-622-west-168th-street?utm_source=yextgmb&utm_medium=organic&utm_campaign=yext_doctor_listings,7.0,40.8412071,-73.941045,https://www.google.com/maps?cid=6563437070851777575,website_then_google_profile,doctors.columbia.edu,eligibility_review_block:86db2b541b44ffad,singleton_profile,"Fill this row only when it is an exception to a reviewed group decision, or when its group is marked individual_review."
profile:LA_CA_L:google:cid:8654275743702524094,LA_CA_L,google:cid:8654275743702524094,Mark Wienberg DDS,"14431 1/2 Ventura Blvd, Sherman Oaks, CA 91423",business_listings,General practitioner,needs_category_review,unreviewed_or_conflicting_category_evidence,exclude_non_dentist_category|include_dental_provider,,,,,,eligibility_group:2897f4835d55a24e,unknown,,General practitioner,dds,,,include_dental_provider,focused_title_evidence,dental title signal with no configured include category,False,+1818-789-3508,www.shermanoakscosmetic.dentist,http://www.shermanoakscosmetic.dentist/,8.0,34.1507966,-118.4470206,https://www.google.com/maps?cid=8654275743702524094,website_then_google_profile,www.shermanoakscosmetic.dentist,eligibility_review_block:7d63f4b2365b8618,singleton_profile,"Fill this row only when it is an exception to a reviewed group decision, or when its group is marked individual_review."
profile:NYC_NY_L:google:cid:7149865794800718825,NYC_NY_L,google:cid:7149865794800718825,Emergency Dentist,"2200 85th St, Brooklyn, NY 11214",business_listings,General practitioner,needs_category_review,unreviewed_or_conflicting_category_evidence,exclude_non_dentist_category|include_dental_provider,,,,,,eligibility_group:2897f4835d55a24e,unknown,,General practitioner,dentist,,,include_dental_provider,focused_title_evidence,dental title signal with no configured include category,False,+1718-236-1165,,,19.0,40.6022352,-73.99304289999999,https://www.google.com/maps?cid=7149865794800718825,google_profile_only,,eligibility_review_block:c31b02133ecab026,singleton_profile,"Fill this row only when it is an exception to a reviewed group decision, or when its group is marked individual_review."
profile:NYC_NY_L:google:cid:2393560917753722612,NYC_NY_L,google:cid:2393560917753722612,Epel Lidia M DDS,"165 N Village Ave Apartment 102, Rockville Centre, NY 11570",business_listings,General practitioner,needs_category_review,unreviewed_or_conflicting_category_evidence,exclude_non_dentist_category|include_dental_provider,,,,,,eligibility_group:2897f4835d55a24e,unknown,,General practitioner,dds,,,include_dental_provider,focused_title_evidence,dental title signal with no configured include category,False,+1516-766-6430,,,1.0,40.6626122,-73.6476022,https://www.google.com/maps?cid=2393560917753722612,google_profile_only,,eligibility_review_block:525886965694f466,singleton_profile,"Fill this row only when it is an exception to a reviewed group decision, or when its group is marked individual_review."
profile:Atlanta_GA_L:google:cid:7070886758225630371,Atlanta_GA_L,google:cid:7070886758225630371,Reilly Dental,"1150 Hammond Dr, Atlanta, GA 30328",business_listings,Medical clinic,needs_category_review,unreviewed_or_conflicting_category_evidence,exclude_non_dentist_category|include_dental_provider,,,,,,eligibility_group:3a576676bc82902a,manual_review,Medical clinic: Category alone does not establish whether dental care is provided,,dental,,,include_dental_provider,focused_title_evidence,dental title signal with no configured include category,False,+1770-395-6422,www.perimeterdentalassociates.com,http://www.perimeterdentalassociates.com/,4.0,33.9195816,-84.349186,https://www.google.com/maps?cid=7070886758225630371,website_then_google_profile,www.perimeterdentalassociates.com,eligibility_review_block:1202c6e3a16a4b9b,singleton_profile,"Fill this row only when it is an exception to a reviewed group decision, or when its group is marked individual_review."
profile:LA_CA_L:google:cid:6765652841990826441,LA_CA_L,google:cid:6765652841990826441,Altadena Dental Center,"2036 Lincoln Ave, Pasadena, CA 91103",business_listings,Medical clinic,needs_category_review,unreviewed_or_conflicting_category_evidence,exclude_non_dentist_category|include_dental_provider,,,,,,eligibility_group:3a576676bc82902a,manual_review,Medical clinic: Category alone does not establish whether dental care is provided,,dental,,,include_dental_provider,focused_title_evidence,dental title signal with no configured include category,False,+1888-217-4563,yellowdoctors.com,https://yellowdoctors.com/pasadena/dentist/altadena-dental-center/,20.0,34.1807292,-118.1593906,https://www.google.com/maps?cid=6765652841990826441,website_then_google_profile,yellowdoctors.com,eligibility_review_block:4f86c97fb3c99fe0,singleton_profile,"Fill this row only when it is an exception to a reviewed group decision, or when its group is marked individual_review."
profile:LA_CA_L:google:cid:16992949408117753400,LA_CA_L,google:cid:16992949408117753400,DENTAL CLINIC LLC,"6933 Santa Monica Blvd, Los Angeles, CA 90038",maps_core,Medical clinic,needs_category_review,unreviewed_or_conflicting_category_evidence,exclude_non_dentist_category|include_dental_provider,,,,,,eligibility_group:3a576676bc82902a,manual_review,Medical clinic: Category alone does not establish whether dental care is provided,,dental,,,include_dental_provider,focused_title_evidence,dental title signal with no configured include category,False,+1888-217-4563,,,,34.0911664,-118.3410796,https://www.google.com/maps?cid=16992949408117753400,google_profile_only,,eligibility_review_block:b29367ba7e998ead,singleton_profile,"Fill this row only when it is an exception to a reviewed group decision, or when its group is marked individual_review."
profile:LA_CA_L:google:cid:5575033927774697783,LA_CA_L,google:cid:5575033927774697783,Golden Care Dentistry,"6330 Van Nuys Blvd b, Van Nuys, CA 91401",business_listings,Medical clinic,needs_category_review,unreviewed_or_conflicting_category_evidence,exclude_non_dentist_category|include_dental_provider,,,,,,eligibility_group:3a576676bc82902a,manual_review,Medical clinic: Category alone does not establish whether dental care is provided,,dentistry,,,include_dental_provider,focused_title_evidence,dental title signal with no configured include category,False,+1818-785-9944,www.goldencaredentistry.com,http://www.goldencaredentistry.com/,15.0,34.1855368,-118.4484999,https://www.google.com/maps?cid=5575033927774697783,website_then_google_profile,www.goldencaredentistry.com,eligibility_review_block:073c44414e107f2a,singleton_profile,"Fill this row only when it is an exception to a reviewed group decision, or when its group is marked individual_review."
profile:LA_CA_L:google:cid:3671213163963232519,LA_CA_L,google:cid:3671213163963232519,Ladera Dental,"5814 Obama Blvd, Los Angeles, CA 90016",business_listings,Medical clinic,needs_category_review,unreviewed_or_conflicting_category_evidence,exclude_non_dentist_category|include_dental_provider,,,,,,eligibility_group:3a576676bc82902a,manual_review,Medical clinic: Category alone does not establish whether dental care is provided,,dental,,,include_dental_provider,focused_title_evidence,dental title signal with no configured include category,False,+1866-228-6229,www.danishwardentistry.com,https://www.danishwardentistry.com/,34.0,34.0211942,-118.3729774,https://www.google.com/maps?cid=3671213163963232519,website_then_google_profile,www.danishwardentistry.com,eligibility_review_block:daf2e5c4b7231b8d,singleton_profile,"Fill this row only when it is an exception to a reviewed group decision, or when its group is marked individual_review."
profile:Macon_GA_M:google:cid:8002298691966476598,Macon_GA_M,google:cid:8002298691966476598,Ford and Ivey Family Dentistry,"1902 Forsyth St, Macon, GA 31201",business_listings|maps_core|maps_specialist,Medical clinic,needs_category_review,unreviewed_or_conflicting_category_evidence,exclude_non_dentist_category|include_dental_provider,,,,,,eligibility_group:3a576676bc82902a,manual_review,Medical clinic: Category alone does not establish whether dental care is provided,,dentistry,,,include_dental_provider,focused_title_evidence,dental title signal with no configured include category,False,+1833-956-2648,www.fordandiveyfamilydentistry.com,http://www.fordandiveyfamilydentistry.com/,6.0,32.8399098,-83.6475372,https://www.google.com/maps?cid=8002298691966476598,website_then_google_profile,www.fordandiveyfamilydentistry.com,eligibility_review_block:4ebce006d85b7f60,singleton_profile,"Fill this row only when it is an exception to a reviewed group decision, or when its group is marked individual_review."
profile:Macon_GA_M:google:cid:2901706586290473193,Macon_GA_M,google:cid:2901706586290473193,Macon Oral & Maxillofacial Surgery,"2060 Bowman Pk, Macon, GA 31210",business_listings|maps_core|maps_specialist,Medical clinic,needs_category_review,unreviewed_or_conflicting_category_evidence,exclude_non_dentist_category|include_dental_provider,,,,,,eligibility_group:3a576676bc82902a,manual_review,Medical clinic: Category alone does not establish whether dental care is provided,,maxillofacial,,,include_dental_provider,focused_title_evidence,dental title signal with no configured include category,False,+1478-471-9779,www.maconoms.com,http://www.maconoms.com/,38.0,32.9238524,-83.72686759999999,https://www.google.com/maps?cid=2901706586290473193,website_then_google_profile,www.maconoms.com,eligibility_review_block:20f7b5dcf0a22dee,singleton_profile,"Fill this row only when it is an exception to a reviewed group decision, or when its group is marked individual_review."
profile:NYC_NY_L:google:cid:17004471597383832894,NYC_NY_L,google:cid:17004471597383832894,Clinton Hill Dental,"136 St James Pl, Brooklyn, NY 11238",business_listings,Medical clinic,needs_category_review,unreviewed_or_conflicting_category_evidence,exclude_non_dentist_category|include_dental_provider,,,,,,eligibility_group:3a576676bc82902a,manual_review,Medical clinic: Category alone does not establish whether dental care is provided,,dental,,,include_dental_provider,focused_title_evidence,dental title signal with no configured include category,False,+1855-235-0325,www.clintonhilldental.com,http://www.clintonhilldental.com/,34.0,40.6858774,-73.9645338,https://www.google.com/maps?cid=17004471597383832894,website_then_google_profile,www.clintonhilldental.com,eligibility_review_block:d7b1f6e7c59b89e0,singleton_profile,"Fill this row only when it is an exception to a reviewed group decision, or when its group is marked individual_review."
profile:NYC_NY_L:google:cid:3709896841534179427,NYC_NY_L,google:cid:3709896841534179427,"Dr. Kamran Foroughi, DDS","225 Broadway, New York, NY 10007",maps_core|maps_specialist,Medical clinic,needs_category_review,unreviewed_or_conflicting_category_evidence,exclude_non_dentist_category|include_dental_provider,,,,,,eligibility_group:3a576676bc82902a,manual_review,Medical clinic: Category alone does not establish whether dental care is provided,,dds,,,include_dental_provider,focused_title_evidence,dental title signal with no configured include category,False,+1855-629-1424,www.manhattan-dental-specialty.com,http://www.manhattan-dental-specialty.com/,30.0,40.7117496,-74.00866669999999,https://www.google.com/maps?cid=3709896841534179427,website_then_google_profile,www.manhattan-dental-specialty.com,eligibility_review_block:790c36fa14962ae5,singleton_profile,"Fill this row only when it is an exception to a reviewed group decision, or when its group is marked individual_review."
profile:NYC_NY_L:google:cid:13427374556145665831,NYC_NY_L,google:cid:13427374556145665831,"Flushing Dental Implant, Oral & Facial Surgery","134-43 Maple Ave, Flushing, NY 11355",business_listings,Medical clinic,needs_category_review,unreviewed_or_conflicting_category_evidence,exclude_non_dentist_category|include_dental_provider,,,,,,eligibility_group:3a576676bc82902a,manual_review,Medical clinic: Category alone does not establish whether dental care is provided,,dental,,,include_dental_provider,focused_title_evidence,dental title signal with no configured include category,False,+1917-793-6888,flushingoralsurgery.com,http://flushingoralsurgery.com/,,40.7553148,-73.8293127,https://www.google.com/maps?cid=13427374556145665831,website_then_google_profile,flushingoralsurgery.com,eligibility_review_block:4488950b47e77ccd,singleton_profile,"Fill this row only when it is an exception to a reviewed group decision, or when its group is marked individual_review."
profile:NYC_NY_L:google:cid:13160607927627849612,NYC_NY_L,google:cid:13160607927627849612,NewYork-Presbyterian Ambulatory Care Network - Dentistry - Upper East Side,"525 E 70th St 1st floor, New York, NY 10021",business_listings,Medical clinic,needs_category_review,unreviewed_or_conflicting_category_evidence,exclude_non_dentist_category|include_dental_provider,,,,,,eligibility_group:3a576676bc82902a,manual_review,Medical clinic: Category alone does not establish whether dental care is provided,,dentistry,,,include_dental_provider,focused_title_evidence,dental title signal with no configured include category,False,+1212-746-5119,www.nyp.org,https://www.nyp.org/acn/primary-care/weill-cornell-internal-medicine-associates-helmsley?utm_source=yextgmb&utm_medium=organic&utm_campaign=yext_doctor_listings&y_source=1_OTY5OTI5NzUtNzE1LWxvY2F0aW9uLndlYnNpdGU%3D,1.0,40.764423,-73.95421739999999,https://www.google.com/maps?cid=13160607927627849612,website_then_google_profile,www.nyp.org,eligibility_review_block:df883fbf38054024,singleton_profile,"Fill this row only when it is an exception to a reviewed group decision, or when its group is marked individual_review."
profile:NYC_NY_L:google:cid:15221708422571038946,NYC_NY_L,google:cid:15221708422571038946,Southern Dental of Brooklyn,"9920 4th Ave, Brooklyn, NY 11209",business_listings,Medical clinic,needs_category_review,unreviewed_or_conflicting_category_evidence,exclude_non_dentist_category|include_dental_provider,,,,,,eligibility_group:3a576676bc82902a,manual_review,Medical clinic: Category alone does not establish whether dental care is provided,,dental,,,include_dental_provider,focused_title_evidence,dental title signal with no configured include category,False,+1718-439-2988,,,,40.6132295,-74.03395979999999,https://www.google.com/maps?cid=15221708422571038946,google_profile_only,,eligibility_review_block:16d9ab586548dd21,singleton_profile,"Fill this row only when it is an exception to a reviewed group decision, or when its group is marked individual_review."
profile:NYC_NY_L:google:cid:829078247034327752,NYC_NY_L,google:cid:829078247034327752,Yeung's Dental Care Pc.,"139 Centre St, New York, NY 10013",maps_core,Medical clinic,needs_category_review,unreviewed_or_conflicting_category_evidence,exclude_non_dentist_category|include_dental_provider,,,,,,eligibility_group:3a576676bc82902a,manual_review,Medical clinic: Category alone does not establish whether dental care is provided,,dental,,,include_dental_provider,focused_title_evidence,dental title signal with no configured include category,False,+1855-629-1424,www.michaelyeungdds.com,http://www.michaelyeungdds.com/,29.0,40.7185289,-74.001184,https://www.google.com/maps?cid=829078247034327752,website_then_google_profile,www.michaelyeungdds.com,eligibility_review_block:de1a39ae91d18254,singleton_profile,"Fill this row only when it is an exception to a reviewed group decision, or when its group is marked individual_review."
profile:LA_CA_L:google:cid:15759839424443607988,LA_CA_L,google:cid:15759839424443607988,Dental Diagnostic Imaging Center,"16661 Ventura Blvd Ste 508, Encino, CA 91436",business_listings,Dental radiology,needs_category_review,unreviewed_or_conflicting_category_evidence,exclude_non_dentist_category|include_dental_provider,,,,,,eligibility_group:43a4472af04e0a96,unknown,,Dental radiology,dental,,,include_dental_provider,focused_title_evidence,dental title signal with no configured include category,False,+1818-386-8562,laimaging.com,https://laimaging.com/,5.0,34.1584693,-118.4964134,https://www.google.com/maps?cid=15759839424443607988,website_then_google_profile,laimaging.com,eligibility_review_block:08c81936043e31ec,singleton_profile,"Fill this row only when it is an exception to a reviewed group decision, or when its group is marked individual_review."
profile:NYC_NY_L:google:cid:10495702058127544915,NYC_NY_L,google:cid:10495702058127544915,"Daria Vasilyeva, DDS, PhD","51 W 51st St, New York, NY 10019",business_listings,Pathologist,needs_category_review,unreviewed_or_conflicting_category_evidence,exclude_non_dentist_category|include_dental_provider,,,,,,eligibility_group:4fb818b440620080,unknown,,Pathologist,dds,,,include_dental_provider,focused_title_evidence,dental title signal with no configured include category,False,+1212-326-8520,doctors.columbia.edu,https://doctors.columbia.edu/us/ny/new-york/daria-vasilyeva-dds-phd-51-west-51st-street?utm_source=yextgmb&utm_medium=organic&utm_campaign=yext_doctor_listings,46.0,40.7600803,-73.9785751,https://www.google.com/maps?cid=10495702058127544915,website_then_google_profile,doctors.columbia.edu,eligibility_review_block:50dfe560113f30b1,shared_domain_within_category_group,"Fill this row only when it is an exception to a reviewed group decision, or when its group is marked individual_review."
profile:NYC_NY_L:google:cid:14451968844571406591,NYC_NY_L,google:cid:14451968844571406591,"Daria Vasilyeva, DDS, PhD","622 W 168th St, New York, NY 10032",business_listings,Pathologist,needs_category_review,unreviewed_or_conflicting_category_evidence,exclude_non_dentist_category|include_dental_provider,,,,,,eligibility_group:4fb818b440620080,unknown,,Pathologist,dds,,,include_dental_provider,focused_title_evidence,dental title signal with no configured include category,False,+1212-326-8520,doctors.columbia.edu,https://doctors.columbia.edu/us/ny/new-york/daria-vasilyeva-dds-phd-622-west-168th-street?utm_source=yextgmb&utm_medium=organic&utm_campaign=yext_doctor_listings,2.0,40.8412952,-73.9411685,https://www.google.com/maps?cid=14451968844571406591,website_then_google_profile,doctors.columbia.edu,eligibility_review_block:50dfe560113f30b1,shared_domain_within_category_group,"Fill this row only when it is an exception to a reviewed group decision, or when its group is marked individual_review."
profile:NYC_NY_L:google:cid:17978388638694044920,NYC_NY_L,google:cid:17978388638694044920,"Daria Vasilyeva, DDS, PhD","1244 Amsterdam Ave, New York, NY 10027",business_listings,Pathologist,needs_category_review,unreviewed_or_conflicting_category_evidence,exclude_non_dentist_category|include_dental_provider,,,,,,eligibility_group:4fb818b440620080,unknown,,Pathologist,dds,,,include_dental_provider,focused_title_evidence,dental title signal with no configured include category,False,+1212-326-8520,doctors.columbia.edu,https://doctors.columbia.edu/us/ny/new-york/daria-vasilyeva-dds-phd-430-west-116th-street?utm_source=yextgmb&utm_medium=organic&utm_campaign=yext_doctor_listings,,40.8102505,-73.9588273,https://www.google.com/maps?cid=17978388638694044920,website_then_google_profile,doctors.columbia.edu,eligibility_review_block:50dfe560113f30b1,shared_domain_within_category_group,"Fill this row only when it is an exception to a reviewed group decision, or when its group is marked individual_review."
profile:NYC_NY_L:google:cid:2554296775765797210,NYC_NY_L,google:cid:2554296775765797210,"Elizabeth Marie Philipone, DMD","622 W 168th St, New York, NY 10032",business_listings,Pathologist,needs_category_review,unreviewed_or_conflicting_category_evidence,exclude_non_dentist_category|include_dental_provider,,,,,,eligibility_group:4fb818b440620080,unknown,,Pathologist,dmd,,,include_dental_provider,focused_title_evidence,dental title signal with no configured include category,False,+1212-305-4552,doctors.columbia.edu,https://doctors.columbia.edu/us/ny/new-york/elizabeth-marie-philipone-dmd-622-west-168th-street?utm_source=yextgmb&utm_medium=organic&utm_campaign=yext_doctor_listings,30.0,40.8412426,-73.9409706,https://www.google.com/maps?cid=2554296775765797210,website_then_google_profile,doctors.columbia.edu,eligibility_review_block:50dfe560113f30b1,shared_domain_within_category_group,"Fill this row only when it is an exception to a reviewed group decision, or when its group is marked individual_review."
profile:NYC_NY_L:google:cid:11446915842470457287,NYC_NY_L,google:cid:11446915842470457287,"Khanh Trinh, DMD","622 W 168th St, New York, NY 10032",business_listings,Pathologist,needs_category_review,unreviewed_or_conflicting_category_evidence,exclude_non_dentist_category|include_dental_provider,,,,,,eligibility_group:4fb818b440620080,unknown,,Pathologist,dmd,,,include_dental_provider,focused_title_evidence,dental title signal with no configured include category,False,,doctors.columbia.edu,https://doctors.columbia.edu/us/ny/new-york/khanh-trinh-dmd-622-west-168th-street?utm_source=yextgmb&utm_medium=organic&utm_campaign=yext_doctor_listings,5.0,40.8412952,-73.9411685,https://www.google.com/maps?cid=11446915842470457287,website_then_google_profile,doctors.columbia.edu,eligibility_review_block:50dfe560113f30b1,shared_domain_within_category_group,"Fill this row only when it is an exception to a reviewed group decision, or when its group is marked individual_review."
profile:NYC_NY_L:google:cid:17129946386398424374,NYC_NY_L,google:cid:17129946386398424374,"Khanh Trinh, DMD","430 W 116th St, New York, NY 10027",business_listings,Pathologist,needs_category_review,unreviewed_or_conflicting_category_evidence,exclude_non_dentist_category|include_dental_provider,,,,,,eligibility_group:4fb818b440620080,unknown,,Pathologist,dmd,,,include_dental_provider,focused_title_evidence,dental title signal with no configured include category,False,+1212-326-8520,doctors.columbia.edu,https://doctors.columbia.edu/us/ny/new-york/khanh-trinh-dmd-430-west-116th-street?utm_source=yextgmb&utm_medium=organic&utm_campaign=yext_doctor_listings,4.0,40.8063398,-73.96059129999999,https://www.google.com/maps?cid=17129946386398424374,website_then_google_profile,doctors.columbia.edu,eligibility_review_block:50dfe560113f30b1,shared_domain_within_category_group,"Fill this row only when it is an exception to a reviewed group decision, or when its group is marked individual_review."
profile:FortBragg_CA_S:google:cid:7617865913220209419,FortBragg_CA_S,google:cid:7617865913220209419,Medical Office: Adventist Health Mendocino Coast,"721 River Dr Suites A, B, and C, Fort Bragg, CA 95437",maps_core,Medical clinic,needs_category_review,unreviewed_or_conflicting_category_evidence,exclude_non_dentist_category|include_dental_provider,,,,,,eligibility_group:525c831a331b438e,manual_review,Medical clinic: Category alone does not establish whether dental care is provided,,,medical,,exclude_non_dentist_category,focused_title_evidence,non-dental title signal with no configured final category rule,False,+1707-961-4631,www.adventisthealth.org,https://www.adventisthealth.org/locations/adventist-health-mendocino-coast-medical-office/,16.0,39.4319668,-123.8021288,https://www.google.com/maps?cid=7617865913220209419,website_then_google_profile,www.adventisthealth.org,eligibility_review_block:0e18c2c567eae749,singleton_profile,"Fill this row only when it is an exception to a reviewed group decision, or when its group is marked individual_review."
profile:LA_CA_L:google:cid:14633199612108196228,LA_CA_L,google:cid:14633199612108196228,"APLA Health Center, CDU/MLK Medical Campus","1679 E 120th St, Los Angeles, CA 90059",business_listings,Medical clinic,needs_category_review,unreviewed_or_conflicting_category_evidence,exclude_non_dentist_category|include_dental_provider,,,,,,eligibility_group:525c831a331b438e,manual_review,Medical clinic: Category alone does not establish whether dental care is provided,,,medical,,exclude_non_dentist_category,focused_title_evidence,non-dental title signal with no configured final category rule,False,+1323-329-9700,aplahealth.org,https://aplahealth.org/,23.0,33.9248199,-118.243721,https://www.google.com/maps?cid=14633199612108196228,website_then_google_profile,aplahealth.org,eligibility_review_block:3e60bec362d25d35,singleton_profile,"Fill this row only when it is an exception to a reviewed group decision, or when its group is marked individual_review."
profile:LA_CA_L:google:cid:16918411909149780023,LA_CA_L,google:cid:16918411909149780023,Atalla Medical Group,"557 N Maclay Ave, San Fernando, CA 91340",business_listings,Medical clinic,needs_category_review,unreviewed_or_conflicting_category_evidence,exclude_non_dentist_category|include_dental_provider,,,,,,eligibility_group:525c831a331b438e,manual_review,Medical clinic: Category alone does not establish whether dental care is provided,,,medical,,exclude_non_dentist_category,focused_title_evidence,non-dental title signal with no configured final category rule,False,+1818-639-0209,atallamedicalgroup.com,https://atallamedicalgroup.com/,86.0,34.2888841,-118.4340971,https://www.google.com/maps?cid=16918411909149780023,website_then_google_profile,atallamedicalgroup.com,eligibility_review_block:007dde1bbe3075dc,singleton_profile,"Fill this row only when it is an exception to a reviewed group decision, or when its group is marked individual_review."
profile:LA_CA_L:google:cid:15622115557296894033,LA_CA_L,google:cid:15622115557296894033,CARE Center at Dignity Health - St. Mary Medical Center,"1040 Elm Ave #200, Long Beach, CA 90813",business_listings,Medical clinic,needs_category_review,unreviewed_or_conflicting_category_evidence,exclude_non_dentist_category|include_dental_provider,,,,,,eligibility_group:525c831a331b438e,manual_review,Medical clinic: Category alone does not establish whether dental care is provided,,,medical,,exclude_non_dentist_category,focused_title_evidence,non-dental title signal with no configured final category rule,False,+1562-624-4999,locations.dignityhealth.org,https://locations.dignityhealth.org/care-center-st-mary-medical-center-long-beach,31.0,33.7797592,-118.1876418,https://www.google.com/maps?cid=15622115557296894033,website_then_google_profile,locations.dignityhealth.org,eligibility_review_block:c01261a5019af94f,singleton_profile,"Fill this row only when it is an exception to a reviewed group decision, or when its group is marked individual_review."
profile:LA_CA_L:google:cid:4735854279145758248,LA_CA_L,google:cid:4735854279145758248,"Center for Community Health - JWCH Institute, Inc. Medical Clinic","522 San Pedro St, Los Angeles, CA 90013",business_listings,Medical clinic,needs_category_review,unreviewed_or_conflicting_category_evidence,exclude_non_dentist_category|include_dental_provider,,,,,,eligibility_group:525c831a331b438e,manual_review,Medical clinic: Category alone does not establish whether dental care is provided,,,medical,,exclude_non_dentist_category,focused_title_evidence,non-dental title signal with no configured final category rule,False,+1866-733-5924,www.jwchinstitute.org,http://www.jwchinstitute.org/,7.0,34.0432489,-118.2437768,https://www.google.com/maps?cid=4735854279145758248,website_then_google_profile,www.jwchinstitute.org,eligibility_review_block:ef07229b7540b0f6,singleton_profile,"Fill this row only when it is an exception to a reviewed group decision, or when its group is marked individual_review."
profile:LA_CA_L:google:cid:13003487266611939149,LA_CA_L,google:cid:13003487266611939149,Hispano American Medical Clinic,"6915 Reseda Blvd #1, Reseda, CA 91335",business_listings,Medical clinic,needs_category_review,unreviewed_or_conflicting_category_evidence,exclude_non_dentist_category|include_dental_provider,,,,,,eligibility_group:525c831a331b438e,manual_review,Medical clinic: Category alone does not establish whether dental care is provided,,,medical,,exclude_non_dentist_category,focused_title_evidence,non-dental title signal with no configured final category rule,False,+1818-343-2121,,,1.0,34.196273,-118.5363554,https://www.google.com/maps?cid=13003487266611939149,google_profile_only,,eligibility_review_block:0aaf4ae1187a0748,singleton_profile,"Fill this row only when it is an exception to a reviewed group decision, or when its group is marked individual_review."
profile:LA_CA_L:google:cid:10289272141375046777,LA_CA_L,google:cid:10289272141375046777,La Paz Medical Group,"1107 S Alvarado St #102, Los Angeles, CA 90006",business_listings,Medical clinic,needs_category_review,unreviewed_or_conflicting_category_evidence,exclude_non_dentist_category|include_dental_provider,,,,,,eligibility_group:525c831a331b438e,manual_review,Medical clinic: Category alone does not establish whether dental care is provided,,,medical,,exclude_non_dentist_category,focused_title_evidence,non-dental title signal with no configured final category rule,False,+1213-380-9999,www.lapazmedical.com,https://www.lapazmedical.com/,44.0,34.0499856,-118.2812995,https://www.google.com/maps?cid=10289272141375046777,website_then_google_profile,www.lapazmedical.com,eligibility_review_block:74ea05d8f7743397,singleton_profile,"Fill this row only when it is an exception to a reviewed group decision, or when its group is marked individual_review."
profile:LA_CA_L:google:cid:7141967122788574723,LA_CA_L,google:cid:7141967122788574723,Medical Mission Adventures,"11540 Bonham Ave, Lake View Terrace, CA 91342",business_listings,Medical clinic,needs_category_review,unreviewed_or_conflicting_category_evidence,exclude_non_dentist_category|include_dental_provider,,,,,,eligibility_group:525c831a331b438e,manual_review,Medical clinic: Category alone does not establish whether dental care is provided,,,medical,,exclude_non_dentist_category,focused_title_evidence,non-dental title signal with no configured final category rule,False,+1818-890-3656,,,2.0,34.2800962,-118.3768733,https://www.google.com/maps?cid=7141967122788574723,google_profile_only,,eligibility_review_block:087e9364b6c6e690,singleton_profile,"Fill this row only when it is an exception to a reviewed group decision, or when its group is marked individual_review."
profile:LA_CA_L:google:cid:17324357683997053402,LA_CA_L,google:cid:17324357683997053402,Samaritana Medical Clinic - Alvarado,"510 S Alvarado St, Los Angeles, CA 90057",business_listings,Medical clinic,needs_category_review,unreviewed_or_conflicting_category_evidence,exclude_non_dentist_category|include_dental_provider,,,,,,eligibility_group:525c831a331b438e,manual_review,Medical clinic: Category alone does not establish whether dental care is provided,,,medical,,exclude_non_dentist_category,focused_title_evidence,non-dental title signal with no configured final category rule,False,+1213-483-3600,samaritanaclinics.com,https://samaritanaclinics.com/,91.0,34.0600662,-118.2741891,https://www.google.com/maps?cid=17324357683997053402,website_then_google_profile,samaritanaclinics.com,eligibility_review_block:7ab28d67ece161bd,singleton_profile,"Fill this row only when it is an exception to a reviewed group decision, or when its group is marked individual_review."
profile:LA_CA_L:google:cid:6536021431568363245,LA_CA_L,google:cid:6536021431568363245,Southern California Medical Center Woodland Hills,"20011 Ventura Blvd #1002, Woodland Hills, CA 91364",business_listings,Medical clinic,needs_category_review,unreviewed_or_conflicting_category_evidence,exclude_non_dentist_category|include_dental_provider,,,,,,eligibility_group:525c831a331b438e,manual_review,Medical clinic: Category alone does not establish whether dental care is provided,,,medical,,exclude_non_dentist_category,focused_title_evidence,non-dental title signal with no configured final category rule,False,+1818-797-9038,scmedcenter.org,https://scmedcenter.org/?utm_source=google&utm_medium=organic&utm_campaign=gbp,150.0,34.1720309,-118.5687784,https://www.google.com/maps?cid=6536021431568363245,website_then_google_profile,scmedcenter.org,eligibility_review_block:c4ee899c8a91d97c,shared_domain_within_category_group,"Fill this row only when it is an exception to a reviewed group decision, or when its group is marked individual_review."
profile:LA_CA_L:google:cid:12296415559448636876,LA_CA_L,google:cid:12296415559448636876,Southern California Medical Center | Pico Rivera,"8825 Whittier Blvd, Pico Rivera, CA 90660",business_listings,Medical clinic,needs_category_review,unreviewed_or_conflicting_category_evidence,exclude_non_dentist_category|include_dental_provider,,,,,,eligibility_group:525c831a331b438e,manual_review,Medical clinic: Category alone does not establish whether dental care is provided,,,medical,,exclude_non_dentist_category,focused_title_evidence,non-dental title signal with no configured final category rule,False,+1818-412-8455,scmedcenter.org,https://scmedcenter.org/?utm_source=google&utm_medium=organic&utm_campaign=gbp,438.0,34.001973,-118.084635,https://www.google.com/maps?cid=12296415559448636876,website_then_google_profile,scmedcenter.org,eligibility_review_block:c4ee899c8a91d97c,shared_domain_within_category_group,"Fill this row only when it is an exception to a reviewed group decision, or when its group is marked individual_review."
profile:LA_CA_L:google:cid:4568586767535360321,LA_CA_L,google:cid:4568586767535360321,St. John’s Community Health at Compton College,"1111 E Artesia Blvd, Compton, CA 90221",business_listings,Medical clinic,needs_category_review,unreviewed_or_conflicting_category_evidence,exclude_non_dentist_category|include_dental_provider,,,,,,eligibility_group:525c831a331b438e,manual_review,Medical clinic: Category alone does not establish whether dental care is provided,,,school_or_training,,exclude_non_dentist_category,focused_title_evidence,non-dental title signal with no configured final category rule,False,+1213-226-7480,sjch.org,https://sjch.org/,19.0,33.8771231,-118.2106812,https://www.google.com/maps?cid=4568586767535360321,website_then_google_profile,sjch.org,eligibility_review_block:630e6ea599462ac2,singleton_profile,"Fill this row only when it is an exception to a reviewed group decision, or when its group is marked individual_review."
profile:LA_CA_L:google:cid:2631497679054442328,LA_CA_L,google:cid:2631497679054442328,Torrance - Lomita Medical Center,"25043 Narbonne Ave, Lomita, CA 90717",business_listings,Medical clinic,needs_category_review,unreviewed_or_conflicting_category_evidence,exclude_non_dentist_category|include_dental_provider,,,,,,eligibility_group:525c831a331b438e,manual_review,Medical clinic: Category alone does not establish whether dental care is provided,,,medical,,exclude_non_dentist_category,focused_title_evidence,non-dental title signal with no configured final category rule,False,+1310-373-8120,,,4.0,33.796901,-118.3201777,https://www.google.com/maps?cid=2631497679054442328,google_profile_only,,eligibility_review_block:1a3c1099e84d43f7,singleton_profile,"Fill this row only when it is an exception to a reviewed group decision, or when its group is marked individual_review."
profile:LA_CA_L:google:cid:5597868241142072050,LA_CA_L,google:cid:5597868241142072050,Urgent Plus Advanced Medical Center,"2904 Theresa Dr #3, Newbury Park, CA 91320",business_listings,Medical clinic,needs_category_review,unreviewed_or_conflicting_category_evidence,exclude_non_dentist_category|include_dental_provider,,,,,,eligibility_group:525c831a331b438e,manual_review,Medical clinic: Category alone does not establish whether dental care is provided,,,medical,,exclude_non_dentist_category,focused_title_evidence,non-dental title signal with no configured final category rule,False,+1805-410-4566,theurgentplus.com,https://theurgentplus.com/,,34.1788256,-118.9382627,https://www.google.com/maps?cid=5597868241142072050,website_then_google_profile,theurgentplus.com,eligibility_review_block:e70eedea332067d0,singleton_profile,"Fill this row only when it is an exception to a reviewed group decision, or when its group is marked individual_review."
profile:LA_CA_L:google:cid:3342886849513431181,LA_CA_L,google:cid:3342886849513431181,Vistasol Medical Group,"1000 W Whittier Blvd, Montebello, CA 90640",business_listings,Medical clinic,needs_category_review,unreviewed_or_conflicting_category_evidence,exclude_non_dentist_category|include_dental_provider,,,,,,eligibility_group:525c831a331b438e,manual_review,Medical clinic: Category alone does not establish whether dental care is provided,,,medical,,exclude_non_dentist_category,focused_title_evidence,non-dental title signal with no configured final category rule,False,+1323-346-0555,vistasolmedicalgroup.com,https://vistasolmedicalgroup.com/,50.0,34.011064999999995,-118.1108644,https://www.google.com/maps?cid=3342886849513431181,website_then_google_profile,vistasolmedicalgroup.com,eligibility_review_block:b4f8025fc6a35ed4,singleton_profile,"Fill this row only when it is an exception to a reviewed group decision, or when its group is marked individual_review."
profile:Modesto_CA_M:google:cid:13537947721777705517,Modesto_CA_M,google:cid:13537947721777705517,Golden Valley Health Centers—Medical Clinic,"1717 Las Vegas St Ste 101, Modesto, CA 95358",maps_core,Medical clinic,needs_category_review,unreviewed_or_conflicting_category_evidence,exclude_non_dentist_category|include_dental_provider,,,,,,eligibility_group:525c831a331b438e,manual_review,Medical clinic: Category alone does not establish whether dental care is provided,,,medical,,exclude_non_dentist_category,focused_title_evidence,non-dental title signal with no configured final category rule,False,+1209-722-4842,www.gvhc.org,https://www.gvhc.org/locations/modesto/modesto-hanshaw-school/,253.0,37.6045951,-121.0049864,https://www.google.com/maps?cid=13537947721777705517,website_then_google_profile,www.gvhc.org,eligibility_review_block:9b1137600a4bfa8c,singleton_profile,"Fill this row only when it is an exception to a reviewed group decision, or when its group is marked individual_review."
profile:NYC_NY_L:google:cid:5387079785170282649,NYC_NY_L,google:cid:5387079785170282649,Ahava Medical,"16 Sumner Pl, Brooklyn, NY 11206",business_listings,Medical clinic,needs_category_review,unreviewed_or_conflicting_category_evidence,exclude_non_dentist_category|include_dental_provider,,,,,,eligibility_group:525c831a331b438e,manual_review,Medical clinic: Category alone does not establish whether dental care is provided,,,medical,,exclude_non_dentist_category,focused_title_evidence,non-dental title signal with no configured final category rule,False,+1718-336-9500,ahavamedical.com,https://ahavamedical.com/location/williamsburg-ny/?utm_source=google&utm_medium=organic&utm_campaign=gbp-listing,801.0,40.7006403,-73.9406084,https://www.google.com/maps?cid=5387079785170282649,website_then_google_profile,ahavamedical.com,eligibility_review_block:18fabf2d5156e18c,singleton_profile,"Fill this row only when it is an exception to a reviewed group decision, or when its group is marked individual_review."
profile:NYC_NY_L:google:cid:15683005696867321391,NYC_NY_L,google:cid:15683005696867321391,Boston Road Medical Center,"1262 Boston Rd, Bronx, NY 10456",business_listings,Medical clinic,needs_category_review,unreviewed_or_conflicting_category_evidence,exclude_non_dentist_category|include_dental_provider,,,,,,eligibility_group:525c831a331b438e,manual_review,Medical clinic: Category alone does not establish whether dental care is provided,,,medical,,exclude_non_dentist_category,focused_title_evidence,non-dental title signal with no configured final category rule,False,+1718-617-2500,www.bostonroadmedicalcenter.com,http://www.bostonroadmedicalcenter.com/,165.0,40.8305378,-73.9008187,https://www.google.com/maps?cid=15683005696867321391,website_then_google_profile,www.bostonroadmedicalcenter.com,eligibility_review_block:bd44795369dc7147,singleton_profile,"Fill this row only when it is an exception to a reviewed group decision, or when its group is marked individual_review."
profile:NYC_NY_L:google:cid:18215599179706511684,NYC_NY_L,google:cid:18215599179706511684,ColumbiaDoctors - Pediatrics,"3959 Broadway, New York, NY 10032",business_listings,Medical clinic,needs_category_review,unreviewed_or_conflicting_category_evidence,exclude_non_dentist_category|include_dental_provider,,,,,,eligibility_group:525c831a331b438e,manual_review,Medical clinic: Category alone does not establish whether dental care is provided,,,pediatrics,,exclude_non_dentist_category,focused_title_evidence,non-dental title signal with no configured final category rule,False,+1855-550-5437,www.columbiadoctors.org,https://www.columbiadoctors.org/childrens-health/?utm_source=Ggl&utm_medium=GMB-link&utm_campaign=CD,1.0,40.839868,-73.941249,https://www.google.com/maps?cid=18215599179706511684,website_then_google_profile,www.columbiadoctors.org,eligibility_review_block:17473c2267dd19d7,singleton_profile,"Fill this row only when it is an exception to a reviewed group decision, or when its group is marked individual_review."
profile:NYC_NY_L:google:cid:13229558951120245285,NYC_NY_L,google:cid:13229558951120245285,Efficient Medical Care PC,"168-40 Highland Ave, Jamaica, NY 11432",business_listings,Medical clinic,needs_category_review,unreviewed_or_conflicting_category_evidence,exclude_non_dentist_category|include_dental_provider,,,,,,eligibility_group:525c831a331b438e,manual_review,Medical clinic: Category alone does not establish whether dental care is provided,,,medical,,exclude_non_dentist_category,focused_title_evidence,non-dental title signal with no configured final category rule,False,+1718-291-2710,www.efficientmedicalcarepc.com,https://www.efficientmedicalcarepc.com/,93.0,40.7121547,-73.7940129,https://www.google.com/maps?cid=13229558951120245285,website_then_google_profile,www.efficientmedicalcarepc.com,eligibility_review_block:e313751564d6f7f3,singleton_profile,"Fill this row only when it is an exception to a reviewed group decision, or when its group is marked individual_review."
profile:NYC_NY_L:google:cid:393558853936802593,NYC_NY_L,google:cid:393558853936802593,James Weldon Johnson School-Based Health Center,"176 E 115th St, New York, NY 10029",business_listings,Medical clinic,needs_category_review,unreviewed_or_conflicting_category_evidence,exclude_non_dentist_category|include_dental_provider,,,,,,eligibility_group:525c831a331b438e,manual_review,Medical clinic: Category alone does not establish whether dental care is provided,,,school_or_training,,exclude_non_dentist_category,focused_title_evidence,non-dental title signal with no configured final category rule,False,+1646-838-6356,www.institute.org,https://www.institute.org/health-care/services/school-based/,15.0,40.7974388,-73.9413223,https://www.google.com/maps?cid=393558853936802593,website_then_google_profile,www.institute.org,eligibility_review_block:9cac0dd885fab5d1,singleton_profile,"Fill this row only when it is an exception to a reviewed group decision, or when its group is marked individual_review."
profile:NYC_NY_L:google:cid:17913151909604478536,NYC_NY_L,google:cid:17913151909604478536,Jerome Pediatric PC,"2386 Jerome Ave, Bronx, NY 10468",business_listings,Medical clinic,needs_category_review,unreviewed_or_conflicting_category_evidence,exclude_non_dentist_category|include_dental_provider,,,,,,eligibility_group:525c831a331b438e,manual_review,Medical clinic: Category alone does not establish whether dental care is provided,,,pediatrics,,exclude_non_dentist_category,focused_title_evidence,non-dental title signal with no configured final category rule,False,+1718-220-1771,,,37.0,40.8609222,-73.9021353,https://www.google.com/maps?cid=17913151909604478536,google_profile_only,,eligibility_review_block:a9109d429b612dc8,singleton_profile,"Fill this row only when it is an exception to a reviewed group decision, or when its group is marked individual_review."
profile:NYC_NY_L:google:cid:11179961645618148917,NYC_NY_L,google:cid:11179961645618148917,Maple Medical,"126 Maple St, Brooklyn, NY 11225",business_listings,Medical clinic,needs_category_review,unreviewed_or_conflicting_category_evidence,exclude_non_dentist_category|include_dental_provider,,,,,,eligibility_group:525c831a331b438e,manual_review,Medical clinic: Category alone does not establish whether dental care is provided,,,medical,,exclude_non_dentist_category,focused_title_evidence,non-dental title signal with no configured final category rule,False,+1718-693-6100,,,4.0,40.6603447,-73.9566804,https://www.google.com/maps?cid=11179961645618148917,google_profile_only,,eligibility_review_block:df55a35067099a3a,singleton_profile,"Fill this row only when it is an exception to a reviewed group decision, or when its group is marked individual_review."
profile:NYC_NY_L:google:cid:1764093003102263842,NYC_NY_L,google:cid:1764093003102263842,Sunrise Pediatrics,"8618 101st Ave, Ozone Park, NY 11416",business_listings,Medical clinic,needs_category_review,unreviewed_or_conflicting_category_evidence,exclude_non_dentist_category|include_dental_provider,,,,,,eligibility_group:525c831a331b438e,manual_review,Medical clinic: Category alone does not establish whether dental care is provided,,,pediatrics,,exclude_non_dentist_category,focused_title_evidence,non-dental title signal with no configured final category rule,False,+1718-845-1400,,,6.0,40.682025,-73.85286529999999,https://www.google.com/maps?cid=1764093003102263842,google_profile_only,,eligibility_review_block:773484086f3124c3,singleton_profile,"Fill this row only when it is an exception to a reviewed group decision, or when its group is marked individual_review."
profile:SanFrancisco_CA_L:google:cid:17476784778993193224,SanFrancisco_CA_L,google:cid:17476784778993193224,North East Medical Services (NEMS) - 1520 Stockton Clinic,"1520 Stockton St, San Francisco, CA 94133",business_listings,Medical clinic,needs_category_review,unreviewed_or_conflicting_category_evidence,exclude_non_dentist_category|include_dental_provider,,,,,,eligibility_group:525c831a331b438e,manual_review,Medical clinic: Category alone does not establish whether dental care is provided,,,medical,,exclude_non_dentist_category,focused_title_evidence,non-dental title signal with no configured final category rule,False,+1888-500-1886,www.nems.org,http://www.nems.org/,192.0,37.7999473,-122.4087483,https://www.google.com/maps?cid=17476784778993193224,website_then_google_profile,www.nems.org,eligibility_review_block:f674610b549ccd02,singleton_profile,"Fill this row only when it is an exception to a reviewed group decision, or when its group is marked individual_review."
profile:SanFrancisco_CA_L:google:cid:12361441957666704287,SanFrancisco_CA_L,google:cid:12361441957666704287,North East Medical Services (NEMS) - San Bruno Avenue,"2574 San Bruno Ave, San Francisco, CA 94134",business_listings,Medical clinic,needs_category_review,unreviewed_or_conflicting_category_evidence,exclude_non_dentist_category|include_dental_provider,,,,,,eligibility_group:525c831a331b438e,manual_review,Medical clinic: Category alone does not establish whether dental care is provided,,,medical,,exclude_non_dentist_category,focused_title_evidence,non-dental title signal with no configured final category rule,False,+1415-391-9686,nems.org,https://nems.org/,124.0,37.7289917,-122.4044726,https://www.google.com/maps?cid=12361441957666704287,website_then_google_profile,nems.org,eligibility_review_block:d97acd9263aee1e7,singleton_profile,"Fill this row only when it is an exception to a reviewed group decision, or when its group is marked individual_review."
profile:NYC_NY_L:google:cid:13273596330883979830,NYC_NY_L,google:cid:13273596330883979830,White Plains Road Medical,"3050 White Plains Rd, Bronx, NY 10467",business_listings,Walk-in clinic,needs_category_review,unreviewed_or_conflicting_category_evidence,exclude_non_dentist_category|include_dental_provider,,,,,,eligibility_group:5896a9c912cf053a,unknown,,Walk-in clinic,,medical,,exclude_non_dentist_category,focused_title_evidence,non-dental title signal with no configured final category rule,False,+1718-655-5444,,,13.0,40.8701062,-73.866788,https://www.google.com/maps?cid=13273596330883979830,google_profile_only,,eligibility_review_block:5031e54de005a7f6,singleton_profile,"Fill this row only when it is an exception to a reviewed group decision, or when its group is marked individual_review."
profile:Augusta_GA_L:google:cid:1155020191173974679,Augusta_GA_L,google:cid:1155020191173974679,Charlie Norwood VA Medical Center - Downtown Division,"950 15th St, Augusta, GA 30901",maps_core,Veterans hospital,needs_category_review,unreviewed_or_conflicting_category_evidence,exclude_non_dentist_category|include_dental_provider,,,,,,eligibility_group:6fb59f6854cdbdc4,unknown,,Veterans hospital,,medical,,exclude_non_dentist_category,focused_title_evidence,non-dental title signal with no configured final category rule,False,+1706-733-0188,www.augusta.va.gov,http://www.augusta.va.gov/,168.0,33.4727166,-81.9889262,https://www.google.com/maps?cid=1155020191173974679,website_then_google_profile,www.augusta.va.gov,eligibility_review_block:d0b72ceda3104401,shared_domain_within_category_group,"Fill this row only when it is an exception to a reviewed group decision, or when its group is marked individual_review."
profile:Augusta_GA_L:google:cid:3372177001440411258,Augusta_GA_L,google:cid:3372177001440411258,Charlie Norwood VA Medical Center - Uptown Division,"1 Freedom Way, Augusta, GA 30904",maps_core,Veterans hospital,needs_category_review,unreviewed_or_conflicting_category_evidence,exclude_non_dentist_category|include_dental_provider,,,,,,eligibility_group:6fb59f6854cdbdc4,unknown,,Veterans hospital,,medical,,exclude_non_dentist_category,focused_title_evidence,non-dental title signal with no configured final category rule,False,+1706-733-0188,www.augusta.va.gov,http://www.augusta.va.gov/,254.0,33.464637,-82.0264566,https://www.google.com/maps?cid=3372177001440411258,website_then_google_profile,www.augusta.va.gov,eligibility_review_block:d0b72ceda3104401,shared_domain_within_category_group,"Fill this row only when it is an exception to a reviewed group decision, or when its group is marked individual_review."
profile:NYC_NY_L:google:cid:6790315200658554690,NYC_NY_L,google:cid:6790315200658554690,Taylor Judy a DDS,"175 E 96th St, New York, NY 10128",business_listings,Speech pathologist,needs_category_review,unreviewed_or_conflicting_category_evidence,exclude_non_dentist_category|include_dental_provider,,,,,,eligibility_group:6fc56a4974e7ffc2,unknown,,Speech pathologist,dds,,,include_dental_provider,focused_title_evidence,dental title signal with no configured include category,False,+1212-831-0759,,,,40.7856999,-73.9497935,https://www.google.com/maps?cid=6790315200658554690,google_profile_only,,eligibility_review_block:7bcf7ac22b6f30a1,singleton_profile,"Fill this row only when it is an exception to a reviewed group decision, or when its group is marked individual_review."
profile:Eureka_CA_S:google:cid:16871342606453395942,Eureka_CA_S,google:cid:16871342606453395942,Wolven Richard F DDS,"2750 Harrison Ave, Eureka, CA 95501",maps_core|maps_specialist,Church,needs_category_review,unreviewed_or_conflicting_category_evidence,exclude_non_dentist_category|include_dental_provider,,,,,,eligibility_group:7498ca3084dac7b1,unknown,,Church,dds,,,include_dental_provider,focused_title_evidence,dental title signal with no configured include category,False,+1707-443-9413,,,13.0,40.7830866,-124.1403291,https://www.google.com/maps?cid=16871342606453395942,google_profile_only,,eligibility_review_block:5f46440ffc520b7e,singleton_profile,"Fill this row only when it is an exception to a reviewed group decision, or when its group is marked individual_review."
profile:LA_CA_L:google:cid:15894421741168241952,LA_CA_L,google:cid:15894421741168241952,"Vivienne Lago, DDS (Lyons Dental Place)","25846 McBean Pkwy, Santa Clarita, CA 91355",business_listings,Cosmetics store,needs_category_review,unreviewed_or_conflicting_category_evidence,exclude_non_dentist_category|include_dental_provider,,,,,,eligibility_group:7a28c79fb5a219d8,unknown,,Cosmetics store,dental|dds,,,include_dental_provider,focused_title_evidence,dental title signal with no configured include category,False,+1661-259-0600,lyonsdentalplace.com,http://lyonsdentalplace.com/,,34.4027308,-118.5505873,https://www.google.com/maps?cid=15894421741168241952,website_then_google_profile,lyonsdentalplace.com,eligibility_review_block:1d620037ca4e26f6,singleton_profile,"Fill this row only when it is an exception to a reviewed group decision, or when its group is marked individual_review."
profile:Augusta_GA_L:google:cid:10189885467258094965,Augusta_GA_L,google:cid:10189885467258094965,Christ Community Health Medical District,"1226 D'Antignac St, Augusta, GA 30901",maps_core|maps_specialist,Medical clinic|Pediatrician,needs_category_review,unreviewed_or_conflicting_category_evidence,exclude_non_dentist_category|include_dental_provider,,,,,,eligibility_group:8599b6d2aadfa0b5,exclude|manual_review,Medical clinic: Category alone does not establish whether dental care is provided || Pediatrician: Non-dental medical specialty,,,medical,,exclude_non_dentist_category,focused_title_evidence,non-dental title signal with no configured final category rule,False,+1706-396-1492,www.cchsaugusta.org,https://www.cchsaugusta.org/,69.0,33.4693514,-81.9783245,https://www.google.com/maps?cid=10189885467258094965,website_then_google_profile,www.cchsaugusta.org,eligibility_review_block:a9e8972f275100e2,singleton_profile,"Fill this row only when it is an exception to a reviewed group decision, or when its group is marked individual_review."
profile:LA_CA_L:google:cid:3321000754837293903,LA_CA_L,google:cid:3321000754837293903,AHF - Downtown Dental Office,"1414 S Grand Ave, Los Angeles, CA 90015",maps_core,Doctor,needs_category_review,unreviewed_or_conflicting_category_evidence,exclude_non_dentist_category|include_dental_provider,,,,,,eligibility_group:933ded2705f84074,manual_review,Doctor: Category alone does not establish a dentist clinic,,dental,,,include_dental_provider,focused_title_evidence,dental title signal with no configured include category,False,+1213-744-1752,www.hivcare.org,https://www.hivcare.org/,21.0,34.0364396,-118.265345,https://www.google.com/maps?cid=3321000754837293903,website_then_google_profile,www.hivcare.org,eligibility_review_block:d3ede7b9e6ed445c,singleton_profile,"Fill this row only when it is an exception to a reviewed group decision, or when its group is marked individual_review."
profile:NYC_NY_L:google:cid:12260773327504859179,NYC_NY_L,google:cid:12260773327504859179,"Dr. mihai M. oral, DDS","299 Broadway, New York, NY 10007",maps_specialist,Doctor,needs_category_review,unreviewed_or_conflicting_category_evidence,exclude_non_dentist_category|include_dental_provider,,,,,,eligibility_group:933ded2705f84074,manual_review,Doctor: Category alone does not establish a dentist clinic,,dds,,,include_dental_provider,focused_title_evidence,dental title signal with no configured include category,False,+1503-905-9127,,,,40.7150606,-74.0058265,https://www.google.com/maps?cid=12260773327504859179,google_profile_only,,eligibility_review_block:4129ce3e33ef65c6,singleton_profile,"Fill this row only when it is an exception to a reviewed group decision, or when its group is marked individual_review."
profile:NYC_NY_L:google:cid:7155139689970474418,NYC_NY_L,google:cid:7155139689970474418,Madison Avenue Dentists,"18 E 48th St #501, New York, NY 10017",business_listings,Doctor,needs_category_review,unreviewed_or_conflicting_category_evidence,exclude_non_dentist_category|include_dental_provider,,,,,,eligibility_group:933ded2705f84074,manual_review,Doctor: Category alone does not establish a dentist clinic,,dentist,,,include_dental_provider,focused_title_evidence,dental title signal with no configured include category,False,+1212-688-0103,mavedds.com,https://mavedds.com/,81.0,40.7566264,-73.9770051,https://www.google.com/maps?cid=7155139689970474418,website_then_google_profile,mavedds.com,eligibility_review_block:b9b564346b84b623,singleton_profile,"Fill this row only when it is an exception to a reviewed group decision, or when its group is marked individual_review."
profile:SanFrancisco_CA_L:google:cid:13058951680095620928,SanFrancisco_CA_L,google:cid:13058951680095620928,"Heena Gupta, DDS","4145 24th St, San Francisco, CA 94114",business_listings,Doctor,needs_category_review,unreviewed_or_conflicting_category_evidence,exclude_non_dentist_category|include_dental_provider,,,,,,eligibility_group:933ded2705f84074,manual_review,Doctor: Category alone does not establish a dentist clinic,,dds,,,include_dental_provider,focused_title_evidence,dental title signal with no configured include category,False,+1415-285-7007,www.aestheticsmiles.com,https://www.aestheticsmiles.com/,,37.7511266,-122.4351264,https://www.google.com/maps?cid=13058951680095620928,website_then_google_profile,www.aestheticsmiles.com,eligibility_review_block:bf2a92ca141af285,singleton_profile,"Fill this row only when it is an exception to a reviewed group decision, or when its group is marked individual_review."
profile:SanFrancisco_CA_L:google:cid:5255491931704483084,SanFrancisco_CA_L,google:cid:5255491931704483084,"Raul A. Montalvo, DDS","773 14th St Ste B, San Francisco, CA 94114",maps_core,Doctor,needs_category_review,unreviewed_or_conflicting_category_evidence,exclude_non_dentist_category|include_dental_provider,,,,,,eligibility_group:933ded2705f84074,manual_review,Doctor: Category alone does not establish a dentist clinic,,dds,,,include_dental_provider,focused_title_evidence,dental title signal with no configured include category,False,+1415-626-0480,www.raulmontalvodds.com,https://www.raulmontalvodds.com/,34.0,37.7675068,-122.4304836,https://www.google.com/maps?cid=5255491931704483084,website_then_google_profile,www.raulmontalvodds.com,eligibility_review_block:7935e4b41b3cca37,singleton_profile,"Fill this row only when it is an exception to a reviewed group decision, or when its group is marked individual_review."
profile:NYC_NY_L:google:cid:16663843916775862898,NYC_NY_L,google:cid:16663843916775862898,Hammer Health Sciences Building - Columbia University Irving Medical Center,"701 W 168th St, New York, NY 10032",business_listings,Medical school,needs_category_review,unreviewed_or_conflicting_category_evidence,exclude_non_dentist_category|include_dental_provider,,,,,,eligibility_group:99b446ef94da2153,unknown,,Medical school,,medical,,exclude_non_dentist_category,focused_title_evidence,non-dental title signal with no configured final category rule,False,+1212-305-2862,www.cumc.columbia.edu,http://www.cumc.columbia.edu/?utm_source=Ggl&utm_medium=GMB-link&utm_campaign=CD,4.0,40.8425174,-73.9424327,https://www.google.com/maps?cid=16663843916775862898,website_then_google_profile,www.cumc.columbia.edu,eligibility_review_block:e1a23e4f77e3f21d,singleton_profile,"Fill this row only when it is an exception to a reviewed group decision, or when its group is marked individual_review."
profile:Buffalo_NY_L:google:cid:17742445320798036369,Buffalo_NY_L,google:cid:17742445320798036369,UB Dental Clinic,"State University at Buffalo South Campus, 3435 Main St, Buffalo, NY 14214",maps_core,University,needs_category_review,unreviewed_or_conflicting_category_evidence,exclude_non_dentist_category|include_dental_provider,,,,,,eligibility_group:ac8e4225d949620f,unknown,,University,dental,,,include_dental_provider,focused_title_evidence,dental title signal with no configured include category,False,+1716-262-9750,dental.buffalo.edu,https://dental.buffalo.edu/patients/general-information.html,32.0,42.9546484,-78.8174083,https://www.google.com/maps?cid=17742445320798036369,website_then_google_profile,dental.buffalo.edu,eligibility_review_block:8d734675672b2814,singleton_profile,"Fill this row only when it is an exception to a reviewed group decision, or when its group is marked individual_review."
profile:NYC_NY_L:google:cid:3392797540311704278,NYC_NY_L,google:cid:3392797540311704278,Geld Rejuvenation Dentistry,"635 Madison Ave #19, New York, NY 10022",business_listings,Pain control clinic,needs_category_review,unreviewed_or_conflicting_category_evidence,exclude_non_dentist_category|include_dental_provider,,,,,,eligibility_group:b3e913bb6e89851c,unknown,,Pain control clinic,dentistry,,,include_dental_provider,focused_title_evidence,dental title signal with no configured include category,False,+1212-752-1663,www.gelbcenter.com,http://www.gelbcenter.com/,,40.7636668,-73.9709945,https://www.google.com/maps?cid=3392797540311704278,website_then_google_profile,www.gelbcenter.com,eligibility_review_block:eaf3749402a0ca9d,singleton_profile,"Fill this row only when it is an exception to a reviewed group decision, or when its group is marked individual_review."
profile:Augusta_GA_L:google:cid:15921830244754786624,Augusta_GA_L,google:cid:15921830244754786624,Oral & Maxillofacial Surgery,"1430 John Wesley Gilbert Drive, Augusta, GA 30912",maps_core|maps_specialist,Surgeon|Surgical center,needs_category_review,unreviewed_or_conflicting_category_evidence,exclude_non_dentist_category|include_dental_provider,,,,,,eligibility_group:beb60e706182afeb,manual_review|unknown,Surgical center: Category alone does not establish whether oral surgery is provided,Surgeon,maxillofacial,,,include_dental_provider,focused_title_evidence,dental title signal with no configured include category,False,+1706-721-9744,,,12.0,33.4645702,-81.9923611,https://www.google.com/maps?cid=15921830244754786624,google_profile_only,,eligibility_review_block:02a39639e7dc39ab,singleton_profile,"Fill this row only when it is an exception to a reviewed group decision, or when its group is marked individual_review."
profile:Eureka_CA_S:google:cid:6184430223637556722,Eureka_CA_S,google:cid:6184430223637556722,Providence Medical Group Eureka - Pediatrics,"2200 Harrison Ave Ste D, Eureka, CA 95501",maps_core|maps_specialist,Pediatric clinic,needs_category_review,unreviewed_or_conflicting_category_evidence,exclude_non_dentist_category|include_dental_provider,,,,,,eligibility_group:c0fd3acfd6eb1c49,manual_review,Pediatric clinic: Category alone does not establish whether dental care is provided,,,medical|pediatrics,,exclude_non_dentist_category,focused_title_evidence,non-dental title signal with no configured final category rule,False,+1707-444-6011,www.providence.org,https://www.providence.org/locations/norcal/eureka-pediatrics?ls=location&y_source=1_MjM2OTQ3NDEtNzE1LWxvY2F0aW9uLndlYnNpdGU%3D,5.0,40.7884181,-124.1403901,https://www.google.com/maps?cid=6184430223637556722,website_then_google_profile,www.providence.org,eligibility_review_block:fbbc427f5b395d98,singleton_profile,"Fill this row only when it is an exception to a reviewed group decision, or when its group is marked individual_review."
profile:Syracuse_NY_M:google:cid:7860111365534161918,Syracuse_NY_M,google:cid:7860111365534161918,St. Joseph's Health Hospital,"301 Prospect Ave, Syracuse, NY 13203",maps_core,Hospital,needs_category_review,unreviewed_or_conflicting_category_evidence,exclude_non_dentist_category|include_dental_provider,,,,,,eligibility_group:cce893253d25bbe4,unknown,,Hospital,,hospital,,exclude_non_dentist_category,focused_title_evidence,non-dental title signal with no configured final category rule,False,+1315-448-5111,www.sjhsyr.org,http://www.sjhsyr.org/,536.0,43.0559034,-76.1493326,https://www.google.com/maps?cid=7860111365534161918,website_then_google_profile,www.sjhsyr.org,eligibility_review_block:8fb67e439c1d9a22,singleton_profile,"Fill this row only when it is an exception to a reviewed group decision, or when its group is marked individual_review."
profile:LA_CA_L:google:cid:10802983423779816217,LA_CA_L,google:cid:10802983423779816217,Burbank Oral & Maxillofacial Surgery,"239 W Olive Ave, Burbank, CA 91502",business_listings,Surgical center,needs_category_review,unreviewed_or_conflicting_category_evidence,exclude_non_dentist_category|include_dental_provider,,,,,,eligibility_group:cd7c905ec844ba9b,manual_review,Surgical center: Category alone does not establish whether oral surgery is provided,,maxillofacial,,,include_dental_provider,focused_title_evidence,dental title signal with no configured include category,False,+1818-842-7999,www.burbankoralsurgery.com,http://www.burbankoralsurgery.com/,2.0,34.1746742,-118.315807,https://www.google.com/maps?cid=10802983423779816217,website_then_google_profile,www.burbankoralsurgery.com,eligibility_review_block:9a1b5b872efc0bd0,singleton_profile,"Fill this row only when it is an exception to a reviewed group decision, or when its group is marked individual_review."
profile:LA_CA_L:google:cid:15486739528170181669,LA_CA_L,google:cid:15486739528170181669,Southern California Oral & Maxillofacial Surgical Arts,"10724 White Oak Ave, Granada Hills, CA 91344",business_listings,Surgical center,needs_category_review,unreviewed_or_conflicting_category_evidence,exclude_non_dentist_category|include_dental_provider,,,,,,eligibility_group:cd7c905ec844ba9b,manual_review,Surgical center: Category alone does not establish whether oral surgery is provided,,maxillofacial,,,include_dental_provider,focused_title_evidence,dental title signal with no configured include category,False,+1818-365-0817,www.droralsurgery.com,http://www.droralsurgery.com/,358.0,34.2657443,-118.5195084,https://www.google.com/maps?cid=15486739528170181669,website_then_google_profile,www.droralsurgery.com,eligibility_review_block:a1845a5617dd64d6,singleton_profile,"Fill this row only when it is an exception to a reviewed group decision, or when its group is marked individual_review."
profile:NYC_NY_L:google:cid:8482847296773896722,NYC_NY_L,google:cid:8482847296773896722,"Sol D. Haber, DDS","139 Clinton St, Brooklyn, NY 11201",business_listings,Surgical center,needs_category_review,unreviewed_or_conflicting_category_evidence,exclude_non_dentist_category|include_dental_provider,,,,,,eligibility_group:cd7c905ec844ba9b,manual_review,Surgical center: Category alone does not establish whether oral surgery is provided,,dds,,,include_dental_provider,focused_title_evidence,dental title signal with no configured include category,False,+1718-855-6700,www.drhaberoralsurgery.com,https://www.drhaberoralsurgery.com/,23.0,40.6918291,-73.9933774,https://www.google.com/maps?cid=8482847296773896722,website_then_google_profile,www.drhaberoralsurgery.com,eligibility_review_block:91ca2380d35d3566,singleton_profile,"Fill this row only when it is an exception to a reviewed group decision, or when its group is marked individual_review."
profile:LA_CA_L:google:cid:12275302527016684401,LA_CA_L,google:cid:12275302527016684401,Center for Family Health and Education - Family Medicine/Pediatrics,"8727 Van Nuys Blvd 101 #102, Panorama City, CA 91402",business_listings,Community health center,needs_category_review,unreviewed_or_conflicting_category_evidence,exclude_non_dentist_category|include_dental_provider,,,,,,eligibility_group:ce20189a50f385ea,manual_review,Community health center: Category alone does not establish whether dental care is provided,,,pediatrics,,exclude_non_dentist_category,focused_title_evidence,non-dental title signal with no configured final category rule,False,+1818-405-0090,www.cffhae.org,https://www.cffhae.org/find-a-location/panorama-city/,277.0,34.2281957,-118.4503944,https://www.google.com/maps?cid=12275302527016684401,website_then_google_profile,www.cffhae.org,eligibility_review_block:ead333d057194ece,singleton_profile,"Fill this row only when it is an exception to a reviewed group decision, or when its group is marked individual_review."
profile:NYC_NY_L:google:cid:5939245230968736679,NYC_NY_L,google:cid:5939245230968736679,Integrative Dental Wellness and Airway Health at Central Park South,"116 Central Park S Suite 8, New York, NY 10019",business_listings,Sleep clinic,needs_category_review,unreviewed_or_conflicting_category_evidence,exclude_non_dentist_category|include_dental_provider,,,,,,eligibility_group:d16e42946397b3ed,unknown,,Sleep clinic,dental,,,include_dental_provider,focused_title_evidence,dental title signal with no configured include category,False,+1212-265-0222,dentalwellnessairway.com,https://dentalwellnessairway.com/,,40.7656304,-73.97749139999999,https://www.google.com/maps?cid=5939245230968736679,website_then_google_profile,dentalwellnessairway.com,eligibility_review_block:ac5c437220e7e65e,singleton_profile,"Fill this row only when it is an exception to a reviewed group decision, or when its group is marked individual_review."
profile:NYC_NY_L:google:cid:16798224541328156430,NYC_NY_L,google:cid:16798224541328156430,Long Island Dental Sleep Medicine,"101 Hillside Ave. Ste A, Williston Park, NY 11596",business_listings,Sleep clinic,needs_category_review,unreviewed_or_conflicting_category_evidence,exclude_non_dentist_category|include_dental_provider,,,,,,eligibility_group:d16e42946397b3ed,unknown,,Sleep clinic,dental,,,include_dental_provider,focused_title_evidence,dental title signal with no configured include category,False,+1516-741-6202,longislandsleep.com,https://longislandsleep.com/,29.0,40.7567352,-73.64331589999999,https://www.google.com/maps?cid=16798224541328156430,website_then_google_profile,longislandsleep.com,eligibility_review_block:8a4ca4e0033cfcc4,singleton_profile,"Fill this row only when it is an exception to a reviewed group decision, or when its group is marked individual_review."
profile:Atlanta_GA_L:google:cid:6885250673203378333,Atlanta_GA_L,google:cid:6885250673203378333,Southside Medical Center,"1046 Ridge Ave SW #4, Atlanta, GA 30315",maps_core,Medical Center,needs_category_review,unreviewed_or_conflicting_category_evidence,exclude_non_dentist_category|include_dental_provider,,,,,,eligibility_group:d6a5057259cdd490,manual_review,Medical Center: Category alone does not establish whether dental care is provided,,,medical,,exclude_non_dentist_category,focused_title_evidence,non-dental title signal with no configured final category rule,False,+1404-688-1350,southsidemedical.net,https://southsidemedical.net/,1063.0,33.727052,-84.3918826,https://www.google.com/maps?cid=6885250673203378333,website_then_google_profile,southsidemedical.net,eligibility_review_block:4f075eedf7a267b1,singleton_profile,"Fill this row only when it is an exception to a reviewed group decision, or when its group is marked individual_review."
profile:LA_CA_L:google:cid:3700286960602092890,LA_CA_L,google:cid:3700286960602092890,Miracle Mile Medical Group,"MIRACLE MILE GROUP, 5757 Wilshire Blvd Ste PR2, Los Angeles, CA 90036",business_listings,Medical Center,needs_category_review,unreviewed_or_conflicting_category_evidence,exclude_non_dentist_category|include_dental_provider,,,,,,eligibility_group:d6a5057259cdd490,manual_review,Medical Center: Category alone does not establish whether dental care is provided,,,medical,,exclude_non_dentist_category,focused_title_evidence,non-dental title signal with no configured final category rule,False,+1323-433-7744,rymaps.xyz,https://rymaps.xyz/business/miracle-mile-medical-group-6wowe7,26.0,34.0627411,-118.3535909,https://www.google.com/maps?cid=3700286960602092890,website_then_google_profile,rymaps.xyz,eligibility_review_block:33943a4bd25f8e13,singleton_profile,"Fill this row only when it is an exception to a reviewed group decision, or when its group is marked individual_review."
profile:NYC_NY_L:google:cid:3393784019642761753,NYC_NY_L,google:cid:3393784019642761753,Ezra Medical Center - 13th Avenue,"3710 13th Ave, Brooklyn, NY 11218",business_listings,Medical Center,needs_category_review,unreviewed_or_conflicting_category_evidence,exclude_non_dentist_category|include_dental_provider,,,,,,eligibility_group:d6a5057259cdd490,manual_review,Medical Center: Category alone does not establish whether dental care is provided,,,medical,,exclude_non_dentist_category,focused_title_evidence,non-dental title signal with no configured final category rule,False,+1718-686-7600,www.ezramedical.org,https://www.ezramedical.org/,30.0,40.6416362,-73.98556549999999,https://www.google.com/maps?cid=3393784019642761753,website_then_google_profile,www.ezramedical.org,eligibility_review_block:e4638fa06dbd0a12,singleton_profile,"Fill this row only when it is an exception to a reviewed group decision, or when its group is marked individual_review."
profile:NYC_NY_L:google:cid:14102324526115559462,NYC_NY_L,google:cid:14102324526115559462,Midwood Medical Plaza,"813 Quentin Rd # 100, Brooklyn, NY 11223",business_listings,Medical Center,needs_category_review,unreviewed_or_conflicting_category_evidence,exclude_non_dentist_category|include_dental_provider,,,,,,eligibility_group:d6a5057259cdd490,manual_review,Medical Center: Category alone does not establish whether dental care is provided,,,medical,,exclude_non_dentist_category,focused_title_evidence,non-dental title signal with no configured final category rule,False,+1718-832-1445,,,3.0,40.6077429,-73.9643246,https://www.google.com/maps?cid=14102324526115559462,google_profile_only,,eligibility_review_block:6cf9f9bd32248543,singleton_profile,"Fill this row only when it is an exception to a reviewed group decision, or when its group is marked individual_review."
profile:NYC_NY_L:google:cid:17274625385709858944,NYC_NY_L,google:cid:17274625385709858944,One Brooklyn Health-Brookdale University Hospital Medical Center,"1 Brookdale Plaza, Brooklyn, NY 11212",business_listings,Medical Center,needs_category_review,unreviewed_or_conflicting_category_evidence,exclude_non_dentist_category|include_dental_provider,,,,,,eligibility_group:d6a5057259cdd490,manual_review,Medical Center: Category alone does not establish whether dental care is provided,,,medical|hospital,,exclude_non_dentist_category,focused_title_evidence,non-dental title signal with no configured final category rule,False,+1718-240-5000,onebrooklynhealth.org,https://onebrooklynhealth.org/,943.0,40.6549233,-73.9122805,https://www.google.com/maps?cid=17274625385709858944,website_then_google_profile,onebrooklynhealth.org,eligibility_review_block:0251f57ee638f355,singleton_profile,"Fill this row only when it is an exception to a reviewed group decision, or when its group is marked individual_review."
profile:NYC_NY_L:google:cid:12108429306634589123,NYC_NY_L,google:cid:12108429306634589123,Tooth Preventive Dental,"56 W 45th St Ste 121b, New York, NY 10036",business_listings,Plastic surgeon,needs_category_review,unreviewed_or_conflicting_category_evidence,exclude_non_dentist_category|include_dental_provider,,,,,,eligibility_group:ddca1ad33db9248e,unknown,,Plastic surgeon,dental,,,include_dental_provider,focused_title_evidence,dental title signal with no configured include category,False,+1646-630-9176,millennialplasticsurgery.com,https://millennialplasticsurgery.com/,,40.7561859,-73.9818267,https://www.google.com/maps?cid=12108429306634589123,website_then_google_profile,millennialplasticsurgery.com,eligibility_review_block:82a913c6c7df5028,singleton_profile,"Fill this row only when it is an exception to a reviewed group decision, or when its group is marked individual_review."
profile:NYC_NY_L:google:cid:18309720280738893048,NYC_NY_L,google:cid:18309720280738893048,"Dr. Nojan Bakhtiari, DDS - TMJ & Orofacial Pain Specialist","41 Park Ave #1B, New York, NY 10016",business_listings,Pain management physician,needs_category_review,unreviewed_or_conflicting_category_evidence,exclude_non_dentist_category|include_dental_provider,,,,,,eligibility_group:e2269ede4de1d3e3,unknown,,Pain management physician,dds,,,include_dental_provider,focused_title_evidence,dental title signal with no configured include category,False,+1347-708-3865,www.doctortmj.com,https://www.doctortmj.com/,358.0,40.7483765,-73.97993,https://www.google.com/maps?cid=18309720280738893048,website_then_google_profile,www.doctortmj.com,eligibility_review_block:ab29e110795cd344,singleton_profile,"Fill this row only when it is an exception to a reviewed group decision, or when its group is marked individual_review."
profile:LA_CA_L:google:cid:7991746826427417830,LA_CA_L,google:cid:7991746826427417830,"Erin Lobo Marwah, DDS","23456 Hawthorne Blvd #210, Torrance, CA 90505",business_listings,Denture care center,needs_category_review,unreviewed_or_conflicting_category_evidence,exclude_non_dentist_category|include_dental_provider,,,,,,eligibility_group:e2e1c692637d4bf7,unknown,,Denture care center,dds,,,include_dental_provider,focused_title_evidence,dental title signal with no configured include category,False,+1310-424-3100,www.bluecoastdental.com,https://www.bluecoastdental.com/dentures.html,43.0,33.8126312,-118.3493255,https://www.google.com/maps?cid=7991746826427417830,website_then_google_profile,www.bluecoastdental.com,eligibility_review_block:cb221761531f155b,singleton_profile,"Fill this row only when it is an exception to a reviewed group decision, or when its group is marked individual_review."
profile:LA_CA_L:google:cid:4534990736566493603,LA_CA_L,google:cid:4534990736566493603,Urgent Care Dentist 24/7,"2800 S Santa Fe Ave, Vernon, CA 90058",maps_core,Denture care center,needs_category_review,unreviewed_or_conflicting_category_evidence,exclude_non_dentist_category|include_dental_provider,,,,,,eligibility_group:e2e1c692637d4bf7,unknown,,Denture care center,dentist,,,include_dental_provider,focused_title_evidence,dental title signal with no configured include category,False,+1888-806-3379,,,10.0,34.0116054,-118.2300463,https://www.google.com/maps?cid=4534990736566493603,google_profile_only,,eligibility_review_block:982c0640273abbbd,singleton_profile,"Fill this row only when it is an exception to a reviewed group decision, or when its group is marked individual_review."
profile:NYC_NY_L:google:cid:11264510238293180608,NYC_NY_L,google:cid:11264510238293180608,All Dental Technology,"86-25 Whitney Ave #1, Elmhurst, NY 11373",business_listings,Denture care center,needs_category_review,unreviewed_or_conflicting_category_evidence,exclude_non_dentist_category|include_dental_provider,,,,,,eligibility_group:e2e1c692637d4bf7,unknown,,Denture care center,dental,,,include_dental_provider,focused_title_evidence,dental title signal with no configured include category,False,+1718-255-6022,,,2.0,40.7422116,-73.87873359999999,https://www.google.com/maps?cid=11264510238293180608,google_profile_only,,eligibility_review_block:a45385ec6965d4ab,singleton_profile,"Fill this row only when it is an exception to a reviewed group decision, or when its group is marked individual_review."
profile:LA_CA_L:google:cid:4950580691321672636,LA_CA_L,google:cid:4950580691321672636,Shafaa Center Integrative Medicine & Dentistry,"5767 W Adams Blvd, Los Angeles, CA 90016",business_listings,Acupuncturist,needs_category_review,unreviewed_or_conflicting_category_evidence,exclude_non_dentist_category|include_dental_provider,,,,,,eligibility_group:eaa7af85211eac46,unknown,,Acupuncturist,dentistry,,,include_dental_provider,focused_title_evidence,dental title signal with no configured include category,False,+1323-879-9889,www.laholisticdental.com,https://www.laholisticdental.com/,31.0,34.0326835,-118.3693645,https://www.google.com/maps?cid=4950580691321672636,website_then_google_profile,www.laholisticdental.com,eligibility_review_block:6bc9c265f023f817,singleton_profile,"Fill this row only when it is an exception to a reviewed group decision, or when its group is marked individual_review."
profile:Augusta_GA_L:google:cid:8940347495298251894,Augusta_GA_L,google:cid:8940347495298251894,Medical Associates Plus - Walton Way,"2050 Walton Wy, Augusta, GA 30904",maps_core,Medical office,needs_category_review,unreviewed_or_conflicting_category_evidence,exclude_non_dentist_category|include_dental_provider,,,,,,eligibility_group:f2764acdfe16f6b9,unknown,,Medical office,,medical,,exclude_non_dentist_category,focused_title_evidence,non-dental title signal with no configured final category rule,False,+1706-434-1590,mapbt.com,http://mapbt.com/,160.0,33.4754544,-82.0066499,https://www.google.com/maps?cid=8940347495298251894,website_then_google_profile,mapbt.com,eligibility_review_block:26960b4c800b2333,singleton_profile,"Fill this row only when it is an exception to a reviewed group decision, or when its group is marked individual_review."
profile:SaranacLake_NY_S:google:cid:1212470625018711344,SaranacLake_NY_S,google:cid:1212470625018711344,Mountain Medical Services Saranac Lake,"354 Broadway, Saranac Lake, NY 12983",maps_core,Medical office,needs_category_review,unreviewed_or_conflicting_category_evidence,exclude_non_dentist_category|include_dental_provider,,,,,,eligibility_group:f2764acdfe16f6b9,unknown,,Medical office,,medical,,exclude_non_dentist_category,focused_title_evidence,non-dental title signal with no configured final category rule,False,+1518-897-1000,www.mountainmedical.net,https://www.mountainmedical.net/,854.0,44.3366734,-74.1394655,https://www.google.com/maps?cid=1212470625018711344,website_then_google_profile,www.mountainmedical.net,eligibility_review_block:41fc24fe07e03e7d,singleton_profile,"Fill this row only when it is an exception to a reviewed group decision, or when its group is marked individual_review."
profile:Eureka_CA_S:google:cid:5159432709182396681,Eureka_CA_S,google:cid:5159432709182396681,Wonenberg Brett DDS,"1519 2nd St, Eureka, CA 95501",maps_core|maps_specialist,Housing society,needs_category_review,unreviewed_or_conflicting_category_evidence,exclude_non_dentist_category|include_dental_provider,,,,,,eligibility_group:fdbeba08ad1ee9f8,unknown,,Housing society,dds,,,include_dental_provider,focused_title_evidence,dental title signal with no configured include category,False,+1707-442-1140,,,5.0,40.8065149,-124.1552055,https://www.google.com/maps?cid=5159432709182396681,google_profile_only,,eligibility_review_block:8b8b86d9966e8c67,singleton_profile,"Fill this row only when it is an exception to a reviewed group decision, or when its group is marked individual_review."
