decision_id,market,profile_key,title,address,observed_sources,observed_categories,observed_source_decisions,profile_status_basis,allowed_manual_decisions,manual_decision,decision_evidence,evidence_url,reviewed_by,reviewed_on,category_group_id,category_rule_pattern,category_rule_reasons,unknown_categories,dental_title_signals,nondental_title_signals,category_nonprovider_signals,suggested_manual_decision,review_tier,suggestion_basis,automatic_final_decision_applied
profile:NYC_NY_L:google:cid:3018543719665768431,NYC_NY_L,google:cid:3018543719665768431,NYUDentalUrgentCareCtr,"345 E 24th St, New York, NY 10010",business_listings,Academic department,needs_category_review,unreviewed_or_conflicting_category_evidence,exclude_non_dentist_category|include_dental_provider,,,,,,eligibility_group:02dcfcd73b831370,unknown,,Academic department,,,,,external_evidence_required,category and title evidence do not support a safe batch suggestion,False
profile:NYC_NY_L:google:cid:12734663689420348493,NYC_NY_L,google:cid:12734663689420348493,Meadow Park Rehab & Healthcare,"78-10 164th St, Fresh Meadows, NY 11366",business_listings,Nursing home,needs_category_review,unreviewed_or_conflicting_category_evidence,exclude_non_dentist_category|include_dental_provider,,,,,,eligibility_group:0ec14e66a4663c8f,unknown,,Nursing home,,,,,external_evidence_required,category and title evidence do not support a safe batch suggestion,False
profile:NYC_NY_L:google:cid:18214434003362221946,NYC_NY_L,google:cid:18214434003362221946,Hanna Face and Jaw,"521 Park Ave C, New York, NY 10065",business_listings,Surgical center,needs_category_review,unreviewed_or_conflicting_category_evidence,exclude_non_dentist_category|include_dental_provider,,,,,,eligibility_group:0f60d922875b512e,manual_review,Surgical center: Category alone does not establish whether oral surgery is provided,,,,,,external_evidence_required,category and title evidence do not support a safe batch suggestion,False
profile:NYC_NY_L:google:cid:36045056295983553,NYC_NY_L,google:cid:36045056295983553,Akpinar Bill B,"61-10 Marathon Pkwy, Flushing, NY 11362",business_listings,Acupuncturist,needs_category_review,unreviewed_or_conflicting_category_evidence,exclude_non_dentist_category|include_dental_provider,,,,,,eligibility_group:109ca635159bfcf9,unknown,,Acupuncturist,,,,,external_evidence_required,category and title evidence do not support a safe batch suggestion,False
profile:Macon_GA_M:google:cid:14174239940159880544,Macon_GA_M,google:cid:14174239940159880544,Macon Holistic,"1080 3rd St Ste 200, Macon, GA 31201",maps_core,Acupuncture clinic,needs_category_review,unreviewed_or_conflicting_category_evidence,exclude_non_dentist_category|include_dental_provider,,,,,,eligibility_group:11aa1e916db1aa85,unknown,,Acupuncture clinic,,,,,external_evidence_required,category and title evidence do not support a safe batch suggestion,False
profile:LA_CA_L:google:cid:10073033236181205716,LA_CA_L,google:cid:10073033236181205716,"Ardeshir Soroushyari, M.D.","5411 Etiwanda Ave #200, Tarzana, CA 91356",business_listings,Internist,needs_category_review,unreviewed_or_conflicting_category_evidence,exclude_non_dentist_category|include_dental_provider,,,,,,eligibility_group:190ff23a6596779d,unknown,,Internist,,,,,external_evidence_required,category and title evidence do not support a safe batch suggestion,False
profile:NYC_NY_L:google:cid:5699955828418129941,NYC_NY_L,google:cid:5699955828418129941,Be Well Primary Health Care Center,"3007 Farragut Rd, Brooklyn, NY 11210",business_listings,Internist,needs_category_review,unreviewed_or_conflicting_category_evidence,exclude_non_dentist_category|include_dental_provider,,,,,,eligibility_group:190ff23a6596779d,unknown,,Internist,,,,,external_evidence_required,category and title evidence do not support a safe batch suggestion,False
profile:NYC_NY_L:google:cid:3053711292195176961,NYC_NY_L,google:cid:3053711292195176961,"Deborah M. Swiderski, MD","111 E 210th St, Bronx, NY 10467",business_listings,Internist,needs_category_review,unreviewed_or_conflicting_category_evidence,exclude_non_dentist_category|include_dental_provider,,,,,,eligibility_group:190ff23a6596779d,unknown,,Internist,,,,,external_evidence_required,category and title evidence do not support a safe batch suggestion,False
profile:NYC_NY_L:google:cid:1252474763438112699,NYC_NY_L,google:cid:1252474763438112699,Uppal Rajinder MD,"16-70 Putnam Ave, Ridgewood, NY 11385",business_listings,Internist,needs_category_review,unreviewed_or_conflicting_category_evidence,exclude_non_dentist_category|include_dental_provider,,,,,,eligibility_group:190ff23a6596779d,unknown,,Internist,,,,,external_evidence_required,category and title evidence do not support a safe batch suggestion,False
profile:Atlanta_GA_L:google:cid:2428785299818441667,Atlanta_GA_L,google:cid:2428785299818441667,Medhanie Berhane,"2020 Peachtree Rd NW, Atlanta, GA 30309",business_listings,Surgeon,needs_category_review,unreviewed_or_conflicting_category_evidence,exclude_non_dentist_category|include_dental_provider,,,,,,eligibility_group:1a7fe0b72a158684,unknown,,Surgeon,,,,,external_evidence_required,category and title evidence do not support a safe batch suggestion,False
profile:SanFrancisco_CA_L:google:cid:7955568972727550025,SanFrancisco_CA_L,google:cid:7955568972727550025,HealthRIGHT 360,"1563 Mission St, San Francisco, CA 94103",maps_core,Addiction treatment center,needs_category_review,unreviewed_or_conflicting_category_evidence,exclude_non_dentist_category|include_dental_provider,,,,,,eligibility_group:1c581a3afe68aaf2,unknown,,Addiction treatment center,,,,,external_evidence_required,category and title evidence do not support a safe batch suggestion,False
profile:LA_CA_L:google:cid:8520393266508949767,LA_CA_L,google:cid:8520393266508949767,K9 Loft,"450 S Arroyo Pkwy, Pasadena, CA 91105",business_listings,Kennel,needs_category_review,unreviewed_or_conflicting_category_evidence,exclude_non_dentist_category|include_dental_provider,,,,,,eligibility_group:1d59b7122da080e0,unknown,,Kennel,,,,,external_evidence_required,category and title evidence do not support a safe batch suggestion,False
profile:NYC_NY_L:google:cid:8627939193481494640,NYC_NY_L,google:cid:8627939193481494640,Art Investment Consultancy,"851 5th Ave, New York, NY 10065",business_listings,Art gallery,needs_category_review,unreviewed_or_conflicting_category_evidence,exclude_non_dentist_category|include_dental_provider,,,,,,eligibility_group:2828f45881a41726,unknown,,Art gallery,,,,,external_evidence_required,category and title evidence do not support a safe batch suggestion,False
profile:LA_CA_L:google:cid:1041337711816604659,LA_CA_L,google:cid:1041337711816604659,100 Black Men of Los Angeles,"3701 Stocker St #309a, Los Angeles, CA 90008",business_listings,Non-profit organization,needs_category_review,unreviewed_or_conflicting_category_evidence,exclude_non_dentist_category|include_dental_provider,,,,,,eligibility_group:284d9dbfa1c169a1,unknown,,Non-profit organization,,,,,external_evidence_required,category and title evidence do not support a safe batch suggestion,False
profile:LA_CA_L:google:cid:856027905363852558,LA_CA_L,google:cid:856027905363852558,Comprehensive Community Health Centers - Eagle Rock,"1704 Colorado Blvd, Los Angeles, CA 90041",business_listings,Non-profit organization,needs_category_review,unreviewed_or_conflicting_category_evidence,exclude_non_dentist_category|include_dental_provider,,,,,,eligibility_group:284d9dbfa1c169a1,unknown,,Non-profit organization,,,,,external_evidence_required,category and title evidence do not support a safe batch suggestion,False
profile:NYC_NY_L:google:cid:14802067086695398071,NYC_NY_L,google:cid:14802067086695398071,Children's Aid - Dunlevy Milbank Center,"14-32 W 118th St, New York, NY 10026",business_listings,Non-profit organization,needs_category_review,unreviewed_or_conflicting_category_evidence,exclude_non_dentist_category|include_dental_provider,,,,,,eligibility_group:284d9dbfa1c169a1,unknown,,Non-profit organization,,,,,external_evidence_required,category and title evidence do not support a safe batch suggestion,False
profile:NYC_NY_L:google:cid:726771841321324320,NYC_NY_L,google:cid:726771841321324320,"Spanish American Medical Dental Society of New York, Inc.","104-01 Roosevelt Ave, Corona, NY 11368",business_listings,Association / Organization,needs_category_review,unreviewed_or_conflicting_category_evidence,exclude_non_dentist_category|include_dental_provider,,,,,,eligibility_group:2b363d7841954eac,unknown,,Association / Organization,dental,medical,,,external_evidence_required,category and title evidence do not support a safe batch suggestion,False
profile:NYC_NY_L:google:cid:9088123712092137469,NYC_NY_L,google:cid:9088123712092137469,Center for Hemifacial Microsomia and Ear Deformities,"1991 Marcus Ave #102, North New Hyde Park, NY 11042",business_listings,Pediatric ophthalmologist,needs_category_review,unreviewed_or_conflicting_category_evidence,exclude_non_dentist_category|include_dental_provider,,,,,,eligibility_group:2e00f425af73d508,unknown,,Pediatric ophthalmologist,,,,,external_evidence_required,category and title evidence do not support a safe batch suggestion,False
profile:LA_CA_L:google:cid:3964067785989222189,LA_CA_L,google:cid:3964067785989222189,Workforce Resource & Management Group,"5150 CA-1, Long Beach, CA 90804",business_listings,Consultant,needs_category_review,unreviewed_or_conflicting_category_evidence,exclude_non_dentist_category|include_dental_provider,,,,,,eligibility_group:33f2d6fdc924912e,unknown,,Consultant,,,,,external_evidence_required,category and title evidence do not support a safe batch suggestion,False
profile:Macon_GA_M:google:cid:135096128598810680,Macon_GA_M,google:cid:135096128598810680,North Central Health District,"201 2nd St, Macon, GA 31201",maps_core,State government office,needs_category_review,unreviewed_or_conflicting_category_evidence,exclude_non_dentist_category|include_dental_provider,,,,,,eligibility_group:35cf00a42bc08bcb,unknown,,State government office,,,,,external_evidence_required,category and title evidence do not support a safe batch suggestion,False
profile:Atlanta_GA_L:google:cid:14051362357773369561,Atlanta_GA_L,google:cid:14051362357773369561,Ponce De Leon Center,"341 Ponce De Leon Ave NE, Atlanta, GA 30308",business_listings,STD clinic,needs_category_review,unreviewed_or_conflicting_category_evidence,exclude_non_dentist_category|include_dental_provider,,,,,,eligibility_group:3850dec87c574304,unknown,,STD clinic,,,,,external_evidence_required,category and title evidence do not support a safe batch suggestion,False
profile:LA_CA_L:google:cid:2520457688506967269,LA_CA_L,google:cid:2520457688506967269,Comprehensive Health Care,"3540 Wilshire Blvd #715, Los Angeles, CA 90010",business_listings,Home health care service,needs_category_review,unreviewed_or_conflicting_category_evidence,exclude_non_dentist_category|include_dental_provider,,,,,,eligibility_group:3fb50d6253134f7d,unknown,,Home health care service,,,,,external_evidence_required,category and title evidence do not support a safe batch suggestion,False
profile:LA_CA_L:google:cid:9861830449886396311,LA_CA_L,google:cid:9861830449886396311,TelerainMD-Online Doctor Consultation,"19360 Rinaldi St #375, Porter Ranch, CA 91326",business_listings,Home health care service,needs_category_review,unreviewed_or_conflicting_category_evidence,exclude_non_dentist_category|include_dental_provider,,,,,,eligibility_group:3fb50d6253134f7d,unknown,,Home health care service,,,,,external_evidence_required,category and title evidence do not support a safe batch suggestion,False
profile:NYC_NY_L:google:cid:15795670956715437029,NYC_NY_L,google:cid:15795670956715437029,Aspire Health Solutions,"8 Davison Plaza, East Rockaway, NY 11518",business_listings,Home health care service,needs_category_review,unreviewed_or_conflicting_category_evidence,exclude_non_dentist_category|include_dental_provider,,,,,,eligibility_group:3fb50d6253134f7d,unknown,,Home health care service,,,,,external_evidence_required,category and title evidence do not support a safe batch suggestion,False
profile:NYC_NY_L:google:cid:13044985527534183180,NYC_NY_L,google:cid:13044985527534183180,Project Renewal Fort Washington Men's Shelter,"651 W 168th St, New York, NY 10032",business_listings,Homeless shelter,needs_category_review,unreviewed_or_conflicting_category_evidence,exclude_non_dentist_category|include_dental_provider,,,,,,eligibility_group:488e8f068db9ff30,unknown,,Homeless shelter,,,,,external_evidence_required,category and title evidence do not support a safe batch suggestion,False
profile:Buffalo_NY_L:google:cid:7759169902728672012,Buffalo_NY_L,google:cid:7759169902728672012,CurlyJanes Crystal Rose,"21 Leroy Ave, Buffalo, NY 14214",business_listings,Herbalist,needs_category_review,unreviewed_or_conflicting_category_evidence,exclude_non_dentist_category|include_dental_provider,,,,,,eligibility_group:4ba8b77a4528c354,unknown,,Herbalist,,,,,external_evidence_required,category and title evidence do not support a safe batch suggestion,False
profile:Eureka_CA_S:google:cid:637581436883905048,Eureka_CA_S,google:cid:637581436883905048,Casey Kelly,"2200 Tydd St, Eureka, CA 95501",maps_core,Physician assistant,needs_category_review,unreviewed_or_conflicting_category_evidence,exclude_non_dentist_category|include_dental_provider,,,,,,eligibility_group:4be703df9eed5108,unknown,,Physician assistant,,,,,external_evidence_required,category and title evidence do not support a safe batch suggestion,False
profile:LA_CA_L:google:cid:7646798875731967891,LA_CA_L,google:cid:7646798875731967891,"InterDent, Inc.","2260 E Imperial Hwy, El Segundo, CA 90245",business_listings,Business to business service,needs_category_review,unreviewed_or_conflicting_category_evidence,exclude_non_dentist_category|include_dental_provider,,,,,,eligibility_group:4e65f218b0c2f72b,unknown,,Business to business service,,,,,external_evidence_required,category and title evidence do not support a safe batch suggestion,False
profile:Atlanta_GA_L:google:cid:1014165455047184436,Atlanta_GA_L,google:cid:1014165455047184436,Georgia State University Student Clinic,"75 Piedmont Ave NE Ste 200, Atlanta, GA 30312",maps_core,Medical clinic,needs_category_review,unreviewed_or_conflicting_category_evidence,exclude_non_dentist_category|include_dental_provider,,,,,,eligibility_group:504917ff371eb69d,manual_review,Medical clinic: Category alone does not establish whether dental care is provided,,,,,,external_evidence_required,category and title evidence do not support a safe batch suggestion,False
profile:Atlanta_GA_L:google:cid:16152439090923692825,Atlanta_GA_L,google:cid:16152439090923692825,Mercy Care at Gateway Center,"275 Pryor St SW, Atlanta, GA 30303",maps_core,Medical clinic,needs_category_review,unreviewed_or_conflicting_category_evidence,exclude_non_dentist_category|include_dental_provider,,,,,,eligibility_group:504917ff371eb69d,manual_review,Medical clinic: Category alone does not establish whether dental care is provided,,,,,,external_evidence_required,category and title evidence do not support a safe batch suggestion,False
profile:Atlanta_GA_L:google:cid:374081400048267317,Atlanta_GA_L,google:cid:374081400048267317,Whitefoord Health Center,"1401 Hosea L Williams Dr NE, Atlanta, GA 30317",business_listings,Medical clinic,needs_category_review,unreviewed_or_conflicting_category_evidence,exclude_non_dentist_category|include_dental_provider,,,,,,eligibility_group:504917ff371eb69d,manual_review,Medical clinic: Category alone does not establish whether dental care is provided,,,,,,external_evidence_required,category and title evidence do not support a safe batch suggestion,False
profile:Atlanta_GA_L:google:cid:16197116083296152898,Atlanta_GA_L,google:cid:16197116083296152898,"Whitefoord, Inc.","35 Whitefoord Ave SE, Atlanta, GA 30317",business_listings,Medical clinic,needs_category_review,unreviewed_or_conflicting_category_evidence,exclude_non_dentist_category|include_dental_provider,,,,,,eligibility_group:504917ff371eb69d,manual_review,Medical clinic: Category alone does not establish whether dental care is provided,,,,,,external_evidence_required,category and title evidence do not support a safe batch suggestion,False
profile:Augusta_GA_L:google:cid:15876635400132913439,Augusta_GA_L,google:cid:15876635400132913439,Christ Community Health Peach Orchard,"2604 Peach Orchard Rd #200, Augusta, GA 30906",maps_core,Medical clinic,needs_category_review,unreviewed_or_conflicting_category_evidence,exclude_non_dentist_category|include_dental_provider,,,,,,eligibility_group:504917ff371eb69d,manual_review,Medical clinic: Category alone does not establish whether dental care is provided,,,,,,external_evidence_required,category and title evidence do not support a safe batch suggestion,False
profile:Augusta_GA_L:google:cid:17592610386023037987,Augusta_GA_L,google:cid:17592610386023037987,Druid Park Community Health Center,"1018 Druid Park Ave, Augusta, GA 30904",maps_core,Medical clinic,needs_category_review,unreviewed_or_conflicting_category_evidence,exclude_non_dentist_category|include_dental_provider,,,,,,eligibility_group:504917ff371eb69d,manual_review,Medical clinic: Category alone does not establish whether dental care is provided,,,,,,external_evidence_required,category and title evidence do not support a safe batch suggestion,False
profile:Buffalo_NY_L:google:cid:16190680881071780487,Buffalo_NY_L,google:cid:16190680881071780487,City Smiles,"2264 Main St Apt 1, Buffalo, NY 14214",business_listings,Medical clinic,needs_category_review,unreviewed_or_conflicting_category_evidence,exclude_non_dentist_category|include_dental_provider,,,,,,eligibility_group:504917ff371eb69d,manual_review,Medical clinic: Category alone does not establish whether dental care is provided,,,,,,external_evidence_required,category and title evidence do not support a safe batch suggestion,False
profile:Buffalo_NY_L:google:cid:9379723610265778813,Buffalo_NY_L,google:cid:9379723610265778813,ECMC Center for Dental Care - Buffalo General Medical Center,"100 High St, Buffalo, NY 14203",maps_core,Medical clinic,needs_category_review,unreviewed_or_conflicting_category_evidence,exclude_non_dentist_category|include_dental_provider,,,,,,eligibility_group:504917ff371eb69d,manual_review,Medical clinic: Category alone does not establish whether dental care is provided,,dental,medical,,,external_evidence_required,category and title evidence do not support a safe batch suggestion,False
profile:Buffalo_NY_L:google:cid:2431502444806696710,Buffalo_NY_L,google:cid:2431502444806696710,Good Neighbors Health Care,"175 Jefferson Ave, Buffalo, NY 14210",business_listings,Medical clinic,needs_category_review,unreviewed_or_conflicting_category_evidence,exclude_non_dentist_category|include_dental_provider,,,,,,eligibility_group:504917ff371eb69d,manual_review,Medical clinic: Category alone does not establish whether dental care is provided,,,,,,external_evidence_required,category and title evidence do not support a safe batch suggestion,False
profile:Buffalo_NY_L:google:cid:15791159538290549542,Buffalo_NY_L,google:cid:15791159538290549542,Pediatric Dental – Golisano Children’s Buffalo Outpatient Center (Conventus),"1001 Main St, Buffalo, NY 14203",maps_core|maps_specialist,Medical clinic,needs_category_review,unreviewed_or_conflicting_category_evidence,exclude_non_dentist_category|include_dental_provider,,,,,,eligibility_group:504917ff371eb69d,manual_review,Medical clinic: Category alone does not establish whether dental care is provided,,dental,pediatrics,,,external_evidence_required,category and title evidence do not support a safe batch suggestion,False
profile:Buffalo_NY_L:google:cid:4884419086949519441,Buffalo_NY_L,google:cid:4884419086949519441,The Cardiac Connection,"5427 Transit Rd, Williamsville, NY 14221",business_listings,Medical clinic,needs_category_review,unreviewed_or_conflicting_category_evidence,exclude_non_dentist_category|include_dental_provider,,,,,,eligibility_group:504917ff371eb69d,manual_review,Medical clinic: Category alone does not establish whether dental care is provided,,,,,,external_evidence_required,category and title evidence do not support a safe batch suggestion,False
profile:Eureka_CA_S:google:cid:5485192789650701152,Eureka_CA_S,google:cid:5485192789650701152,Eureka Health Center- United Indian Health Services,"2505 Lucas St Ste a, Eureka, CA 95501",maps_core,Medical clinic,needs_category_review,unreviewed_or_conflicting_category_evidence,exclude_non_dentist_category|include_dental_provider,,,,,,eligibility_group:504917ff371eb69d,manual_review,Medical clinic: Category alone does not establish whether dental care is provided,,,,,,external_evidence_required,category and title evidence do not support a safe batch suggestion,False
profile:Eureka_CA_S:google:cid:14667082976660505393,Eureka_CA_S,google:cid:14667082976660505393,Eureka VA Clinic,"930 W Harris St, Eureka, CA 95501",maps_core,Medical clinic,needs_category_review,unreviewed_or_conflicting_category_evidence,exclude_non_dentist_category|include_dental_provider,,,,,,eligibility_group:504917ff371eb69d,manual_review,Medical clinic: Category alone does not establish whether dental care is provided,,,,,,external_evidence_required,category and title evidence do not support a safe batch suggestion,False
profile:Eureka_CA_S:google:cid:12163677498635139494,Eureka_CA_S,google:cid:12163677498635139494,Open door clinic,"3rd St, Eureka, CA 95501",maps_core,Medical clinic,needs_category_review,unreviewed_or_conflicting_category_evidence,exclude_non_dentist_category|include_dental_provider,,,,,,eligibility_group:504917ff371eb69d,manual_review,Medical clinic: Category alone does not establish whether dental care is provided,,,,,,external_evidence_required,category and title evidence do not support a safe batch suggestion,False
profile:FortBragg_CA_S:google:cid:14917014621510948541,FortBragg_CA_S,google:cid:14917014621510948541,"Mendocino Coast Clinics, Inc","205 South St, Fort Bragg, CA 95437",maps_core|maps_specialist,Medical clinic,needs_category_review,unreviewed_or_conflicting_category_evidence,exclude_non_dentist_category|include_dental_provider,,,,,,eligibility_group:504917ff371eb69d,manual_review,Medical clinic: Category alone does not establish whether dental care is provided,,,,,,external_evidence_required,category and title evidence do not support a safe batch suggestion,False
profile:LA_CA_L:google:cid:14523467718029744471,LA_CA_L,google:cid:14523467718029744471,"APLA Health Center, Long Beach","1043 Elm Ave #302, Long Beach, CA 90813",business_listings,Medical clinic,needs_category_review,unreviewed_or_conflicting_category_evidence,exclude_non_dentist_category|include_dental_provider,,,,,,eligibility_group:504917ff371eb69d,manual_review,Medical clinic: Category alone does not establish whether dental care is provided,,,,,,external_evidence_required,category and title evidence do not support a safe batch suggestion,False
profile:LA_CA_L:google:cid:14508613773664398805,LA_CA_L,google:cid:14508613773664398805,"APLA Health, Gleicher/Chen Health Center, Baldwin Hills","3743 S La Brea Ave, Los Angeles, CA 90016",business_listings,Medical clinic,needs_category_review,unreviewed_or_conflicting_category_evidence,exclude_non_dentist_category|include_dental_provider,,,,,,eligibility_group:504917ff371eb69d,manual_review,Medical clinic: Category alone does not establish whether dental care is provided,,,,,,external_evidence_required,category and title evidence do not support a safe batch suggestion,False
profile:LA_CA_L:google:cid:8733211690348049313,LA_CA_L,google:cid:8733211690348049313,"AltaMed Medical and Dental Group - Pasadena, Fair Oaks","1855 N Fair Oaks Ave #200, Pasadena, CA 91103",business_listings,Medical clinic,needs_category_review,unreviewed_or_conflicting_category_evidence,exclude_non_dentist_category|include_dental_provider,,,,,,eligibility_group:504917ff371eb69d,manual_review,Medical clinic: Category alone does not establish whether dental care is provided,,dental,medical,,,external_evidence_required,category and title evidence do not support a safe batch suggestion,False
profile:LA_CA_L:google:cid:10671460001844304829,LA_CA_L,google:cid:10671460001844304829,Artur Arkelakyan,"905 S Lake St STE 102, Burbank, CA 91502",business_listings,Medical clinic,needs_category_review,unreviewed_or_conflicting_category_evidence,exclude_non_dentist_category|include_dental_provider,,,,,,eligibility_group:504917ff371eb69d,manual_review,Medical clinic: Category alone does not establish whether dental care is provided,,,,,,external_evidence_required,category and title evidence do not support a safe batch suggestion,False
profile:LA_CA_L:google:cid:14327273828255401603,LA_CA_L,google:cid:14327273828255401603,Comprehensive Community Health Centers - CCHC Glendale,"801 S Chevy Chase Dr #250, Glendale, CA 91205",business_listings,Medical clinic,needs_category_review,unreviewed_or_conflicting_category_evidence,exclude_non_dentist_category|include_dental_provider,,,,,,eligibility_group:504917ff371eb69d,manual_review,Medical clinic: Category alone does not establish whether dental care is provided,,,,,,external_evidence_required,category and title evidence do not support a safe batch suggestion,False
profile:LA_CA_L:google:cid:10967843234449240540,LA_CA_L,google:cid:10967843234449240540,Dr. Fouy Chau,"5363 Balboa Blvd Ste 328, Encino, CA 91316",business_listings,Medical clinic,needs_category_review,unreviewed_or_conflicting_category_evidence,exclude_non_dentist_category|include_dental_provider,,,,,,eligibility_group:504917ff371eb69d,manual_review,Medical clinic: Category alone does not establish whether dental care is provided,,,,,,external_evidence_required,category and title evidence do not support a safe batch suggestion,False
profile:LA_CA_L:google:cid:5006005254849634573,LA_CA_L,google:cid:5006005254849634573,Dr. Martin Galstyan,"813 Fair Oaks Ave, South Pasadena, CA 91030",business_listings,Medical clinic,needs_category_review,unreviewed_or_conflicting_category_evidence,exclude_non_dentist_category|include_dental_provider,,,,,,eligibility_group:504917ff371eb69d,manual_review,Medical clinic: Category alone does not establish whether dental care is provided,,,,,,external_evidence_required,category and title evidence do not support a safe batch suggestion,False
profile:LA_CA_L:google:cid:1498220725156722538,LA_CA_L,google:cid:1498220725156722538,Eisner Health - Downtown Los Angeles,"1530 S Olive St, Los Angeles, CA 90015",business_listings,Medical clinic,needs_category_review,unreviewed_or_conflicting_category_evidence,exclude_non_dentist_category|include_dental_provider,,,,,,eligibility_group:504917ff371eb69d,manual_review,Medical clinic: Category alone does not establish whether dental care is provided,,,,,,external_evidence_required,category and title evidence do not support a safe batch suggestion,False
profile:LA_CA_L:google:cid:17835189435584102604,LA_CA_L,google:cid:17835189435584102604,Eisner Health - Lynwood,"3680 E Imperial Hwy #200, Lynwood, CA 90262",business_listings,Medical clinic,needs_category_review,unreviewed_or_conflicting_category_evidence,exclude_non_dentist_category|include_dental_provider,,,,,,eligibility_group:504917ff371eb69d,manual_review,Medical clinic: Category alone does not establish whether dental care is provided,,,,,,external_evidence_required,category and title evidence do not support a safe batch suggestion,False
profile:LA_CA_L:google:cid:17016569287748856828,LA_CA_L,google:cid:17016569287748856828,Eisner Health - Sherman Oaks,"Dental Clinic Suite LL, 15477 Ventura Blvd #300, Sherman Oaks, CA 91403",business_listings,Medical clinic,needs_category_review,unreviewed_or_conflicting_category_evidence,exclude_non_dentist_category|include_dental_provider,,,,,,eligibility_group:504917ff371eb69d,manual_review,Medical clinic: Category alone does not establish whether dental care is provided,,,,,,external_evidence_required,category and title evidence do not support a safe batch suggestion,False
profile:LA_CA_L:google:cid:7614563752735245075,LA_CA_L,google:cid:7614563752735245075,El Proyecto Del Barrio,"9140 Van Nuys Blvd, Panorama City, CA 91402",business_listings,Medical clinic,needs_category_review,unreviewed_or_conflicting_category_evidence,exclude_non_dentist_category|include_dental_provider,,,,,,eligibility_group:504917ff371eb69d,manual_review,Medical clinic: Category alone does not establish whether dental care is provided,,,,,,external_evidence_required,category and title evidence do not support a safe batch suggestion,False
profile:LA_CA_L:google:cid:13084037250118456891,LA_CA_L,google:cid:13084037250118456891,Endoscopy Center At Skypark,"23441 Madison St, Torrance, CA 90505",business_listings,Medical clinic,needs_category_review,unreviewed_or_conflicting_category_evidence,exclude_non_dentist_category|include_dental_provider,,,,,,eligibility_group:504917ff371eb69d,manual_review,Medical clinic: Category alone does not establish whether dental care is provided,,,,,,external_evidence_required,category and title evidence do not support a safe batch suggestion,False
profile:LA_CA_L:google:cid:16173013667061739290,LA_CA_L,google:cid:16173013667061739290,Friends of Family Health Center,"501 S Idaho St, La Habra, CA 90631",business_listings,Medical clinic,needs_category_review,unreviewed_or_conflicting_category_evidence,exclude_non_dentist_category|include_dental_provider,,,,,,eligibility_group:504917ff371eb69d,manual_review,Medical clinic: Category alone does not establish whether dental care is provided,,,,,,external_evidence_required,category and title evidence do not support a safe batch suggestion,False
profile:LA_CA_L:google:cid:11366871718438330174,LA_CA_L,google:cid:11366871718438330174,Jwch Clinic,"954 N Vermont Ave, Los Angeles, CA 90029",business_listings,Medical clinic,needs_category_review,unreviewed_or_conflicting_category_evidence,exclude_non_dentist_category|include_dental_provider,,,,,,eligibility_group:504917ff371eb69d,manual_review,Medical clinic: Category alone does not establish whether dental care is provided,,,,,,external_evidence_required,category and title evidence do not support a safe batch suggestion,False
profile:LA_CA_L:google:cid:6196496635137087288,LA_CA_L,google:cid:6196496635137087288,KCS Health Center - Orangethorpe,"7212 Orangethorpe Ave #9a, Buena Park, CA 90621",business_listings,Medical clinic,needs_category_review,unreviewed_or_conflicting_category_evidence,exclude_non_dentist_category|include_dental_provider,,,,,,eligibility_group:504917ff371eb69d,manual_review,Medical clinic: Category alone does not establish whether dental care is provided,,,,,,external_evidence_required,category and title evidence do not support a safe batch suggestion,False
profile:LA_CA_L:google:cid:8154161051919693340,LA_CA_L,google:cid:8154161051919693340,Kheir Clinic Suite 120,"3255 Wilshire Blvd, Los Angeles, CA 90010",business_listings,Medical clinic,needs_category_review,unreviewed_or_conflicting_category_evidence,exclude_non_dentist_category|include_dental_provider,,,,,,eligibility_group:504917ff371eb69d,manual_review,Medical clinic: Category alone does not establish whether dental care is provided,,,,,,external_evidence_required,category and title evidence do not support a safe batch suggestion,False
profile:LA_CA_L:google:cid:2840277457789965236,LA_CA_L,google:cid:2840277457789965236,"Mission City Community Network, Inc - North Hills","15206 Parthenia St, North Hills, CA 91343",business_listings,Medical clinic,needs_category_review,unreviewed_or_conflicting_category_evidence,exclude_non_dentist_category|include_dental_provider,,,,,,eligibility_group:504917ff371eb69d,manual_review,Medical clinic: Category alone does not establish whether dental care is provided,,,,,,external_evidence_required,category and title evidence do not support a safe batch suggestion,False
profile:LA_CA_L:google:cid:11349239648908701467,LA_CA_L,google:cid:11349239648908701467,Mr. John Whitley,"10436 Sepulveda Blvd, Mission Hills, CA 91345",business_listings,Medical clinic,needs_category_review,unreviewed_or_conflicting_category_evidence,exclude_non_dentist_category|include_dental_provider,,,,,,eligibility_group:504917ff371eb69d,manual_review,Medical clinic: Category alone does not establish whether dental care is provided,,,,,,external_evidence_required,category and title evidence do not support a safe batch suggestion,False
profile:LA_CA_L:google:cid:3096215368823140089,LA_CA_L,google:cid:3096215368823140089,Northeast Valley Health Corporation (San Fernando Health Center),"1600 San Fernando Rd, San Fernando, CA 91340",business_listings,Medical clinic,needs_category_review,unreviewed_or_conflicting_category_evidence,exclude_non_dentist_category|include_dental_provider,,,,,,eligibility_group:504917ff371eb69d,manual_review,Medical clinic: Category alone does not establish whether dental care is provided,,,,,,external_evidence_required,category and title evidence do not support a safe batch suggestion,False
profile:LA_CA_L:google:cid:3440383556425355901,LA_CA_L,google:cid:3440383556425355901,ROADS Community Clinic - East Long Beach,"4800 E Los Coyotes Diagonal, Long Beach, CA 90815",business_listings,Medical clinic,needs_category_review,unreviewed_or_conflicting_category_evidence,exclude_non_dentist_category|include_dental_provider,,,,,,eligibility_group:504917ff371eb69d,manual_review,Medical clinic: Category alone does not establish whether dental care is provided,,,,,,external_evidence_required,category and title evidence do not support a safe batch suggestion,False
profile:LA_CA_L:google:cid:16921693145374816641,LA_CA_L,google:cid:16921693145374816641,St. John’s Community Health Warner Traynham Clinic,"326 W 23rd St, Los Angeles, CA 90007",business_listings,Medical clinic,needs_category_review,unreviewed_or_conflicting_category_evidence,exclude_non_dentist_category|include_dental_provider,,,,,,eligibility_group:504917ff371eb69d,manual_review,Medical clinic: Category alone does not establish whether dental care is provided,,,,,,external_evidence_required,category and title evidence do not support a safe batch suggestion,False
profile:LA_CA_L:google:cid:17012823065007518935,LA_CA_L,google:cid:17012823065007518935,TC Clinic,"604 Rose Ave, Venice, CA 90291",business_listings,Medical clinic,needs_category_review,unreviewed_or_conflicting_category_evidence,exclude_non_dentist_category|include_dental_provider,,,,,,eligibility_group:504917ff371eb69d,manual_review,Medical clinic: Category alone does not establish whether dental care is provided,,,,,,external_evidence_required,category and title evidence do not support a safe batch suggestion,False
profile:LA_CA_L:google:cid:10667488645197953416,LA_CA_L,google:cid:10667488645197953416,TTW,"6551 Van Nuys Blvd, Van Nuys, CA 91401",business_listings,Medical clinic,needs_category_review,unreviewed_or_conflicting_category_evidence,exclude_non_dentist_category|include_dental_provider,,,,,,eligibility_group:504917ff371eb69d,manual_review,Medical clinic: Category alone does not establish whether dental care is provided,,,,,,external_evidence_required,category and title evidence do not support a safe batch suggestion,False
profile:LA_CA_L:google:cid:15840384001208137121,LA_CA_L,google:cid:15840384001208137121,The Allergy Eliminator,"1306 W Glenoaks Blvd, Glendale, CA 91201",business_listings,Medical clinic,needs_category_review,unreviewed_or_conflicting_category_evidence,exclude_non_dentist_category|include_dental_provider,,,,,,eligibility_group:504917ff371eb69d,manual_review,Medical clinic: Category alone does not establish whether dental care is provided,,,,,,external_evidence_required,category and title evidence do not support a safe batch suggestion,False
profile:LA_CA_L:google:cid:14004486374216899848,LA_CA_L,google:cid:14004486374216899848,To Help Everyone - La Brea Health Center,"3721 S La Brea Ave, Los Angeles, CA 90016",business_listings,Medical clinic,needs_category_review,unreviewed_or_conflicting_category_evidence,exclude_non_dentist_category|include_dental_provider,,,,,,eligibility_group:504917ff371eb69d,manual_review,Medical clinic: Category alone does not establish whether dental care is provided,,,,,,external_evidence_required,category and title evidence do not support a safe batch suggestion,False
profile:LA_CA_L:google:cid:10095274009169916734,LA_CA_L,google:cid:10095274009169916734,To Help Everyone - Lennox Health Center,"10223 Firmona Ave, Lennox, CA 90304",business_listings,Medical clinic,needs_category_review,unreviewed_or_conflicting_category_evidence,exclude_non_dentist_category|include_dental_provider,,,,,,eligibility_group:504917ff371eb69d,manual_review,Medical clinic: Category alone does not establish whether dental care is provided,,,,,,external_evidence_required,category and title evidence do not support a safe batch suggestion,False
profile:LA_CA_L:google:cid:17977013904022740629,LA_CA_L,google:cid:17977013904022740629,To Help Everyone - Western Health Center,"3834 S Western Ave, Los Angeles, CA 90062",business_listings,Medical clinic,needs_category_review,unreviewed_or_conflicting_category_evidence,exclude_non_dentist_category|include_dental_provider,,,,,,eligibility_group:504917ff371eb69d,manual_review,Medical clinic: Category alone does not establish whether dental care is provided,,,,,,external_evidence_required,category and title evidence do not support a safe batch suggestion,False
profile:LA_CA_L:google:cid:8776957313786257906,LA_CA_L,google:cid:8776957313786257906,U Snore No More Treatment Center,"25856 Hemingway Ave, Stevenson Ranch, CA 91381",business_listings,Medical clinic,needs_category_review,unreviewed_or_conflicting_category_evidence,exclude_non_dentist_category|include_dental_provider,,,,,,eligibility_group:504917ff371eb69d,manual_review,Medical clinic: Category alone does not establish whether dental care is provided,,,,,,external_evidence_required,category and title evidence do not support a safe batch suggestion,False
profile:LA_CA_L:google:cid:5424899260031512217,LA_CA_L,google:cid:5424899260031512217,Unicare Community Health Center - Los Angeles,"741 S Alvarado St, Los Angeles, CA 90057",business_listings,Medical clinic,needs_category_review,unreviewed_or_conflicting_category_evidence,exclude_non_dentist_category|include_dental_provider,,,,,,eligibility_group:504917ff371eb69d,manual_review,Medical clinic: Category alone does not establish whether dental care is provided,,,,,,external_evidence_required,category and title evidence do not support a safe batch suggestion,False
profile:LA_CA_L:google:cid:17820276821066351545,LA_CA_L,google:cid:17820276821066351545,VCC: The Gary Center,"201 S Harbor Blvd, La Habra, CA 90631",business_listings,Medical clinic,needs_category_review,unreviewed_or_conflicting_category_evidence,exclude_non_dentist_category|include_dental_provider,,,,,,eligibility_group:504917ff371eb69d,manual_review,Medical clinic: Category alone does not establish whether dental care is provided,,,,,,external_evidence_required,category and title evidence do not support a safe batch suggestion,False
profile:LA_CA_L:google:cid:685936001646178210,LA_CA_L,google:cid:685936001646178210,Valley Community Healthcare,"6801 Coldwater Canyon Ave, North Hollywood, CA 91605",business_listings,Medical clinic,needs_category_review,unreviewed_or_conflicting_category_evidence,exclude_non_dentist_category|include_dental_provider,,,,,,eligibility_group:504917ff371eb69d,manual_review,Medical clinic: Category alone does not establish whether dental care is provided,,,,,,external_evidence_required,category and title evidence do not support a safe batch suggestion,False
profile:LA_CA_L:google:cid:1439068570786713565,LA_CA_L,google:cid:1439068570786713565,Venice Family Clinic - Simms/Mann Health Ctr,"2509 Pico Blvd, Santa Monica, CA 90405",business_listings,Medical clinic,needs_category_review,unreviewed_or_conflicting_category_evidence,exclude_non_dentist_category|include_dental_provider,,,,,,eligibility_group:504917ff371eb69d,manual_review,Medical clinic: Category alone does not establish whether dental care is provided,,,,,,external_evidence_required,category and title evidence do not support a safe batch suggestion,False
profile:LA_CA_L:google:cid:2329387890553899643,LA_CA_L,google:cid:2329387890553899643,Via Care Cesar Chavez Health Center,"4755 E Cesar E Chavez Ave, East Los Angeles, CA 90022",business_listings,Medical clinic,needs_category_review,unreviewed_or_conflicting_category_evidence,exclude_non_dentist_category|include_dental_provider,,,,,,eligibility_group:504917ff371eb69d,manual_review,Medical clinic: Category alone does not establish whether dental care is provided,,,,,,external_evidence_required,category and title evidence do not support a safe batch suggestion,False
profile:LA_CA_L:google:cid:12666400545154698834,LA_CA_L,google:cid:12666400545154698834,Wesley Health Centers - Weingart Clinic,"515 E 6th St, Los Angeles, CA 90021",business_listings,Medical clinic,needs_category_review,unreviewed_or_conflicting_category_evidence,exclude_non_dentist_category|include_dental_provider,,,,,,eligibility_group:504917ff371eb69d,manual_review,Medical clinic: Category alone does not establish whether dental care is provided,,,,,,external_evidence_required,category and title evidence do not support a safe batch suggestion,False
profile:LA_CA_L:google:cid:17578519269912760366,LA_CA_L,google:cid:17578519269912760366,White Memorial Community Health Center - Plaza III,"1828 E Cesar E Chavez Ave, Los Angeles, CA 90033",business_listings,Medical clinic,needs_category_review,unreviewed_or_conflicting_category_evidence,exclude_non_dentist_category|include_dental_provider,,,,,,eligibility_group:504917ff371eb69d,manual_review,Medical clinic: Category alone does not establish whether dental care is provided,,,,,,external_evidence_required,category and title evidence do not support a safe batch suggestion,False
profile:LA_CA_L:google:cid:5839081733048392970,LA_CA_L,google:cid:5839081733048392970,ZendyHealth,"1200 Santee St #201, Los Angeles, CA 90015",business_listings,Medical clinic,needs_category_review,unreviewed_or_conflicting_category_evidence,exclude_non_dentist_category|include_dental_provider,,,,,,eligibility_group:504917ff371eb69d,manual_review,Medical clinic: Category alone does not establish whether dental care is provided,,,,,,external_evidence_required,category and title evidence do not support a safe batch suggestion,False
profile:Macon_GA_M:google:cid:920815215444172769,Macon_GA_M,google:cid:920815215444172769,"Bibb Family Practice Associates, PC","721 Riverside Dr Ln, Macon, GA 31201",maps_core,Medical clinic,needs_category_review,unreviewed_or_conflicting_category_evidence,exclude_non_dentist_category|include_dental_provider,,,,,,eligibility_group:504917ff371eb69d,manual_review,Medical clinic: Category alone does not establish whether dental care is provided,,,,,,external_evidence_required,category and title evidence do not support a safe batch suggestion,False
profile:Macon_GA_M:google:cid:4691704608957327781,Macon_GA_M,google:cid:4691704608957327781,Jasmine Edwards,"205 Tom Hill Sr Blvd Ste B, Macon, GA 31210",business_listings|maps_core,Medical clinic,needs_category_review,unreviewed_or_conflicting_category_evidence,exclude_non_dentist_category|include_dental_provider,,,,,,eligibility_group:504917ff371eb69d,manual_review,Medical clinic: Category alone does not establish whether dental care is provided,,,,,,external_evidence_required,category and title evidence do not support a safe batch suggestion,False
profile:Macon_GA_M:google:cid:2683486518035905913,Macon_GA_M,google:cid:2683486518035905913,Macon VA Clinic,"5566 Thomaston Rd, Macon, GA 31220",maps_core,Medical clinic,needs_category_review,unreviewed_or_conflicting_category_evidence,exclude_non_dentist_category|include_dental_provider,,,,,,eligibility_group:504917ff371eb69d,manual_review,Medical clinic: Category alone does not establish whether dental care is provided,,,,,,external_evidence_required,category and title evidence do not support a safe batch suggestion,False
profile:Macon_GA_M:google:cid:4599951736689123327,Macon_GA_M,google:cid:4599951736689123327,Macon Volunteer Clinic,"770 Walnut St, Macon, GA 31201",maps_core|maps_specialist,Medical clinic,needs_category_review,unreviewed_or_conflicting_category_evidence,exclude_non_dentist_category|include_dental_provider,,,,,,eligibility_group:504917ff371eb69d,manual_review,Medical clinic: Category alone does not establish whether dental care is provided,,,,,,external_evidence_required,category and title evidence do not support a safe batch suggestion,False
profile:Macon_GA_M:google:cid:2483200121336417676,Macon_GA_M,google:cid:2483200121336417676,Navicent Health,"1014 Forsyth St, Macon, GA 31201",maps_core,Medical clinic,needs_category_review,unreviewed_or_conflicting_category_evidence,exclude_non_dentist_category|include_dental_provider,,,,,,eligibility_group:504917ff371eb69d,manual_review,Medical clinic: Category alone does not establish whether dental care is provided,,,,,,external_evidence_required,category and title evidence do not support a safe batch suggestion,False
profile:Macon_GA_M:google:cid:13284838367573234959,Macon_GA_M,google:cid:13284838367573234959,Walmart Health Center,"6020 Harrison Rd Suite B, Macon, GA 31206",business_listings,Medical clinic,needs_category_review,unreviewed_or_conflicting_category_evidence,exclude_non_dentist_category|include_dental_provider,,,,,,eligibility_group:504917ff371eb69d,manual_review,Medical clinic: Category alone does not establish whether dental care is provided,,,,,,external_evidence_required,category and title evidence do not support a safe batch suggestion,False
profile:NYC_NY_L:google:cid:7177437249452483103,NYC_NY_L,google:cid:7177437249452483103,Advanced Medical & Dental,"147-12 Rockaway Blvd, Jamaica, NY 11436",business_listings,Medical clinic,needs_category_review,unreviewed_or_conflicting_category_evidence,exclude_non_dentist_category|include_dental_provider,,,,,,eligibility_group:504917ff371eb69d,manual_review,Medical clinic: Category alone does not establish whether dental care is provided,,dental,medical,,,external_evidence_required,category and title evidence do not support a safe batch suggestion,False
profile:NYC_NY_L:google:cid:16423535341868293306,NYC_NY_L,google:cid:16423535341868293306,BronxCare - Ogden Family Medical and Dental,"1067 Ogden Ave, Bronx, NY 10451",business_listings,Medical clinic,needs_category_review,unreviewed_or_conflicting_category_evidence,exclude_non_dentist_category|include_dental_provider,,,,,,eligibility_group:504917ff371eb69d,manual_review,Medical clinic: Category alone does not establish whether dental care is provided,,dental,medical,,,external_evidence_required,category and title evidence do not support a safe batch suggestion,False
profile:NYC_NY_L:google:cid:6226833835766794545,NYC_NY_L,google:cid:6226833835766794545,BronxCare Third Avenue Medical and Dental Practice,"2739 3rd Ave, Bronx, NY 10451",business_listings,Medical clinic,needs_category_review,unreviewed_or_conflicting_category_evidence,exclude_non_dentist_category|include_dental_provider,,,,,,eligibility_group:504917ff371eb69d,manual_review,Medical clinic: Category alone does not establish whether dental care is provided,,dental,medical,,,external_evidence_required,category and title evidence do not support a safe batch suggestion,False
profile:NYC_NY_L:google:cid:16296289560891316346,NYC_NY_L,google:cid:16296289560891316346,CEC Health Care - Glen Cove,"113 Glen Cove Ave, Glen Cove, NY 11542",business_listings,Medical clinic,needs_category_review,unreviewed_or_conflicting_category_evidence,exclude_non_dentist_category|include_dental_provider,,,,,,eligibility_group:504917ff371eb69d,manual_review,Medical clinic: Category alone does not establish whether dental care is provided,,,,,,external_evidence_required,category and title evidence do not support a safe batch suggestion,False
profile:NYC_NY_L:google:cid:3675758136041550130,NYC_NY_L,google:cid:3675758136041550130,"Century Medical & Dental Center | Brooklyn, Downtown","200 Livingston St, Brooklyn, NY 11201",business_listings,Medical clinic,needs_category_review,unreviewed_or_conflicting_category_evidence,exclude_non_dentist_category|include_dental_provider,,,,,,eligibility_group:504917ff371eb69d,manual_review,Medical clinic: Category alone does not establish whether dental care is provided,,dental,medical,,,external_evidence_required,category and title evidence do not support a safe batch suggestion,False
profile:NYC_NY_L:google:cid:12592558756776222246,NYC_NY_L,google:cid:12592558756776222246,Community Healthcare Network – Williamsburg,"94-98 Manhattan Ave, Brooklyn, NY 11206",business_listings,Medical clinic,needs_category_review,unreviewed_or_conflicting_category_evidence,exclude_non_dentist_category|include_dental_provider,,,,,,eligibility_group:504917ff371eb69d,manual_review,Medical clinic: Category alone does not establish whether dental care is provided,,,,,,external_evidence_required,category and title evidence do not support a safe batch suggestion,False
profile:NYC_NY_L:google:cid:162871782998748986,NYC_NY_L,google:cid:162871782998748986,Community Healthcare Network- Sutphin Boulevard,"97-04 Sutphin Blvd, Jamaica, NY 11435",business_listings,Medical clinic,needs_category_review,unreviewed_or_conflicting_category_evidence,exclude_non_dentist_category|include_dental_provider,,,,,,eligibility_group:504917ff371eb69d,manual_review,Medical clinic: Category alone does not establish whether dental care is provided,,,,,,external_evidence_required,category and title evidence do not support a safe batch suggestion,False
profile:NYC_NY_L:google:cid:18239375735290298326,NYC_NY_L,google:cid:18239375735290298326,Damian Family Health Center,"137-50 Jamaica Ave, Jamaica, NY 11435",business_listings,Medical clinic,needs_category_review,unreviewed_or_conflicting_category_evidence,exclude_non_dentist_category|include_dental_provider,,,,,,eligibility_group:504917ff371eb69d,manual_review,Medical clinic: Category alone does not establish whether dental care is provided,,,,,,external_evidence_required,category and title evidence do not support a safe batch suggestion,False
profile:NYC_NY_L:google:cid:8516860510085333250,NYC_NY_L,google:cid:8516860510085333250,Dr. Caroline Nup,"2 Allen St, New York, NY 10002",business_listings,Medical clinic,needs_category_review,unreviewed_or_conflicting_category_evidence,exclude_non_dentist_category|include_dental_provider,,,,,,eligibility_group:504917ff371eb69d,manual_review,Medical clinic: Category alone does not establish whether dental care is provided,,,,,,external_evidence_required,category and title evidence do not support a safe batch suggestion,False
profile:NYC_NY_L:google:cid:295538574977635025,NYC_NY_L,google:cid:295538574977635025,Dr. Lawrence Weiss,"9323 Avenue L, Brooklyn, NY 11236",business_listings,Medical clinic,needs_category_review,unreviewed_or_conflicting_category_evidence,exclude_non_dentist_category|include_dental_provider,,,,,,eligibility_group:504917ff371eb69d,manual_review,Medical clinic: Category alone does not establish whether dental care is provided,,,,,,external_evidence_required,category and title evidence do not support a safe batch suggestion,False
profile:NYC_NY_L:google:cid:12624793362500748108,NYC_NY_L,google:cid:12624793362500748108,Dr. Luzmarina Coffey,"220 13th St, Brooklyn, NY 11215",business_listings,Medical clinic,needs_category_review,unreviewed_or_conflicting_category_evidence,exclude_non_dentist_category|include_dental_provider,,,,,,eligibility_group:504917ff371eb69d,manual_review,Medical clinic: Category alone does not establish whether dental care is provided,,,,,,external_evidence_required,category and title evidence do not support a safe batch suggestion,False
profile:NYC_NY_L:google:cid:15164199505872784181,NYC_NY_L,google:cid:15164199505872784181,Dr. Michael Devito,"6 E 45th St Rm 1200, New York, NY 10017",business_listings,Medical clinic,needs_category_review,unreviewed_or_conflicting_category_evidence,exclude_non_dentist_category|include_dental_provider,,,,,,eligibility_group:504917ff371eb69d,manual_review,Medical clinic: Category alone does not establish whether dental care is provided,,,,,,external_evidence_required,category and title evidence do not support a safe batch suggestion,False
profile:NYC_NY_L:google:cid:15310307393337248434,NYC_NY_L,google:cid:15310307393337248434,Dr. Michael Yeung,"217 Grand St #801, New York, NY 10013",business_listings,Medical clinic,needs_category_review,unreviewed_or_conflicting_category_evidence,exclude_non_dentist_category|include_dental_provider,,,,,,eligibility_group:504917ff371eb69d,manual_review,Medical clinic: Category alone does not establish whether dental care is provided,,,,,,external_evidence_required,category and title evidence do not support a safe batch suggestion,False
profile:NYC_NY_L:google:cid:12561385290095799208,NYC_NY_L,google:cid:12561385290095799208,Dr. Oleg Zusin,"543A Hempstead Tpke # Nassau, 543 Hempstead Turnpike, West Hempstead, NY 11552",business_listings,Medical clinic,needs_category_review,unreviewed_or_conflicting_category_evidence,exclude_non_dentist_category|include_dental_provider,,,,,,eligibility_group:504917ff371eb69d,manual_review,Medical clinic: Category alone does not establish whether dental care is provided,,,,,,external_evidence_required,category and title evidence do not support a safe batch suggestion,False
profile:NYC_NY_L:google:cid:9768454306702895582,NYC_NY_L,google:cid:9768454306702895582,Dr. Omid Arastehmanesh,"5313 New Utrecht Ave, Brooklyn, NY 11219",business_listings,Medical clinic,needs_category_review,unreviewed_or_conflicting_category_evidence,exclude_non_dentist_category|include_dental_provider,,,,,,eligibility_group:504917ff371eb69d,manual_review,Medical clinic: Category alone does not establish whether dental care is provided,,,,,,external_evidence_required,category and title evidence do not support a safe batch suggestion,False
profile:NYC_NY_L:google:cid:6451845079583961423,NYC_NY_L,google:cid:6451845079583961423,Dr. Opal Goodridge,"462 1st Ave, New York, NY 10016",business_listings,Medical clinic,needs_category_review,unreviewed_or_conflicting_category_evidence,exclude_non_dentist_category|include_dental_provider,,,,,,eligibility_group:504917ff371eb69d,manual_review,Medical clinic: Category alone does not establish whether dental care is provided,,,,,,external_evidence_required,category and title evidence do not support a safe batch suggestion,False
profile:NYC_NY_L:google:cid:6164055533882993300,NYC_NY_L,google:cid:6164055533882993300,Dr. Rakesh Khilwani,"2279 Hempstead Tpke, East Meadow, NY 11554",business_listings,Medical clinic,needs_category_review,unreviewed_or_conflicting_category_evidence,exclude_non_dentist_category|include_dental_provider,,,,,,eligibility_group:504917ff371eb69d,manual_review,Medical clinic: Category alone does not establish whether dental care is provided,,,,,,external_evidence_required,category and title evidence do not support a safe batch suggestion,False
profile:NYC_NY_L:google:cid:6881627921830420633,NYC_NY_L,google:cid:6881627921830420633,Dr. Siamak Rambod,"72-21 Vleigh Pl, Kew Gardens Hills, NY 11367",business_listings,Medical clinic,needs_category_review,unreviewed_or_conflicting_category_evidence,exclude_non_dentist_category|include_dental_provider,,,,,,eligibility_group:504917ff371eb69d,manual_review,Medical clinic: Category alone does not establish whether dental care is provided,,,,,,external_evidence_required,category and title evidence do not support a safe batch suggestion,False
profile:NYC_NY_L:google:cid:5725267993414120448,NYC_NY_L,google:cid:5725267993414120448,El Nuevo San Juan Health Center- Urban Health Plan,"1065 Southern Blvd #8, Bronx, NY 10459",business_listings,Medical clinic,needs_category_review,unreviewed_or_conflicting_category_evidence,exclude_non_dentist_category|include_dental_provider,,,,,,eligibility_group:504917ff371eb69d,manual_review,Medical clinic: Category alone does not establish whether dental care is provided,,,,,,external_evidence_required,category and title evidence do not support a safe batch suggestion,False
profile:NYC_NY_L:google:cid:17106224640588947992,NYC_NY_L,google:cid:17106224640588947992,Family Health Center of Harlem,"1824 Madison Ave, New York, NY 10035",business_listings,Medical clinic,needs_category_review,unreviewed_or_conflicting_category_evidence,exclude_non_dentist_category|include_dental_provider,,,,,,eligibility_group:504917ff371eb69d,manual_review,Medical clinic: Category alone does not establish whether dental care is provided,,,,,,external_evidence_required,category and title evidence do not support a safe batch suggestion,False
profile:NYC_NY_L:google:cid:3257959083374607564,NYC_NY_L,google:cid:3257959083374607564,First Family Care Medical and Dental,"701 Avenue U, Brooklyn, NY 11223",business_listings,Medical clinic,needs_category_review,unreviewed_or_conflicting_category_evidence,exclude_non_dentist_category|include_dental_provider,,,,,,eligibility_group:504917ff371eb69d,manual_review,Medical clinic: Category alone does not establish whether dental care is provided,,dental,medical,,,external_evidence_required,category and title evidence do not support a safe batch suggestion,False
profile:NYC_NY_L:google:cid:15971631033806517776,NYC_NY_L,google:cid:15971631033806517776,Geoffrey Halberstadt,"364 Merrick Rd, Rockville Centre, NY 11570",business_listings,Medical clinic,needs_category_review,unreviewed_or_conflicting_category_evidence,exclude_non_dentist_category|include_dental_provider,,,,,,eligibility_group:504917ff371eb69d,manual_review,Medical clinic: Category alone does not establish whether dental care is provided,,,,,,external_evidence_required,category and title evidence do not support a safe batch suggestion,False
profile:NYC_NY_L:google:cid:7626899602233517191,NYC_NY_L,google:cid:7626899602233517191,Health Science Center At Brooklyn,"450 Clarkson Ave #30, Brooklyn, NY 11203",business_listings,Medical clinic,needs_category_review,unreviewed_or_conflicting_category_evidence,exclude_non_dentist_category|include_dental_provider,,,,,,eligibility_group:504917ff371eb69d,manual_review,Medical clinic: Category alone does not establish whether dental care is provided,,,,,,external_evidence_required,category and title evidence do not support a safe batch suggestion,False
profile:NYC_NY_L:google:cid:14029482900807417077,NYC_NY_L,google:cid:14029482900807417077,Jack Martin Fund Clinic,"158 W 124th St, New York, NY 10027",business_listings,Medical clinic,needs_category_review,unreviewed_or_conflicting_category_evidence,exclude_non_dentist_category|include_dental_provider,,,,,,eligibility_group:504917ff371eb69d,manual_review,Medical clinic: Category alone does not establish whether dental care is provided,,,,,,external_evidence_required,category and title evidence do not support a safe batch suggestion,False
profile:NYC_NY_L:google:cid:6492963245042507531,NYC_NY_L,google:cid:6492963245042507531,MHHC at St. Ann's,"625 E 137th St #1776, Bronx, NY 10454",business_listings,Medical clinic,needs_category_review,unreviewed_or_conflicting_category_evidence,exclude_non_dentist_category|include_dental_provider,,,,,,eligibility_group:504917ff371eb69d,manual_review,Medical clinic: Category alone does not establish whether dental care is provided,,,,,,external_evidence_required,category and title evidence do not support a safe batch suggestion,False
profile:NYC_NY_L:google:cid:9516528143012860758,NYC_NY_L,google:cid:9516528143012860758,MHHC at Vanguard,"825 E 233rd St, Bronx, NY 10466",business_listings,Medical clinic,needs_category_review,unreviewed_or_conflicting_category_evidence,exclude_non_dentist_category|include_dental_provider,,,,,,eligibility_group:504917ff371eb69d,manual_review,Medical clinic: Category alone does not establish whether dental care is provided,,,,,,external_evidence_required,category and title evidence do not support a safe batch suggestion,False
profile:NYC_NY_L:google:cid:3164012872835746003,NYC_NY_L,google:cid:3164012872835746003,MHHC at Walton,"25 E 183rd St, Bronx, NY 10453",business_listings,Medical clinic,needs_category_review,unreviewed_or_conflicting_category_evidence,exclude_non_dentist_category|include_dental_provider,,,,,,eligibility_group:504917ff371eb69d,manual_review,Medical clinic: Category alone does not establish whether dental care is provided,,,,,,external_evidence_required,category and title evidence do not support a safe batch suggestion,False
profile:NYC_NY_L:google:cid:18397791011711702157,NYC_NY_L,google:cid:18397791011711702157,Montefiore Janice A Simpson,"1625 Poplar St, Bronx, NY 10461",business_listings,Medical clinic,needs_category_review,unreviewed_or_conflicting_category_evidence,exclude_non_dentist_category|include_dental_provider,,,,,,eligibility_group:504917ff371eb69d,manual_review,Medical clinic: Category alone does not establish whether dental care is provided,,,,,,external_evidence_required,category and title evidence do not support a safe batch suggestion,False
profile:NYC_NY_L:google:cid:7511299405233410581,NYC_NY_L,google:cid:7511299405233410581,Mount Sinai Queens-Family Health,"31-60 21st St, Astoria, NY 11106",business_listings,Medical clinic,needs_category_review,unreviewed_or_conflicting_category_evidence,exclude_non_dentist_category|include_dental_provider,,,,,,eligibility_group:504917ff371eb69d,manual_review,Medical clinic: Category alone does not establish whether dental care is provided,,,,,,external_evidence_required,category and title evidence do not support a safe batch suggestion,False
profile:NYC_NY_L:google:cid:7749441387408078850,NYC_NY_L,google:cid:7749441387408078850,NYU Lutheran Family Health Centers Brooklyn-Chinese,"5008 7th Ave, Brooklyn, NY 11220",business_listings,Medical clinic,needs_category_review,unreviewed_or_conflicting_category_evidence,exclude_non_dentist_category|include_dental_provider,,,,,,eligibility_group:504917ff371eb69d,manual_review,Medical clinic: Category alone does not establish whether dental care is provided,,,,,,external_evidence_required,category and title evidence do not support a safe batch suggestion,False
profile:NYC_NY_L:google:cid:10487271695260862641,NYC_NY_L,google:cid:10487271695260862641,New York City Publishers,"305 Madison Ave #449, New York, NY 10017",business_listings,Medical clinic,needs_category_review,unreviewed_or_conflicting_category_evidence,exclude_non_dentist_category|include_dental_provider,,,,,,eligibility_group:504917ff371eb69d,manual_review,Medical clinic: Category alone does not establish whether dental care is provided,,,,,,external_evidence_required,category and title evidence do not support a safe batch suggestion,False
profile:NYC_NY_L:google:cid:2981445453940694204,NYC_NY_L,google:cid:2981445453940694204,Park Avenue Neurology & Sleep,"737 Park Ave Apt 1C, New York, NY 10021",business_listings,Medical clinic,needs_category_review,unreviewed_or_conflicting_category_evidence,exclude_non_dentist_category|include_dental_provider,,,,,,eligibility_group:504917ff371eb69d,manual_review,Medical clinic: Category alone does not establish whether dental care is provided,,,,,,external_evidence_required,category and title evidence do not support a safe batch suggestion,False
profile:NYC_NY_L:google:cid:15896470951924789074,NYC_NY_L,google:cid:15896470951924789074,Premier HealthCare & YAI Center for Specialty Therapy,"227 E 41st St 8th floor, New York, NY 10017",business_listings,Medical clinic,needs_category_review,unreviewed_or_conflicting_category_evidence,exclude_non_dentist_category|include_dental_provider,,,,,,eligibility_group:504917ff371eb69d,manual_review,Medical clinic: Category alone does not establish whether dental care is provided,,,,,,external_evidence_required,category and title evidence do not support a safe batch suggestion,False
profile:NYC_NY_L:google:cid:12316060239770702726,NYC_NY_L,google:cid:12316060239770702726,Queens Audiology PLLC,"150-12 14th Ave, Whitestone, NY 11357",business_listings,Medical clinic,needs_category_review,unreviewed_or_conflicting_category_evidence,exclude_non_dentist_category|include_dental_provider,,,,,,eligibility_group:504917ff371eb69d,manual_review,Medical clinic: Category alone does not establish whether dental care is provided,,,,,,external_evidence_required,category and title evidence do not support a safe batch suggestion,False
profile:NYC_NY_L:google:cid:5575282571407485970,NYC_NY_L,google:cid:5575282571407485970,Rambam Family Health Center,"1122 Chestnut Ave, Brooklyn, NY 11230",business_listings,Medical clinic,needs_category_review,unreviewed_or_conflicting_category_evidence,exclude_non_dentist_category|include_dental_provider,,,,,,eligibility_group:504917ff371eb69d,manual_review,Medical clinic: Category alone does not establish whether dental care is provided,,,,,,external_evidence_required,category and title evidence do not support a safe batch suggestion,False
profile:NYC_NY_L:google:cid:7258043979584977031,NYC_NY_L,google:cid:7258043979584977031,Ramon Velez Health Center,"754 E 151st St, Bronx, NY 10455",business_listings,Medical clinic,needs_category_review,unreviewed_or_conflicting_category_evidence,exclude_non_dentist_category|include_dental_provider,,,,,,eligibility_group:504917ff371eb69d,manual_review,Medical clinic: Category alone does not establish whether dental care is provided,,,,,,external_evidence_required,category and title evidence do not support a safe batch suggestion,False
profile:NYC_NY_L:google:cid:18302922146132025269,NYC_NY_L,google:cid:18302922146132025269,Sterling Podiatric PC,"1250 E 223rd St, Bronx, NY 10466",business_listings,Medical clinic,needs_category_review,unreviewed_or_conflicting_category_evidence,exclude_non_dentist_category|include_dental_provider,,,,,,eligibility_group:504917ff371eb69d,manual_review,Medical clinic: Category alone does not establish whether dental care is provided,,,,,,external_evidence_required,category and title evidence do not support a safe batch suggestion,False
profile:NYC_NY_L:google:cid:10842945812211081545,NYC_NY_L,google:cid:10842945812211081545,Steve Taranov,"11 Broadway, New York, NY 10004",business_listings,Medical clinic,needs_category_review,unreviewed_or_conflicting_category_evidence,exclude_non_dentist_category|include_dental_provider,,,,,,eligibility_group:504917ff371eb69d,manual_review,Medical clinic: Category alone does not establish whether dental care is provided,,,,,,external_evidence_required,category and title evidence do not support a safe batch suggestion,False
profile:NYC_NY_L:google:cid:11781321278977330842,NYC_NY_L,google:cid:11781321278977330842,Stevenson Family Health Center,"731 White Plains Rd, Bronx, NY 10473",business_listings,Medical clinic,needs_category_review,unreviewed_or_conflicting_category_evidence,exclude_non_dentist_category|include_dental_provider,,,,,,eligibility_group:504917ff371eb69d,manual_review,Medical clinic: Category alone does not establish whether dental care is provided,,,,,,external_evidence_required,category and title evidence do not support a safe batch suggestion,False
profile:NYC_NY_L:google:cid:14534325133775607876,NYC_NY_L,google:cid:14534325133775607876,Sun River Health Staten Island,"57 Bay St 1st & 3rd Floor, Staten Island, NY 10301",business_listings,Medical clinic,needs_category_review,unreviewed_or_conflicting_category_evidence,exclude_non_dentist_category|include_dental_provider,,,,,,eligibility_group:504917ff371eb69d,manual_review,Medical clinic: Category alone does not establish whether dental care is provided,,,,,,external_evidence_required,category and title evidence do not support a safe batch suggestion,False
profile:NYC_NY_L:google:cid:445069592422833706,NYC_NY_L,google:cid:445069592422833706,The Institute for Family Health at Westchester Square (Open for telehealth),"1420 Ferris Pl, Bronx, NY 10461",business_listings,Medical clinic,needs_category_review,unreviewed_or_conflicting_category_evidence,exclude_non_dentist_category|include_dental_provider,,,,,,eligibility_group:504917ff371eb69d,manual_review,Medical clinic: Category alone does not establish whether dental care is provided,,,,,,external_evidence_required,category and title evidence do not support a safe batch suggestion,False
profile:NYC_NY_L:google:cid:8780094804165839386,NYC_NY_L,google:cid:8780094804165839386,Urban Health Plan,"1065 Southern Blvd, Bronx, NY 10459",business_listings,Medical clinic,needs_category_review,unreviewed_or_conflicting_category_evidence,exclude_non_dentist_category|include_dental_provider,,,,,,eligibility_group:504917ff371eb69d,manual_review,Medical clinic: Category alone does not establish whether dental care is provided,,,,,,external_evidence_required,category and title evidence do not support a safe batch suggestion,False
profile:NYC_NY_L:google:cid:17125209626621041816,NYC_NY_L,google:cid:17125209626621041816,Urban Horizons Family Health Center,"50 E 168th St, Bronx, NY 10452",business_listings,Medical clinic,needs_category_review,unreviewed_or_conflicting_category_evidence,exclude_non_dentist_category|include_dental_provider,,,,,,eligibility_group:504917ff371eb69d,manual_review,Medical clinic: Category alone does not establish whether dental care is provided,,,,,,external_evidence_required,category and title evidence do not support a safe batch suggestion,False
profile:NYC_NY_L:google:cid:5364480293788529244,NYC_NY_L,google:cid:5364480293788529244,Walton Family Health Center,"1894 Walton Ave, Bronx, NY 10453",business_listings,Medical clinic,needs_category_review,unreviewed_or_conflicting_category_evidence,exclude_non_dentist_category|include_dental_provider,,,,,,eligibility_group:504917ff371eb69d,manual_review,Medical clinic: Category alone does not establish whether dental care is provided,,,,,,external_evidence_required,category and title evidence do not support a safe batch suggestion,False
profile:NYC_NY_L:google:cid:14221168649792805791,NYC_NY_L,google:cid:14221168649792805791,Whitman Ingersoll Farragut Hea,"297 Myrtle Ave, Brooklyn, NY 11205",business_listings,Medical clinic,needs_category_review,unreviewed_or_conflicting_category_evidence,exclude_non_dentist_category|include_dental_provider,,,,,,eligibility_group:504917ff371eb69d,manual_review,Medical clinic: Category alone does not establish whether dental care is provided,,,,,,external_evidence_required,category and title evidence do not support a safe batch suggestion,False
profile:NYC_NY_L:google:cid:10928271238652832087,NYC_NY_L,google:cid:10928271238652832087,Windsor Podiatry,"1655 Flatbush Ave # A103, Brooklyn, NY 11210",business_listings,Medical clinic,needs_category_review,unreviewed_or_conflicting_category_evidence,exclude_non_dentist_category|include_dental_provider,,,,,,eligibility_group:504917ff371eb69d,manual_review,Medical clinic: Category alone does not establish whether dental care is provided,,,,,,external_evidence_required,category and title evidence do not support a safe batch suggestion,False
profile:SanFrancisco_CA_L:google:cid:14237711967666725015,SanFrancisco_CA_L,google:cid:14237711967666725015,Clinic by the Bay,"35 Onondaga Ave, San Francisco, CA 94112",business_listings,Medical clinic,needs_category_review,unreviewed_or_conflicting_category_evidence,exclude_non_dentist_category|include_dental_provider,,,,,,eligibility_group:504917ff371eb69d,manual_review,Medical clinic: Category alone does not establish whether dental care is provided,,,,,,external_evidence_required,category and title evidence do not support a safe batch suggestion,False
profile:SanFrancisco_CA_L:google:cid:11047455065508509761,SanFrancisco_CA_L,google:cid:11047455065508509761,Health Right 360,"1468 Carroll Ave, San Francisco, CA 94124",business_listings,Medical clinic,needs_category_review,unreviewed_or_conflicting_category_evidence,exclude_non_dentist_category|include_dental_provider,,,,,,eligibility_group:504917ff371eb69d,manual_review,Medical clinic: Category alone does not establish whether dental care is provided,,,,,,external_evidence_required,category and title evidence do not support a safe batch suggestion,False
profile:SanFrancisco_CA_L:google:cid:3260818236341142390,SanFrancisco_CA_L,google:cid:3260818236341142390,Lyon-Martin Community Health Services,"1735 Mission St, San Francisco, CA 94103",maps_core,Medical clinic,needs_category_review,unreviewed_or_conflicting_category_evidence,exclude_non_dentist_category|include_dental_provider,,,,,,eligibility_group:504917ff371eb69d,manual_review,Medical clinic: Category alone does not establish whether dental care is provided,,,,,,external_evidence_required,category and title evidence do not support a safe batch suggestion,False
profile:SanFrancisco_CA_L:google:cid:12201026490335252961,SanFrancisco_CA_L,google:cid:12201026490335252961,Native American Health Center - 160 Capp St,"160 Capp St, San Francisco, CA 94110",maps_core,Medical clinic,needs_category_review,unreviewed_or_conflicting_category_evidence,exclude_non_dentist_category|include_dental_provider,,,,,,eligibility_group:504917ff371eb69d,manual_review,Medical clinic: Category alone does not establish whether dental care is provided,,,,,,external_evidence_required,category and title evidence do not support a safe batch suggestion,False
profile:SanFrancisco_CA_L:google:cid:11713460053424059316,SanFrancisco_CA_L,google:cid:11713460053424059316,Tom Waddell Urban Health Center,"230 Golden Gate Ave, San Francisco, CA 94102",maps_core,Medical clinic,needs_category_review,unreviewed_or_conflicting_category_evidence,exclude_non_dentist_category|include_dental_provider,,,,,,eligibility_group:504917ff371eb69d,manual_review,Medical clinic: Category alone does not establish whether dental care is provided,,,,,,external_evidence_required,category and title evidence do not support a safe batch suggestion,False
profile:SaranacLake_NY_S:google:cid:10103828371342018102,SaranacLake_NY_S,google:cid:10103828371342018102,Adirondack Health,"2233 NY-86, Saranac Lake, NY 12983",maps_core,Medical clinic,needs_category_review,unreviewed_or_conflicting_category_evidence,exclude_non_dentist_category|include_dental_provider,,,,,,eligibility_group:504917ff371eb69d,manual_review,Medical clinic: Category alone does not establish whether dental care is provided,,,,,,external_evidence_required,category and title evidence do not support a safe batch suggestion,False
profile:Toccoa_GA_S:google:cid:1725797652379241771,Toccoa_GA_S,google:cid:1725797652379241771,Open Arms Clinic,"109 Big A Rd, Toccoa, GA 30577",maps_core,Medical clinic,needs_category_review,unreviewed_or_conflicting_category_evidence,exclude_non_dentist_category|include_dental_provider,,,,,,eligibility_group:504917ff371eb69d,manual_review,Medical clinic: Category alone does not establish whether dental care is provided,,,,,,external_evidence_required,category and title evidence do not support a safe batch suggestion,False
profile:Buffalo_NY_L:google:cid:18370073229225808885,Buffalo_NY_L,google:cid:18370073229225808885,Struggle Compound,"1841 Seneca St, Buffalo, NY 14210",business_listings,Clothing store,needs_category_review,unreviewed_or_conflicting_category_evidence,exclude_non_dentist_category|include_dental_provider,,,,,,eligibility_group:542f09dfc2a7d5b4,unknown,,Clothing store,,,,,external_evidence_required,category and title evidence do not support a safe batch suggestion,False
profile:LA_CA_L:google:cid:2699669743953774124,LA_CA_L,google:cid:2699669743953774124,St. John’s Community Health - Leavey-OB Clinic,"3628 E Imperial Hwy #301, Lynwood, CA 90262",business_listings,Family planning center,needs_category_review,unreviewed_or_conflicting_category_evidence,exclude_non_dentist_category|include_dental_provider,,,,,,eligibility_group:557fbafaadfc06c0,unknown,,Family planning center,,,,,external_evidence_required,category and title evidence do not support a safe batch suggestion,False
profile:LA_CA_L:google:cid:11311635005790691978,LA_CA_L,google:cid:11311635005790691978,Wong Jessica Pea MD,"6000 N Figueroa St, Highland Park, CA 90042",business_listings,Doctor,needs_category_review,unreviewed_or_conflicting_category_evidence,exclude_non_dentist_category|include_dental_provider,,,,,,eligibility_group:5721d7584f64bb4b,manual_review,Doctor: Category alone does not establish a dentist clinic,,,,,,external_evidence_required,category and title evidence do not support a safe batch suggestion,False
profile:NYC_NY_L:google:cid:8290167571579195981,NYC_NY_L,google:cid:8290167571579195981,"VisoDent NYC - Teeth whitening, Invisalign, Aesthetics clinic","903 Park Avenue Main Floor Office, New York, NY 10075",business_listings,Doctor,needs_category_review,unreviewed_or_conflicting_category_evidence,exclude_non_dentist_category|include_dental_provider,,,,,,eligibility_group:5721d7584f64bb4b,manual_review,Doctor: Category alone does not establish a dentist clinic,,,,,,external_evidence_required,category and title evidence do not support a safe batch suggestion,False
profile:FortBragg_CA_S:google:cid:8005356864665464194,FortBragg_CA_S,google:cid:8005356864665464194,My Beautiful Nails,"120 E Redwood Ave, Fort Bragg, CA 95437",maps_core,Nail salon,needs_category_review,unreviewed_or_conflicting_category_evidence,exclude_non_dentist_category|include_dental_provider,,,,,,eligibility_group:57eeb9e687d4ba7d,unknown,,Nail salon,,,,,external_evidence_required,category and title evidence do not support a safe batch suggestion,False
profile:Augusta_GA_L:google:cid:16042696556243485449,Augusta_GA_L,google:cid:16042696556243485449,TMJ Associates,"456 Furys Ferry Rd, Augusta, GA 30907",maps_specialist,Cancer treatment center,needs_category_review,unreviewed_or_conflicting_category_evidence,exclude_non_dentist_category|include_dental_provider,,,,,,eligibility_group:58feeb0c4d85c099,unknown,,Cancer treatment center,,,,,external_evidence_required,category and title evidence do not support a safe batch suggestion,False
profile:LA_CA_L:google:cid:92410452455775698,LA_CA_L,google:cid:92410452455775698,Vantage Oncology,"5522 Sepulveda Blvd, Sherman Oaks, CA 91411",business_listings,Cancer treatment center,needs_category_review,unreviewed_or_conflicting_category_evidence,exclude_non_dentist_category|include_dental_provider,,,,,,eligibility_group:58feeb0c4d85c099,unknown,,Cancer treatment center,,,,,external_evidence_required,category and title evidence do not support a safe batch suggestion,False
profile:NYC_NY_L:google:cid:4889158453415494831,NYC_NY_L,google:cid:4889158453415494831,Brookdale Family Care Center - New Lots,"465 New Lots Ave, Brooklyn, NY 11207",business_listings,Medical office,needs_category_review,unreviewed_or_conflicting_category_evidence,exclude_non_dentist_category|include_dental_provider,,,,,,eligibility_group:594fa1d47532a2c5,unknown,,Medical office,,,,,external_evidence_required,category and title evidence do not support a safe batch suggestion,False
profile:LA_CA_L:google:cid:6628421155979957422,LA_CA_L,google:cid:6628421155979957422,K9 Loft,"14257 Ventura Blvd, Sherman Oaks, CA 91423",business_listings,Pet groomer,needs_category_review,unreviewed_or_conflicting_category_evidence,exclude_non_dentist_category|include_dental_provider,,,,,,eligibility_group:596207ce1c9c7475,unknown,,Pet groomer,,,,,external_evidence_required,category and title evidence do not support a safe batch suggestion,False
profile:FortBragg_CA_S:google:cid:17036417683359244779,FortBragg_CA_S,google:cid:17036417683359244779,"J. Kyle Smith, OD","450 N McPherson St, Fort Bragg, CA 95437",maps_core,Optometrist,needs_category_review,unreviewed_or_conflicting_category_evidence,exclude_non_dentist_category|include_dental_provider,,,,,,eligibility_group:608841ecf0b2db79,unknown,,Optometrist,,,,,external_evidence_required,category and title evidence do not support a safe batch suggestion,False
profile:FortBragg_CA_S:google:cid:3097706296214713699,FortBragg_CA_S,google:cid:3097706296214713699,"Lynette Kline, OD","510 Cypress St # A, Fort Bragg, CA 95437",maps_core,Optometrist,needs_category_review,unreviewed_or_conflicting_category_evidence,exclude_non_dentist_category|include_dental_provider,,,,,,eligibility_group:608841ecf0b2db79,unknown,,Optometrist,,,,,external_evidence_required,category and title evidence do not support a safe batch suggestion,False
profile:NYC_NY_L:google:cid:7617309210467543931,NYC_NY_L,google:cid:7617309210467543931,"Antonia Sarris, LCSW","25 Chapel St, Brooklyn, NY 11201",business_listings,Social services organization,needs_category_review,unreviewed_or_conflicting_category_evidence,exclude_non_dentist_category|include_dental_provider,,,,,,eligibility_group:62fd405f34bcf5e4,unknown,,Social services organization,,,,,external_evidence_required,category and title evidence do not support a safe batch suggestion,False
profile:NYC_NY_L:google:cid:1196111142762645885,NYC_NY_L,google:cid:1196111142762645885,3D Imaging Inc,"1560 Broadway, New York, NY 10036",business_listings,Medical diagnostic imaging center,needs_category_review,unreviewed_or_conflicting_category_evidence,exclude_non_dentist_category|include_dental_provider,,,,,,eligibility_group:65504865b22162bd,unknown,,Medical diagnostic imaging center,,,,,external_evidence_required,category and title evidence do not support a safe batch suggestion,False
profile:FortBragg_CA_S:google:cid:7813504546310747474,FortBragg_CA_S,google:cid:7813504546310747474,Align Orthotics & Prosthetics,"401 Cypress St, Fort Bragg, CA 95437",maps_core|maps_specialist,Orthotics & prosthetics service,needs_category_review,unreviewed_or_conflicting_category_evidence,exclude_non_dentist_category|include_dental_provider,,,,,,eligibility_group:6802faf098d90035,unknown,,Orthotics & prosthetics service,,,,,external_evidence_required,category and title evidence do not support a safe batch suggestion,False
profile:NYC_NY_L:google:cid:5452137540325187513,NYC_NY_L,google:cid:5452137540325187513,Devonshire House,"28 E 10th St, New York, NY 10003",business_listings,Condominium complex,needs_category_review,unreviewed_or_conflicting_category_evidence,exclude_non_dentist_category|include_dental_provider,,,,,,eligibility_group:690588d673aff3e0,unknown,,Condominium complex,,,,,external_evidence_required,category and title evidence do not support a safe batch suggestion,False
profile:NYC_NY_L:google:cid:14748533435362658906,NYC_NY_L,google:cid:14748533435362658906,One Hanson Place,"One Hanson Pl, Brooklyn, NY 11243",business_listings,Condominium complex,needs_category_review,unreviewed_or_conflicting_category_evidence,exclude_non_dentist_category|include_dental_provider,,,,,,eligibility_group:690588d673aff3e0,unknown,,Condominium complex,,,,,external_evidence_required,category and title evidence do not support a safe batch suggestion,False
profile:LA_CA_L:google:cid:895678497028964503,LA_CA_L,google:cid:895678497028964503,Aesthetic,"8663 Holloway Plaza Dr, Los Angeles, CA 90069",business_listings,Furniture maker,needs_category_review,unreviewed_or_conflicting_category_evidence,exclude_non_dentist_category|include_dental_provider,,,,,,eligibility_group:6a202a936b857088,unknown,,Furniture maker,,,,,external_evidence_required,category and title evidence do not support a safe batch suggestion,False
profile:NYC_NY_L:google:cid:15502555001169980906,NYC_NY_L,google:cid:15502555001169980906,Aquatic Rehabilitation Center,"1659 78th St, Brooklyn, NY 11214",business_listings,Rehabilitation center,needs_category_review,unreviewed_or_conflicting_category_evidence,exclude_non_dentist_category|include_dental_provider,,,,,,eligibility_group:6b0bfdb18f3e8f3d,unknown,,Rehabilitation center,,,,,external_evidence_required,category and title evidence do not support a safe batch suggestion,False
profile:Atlanta_GA_L:google:cid:13815089370373089399,Atlanta_GA_L,google:cid:13815089370373089399,Healing Community Center,"1188 Ralph David Abernathy Blvd SW, Atlanta, GA 30310",maps_core,Community health center,needs_category_review,unreviewed_or_conflicting_category_evidence,exclude_non_dentist_category|include_dental_provider,,,,,,eligibility_group:75eedbc19c8622b7,manual_review,Community health center: Category alone does not establish whether dental care is provided,,,,,,external_evidence_required,category and title evidence do not support a safe batch suggestion,False
profile:Buffalo_NY_L:google:cid:15855541177964720473,Buffalo_NY_L,google:cid:15855541177964720473,Evergreen Health,"800 Hertel Ave Ste 100, Buffalo, NY 14207",maps_core,Community health center,needs_category_review,unreviewed_or_conflicting_category_evidence,exclude_non_dentist_category|include_dental_provider,,,,,,eligibility_group:75eedbc19c8622b7,manual_review,Community health center: Category alone does not establish whether dental care is provided,,,,,,external_evidence_required,category and title evidence do not support a safe batch suggestion,False
profile:Buffalo_NY_L:google:cid:5257324846144316958,Buffalo_NY_L,google:cid:5257324846144316958,Evergreen Health,"206 S Elmwood Ave, Buffalo, NY 14201",maps_core,Community health center,needs_category_review,unreviewed_or_conflicting_category_evidence,exclude_non_dentist_category|include_dental_provider,,,,,,eligibility_group:75eedbc19c8622b7,manual_review,Community health center: Category alone does not establish whether dental care is provided,,,,,,external_evidence_required,category and title evidence do not support a safe batch suggestion,False
profile:Buffalo_NY_L:google:cid:6809714559291597152,Buffalo_NY_L,google:cid:6809714559291597152,Jericho Road Community Health Center at Buffalo City Mission,"100 E Tupper St, Buffalo, NY 14203",maps_core,Community health center,needs_category_review,unreviewed_or_conflicting_category_evidence,exclude_non_dentist_category|include_dental_provider,,,,,,eligibility_group:75eedbc19c8622b7,manual_review,Community health center: Category alone does not establish whether dental care is provided,,,,,,external_evidence_required,category and title evidence do not support a safe batch suggestion,False
profile:Buffalo_NY_L:google:cid:11877499768464405465,Buffalo_NY_L,google:cid:11877499768464405465,Neighborhood Health Center,"Neighborhood Health Center, 1569 Niagara St, Riverway, Buffalo, NY 14213",business_listings|maps_core,Community health center,needs_category_review,unreviewed_or_conflicting_category_evidence,exclude_non_dentist_category|include_dental_provider,,,,,,eligibility_group:75eedbc19c8622b7,manual_review,Community health center: Category alone does not establish whether dental care is provided,,,,,,external_evidence_required,category and title evidence do not support a safe batch suggestion,False
profile:Buffalo_NY_L:google:cid:2962843530212566674,Buffalo_NY_L,google:cid:2962843530212566674,Neighborhood Health Center,"Neighborhood Health Center, 4233 Lake Ave, Blasdell, NY 14219",business_listings|maps_core,Community health center,needs_category_review,unreviewed_or_conflicting_category_evidence,exclude_non_dentist_category|include_dental_provider,,,,,,eligibility_group:75eedbc19c8622b7,manual_review,Community health center: Category alone does not establish whether dental care is provided,,,,,,external_evidence_required,category and title evidence do not support a safe batch suggestion,False
profile:Eureka_CA_S:google:cid:2468268097554676926,Eureka_CA_S,google:cid:2468268097554676926,Open Door Member Services Department,"1522 3rd St, Eureka, CA 95501",maps_core,Community health center,needs_category_review,unreviewed_or_conflicting_category_evidence,exclude_non_dentist_category|include_dental_provider,,,,,,eligibility_group:75eedbc19c8622b7,manual_review,Community health center: Category alone does not establish whether dental care is provided,,,,,,external_evidence_required,category and title evidence do not support a safe batch suggestion,False
profile:Eureka_CA_S:google:cid:6832263757888478173,Eureka_CA_S,google:cid:6832263757888478173,Redwood Community Health Center,"2350 Buhne St, Eureka, CA 95501",maps_core,Community health center,needs_category_review,unreviewed_or_conflicting_category_evidence,exclude_non_dentist_category|include_dental_provider,,,,,,eligibility_group:75eedbc19c8622b7,manual_review,Community health center: Category alone does not establish whether dental care is provided,,,,,,external_evidence_required,category and title evidence do not support a safe batch suggestion,False
profile:Eureka_CA_S:google:cid:3539046292069828800,Eureka_CA_S,google:cid:3539046292069828800,Telehealth & Visiting Specialist Center,"2426 Buhne St, Eureka, CA 95501",maps_core,Community health center,needs_category_review,unreviewed_or_conflicting_category_evidence,exclude_non_dentist_category|include_dental_provider,,,,,,eligibility_group:75eedbc19c8622b7,manual_review,Community health center: Category alone does not establish whether dental care is provided,,,,,,external_evidence_required,category and title evidence do not support a safe batch suggestion,False
profile:LA_CA_L:google:cid:6614151412022945732,LA_CA_L,google:cid:6614151412022945732,Central City Community Health Center,"5970 S Central Ave, Los Angeles, CA 90001",business_listings,Community health center,needs_category_review,unreviewed_or_conflicting_category_evidence,exclude_non_dentist_category|include_dental_provider,,,,,,eligibility_group:75eedbc19c8622b7,manual_review,Community health center: Category alone does not establish whether dental care is provided,,,,,,external_evidence_required,category and title evidence do not support a safe batch suggestion,False
profile:LA_CA_L:google:cid:7778619330488409355,LA_CA_L,google:cid:7778619330488409355,Clinicas Newbury Park Health Center,"1000 Newbury Rd Ste 150, Newbury Park, CA 91320",business_listings,Community health center,needs_category_review,unreviewed_or_conflicting_category_evidence,exclude_non_dentist_category|include_dental_provider,,,,,,eligibility_group:75eedbc19c8622b7,manual_review,Community health center: Category alone does not establish whether dental care is provided,,,,,,external_evidence_required,category and title evidence do not support a safe batch suggestion,False
profile:LA_CA_L:google:cid:11660717878363179238,LA_CA_L,google:cid:11660717878363179238,ROADS Community Clinic - Compton,"121 S Long Beach Blvd, Compton, CA 90221",business_listings,Community health center,needs_category_review,unreviewed_or_conflicting_category_evidence,exclude_non_dentist_category|include_dental_provider,,,,,,eligibility_group:75eedbc19c8622b7,manual_review,Community health center: Category alone does not establish whether dental care is provided,,,,,,external_evidence_required,category and title evidence do not support a safe batch suggestion,False
profile:LA_CA_L:google:cid:17876263272543066434,LA_CA_L,google:cid:17876263272543066434,ROADS Community Clinic - Lynwood,"3737 Martin Luther King Jr Blvd Ste 402, Lynwood, CA 90262",business_listings,Community health center,needs_category_review,unreviewed_or_conflicting_category_evidence,exclude_non_dentist_category|include_dental_provider,,,,,,eligibility_group:75eedbc19c8622b7,manual_review,Community health center: Category alone does not establish whether dental care is provided,,,,,,external_evidence_required,category and title evidence do not support a safe batch suggestion,False
profile:LA_CA_L:google:cid:10021466510923515615,LA_CA_L,google:cid:10021466510923515615,Saban Community Clinic,"8405 Beverly Blvd, Los Angeles, CA 90048",business_listings,Community health center,needs_category_review,unreviewed_or_conflicting_category_evidence,exclude_non_dentist_category|include_dental_provider,,,,,,eligibility_group:75eedbc19c8622b7,manual_review,Community health center: Category alone does not establish whether dental care is provided,,,,,,external_evidence_required,category and title evidence do not support a safe batch suggestion,False
profile:LA_CA_L:google:cid:6573524519892687095,LA_CA_L,google:cid:6573524519892687095,Saban Community Clinic - Virgil,"137 Virgil Ave, Los Angeles, CA 90004",business_listings,Community health center,needs_category_review,unreviewed_or_conflicting_category_evidence,exclude_non_dentist_category|include_dental_provider,,,,,,eligibility_group:75eedbc19c8622b7,manual_review,Community health center: Category alone does not establish whether dental care is provided,,,,,,external_evidence_required,category and title evidence do not support a safe batch suggestion,False
profile:LA_CA_L:google:cid:3932807939064839266,LA_CA_L,google:cid:3932807939064839266,Serenity Care Health Group - Atlantic Adult Clinic,"780 Atlantic Ave 2nd Floor, Long Beach, CA 90813",business_listings,Community health center,needs_category_review,unreviewed_or_conflicting_category_evidence,exclude_non_dentist_category|include_dental_provider,,,,,,eligibility_group:75eedbc19c8622b7,manual_review,Community health center: Category alone does not establish whether dental care is provided,,,,,,external_evidence_required,category and title evidence do not support a safe batch suggestion,False
profile:LA_CA_L:google:cid:6241950912401221942,LA_CA_L,google:cid:6241950912401221942,"Serenity Care Health Group, FQHC-LAL","1930 E Anaheim St, Long Beach, CA 90813",business_listings,Community health center,needs_category_review,unreviewed_or_conflicting_category_evidence,exclude_non_dentist_category|include_dental_provider,,,,,,eligibility_group:75eedbc19c8622b7,manual_review,Community health center: Category alone does not establish whether dental care is provided,,,,,,external_evidence_required,category and title evidence do not support a safe batch suggestion,False
profile:LA_CA_L:google:cid:17870772743849719591,LA_CA_L,google:cid:17870772743849719591,Watts Healthcare - Watts Health Center,"10300 Compton Ave, Los Angeles, CA 90002",business_listings,Community health center,needs_category_review,unreviewed_or_conflicting_category_evidence,exclude_non_dentist_category|include_dental_provider,,,,,,eligibility_group:75eedbc19c8622b7,manual_review,Community health center: Category alone does not establish whether dental care is provided,,,,,,external_evidence_required,category and title evidence do not support a safe batch suggestion,False
profile:NYC_NY_L:google:cid:15663490496687216379,NYC_NY_L,google:cid:15663490496687216379,Advantage Care Health Centers,"230 Hanse Ave, Freeport, NY 11520",business_listings,Community health center,needs_category_review,unreviewed_or_conflicting_category_evidence,exclude_non_dentist_category|include_dental_provider,,,,,,eligibility_group:75eedbc19c8622b7,manual_review,Community health center: Category alone does not establish whether dental care is provided,,,,,,external_evidence_required,category and title evidence do not support a safe batch suggestion,False
profile:NYC_NY_L:google:cid:15902478855329350188,NYC_NY_L,google:cid:15902478855329350188,"Advantage Care Health Centers, Brookville, Freeport","189 Wheatley Rd, Glen Head, NY 11545",business_listings,Community health center,needs_category_review,unreviewed_or_conflicting_category_evidence,exclude_non_dentist_category|include_dental_provider,,,,,,eligibility_group:75eedbc19c8622b7,manual_review,Community health center: Category alone does not establish whether dental care is provided,,,,,,external_evidence_required,category and title evidence do not support a safe batch suggestion,False
profile:NYC_NY_L:google:cid:9629879480313591668,NYC_NY_L,google:cid:9629879480313591668,Betances Health Center,"280 Henry St, New York, NY 10002",business_listings,Community health center,needs_category_review,unreviewed_or_conflicting_category_evidence,exclude_non_dentist_category|include_dental_provider,,,,,,eligibility_group:75eedbc19c8622b7,manual_review,Community health center: Category alone does not establish whether dental care is provided,,,,,,external_evidence_required,category and title evidence do not support a safe batch suggestion,False
profile:NYC_NY_L:google:cid:7797290965946195780,NYC_NY_L,google:cid:7797290965946195780,Community Healthcare Network – Lower East Side / Catherine M. Abate,"255 E Houston St, New York, NY 10002",business_listings,Community health center,needs_category_review,unreviewed_or_conflicting_category_evidence,exclude_non_dentist_category|include_dental_provider,,,,,,eligibility_group:75eedbc19c8622b7,manual_review,Community health center: Category alone does not establish whether dental care is provided,,,,,,external_evidence_required,category and title evidence do not support a safe batch suggestion,False
profile:NYC_NY_L:google:cid:5978500574907670907,NYC_NY_L,google:cid:5978500574907670907,Harlem United,"179 E 116th St, New York, NY 10029",business_listings,Community health center,needs_category_review,unreviewed_or_conflicting_category_evidence,exclude_non_dentist_category|include_dental_provider,,,,,,eligibility_group:75eedbc19c8622b7,manual_review,Community health center: Category alone does not establish whether dental care is provided,,,,,,external_evidence_required,category and title evidence do not support a safe batch suggestion,False
profile:NYC_NY_L:google:cid:1233923132299180747,NYC_NY_L,google:cid:1233923132299180747,Harlem United's The Nest Community Health Center,"169 W 133rd St, New York, NY 10030",business_listings,Community health center,needs_category_review,unreviewed_or_conflicting_category_evidence,exclude_non_dentist_category|include_dental_provider,,,,,,eligibility_group:75eedbc19c8622b7,manual_review,Community health center: Category alone does not establish whether dental care is provided,,,,,,external_evidence_required,category and title evidence do not support a safe batch suggestion,False
profile:NYC_NY_L:google:cid:15144409111980064554,NYC_NY_L,google:cid:15144409111980064554,ODA Crown Heights,"779 E New York Ave, Brooklyn, NY 11203",business_listings,Community health center,needs_category_review,unreviewed_or_conflicting_category_evidence,exclude_non_dentist_category|include_dental_provider,,,,,,eligibility_group:75eedbc19c8622b7,manual_review,Community health center: Category alone does not establish whether dental care is provided,,,,,,external_evidence_required,category and title evidence do not support a safe batch suggestion,False
profile:NYC_NY_L:google:cid:10390034255530110063,NYC_NY_L,google:cid:10390034255530110063,Union Community Health Center - (188th St.),"260 E 188th St, Bronx, NY 10458",business_listings,Community health center,needs_category_review,unreviewed_or_conflicting_category_evidence,exclude_non_dentist_category|include_dental_provider,,,,,,eligibility_group:75eedbc19c8622b7,manual_review,Community health center: Category alone does not establish whether dental care is provided,,,,,,external_evidence_required,category and title evidence do not support a safe batch suggestion,False
profile:NYC_NY_L:google:cid:4935697797244785263,NYC_NY_L,google:cid:4935697797244785263,Union Community Health Center - (2021 Grand Concourse),"2021 Grand Concourse, Bronx, NY 10453",business_listings,Community health center,needs_category_review,unreviewed_or_conflicting_category_evidence,exclude_non_dentist_category|include_dental_provider,,,,,,eligibility_group:75eedbc19c8622b7,manual_review,Community health center: Category alone does not establish whether dental care is provided,,,,,,external_evidence_required,category and title evidence do not support a safe batch suggestion,False
profile:SanFrancisco_CA_L:google:cid:14242845636480544373,SanFrancisco_CA_L,google:cid:14242845636480544373,NEMS PACE San Francisco Chinatown Center,"728 Pacific Ave Ste 200, San Francisco, CA 94133",business_listings,Community health center,needs_category_review,unreviewed_or_conflicting_category_evidence,exclude_non_dentist_category|include_dental_provider,,,,,,eligibility_group:75eedbc19c8622b7,manual_review,Community health center: Category alone does not establish whether dental care is provided,,,,,,external_evidence_required,category and title evidence do not support a safe batch suggestion,False
profile:NYC_NY_L:google:cid:6683947002764799178,NYC_NY_L,google:cid:6683947002764799178,Head & Neck Surgical Group,"425 W 59th St #1, New York, NY 10019",business_listings,Otolaryngology clinic,needs_category_review,unreviewed_or_conflicting_category_evidence,exclude_non_dentist_category|include_dental_provider,,,,,,eligibility_group:772713ab1100c436,unknown,,Otolaryngology clinic,,,,,external_evidence_required,category and title evidence do not support a safe batch suggestion,False
profile:LA_CA_L:google:cid:15714100834549036307,LA_CA_L,google:cid:15714100834549036307,Affinity Cosmetic Center,"12304 Santa Monica Blvd #101, Los Angeles, CA 90025",business_listings,Skin care clinic,needs_category_review,unreviewed_or_conflicting_category_evidence,exclude_non_dentist_category|include_dental_provider,,,,,,eligibility_group:7a6b4d7abd08fee8,unknown,,Skin care clinic,,,,,external_evidence_required,category and title evidence do not support a safe batch suggestion,False
profile:Vidalia_GA_S:google:cid:7988439992617257135,Vidalia_GA_S,google:cid:7988439992617257135,Dermatology Associates,"1013 E 1st St, Vidalia, GA 30474",maps_core,Skin care clinic,needs_category_review,unreviewed_or_conflicting_category_evidence,exclude_non_dentist_category|include_dental_provider,,,,,,eligibility_group:7a6b4d7abd08fee8,unknown,,Skin care clinic,,,,,external_evidence_required,category and title evidence do not support a safe batch suggestion,False
profile:Atlanta_GA_L:google:cid:13898945642818331032,Atlanta_GA_L,google:cid:13898945642818331032,Grady Health System,"80 Jesse Hill Jr Dr SE, Atlanta, GA 30303",maps_core,Hospital,needs_category_review,unreviewed_or_conflicting_category_evidence,exclude_non_dentist_category|include_dental_provider,,,,,,eligibility_group:7a6fb05b52cfaa84,unknown,,Hospital,,,,,external_evidence_required,category and title evidence do not support a safe batch suggestion,False
profile:Augusta_GA_L:google:cid:4908311652064968016,Augusta_GA_L,google:cid:4908311652064968016,VA Downtown Division,"950 15th St, Augusta, GA 30901",maps_core,Hospital,needs_category_review,unreviewed_or_conflicting_category_evidence,exclude_non_dentist_category|include_dental_provider,,,,,,eligibility_group:7a6fb05b52cfaa84,unknown,,Hospital,,,,,external_evidence_required,category and title evidence do not support a safe batch suggestion,False
profile:FortBragg_CA_S:google:cid:5493462293064925102,FortBragg_CA_S,google:cid:5493462293064925102,Adventist Health Mendocino Coast,"700 River Dr, Fort Bragg, CA 95437",maps_core,Hospital,needs_category_review,unreviewed_or_conflicting_category_evidence,exclude_non_dentist_category|include_dental_provider,,,,,,eligibility_group:7a6fb05b52cfaa84,unknown,,Hospital,,,,,external_evidence_required,category and title evidence do not support a safe batch suggestion,False
profile:Buffalo_NY_L:google:cid:11366070002874749651,Buffalo_NY_L,google:cid:11366070002874749651,Dr MGK,"University at Buffalo South Campus, State, 3435 Main St, Buffalo, NY 14215",maps_specialist,,needs_category_review,unreviewed_or_conflicting_category_evidence,exclude_non_dentist_category|include_dental_provider,,,,,,eligibility_group:7f6c6360ca5455ff,unknown,,<blank category>,,,,,external_evidence_required,category and title evidence do not support a safe batch suggestion,False
profile:Eureka_CA_S:google:cid:7161334439902583112,Eureka_CA_S,google:cid:7161334439902583112,Partnership Healthplan Of California,"1036 5th St, Eureka, CA 95501",maps_core,Government office,needs_category_review,unreviewed_or_conflicting_category_evidence,exclude_non_dentist_category|include_dental_provider,,,,,,eligibility_group:80bfcb676b0ff00e,unknown,,Government office,,,,,external_evidence_required,category and title evidence do not support a safe batch suggestion,False
profile:NYC_NY_L:google:cid:8712220723097576755,NYC_NY_L,google:cid:8712220723097576755,John Spina Dpm,"2015 Bath Ave, Brooklyn, NY 11214",business_listings,Podiatrist,needs_category_review,unreviewed_or_conflicting_category_evidence,exclude_non_dentist_category|include_dental_provider,,,,,,eligibility_group:83a1f37e83b51b28,unknown,,Podiatrist,,,,,external_evidence_required,category and title evidence do not support a safe batch suggestion,False
profile:Augusta_GA_L:google:cid:2881003103519768575,Augusta_GA_L,google:cid:2881003103519768575,ALAS Free Women's Clinic,"904 Merry St, Augusta, GA 30904",maps_core,Free clinic,needs_category_review,unreviewed_or_conflicting_category_evidence,exclude_non_dentist_category|include_dental_provider,,,,,,eligibility_group:8550c2bf40cd4dfa,manual_review,Free clinic: Category alone does not establish whether dental care is provided,,,,,,external_evidence_required,category and title evidence do not support a safe batch suggestion,False
profile:Augusta_GA_L:google:cid:16620118602434899245,Augusta_GA_L,google:cid:16620118602434899245,Centro Médico,"904 Merry St, Augusta, GA 30904",maps_core,Free clinic,needs_category_review,unreviewed_or_conflicting_category_evidence,exclude_non_dentist_category|include_dental_provider,,,,,,eligibility_group:8550c2bf40cd4dfa,manual_review,Free clinic: Category alone does not establish whether dental care is provided,,,,,,external_evidence_required,category and title evidence do not support a safe batch suggestion,False
profile:Augusta_GA_L:google:cid:1016625347654546775,Augusta_GA_L,google:cid:1016625347654546775,Clínica Latina,"904 Merry St, Augusta, GA 30904",maps_core,Free clinic,needs_category_review,unreviewed_or_conflicting_category_evidence,exclude_non_dentist_category|include_dental_provider,,,,,,eligibility_group:8550c2bf40cd4dfa,manual_review,Free clinic: Category alone does not establish whether dental care is provided,,,,,,external_evidence_required,category and title evidence do not support a safe batch suggestion,False
profile:LA_CA_L:google:cid:15738244679380707742,LA_CA_L,google:cid:15738244679380707742,K9 LOFT,"2170 Sunset Blvd, Los Angeles, CA 90026",business_listings,Pet boarding service,needs_category_review,unreviewed_or_conflicting_category_evidence,exclude_non_dentist_category|include_dental_provider,,,,,,eligibility_group:85cb6619e39fd7d5,unknown,,Pet boarding service,,,,,external_evidence_required,category and title evidence do not support a safe batch suggestion,False
profile:LA_CA_L:google:cid:5546745703059237379,LA_CA_L,google:cid:5546745703059237379,Yang Bao Bin MD,"149 N 6th St, Montebello, CA 90640",business_listings,Cardiologist,needs_category_review,unreviewed_or_conflicting_category_evidence,exclude_non_dentist_category|include_dental_provider,,,,,,eligibility_group:87792a8b95e277fa,unknown,,Cardiologist,,,,,external_evidence_required,category and title evidence do not support a safe batch suggestion,False
profile:Atlanta_GA_L:google:cid:11085259445198486597,Atlanta_GA_L,google:cid:11085259445198486597,Smile Direct Club,"Located in Peachtree Offices, 3355 Lenox Rd NE Suite 750, Atlanta, GA 30326",business_listings,Health and beauty shop,needs_category_review,unreviewed_or_conflicting_category_evidence,exclude_non_dentist_category|include_dental_provider,,,,,,eligibility_group:8ab421eda41309f2,unknown,,Health and beauty shop,,,,,external_evidence_required,category and title evidence do not support a safe batch suggestion,False
profile:Buffalo_NY_L:google:cid:126764987546349880,Buffalo_NY_L,google:cid:126764987546349880,Smile Direct Club,"Located inside Sola Salon, 4110 Maple Rd, Buffalo, NY 14226",business_listings,Health and beauty shop,needs_category_review,unreviewed_or_conflicting_category_evidence,exclude_non_dentist_category|include_dental_provider,,,,,,eligibility_group:8ab421eda41309f2,unknown,,Health and beauty shop,,,,,external_evidence_required,category and title evidence do not support a safe batch suggestion,False
profile:NYC_NY_L:google:cid:11474776953858767803,NYC_NY_L,google:cid:11474776953858767803,Smile Direct Club,"242 5th Ave, New York, NY 10001",business_listings,Health and beauty shop,needs_category_review,unreviewed_or_conflicting_category_evidence,exclude_non_dentist_category|include_dental_provider,,,,,,eligibility_group:8ab421eda41309f2,unknown,,Health and beauty shop,,,,,external_evidence_required,category and title evidence do not support a safe batch suggestion,False
profile:NYC_NY_L:google:cid:9001258392962397789,NYC_NY_L,google:cid:9001258392962397789,Smile Direct Club,"525 Atlantic Ave, Brooklyn, NY 11217",business_listings,Health and beauty shop,needs_category_review,unreviewed_or_conflicting_category_evidence,exclude_non_dentist_category|include_dental_provider,,,,,,eligibility_group:8ab421eda41309f2,unknown,,Health and beauty shop,,,,,external_evidence_required,category and title evidence do not support a safe batch suggestion,False
profile:SanFrancisco_CA_L:google:cid:15999424789158348057,SanFrancisco_CA_L,google:cid:15999424789158348057,"University of the Pacific, Arthur A. Dugoni School of Dentistry","155 5th St, San Francisco, CA 94103",business_listings,University,needs_category_review,unreviewed_or_conflicting_category_evidence,exclude_non_dentist_category|include_dental_provider,,,,,,eligibility_group:8c78ac49852cece2,unknown,,University,dentistry,school_or_training,,,external_evidence_required,category and title evidence do not support a safe batch suggestion,False
profile:NYC_NY_L:google:cid:6815302961615898188,NYC_NY_L,google:cid:6815302961615898188,Medical Orthodontics,"45 Park Ave PH 01, New York, NY 10016",business_listings,Medical spa,needs_category_review,unreviewed_or_conflicting_category_evidence,exclude_non_dentist_category|include_dental_provider,,,,,,eligibility_group:8c88af6de3a4ac5e,unknown,,Medical spa,orthodontic,medical,,,external_evidence_required,category and title evidence do not support a safe batch suggestion,False
profile:SanFrancisco_CA_L:google:cid:10983116578148769284,SanFrancisco_CA_L,google:cid:10983116578148769284,Facial Therapy Studio,"90 Gough St, San Francisco, CA 94102",business_listings,Medical spa,needs_category_review,unreviewed_or_conflicting_category_evidence,exclude_non_dentist_category|include_dental_provider,,,,,,eligibility_group:8c88af6de3a4ac5e,unknown,,Medical spa,,,,,external_evidence_required,category and title evidence do not support a safe batch suggestion,False
profile:SanFrancisco_CA_L:google:cid:12780241047922579012,SanFrancisco_CA_L,google:cid:12780241047922579012,"Joan Demartini Warren, PSYD","1738 Union St, San Francisco, CA 94123",business_listings,Psychologist,needs_category_review,unreviewed_or_conflicting_category_evidence,exclude_non_dentist_category|include_dental_provider,,,,,,eligibility_group:8cc3af3cb556b0b4,unknown,,Psychologist,,,,,external_evidence_required,category and title evidence do not support a safe batch suggestion,False
profile:Eureka_CA_S:google:cid:10342098488761581509,Eureka_CA_S,google:cid:10342098488761581509,Pure Makeup Studio & Med Spa,"522 F St, Eureka, CA 95501",maps_core,Make-up artist,needs_category_review,unreviewed_or_conflicting_category_evidence,exclude_non_dentist_category|include_dental_provider,,,,,,eligibility_group:951745147fdc1790,unknown,,Make-up artist,,,,,external_evidence_required,category and title evidence do not support a safe batch suggestion,False
profile:Eureka_CA_S:google:cid:1858770223063797444,Eureka_CA_S,google:cid:1858770223063797444,North Coast Clinics Network,"1036 5th St Ste c, Eureka, CA 95501",maps_core,Business administration service,needs_category_review,unreviewed_or_conflicting_category_evidence,exclude_non_dentist_category|include_dental_provider,,,,,,eligibility_group:95a4c5f41bb94bef,unknown,,Business administration service,,,,,external_evidence_required,category and title evidence do not support a safe batch suggestion,False
profile:Macon_GA_M:google:cid:15706617772192173359,Macon_GA_M,google:cid:15706617772192173359,First Choice Primary Care: Rountree Rhonda MD,"770 Walnut St # 7A, Macon, GA 31201",maps_core,Registered general nurse,needs_category_review,unreviewed_or_conflicting_category_evidence,exclude_non_dentist_category|include_dental_provider,,,,,,eligibility_group:97f57507e4664de1,unknown,,Registered general nurse,,,,,external_evidence_required,category and title evidence do not support a safe batch suggestion,False
profile:LA_CA_L:google:cid:16938644178152517497,LA_CA_L,google:cid:16938644178152517497,Chinatown Service Center,"767 N Hill St, Los Angeles, CA 90012",maps_core,Health,needs_category_review,unreviewed_or_conflicting_category_evidence,exclude_non_dentist_category|include_dental_provider,,,,,,eligibility_group:996c37683b16ba16,unknown,,Health,,,,,external_evidence_required,category and title evidence do not support a safe batch suggestion,False
profile:Toccoa_GA_S:google:cid:13320476754117954318,Toccoa_GA_S,google:cid:13320476754117954318,Stephens County Health Department,"64 N Blvd, Toccoa, GA 30577",maps_core,Health,needs_category_review,unreviewed_or_conflicting_category_evidence,exclude_non_dentist_category|include_dental_provider,,,,,,eligibility_group:996c37683b16ba16,unknown,,Health,,,,,external_evidence_required,category and title evidence do not support a safe batch suggestion,False
profile:SanFrancisco_CA_L:google:cid:11372912843166958775,SanFrancisco_CA_L,google:cid:11372912843166958775,Envoy Health,"5432 Geary Blvd Unit 787, San Francisco, CA 94121",business_listings,Health consultant,needs_category_review,unreviewed_or_conflicting_category_evidence,exclude_non_dentist_category|include_dental_provider,,,,,,eligibility_group:9b7c162f3e96d8ac,unknown,,Health consultant,,,,,external_evidence_required,category and title evidence do not support a safe batch suggestion,False
profile:LA_CA_L:google:cid:4203108899044058271,LA_CA_L,google:cid:4203108899044058271,Uniformland,"23360 Valencia Blvd Ste G, Valencia, CA 91355",business_listings,Uniform store,needs_category_review,unreviewed_or_conflicting_category_evidence,exclude_non_dentist_category|include_dental_provider,,,,,,eligibility_group:a11b09fd5b033ba3,unknown,,Uniform store,,,,,external_evidence_required,category and title evidence do not support a safe batch suggestion,False
profile:LA_CA_L:google:cid:4180294560927685777,LA_CA_L,google:cid:4180294560927685777,Foster Mall,"13408 Woodruff Ave, Bellflower, CA 90706",business_listings,Shopping mall,needs_category_review,unreviewed_or_conflicting_category_evidence,exclude_non_dentist_category|include_dental_provider,,,,,,eligibility_group:a610b283ab567286,unknown,,Shopping mall,,,,,external_evidence_required,category and title evidence do not support a safe batch suggestion,False
profile:LA_CA_L:google:cid:4243264581896210541,LA_CA_L,google:cid:4243264581896210541,POLY PLAZA,"1434 Atlantic Ave, Long Beach, CA 90813",business_listings,Shopping mall,needs_category_review,unreviewed_or_conflicting_category_evidence,exclude_non_dentist_category|include_dental_provider,,,,,,eligibility_group:a610b283ab567286,unknown,,Shopping mall,,,,,external_evidence_required,category and title evidence do not support a safe batch suggestion,False
profile:LA_CA_L:google:cid:11349040228690126297,LA_CA_L,google:cid:11349040228690126297,AltaMed Medical and Dental Group - South Gate,"8627 Atlantic Ave, South Gate, CA 90280",business_listings,Medical group,needs_category_review,unreviewed_or_conflicting_category_evidence,exclude_non_dentist_category|include_dental_provider,,,,,,eligibility_group:a7d77b97fc90c3df,manual_review,Medical group: Category alone does not establish whether dental care is provided,,dental,medical,,,external_evidence_required,category and title evidence do not support a safe batch suggestion,False
profile:LA_CA_L:google:cid:17148503378792403798,LA_CA_L,google:cid:17148503378792403798,Wesley Health Clinic,"522 San Pedro St, Los Angeles, CA 90013",maps_core,Medical group,needs_category_review,unreviewed_or_conflicting_category_evidence,exclude_non_dentist_category|include_dental_provider,,,,,,eligibility_group:a7d77b97fc90c3df,manual_review,Medical group: Category alone does not establish whether dental care is provided,,,,,,external_evidence_required,category and title evidence do not support a safe batch suggestion,False
profile:NYC_NY_L:google:cid:8951881897675096385,NYC_NY_L,google:cid:8951881897675096385,Virtual House Call Docs NYC,"970 Park Ave Ste 1, New York, NY 10028",business_listings,Medical group,needs_category_review,unreviewed_or_conflicting_category_evidence,exclude_non_dentist_category|include_dental_provider,,,,,,eligibility_group:a7d77b97fc90c3df,manual_review,Medical group: Category alone does not establish whether dental care is provided,,,,,,external_evidence_required,category and title evidence do not support a safe batch suggestion,False
profile:LA_CA_L:google:cid:17695359038008349542,LA_CA_L,google:cid:17695359038008349542,Beverly Hills Augmentation & Tuck,"436 N Roxbury Dr Ste Penthouse South B, Beverly Hills, CA 90210",business_listings,Plastic surgeon,needs_category_review,unreviewed_or_conflicting_category_evidence,exclude_non_dentist_category|include_dental_provider,,,,,,eligibility_group:ad9d7cea6cadeae3,unknown,,Plastic surgeon,,,,,external_evidence_required,category and title evidence do not support a safe batch suggestion,False
profile:LA_CA_L:google:cid:7491525317975939457,LA_CA_L,google:cid:7491525317975939457,Jeffrey Ashraf Hammoudeh,"1510 San Pablo St, Los Angeles, CA 90033",business_listings,Plastic surgeon,needs_category_review,unreviewed_or_conflicting_category_evidence,exclude_non_dentist_category|include_dental_provider,,,,,,eligibility_group:ad9d7cea6cadeae3,unknown,,Plastic surgeon,,,,,external_evidence_required,category and title evidence do not support a safe batch suggestion,False
profile:LA_CA_L:google:cid:706109540966761708,LA_CA_L,google:cid:706109540966761708,"Mark M. Urata, MD","4650 Sunset Blvd, Los Angeles, CA 90027",business_listings,Plastic surgeon,needs_category_review,unreviewed_or_conflicting_category_evidence,exclude_non_dentist_category|include_dental_provider,,,,,,eligibility_group:ad9d7cea6cadeae3,unknown,,Plastic surgeon,,,,,external_evidence_required,category and title evidence do not support a safe batch suggestion,False
profile:LA_CA_L:google:cid:11990484528381377309,LA_CA_L,google:cid:11990484528381377309,"Pearlman D Hicks, Jr, MD","2360 Long Beach Blvd, Long Beach, CA 90806",business_listings,Plastic surgeon,needs_category_review,unreviewed_or_conflicting_category_evidence,exclude_non_dentist_category|include_dental_provider,,,,,,eligibility_group:ad9d7cea6cadeae3,unknown,,Plastic surgeon,,,,,external_evidence_required,category and title evidence do not support a safe batch suggestion,False
profile:LA_CA_L:google:cid:16710840398733596569,LA_CA_L,google:cid:16710840398733596569,Stepanyan Surgical Arts Center,"1500 E Chevy Chase Dr #430, Glendale, CA 91206",business_listings,Plastic surgeon,needs_category_review,unreviewed_or_conflicting_category_evidence,exclude_non_dentist_category|include_dental_provider,,,,,,eligibility_group:ad9d7cea6cadeae3,unknown,,Plastic surgeon,,,,,external_evidence_required,category and title evidence do not support a safe batch suggestion,False
profile:NYC_NY_L:google:cid:10257469848042679318,NYC_NY_L,google:cid:10257469848042679318,James Bradley,"110 E 59th St, New York, NY 10022",business_listings,Plastic surgeon,needs_category_review,unreviewed_or_conflicting_category_evidence,exclude_non_dentist_category|include_dental_provider,,,,,,eligibility_group:ad9d7cea6cadeae3,unknown,,Plastic surgeon,,,,,external_evidence_required,category and title evidence do not support a safe batch suggestion,False
profile:Atlanta_GA_L:google:cid:17876037465300181764,Atlanta_GA_L,google:cid:17876037465300181764,Southside Health Care Inc: Mills Anthony MD,"1046 Ridge Ave SW #4, Atlanta, GA 30315",business_listings,Medical Center,needs_category_review,unreviewed_or_conflicting_category_evidence,exclude_non_dentist_category|include_dental_provider,,,,,,eligibility_group:b070ffeb7e138d00,manual_review,Medical Center: Category alone does not establish whether dental care is provided,,,,,,external_evidence_required,category and title evidence do not support a safe batch suggestion,False
profile:Atlanta_GA_L:google:cid:6442774181064297868,Atlanta_GA_L,google:cid:6442774181064297868,"The Family Health Centers of Georgia, Inc.","868 York Ave SW, Atlanta, GA 30310",maps_core,Medical Center,needs_category_review,unreviewed_or_conflicting_category_evidence,exclude_non_dentist_category|include_dental_provider,,,,,,eligibility_group:b070ffeb7e138d00,manual_review,Medical Center: Category alone does not establish whether dental care is provided,,,,,,external_evidence_required,category and title evidence do not support a safe batch suggestion,False
profile:Augusta_GA_L:google:cid:14702604690810388273,Augusta_GA_L,google:cid:14702604690810388273,Shifa Care Clinic,"3416 Middleton Dr, Augusta, GA 30907",maps_core,Medical Center,needs_category_review,unreviewed_or_conflicting_category_evidence,exclude_non_dentist_category|include_dental_provider,,,,,,eligibility_group:b070ffeb7e138d00,manual_review,Medical Center: Category alone does not establish whether dental care is provided,,,,,,external_evidence_required,category and title evidence do not support a safe batch suggestion,False
profile:Buffalo_NY_L:google:cid:9656432255286679171,Buffalo_NY_L,google:cid:9656432255286679171,ECMC Health Campus,"462 Grider St, Buffalo, NY 14215",maps_core|maps_specialist,Medical Center,needs_category_review,unreviewed_or_conflicting_category_evidence,exclude_non_dentist_category|include_dental_provider,,,,,,eligibility_group:b070ffeb7e138d00,manual_review,Medical Center: Category alone does not establish whether dental care is provided,,,,,,external_evidence_required,category and title evidence do not support a safe batch suggestion,False
profile:Buffalo_NY_L:google:cid:7387759025015642405,Buffalo_NY_L,google:cid:7387759025015642405,Oishei Healthy Kids,"1100 Main St, Buffalo, NY 14209",maps_core|maps_specialist,Medical Center,needs_category_review,unreviewed_or_conflicting_category_evidence,exclude_non_dentist_category|include_dental_provider,,,,,,eligibility_group:b070ffeb7e138d00,manual_review,Medical Center: Category alone does not establish whether dental care is provided,,,,,,external_evidence_required,category and title evidence do not support a safe batch suggestion,False
profile:NYC_NY_L:google:cid:18324274402083215110,NYC_NY_L,google:cid:18324274402083215110,Apicha Community Health Center - Jackson Heights-Queens,"82-11 37th Ave, Jackson Heights, NY 11372",business_listings,Medical Center,needs_category_review,unreviewed_or_conflicting_category_evidence,exclude_non_dentist_category|include_dental_provider,,,,,,eligibility_group:b070ffeb7e138d00,manual_review,Medical Center: Category alone does not establish whether dental care is provided,,,,,,external_evidence_required,category and title evidence do not support a safe batch suggestion,False
profile:NYC_NY_L:google:cid:3395348879050996542,NYC_NY_L,google:cid:3395348879050996542,BMS Family Health and Wellness Centers@Ashford,"650 Ashford St, Brooklyn, NY 11207",business_listings,Medical Center,needs_category_review,unreviewed_or_conflicting_category_evidence,exclude_non_dentist_category|include_dental_provider,,,,,,eligibility_group:b070ffeb7e138d00,manual_review,Medical Center: Category alone does not establish whether dental care is provided,,,,,,external_evidence_required,category and title evidence do not support a safe batch suggestion,False
profile:NYC_NY_L:google:cid:6263446382272302887,NYC_NY_L,google:cid:6263446382272302887,Brooklyn Medcare,"445 Kings Hwy Fl 2, Brooklyn, NY 11223",business_listings,Medical Center,needs_category_review,unreviewed_or_conflicting_category_evidence,exclude_non_dentist_category|include_dental_provider,,,,,,eligibility_group:b070ffeb7e138d00,manual_review,Medical Center: Category alone does not establish whether dental care is provided,,,,,,external_evidence_required,category and title evidence do not support a safe batch suggestion,False
profile:NYC_NY_L:google:cid:11156333151333039142,NYC_NY_L,google:cid:11156333151333039142,"Century Medical & Dental Center | Brooklyn, Gravesend","260 Avenue X, Brooklyn, NY 11223",business_listings,Medical Center,needs_category_review,unreviewed_or_conflicting_category_evidence,exclude_non_dentist_category|include_dental_provider,,,,,,eligibility_group:b070ffeb7e138d00,manual_review,Medical Center: Category alone does not establish whether dental care is provided,,dental,medical,,,external_evidence_required,category and title evidence do not support a safe batch suggestion,False
profile:NYC_NY_L:google:cid:8026919671469686565,NYC_NY_L,google:cid:8026919671469686565,Century Medical & Dental Center | South Bronx,"425 Westchester Ave, Bronx, NY 10455",business_listings,Medical Center,needs_category_review,unreviewed_or_conflicting_category_evidence,exclude_non_dentist_category|include_dental_provider,,,,,,eligibility_group:b070ffeb7e138d00,manual_review,Medical Center: Category alone does not establish whether dental care is provided,,dental,medical,,,external_evidence_required,category and title evidence do not support a safe batch suggestion,False
profile:NYC_NY_L:google:cid:5427215135935540092,NYC_NY_L,google:cid:5427215135935540092,Charles B. Wang Community Health Center,"131-72 40th Rd 4th Floor, Flushing, NY 11354",business_listings,Medical Center,needs_category_review,unreviewed_or_conflicting_category_evidence,exclude_non_dentist_category|include_dental_provider,,,,,,eligibility_group:b070ffeb7e138d00,manual_review,Medical Center: Category alone does not establish whether dental care is provided,,,,,,external_evidence_required,category and title evidence do not support a safe batch suggestion,False
profile:NYC_NY_L:google:cid:5545151789808744503,NYC_NY_L,google:cid:5545151789808744503,Children's Aid: Bronx Health Center,"910 E 172nd St, Bronx, NY 10460",business_listings,Medical Center,needs_category_review,unreviewed_or_conflicting_category_evidence,exclude_non_dentist_category|include_dental_provider,,,,,,eligibility_group:b070ffeb7e138d00,manual_review,Medical Center: Category alone does not establish whether dental care is provided,,,,,,external_evidence_required,category and title evidence do not support a safe batch suggestion,False
profile:NYC_NY_L:google:cid:12688400926869408311,NYC_NY_L,google:cid:12688400926869408311,ColumbiaDoctors - Midtown,"51 W 51st St, New York, NY 10019",business_listings,Medical Center,needs_category_review,unreviewed_or_conflicting_category_evidence,exclude_non_dentist_category|include_dental_provider,,,,,,eligibility_group:b070ffeb7e138d00,manual_review,Medical Center: Category alone does not establish whether dental care is provided,,,,,,external_evidence_required,category and title evidence do not support a safe batch suggestion,False
profile:NYC_NY_L:google:cid:13390369086248022341,NYC_NY_L,google:cid:13390369086248022341,Morris Heights Health Center,"85 W Burnside Ave, Bronx, NY 10453",business_listings,Medical Center,needs_category_review,unreviewed_or_conflicting_category_evidence,exclude_non_dentist_category|include_dental_provider,,,,,,eligibility_group:b070ffeb7e138d00,manual_review,Medical Center: Category alone does not establish whether dental care is provided,,,,,,external_evidence_required,category and title evidence do not support a safe batch suggestion,False
profile:NYC_NY_L:google:cid:18267820865628352209,NYC_NY_L,google:cid:18267820865628352209,"The Joseph P. Addabbo Family Health Center, Inc.","62-00 Beach Channel Dr, Arverne, NY 11692",business_listings,Medical Center,needs_category_review,unreviewed_or_conflicting_category_evidence,exclude_non_dentist_category|include_dental_provider,,,,,,eligibility_group:b070ffeb7e138d00,manual_review,Medical Center: Category alone does not establish whether dental care is provided,,,,,,external_evidence_required,category and title evidence do not support a safe batch suggestion,False
profile:SanFrancisco_CA_L:google:cid:12517242987390427288,SanFrancisco_CA_L,google:cid:12517242987390427288,Los Portales Medical and Dental Center,"2480 Mission St, San Francisco, CA 94110",maps_core,Medical Center,needs_category_review,unreviewed_or_conflicting_category_evidence,exclude_non_dentist_category|include_dental_provider,,,,,,eligibility_group:b070ffeb7e138d00,manual_review,Medical Center: Category alone does not establish whether dental care is provided,,dental,medical,,,external_evidence_required,category and title evidence do not support a safe batch suggestion,False
profile:LA_CA_L:google:cid:14188941666966415095,LA_CA_L,google:cid:14188941666966415095,Appliance Therapy Group,"9129 Lurline Ave, Chatsworth, CA 91311",business_listings,Appliance store,needs_category_review,unreviewed_or_conflicting_category_evidence,exclude_non_dentist_category|include_dental_provider,,,,,,eligibility_group:b3f2ea68ed102628,unknown,,Appliance store,,,,,external_evidence_required,category and title evidence do not support a safe batch suggestion,False
profile:LA_CA_L:google:cid:8342031488362629794,LA_CA_L,google:cid:8342031488362629794,Millennium Health Group,"16661 Ventura Blvd #716, Encino, CA 91436",business_listings,Alternative medicine practitioner,needs_category_review,unreviewed_or_conflicting_category_evidence,exclude_non_dentist_category|include_dental_provider,,,,,,eligibility_group:b5ae80e5ad7cea6d,unknown,,Alternative medicine practitioner,,,,,external_evidence_required,category and title evidence do not support a safe batch suggestion,False
profile:LA_CA_L:google:cid:9661089799132322437,LA_CA_L,google:cid:9661089799132322437,Mundrugstore,"6333 W 3rd St, Los Angeles, CA 90036",business_listings,Alternative medicine practitioner,needs_category_review,unreviewed_or_conflicting_category_evidence,exclude_non_dentist_category|include_dental_provider,,,,,,eligibility_group:b5ae80e5ad7cea6d,unknown,,Alternative medicine practitioner,,,,,external_evidence_required,category and title evidence do not support a safe batch suggestion,False
profile:Atlanta_GA_L:google:cid:11970192833599671661,Atlanta_GA_L,google:cid:11970192833599671661,Fellowship For Christian,"2100 Riveredge Pkwy, Atlanta, GA 30328",business_listings,Religious organization,needs_category_review,unreviewed_or_conflicting_category_evidence,exclude_non_dentist_category|include_dental_provider,,,,,,eligibility_group:b5c4ce5395b98413,unknown,,Religious organization,,,,,external_evidence_required,category and title evidence do not support a safe batch suggestion,False
profile:NYC_NY_L:google:cid:12506336222272585870,NYC_NY_L,google:cid:12506336222272585870,Ron Rinaldi Photography,"225 W 28th St, New York, NY 10001",business_listings,Photographer,needs_category_review,unreviewed_or_conflicting_category_evidence,exclude_non_dentist_category|include_dental_provider,,,,,,eligibility_group:b686c7871ae764f8,unknown,,Photographer,,,,,external_evidence_required,category and title evidence do not support a safe batch suggestion,False
profile:LA_CA_L:google:cid:13376749074934566412,LA_CA_L,google:cid:13376749074934566412,Dent X Imaging Center,"1323 N San Fernando Blvd, Burbank, CA 91504",business_listings,X-ray lab,needs_category_review,unreviewed_or_conflicting_category_evidence,exclude_non_dentist_category|include_dental_provider,,,,,,eligibility_group:bcde824d5b399027,unknown,,X-ray lab,,,,,external_evidence_required,category and title evidence do not support a safe batch suggestion,False
profile:LA_CA_L:google:cid:11920906171447464232,LA_CA_L,google:cid:11920906171447464232,Granada Hills Radiology,"10515 Balboa Blvd #240, Granada Hills, CA 91344",business_listings,X-ray lab,needs_category_review,unreviewed_or_conflicting_category_evidence,exclude_non_dentist_category|include_dental_provider,,,,,,eligibility_group:bcde824d5b399027,unknown,,X-ray lab,,,,,external_evidence_required,category and title evidence do not support a safe batch suggestion,False
profile:LA_CA_L:google:cid:539673608057027857,LA_CA_L,google:cid:539673608057027857,Mobile 3D Advantage,"10315 Los Alamitos Blvd, Los Alamitos, CA 90720",business_listings,X-ray lab,needs_category_review,unreviewed_or_conflicting_category_evidence,exclude_non_dentist_category|include_dental_provider,,,,,,eligibility_group:bcde824d5b399027,unknown,,X-ray lab,,,,,external_evidence_required,category and title evidence do not support a safe batch suggestion,False
profile:SanFrancisco_CA_L:google:cid:4203807645744766748,SanFrancisco_CA_L,google:cid:4203807645744766748,"Richard Jordan, D.D.S.","1825 4th St, San Francisco, CA 94158",business_listings,Pathologist,needs_category_review,unreviewed_or_conflicting_category_evidence,exclude_non_dentist_category|include_dental_provider,,,,,,eligibility_group:bfea3f9b8ddbece7,unknown,,Pathologist,,,,,external_evidence_required,category and title evidence do not support a safe batch suggestion,False
profile:NYC_NY_L:google:cid:9953255016073954045,NYC_NY_L,google:cid:9953255016073954045,Dr. Frank Lo,"80 Broad St, New York, NY 10004",business_listings,Physical therapist,needs_category_review,unreviewed_or_conflicting_category_evidence,exclude_non_dentist_category|include_dental_provider,,,,,,eligibility_group:c40b38a9a09eff2c,unknown,,Physical therapist,,,,,external_evidence_required,category and title evidence do not support a safe batch suggestion,False
profile:Atlanta_GA_L:google:cid:8914701910281558014,Atlanta_GA_L,google:cid:8914701910281558014,Georgia Department of Community Health,"2 M.L.K. Jr Dr SE, Atlanta, GA 30334",maps_core,Public health department,needs_category_review,unreviewed_or_conflicting_category_evidence,exclude_non_dentist_category|include_dental_provider,,,,,,eligibility_group:cc959e46f76b4a21,unknown,,Public health department,,,,,external_evidence_required,category and title evidence do not support a safe batch suggestion,False
profile:Augusta_GA_L:google:cid:14457415903984627262,Augusta_GA_L,google:cid:14457415903984627262,Richmond County Health Department,"950 Laney Walker Blvd, Augusta, GA 30901",maps_core,Public health department,needs_category_review,unreviewed_or_conflicting_category_evidence,exclude_non_dentist_category|include_dental_provider,,,,,,eligibility_group:cc959e46f76b4a21,unknown,,Public health department,,,,,external_evidence_required,category and title evidence do not support a safe batch suggestion,False
profile:Eureka_CA_S:google:cid:13043699129127900103,Eureka_CA_S,google:cid:13043699129127900103,United Indian Health Services - Downtown Eureka,"434 7th St, Eureka, CA 95501",maps_core,Public health department,needs_category_review,unreviewed_or_conflicting_category_evidence,exclude_non_dentist_category|include_dental_provider,,,,,,eligibility_group:cc959e46f76b4a21,unknown,,Public health department,,,,,external_evidence_required,category and title evidence do not support a safe batch suggestion,False
profile:NYC_NY_L:google:cid:689736336193155396,NYC_NY_L,google:cid:689736336193155396,Smile Time NY & Meikkos Juice Bar,"89-02 165th Street (Jamaica Colosseum Mall NW 22, Jamaica, NY 11432",business_listings,Day spa,needs_category_review,unreviewed_or_conflicting_category_evidence,exclude_non_dentist_category|include_dental_provider,,,,,,eligibility_group:d074f22de8ddee98,unknown,,Day spa,,,,,external_evidence_required,category and title evidence do not support a safe batch suggestion,False
profile:LA_CA_L:google:cid:7827430601838141701,LA_CA_L,google:cid:7827430601838141701,Studer Performance Art,"4135 Laurel Canyon Blvd, Studio City, CA 91604",business_listings,Music instruction,needs_category_review,unreviewed_or_conflicting_category_evidence,exclude_non_dentist_category|include_dental_provider,,,,,,eligibility_group:d4d460f80a65be63,unknown,,Music instruction,,,,,external_evidence_required,category and title evidence do not support a safe batch suggestion,False
profile:Atlanta_GA_L:google:cid:2869506919639306180,Atlanta_GA_L,google:cid:2869506919639306180,Sleep Better Georgia,"1719 Mt Vernon Rd, Dunwoody, GA 30338",business_listings,Sleep clinic,needs_category_review,unreviewed_or_conflicting_category_evidence,exclude_non_dentist_category|include_dental_provider,,,,,,eligibility_group:d73fe04c4858867b,unknown,,Sleep clinic,,,,,external_evidence_required,category and title evidence do not support a safe batch suggestion,False
profile:LA_CA_L:google:cid:16643914325503616698,LA_CA_L,google:cid:16643914325503616698,Encino Center for Sleep and TMJ Disorders,"16500 Ventura Blvd #370, Encino, CA 91436",business_listings,Sleep clinic,needs_category_review,unreviewed_or_conflicting_category_evidence,exclude_non_dentist_category|include_dental_provider,,,,,,eligibility_group:d73fe04c4858867b,unknown,,Sleep clinic,,,,,external_evidence_required,category and title evidence do not support a safe batch suggestion,False
profile:LA_CA_L:google:cid:15466958758423106428,LA_CA_L,google:cid:15466958758423106428,Sleep Apnea Sherman Oaks,"4521 Sherman Oaks Ave Ste 201, Sherman Oaks, CA 91403",business_listings,Sleep clinic,needs_category_review,unreviewed_or_conflicting_category_evidence,exclude_non_dentist_category|include_dental_provider,,,,,,eligibility_group:d73fe04c4858867b,unknown,,Sleep clinic,,,,,external_evidence_required,category and title evidence do not support a safe batch suggestion,False
profile:NYC_NY_L:google:cid:15322627160932991390,NYC_NY_L,google:cid:15322627160932991390,AV Sleep Company,"635 Madison Ave Fl 19, New York, NY 10022",business_listings,Sleep clinic,needs_category_review,unreviewed_or_conflicting_category_evidence,exclude_non_dentist_category|include_dental_provider,,,,,,eligibility_group:d73fe04c4858867b,unknown,,Sleep clinic,,,,,external_evidence_required,category and title evidence do not support a safe batch suggestion,False
profile:NYC_NY_L:google:cid:5141540515377181725,NYC_NY_L,google:cid:5141540515377181725,Lower Manhattan Sleep Apnea Treatment,"Chetham Green, 215 Park Row #1, New York, NY 10038",business_listings,Sleep clinic,needs_category_review,unreviewed_or_conflicting_category_evidence,exclude_non_dentist_category|include_dental_provider,,,,,,eligibility_group:d73fe04c4858867b,unknown,,Sleep clinic,,,,,external_evidence_required,category and title evidence do not support a safe batch suggestion,False
profile:NYC_NY_L:google:cid:14013165419560239248,NYC_NY_L,google:cid:14013165419560239248,New York Sleep Solutions,"265 Madison Ave 3rd floor, New York, NY 10016",business_listings,Sleep clinic,needs_category_review,unreviewed_or_conflicting_category_evidence,exclude_non_dentist_category|include_dental_provider,,,,,,eligibility_group:d73fe04c4858867b,unknown,,Sleep clinic,,,,,external_evidence_required,category and title evidence do not support a safe batch suggestion,False
profile:NYC_NY_L:google:cid:10128345118129549676,NYC_NY_L,google:cid:10128345118129549676,Restful Sleep Solution,"1725 Sheepshead Bay Rd, Brooklyn, NY 11235",business_listings,Sleep clinic,needs_category_review,unreviewed_or_conflicting_category_evidence,exclude_non_dentist_category|include_dental_provider,,,,,,eligibility_group:d73fe04c4858867b,unknown,,Sleep clinic,,,,,external_evidence_required,category and title evidence do not support a safe batch suggestion,False
profile:NYC_NY_L:google:cid:18166011723617241542,NYC_NY_L,google:cid:18166011723617241542,SleepWell Orthotics,"693 5th Ave Ste 1400, New York, NY 10022",business_listings,Sleep clinic,needs_category_review,unreviewed_or_conflicting_category_evidence,exclude_non_dentist_category|include_dental_provider,,,,,,eligibility_group:d73fe04c4858867b,unknown,,Sleep clinic,,,,,external_evidence_required,category and title evidence do not support a safe batch suggestion,False
profile:LA_CA_L:google:cid:8910150710373783377,LA_CA_L,google:cid:8910150710373783377,"Dr. Wei Ching Lee, MD - Arc Motion Rehab Clinic","55 E Huntington Dr #219, Arcadia, CA 91006",business_listings,Pain management physician,needs_category_review,unreviewed_or_conflicting_category_evidence,exclude_non_dentist_category|include_dental_provider,,,,,,eligibility_group:da5f0c039fc4a778,unknown,,Pain management physician,,,,,external_evidence_required,category and title evidence do not support a safe batch suggestion,False
profile:NYC_NY_L:google:cid:14729043579708094485,NYC_NY_L,google:cid:14729043579708094485,Dr. Donald Tanenbaum,"630 5th Ave Ste. 1857, New York, NY 10111",business_listings,Pain management physician,needs_category_review,unreviewed_or_conflicting_category_evidence,exclude_non_dentist_category|include_dental_provider,,,,,,eligibility_group:da5f0c039fc4a778,unknown,,Pain management physician,,,,,external_evidence_required,category and title evidence do not support a safe batch suggestion,False
profile:NYC_NY_L:google:cid:12702828959288087172,NYC_NY_L,google:cid:12702828959288087172,"New York TMJ & Orofacial Pain (NY, NY 5th Ave)","630 5th Ave Ste. 1857, New York, NY 10111",business_listings,Pain management physician,needs_category_review,unreviewed_or_conflicting_category_evidence,exclude_non_dentist_category|include_dental_provider,,,,,,eligibility_group:da5f0c039fc4a778,unknown,,Pain management physician,,,,,external_evidence_required,category and title evidence do not support a safe batch suggestion,False
profile:Buffalo_NY_L:google:cid:17955257316026171728,Buffalo_NY_L,google:cid:17955257316026171728,"Buffalo Family Chiropractic Wellness, P.C.","369 Delaware Ave, Buffalo, NY 14202",maps_core,Chiropractor,needs_category_review,unreviewed_or_conflicting_category_evidence,exclude_non_dentist_category|include_dental_provider,,,,,,eligibility_group:dedfc745d89f2414,unknown,,Chiropractor,,,,,external_evidence_required,category and title evidence do not support a safe batch suggestion,False
profile:LA_CA_L:google:cid:3746368657671100983,LA_CA_L,google:cid:3746368657671100983,AmeriplanUsa,"760 W Lomita Blvd, Harbor City, CA 90710",business_listings,Chiropractor,needs_category_review,unreviewed_or_conflicting_category_evidence,exclude_non_dentist_category|include_dental_provider,,,,,,eligibility_group:dedfc745d89f2414,unknown,,Chiropractor,,,,,external_evidence_required,category and title evidence do not support a safe batch suggestion,False
profile:SanFrancisco_CA_L:google:cid:3964837681164051013,SanFrancisco_CA_L,google:cid:3964837681164051013,"University of Pacific (UOP), San Francisco","155 5th St #2919, San Francisco, CA 94103",business_listings,Graduate school,needs_category_review,unreviewed_or_conflicting_category_evidence,exclude_non_dentist_category|include_dental_provider,,,,,,eligibility_group:e231d05b9a97123e,unknown,,Graduate school,,,,,external_evidence_required,category and title evidence do not support a safe batch suggestion,False
profile:LA_CA_L:google:cid:339669297753351258,LA_CA_L,google:cid:339669297753351258,Neobiotech USA,"2700 E Foothill Blvd Unit 121, Pasadena, CA 91107",business_listings,Medical equipment supplier,needs_category_review,unreviewed_or_conflicting_category_evidence,exclude_non_dentist_category|include_dental_provider,,,,,,eligibility_group:e254853096c923f9,unknown,,Medical equipment supplier,,,,,external_evidence_required,category and title evidence do not support a safe batch suggestion,False
profile:Buffalo_NY_L:google:cid:13263697866949406865,Buffalo_NY_L,google:cid:13263697866949406865,Richards and Jurusik Immigration Lawyers,"5 Niagara Square, Buffalo, NY 14202",maps_core,Immigration attorney,needs_category_review,unreviewed_or_conflicting_category_evidence,exclude_non_dentist_category|include_dental_provider,,,,,,eligibility_group:ea5d31a9418eb3d1,unknown,,Immigration attorney,,,,,external_evidence_required,category and title evidence do not support a safe batch suggestion,False
profile:NYC_NY_L:google:cid:7171405538689679713,NYC_NY_L,google:cid:7171405538689679713,Coffee and Consulting LLC,"1633 E 15th St, Brooklyn, NY 11229",business_listings,Bookkeeping service,needs_category_review,unreviewed_or_conflicting_category_evidence,exclude_non_dentist_category|include_dental_provider,,,,,,eligibility_group:ed06ca914eca5a5b,unknown,,Bookkeeping service,,,,,external_evidence_required,category and title evidence do not support a safe batch suggestion,False
profile:NYC_NY_L:google:cid:9802149004801648262,NYC_NY_L,google:cid:9802149004801648262,Richter & Co Inc,"450 Park Ave, New York, NY 10022",business_listings,Bank,needs_category_review,unreviewed_or_conflicting_category_evidence,exclude_non_dentist_category|include_dental_provider,,,,,,eligibility_group:f471df0293731a06,unknown,,Bank,,,,,external_evidence_required,category and title evidence do not support a safe batch suggestion,False
profile:Buffalo_NY_L:google:cid:13718650259631278177,Buffalo_NY_L,google:cid:13718650259631278177,Aesthetic Associates Centre,"2500 Kensington Ave, Amherst, NY 14226",business_listings,Plastic surgery clinic,needs_category_review,unreviewed_or_conflicting_category_evidence,exclude_non_dentist_category|include_dental_provider,,,,,,eligibility_group:f4c429ee0eaa6a16,unknown,,Plastic surgery clinic,,,,,external_evidence_required,category and title evidence do not support a safe batch suggestion,False
profile:LA_CA_L:google:cid:12486001094639181232,LA_CA_L,google:cid:12486001094639181232,Jaw Surgery Los Angeles,"2811 Wilshire Blvd Suite 940B, Santa Monica, CA 90403",business_listings,Plastic surgery clinic,needs_category_review,unreviewed_or_conflicting_category_evidence,exclude_non_dentist_category|include_dental_provider,,,,,,eligibility_group:f4c429ee0eaa6a16,unknown,,Plastic surgery clinic,,,,,external_evidence_required,category and title evidence do not support a safe batch suggestion,False
profile:LA_CA_L:google:cid:2649598478930240656,LA_CA_L,google:cid:2649598478930240656,Dr. Ruben Baghdassarian,"2888 Long Beach Blvd #265, Long Beach, CA 90806",business_listings,Urologist,needs_category_review,unreviewed_or_conflicting_category_evidence,exclude_non_dentist_category|include_dental_provider,,,,,,eligibility_group:f78d395ec472858a,unknown,,Urologist,,,,,external_evidence_required,category and title evidence do not support a safe batch suggestion,False
profile:LA_CA_L:google:cid:6179340572617374652,LA_CA_L,google:cid:6179340572617374652,The Wallis Annenberg Children & Family Health Center at Hollywood Wilshire Health Center,"5205 Melrose Ave, Los Angeles, CA 90038",business_listings,Mental health clinic,needs_category_review,unreviewed_or_conflicting_category_evidence,exclude_non_dentist_category|include_dental_provider,,,,,,eligibility_group:fc496f50a73ebcfd,unknown,,Mental health clinic,,,,,external_evidence_required,category and title evidence do not support a safe batch suggestion,False
profile:Atlanta_GA_L:google:cid:2389707156626682339,Atlanta_GA_L,google:cid:2389707156626682339,Lee Denture Lab,"171 Cleveland Ave SW, Atlanta, GA 30315",business_listings,Denture care center,needs_category_review,unreviewed_or_conflicting_category_evidence,exclude_non_dentist_category|include_dental_provider,,,,,,eligibility_group:fe4a0b2a99a6e2f0,unknown,,Denture care center,,,,,external_evidence_required,category and title evidence do not support a safe batch suggestion,False
profile:LA_CA_L:google:cid:2810400098018904937,LA_CA_L,google:cid:2810400098018904937,Best Choice Denture Implants and Repair,"8833 Reseda Blvd, Northridge, CA 91324",business_listings,Denture care center,needs_category_review,unreviewed_or_conflicting_category_evidence,exclude_non_dentist_category|include_dental_provider,,,,,,eligibility_group:fe4a0b2a99a6e2f0,unknown,,Denture care center,,,,,external_evidence_required,category and title evidence do not support a safe batch suggestion,False
profile:LA_CA_L:google:cid:8725559073317735762,LA_CA_L,google:cid:8725559073317735762,Denture Care Services,"4686 Woodside Dr Apt 201, Los Angeles, CA 90065",business_listings,Denture care center,needs_category_review,unreviewed_or_conflicting_category_evidence,exclude_non_dentist_category|include_dental_provider,,,,,,eligibility_group:fe4a0b2a99a6e2f0,unknown,,Denture care center,,,,,external_evidence_required,category and title evidence do not support a safe batch suggestion,False
profile:LA_CA_L:google:cid:10636425930933224952,LA_CA_L,google:cid:10636425930933224952,Denture Repair and Implants,"3506 Whittier Blvd, Los Angeles, CA 90023",business_listings,Denture care center,needs_category_review,unreviewed_or_conflicting_category_evidence,exclude_non_dentist_category|include_dental_provider,,,,,,eligibility_group:fe4a0b2a99a6e2f0,unknown,,Denture care center,,,,,external_evidence_required,category and title evidence do not support a safe batch suggestion,False
profile:LA_CA_L:google:cid:8019442712982059650,LA_CA_L,google:cid:8019442712982059650,Primary Denture Repair and Implants,"15234 Crenshaw Blvd, Gardena, CA 90249",business_listings,Denture care center,needs_category_review,unreviewed_or_conflicting_category_evidence,exclude_non_dentist_category|include_dental_provider,,,,,,eligibility_group:fe4a0b2a99a6e2f0,unknown,,Denture care center,,,,,external_evidence_required,category and title evidence do not support a safe batch suggestion,False
profile:NYC_NY_L:google:cid:10654524086348142840,NYC_NY_L,google:cid:10654524086348142840,Long Island Denture Center,"142 Union Ave, Lynbrook, NY 11563",business_listings,Denture care center,needs_category_review,unreviewed_or_conflicting_category_evidence,exclude_non_dentist_category|include_dental_provider,,,,,,eligibility_group:fe4a0b2a99a6e2f0,unknown,,Denture care center,,,,,external_evidence_required,category and title evidence do not support a safe batch suggestion,False
profile:Atlanta_GA_L:google:cid:664114471230519840,Atlanta_GA_L,google:cid:664114471230519840,Dr. Benjamin Blackburn,"75 Piedmont Ave NE Ste 400, Atlanta, GA 30303",business_listings|maps_specialist,Pediatrician|Periodontist,automatic_include|needs_category_review,unreviewed_or_conflicting_category_evidence,exclude_non_dentist_category|include_dental_provider,,,,,,eligibility_group:1e0e8f0cf4d1053e,exclude|include,Pediatrician: Non-dental medical specialty || Periodontist: Dentist specialty included by the study taxonomy,,,,,include_dental_provider,focused_category_conflict,at least one observed category has a frozen include rule,False
profile:NYC_NY_L:google:cid:15450182623930209060,NYC_NY_L,google:cid:15450182623930209060,"Darryl Wu, DDS/","41 Elizabeth St #303, New York, NY 10013",business_listings|maps_core|maps_specialist,Medical clinic|Pediatric dentist,automatic_include|needs_category_review,unreviewed_or_conflicting_category_evidence,exclude_non_dentist_category|include_dental_provider,,,,,,eligibility_group:314f9fea485411aa,include|manual_review,Medical clinic: Category alone does not establish whether dental care is provided || Pediatric dentist: Dentist specialty included by the study taxonomy,,dds,,,include_dental_provider,focused_category_conflict,at least one observed category has a frozen include rule,False
profile:Augusta_GA_L:google:cid:371877985928288149,Augusta_GA_L,google:cid:371877985928288149,Christ Community Health Olde Town,"127 Telfair St, Augusta, GA 30901",business_listings|maps_core|maps_specialist,Dental clinic|Dentist|Medical clinic,automatic_include|needs_category_review,unreviewed_or_conflicting_category_evidence,exclude_non_dentist_category|include_dental_provider,,,,,,eligibility_group:4a328709832d8373,include|manual_review,Dental clinic: Google category identifies a dental clinic || Dentist: Google category identifies a dentist || Medical clinic: Category alone does not establish whether dental care is provided,,,,,include_dental_provider,focused_category_conflict,at least one observed category has a frozen include rule,False
profile:Buffalo_NY_L:google:cid:11295921837023317046,Buffalo_NY_L,google:cid:11295921837023317046,Suburban Oral & Maxillofacial Surgery Associates PC,"6490 Main St #3, Williamsville, NY 14221",business_listings|maps_specialist,Medical clinic|Oral surgeon,automatic_include|needs_category_review,unreviewed_or_conflicting_category_evidence,exclude_non_dentist_category|include_dental_provider,,,,,,eligibility_group:5a2e5dc34c3d59e6,include|manual_review,Medical clinic: Category alone does not establish whether dental care is provided || Oral surgeon: Dentist specialty included by the study taxonomy,,maxillofacial,,,include_dental_provider,focused_category_conflict,at least one observed category has a frozen include rule,False
profile:Atlanta_GA_L:google:cid:3689234672713981475,Atlanta_GA_L,google:cid:3689234672713981475,Emory Clinic General/vsclr Surgery,"1365 Clifton Rd NE Bldg C, Atlanta, GA 30322",business_listings|maps_specialist,Oral surgeon|Surgical center,automatic_include|needs_category_review,unreviewed_or_conflicting_category_evidence,exclude_non_dentist_category|include_dental_provider,,,,,,eligibility_group:5d66d5a72d6afc63,include|manual_review,Oral surgeon: Dentist specialty included by the study taxonomy || Surgical center: Category alone does not establish whether oral surgery is provided,,,,,include_dental_provider,focused_category_conflict,at least one observed category has a frozen include rule,False
profile:LA_CA_L:google:cid:18146438528046903489,LA_CA_L,google:cid:18146438528046903489,Flintridge Office Oral Surgery & Implant Center,"1370 Foothill Blvd #200, La Cañada Flintridge, CA 91011",business_listings|maps_specialist,Oral surgeon|Surgical center,automatic_include|needs_category_review,unreviewed_or_conflicting_category_evidence,exclude_non_dentist_category|include_dental_provider,,,,,,eligibility_group:5d66d5a72d6afc63,include|manual_review,Oral surgeon: Dentist specialty included by the study taxonomy || Surgical center: Category alone does not establish whether oral surgery is provided,,oral_surgery,,,include_dental_provider,focused_category_conflict,at least one observed category has a frozen include rule,False
profile:LA_CA_L:google:cid:6081313276054929227,LA_CA_L,google:cid:6081313276054929227,South Coast Surgery Center,"2621 Zoe Ave Ste B, Huntington Park, CA 90255",business_listings|maps_specialist,Oral surgeon|Surgical center,automatic_include|needs_category_review,unreviewed_or_conflicting_category_evidence,exclude_non_dentist_category|include_dental_provider,,,,,,eligibility_group:5d66d5a72d6afc63,include|manual_review,Oral surgeon: Dentist specialty included by the study taxonomy || Surgical center: Category alone does not establish whether oral surgery is provided,,,,,include_dental_provider,focused_category_conflict,at least one observed category has a frozen include rule,False
profile:Modesto_CA_M:google:cid:1196518838397738143,Modesto_CA_M,google:cid:1196518838397738143,Walls Dental Implant and Oral Surgical Arts,"1316 Coffee Rd Bldg E, Modesto, CA 95355",business_listings|maps_core|maps_specialist,Oral surgeon|Surgical center,automatic_include|needs_category_review,unreviewed_or_conflicting_category_evidence,exclude_non_dentist_category|include_dental_provider,,,,,,eligibility_group:5d66d5a72d6afc63,include|manual_review,Oral surgeon: Dentist specialty included by the study taxonomy || Surgical center: Category alone does not establish whether oral surgery is provided,,dental|oral_surgery,,,include_dental_provider,focused_category_conflict,at least one observed category has a frozen include rule,False
profile:NYC_NY_L:google:cid:13439767516404994175,NYC_NY_L,google:cid:13439767516404994175,Grand Central Oral & Maxillofacial Surgery,"Corner of, 353 Lexington Ave, E 40th St #700, New York, NY 10016",business_listings|maps_specialist,Oral surgeon|Surgical center,automatic_include|needs_category_review,unreviewed_or_conflicting_category_evidence,exclude_non_dentist_category|include_dental_provider,,,,,,eligibility_group:5d66d5a72d6afc63,include|manual_review,Oral surgeon: Dentist specialty included by the study taxonomy || Surgical center: Category alone does not establish whether oral surgery is provided,,maxillofacial,,,include_dental_provider,focused_category_conflict,at least one observed category has a frozen include rule,False
profile:Buffalo_NY_L:google:cid:14218551985995785227,Buffalo_NY_L,google:cid:14218551985995785227,Humiston Bridget,"3615 Seneca St # N, West Seneca, NY 14224",business_listings|maps_specialist,Dental hygienist|Pediatric dentist,automatic_include|needs_category_review,unreviewed_or_conflicting_category_evidence,exclude_non_dentist_category|include_dental_provider,,,,,,eligibility_group:705b6e7d13b84d1a,exclude|include,Dental hygienist: Provider taxonomy excludes dental hygienists by default || Pediatric dentist: Dentist specialty included by the study taxonomy,,,,,include_dental_provider,focused_category_conflict,at least one observed category has a frozen include rule,False
profile:Augusta_GA_L:google:cid:9390339446321822061,Augusta_GA_L,google:cid:9390339446321822061,Medical Associates Plus,"2467 Golden Camp Rd, Augusta, GA 30906",business_listings|maps_core|maps_specialist,Dental clinic|Medical office,automatic_include|needs_category_review,unreviewed_or_conflicting_category_evidence,exclude_non_dentist_category|include_dental_provider,,,,,,eligibility_group:77f1b310e0ec8dc9,include|unknown,Dental clinic: Google category identifies a dental clinic,Medical office,,medical,,include_dental_provider,focused_category_conflict,at least one observed category has a frozen include rule,False
profile:NYC_NY_L:google:cid:11995089308409799053,NYC_NY_L,google:cid:11995089308409799053,Charles B. Wang Community Health Center,"125 Walker St 2nd fl, New York, NY 10013",business_listings|maps_core,Dental clinic|Medical Center,automatic_include|needs_category_review,unreviewed_or_conflicting_category_evidence,exclude_non_dentist_category|include_dental_provider,,,,,,eligibility_group:799490d30f423ab7,include|manual_review,Dental clinic: Google category identifies a dental clinic || Medical Center: Category alone does not establish whether dental care is provided,,,,,include_dental_provider,focused_category_conflict,at least one observed category has a frozen include rule,False
profile:LA_CA_L:google:cid:9897196552596211841,LA_CA_L,google:cid:9897196552596211841,"Dental Office App, powered by Dentulu","2002 S Hoover St, Los Angeles, CA 90007",business_listings|maps_core,Design engineer|Emergency dental service,automatic_include|needs_category_review,unreviewed_or_conflicting_category_evidence,exclude_non_dentist_category|include_dental_provider,,,,,,eligibility_group:837b8a0e4ad496b6,include|unknown,Emergency dental service: Dental provider category,Design engineer,dental,,design_engineer,include_dental_provider,focused_category_conflict,at least one observed category has a frozen include rule,False
profile:Buffalo_NY_L:google:cid:1234717031910883396,Buffalo_NY_L,google:cid:1234717031910883396,UB School of Dental Medicine / UB Dental,"State University at Buffalo South Campus, 3435 Main St, Buffalo, NY 14215",business_listings|maps_core|maps_specialist,Dental clinic|Dental school,automatic_include|needs_category_review,unreviewed_or_conflicting_category_evidence,exclude_non_dentist_category|include_dental_provider,,,,,,eligibility_group:94aed6377fd0b11e,include|unknown,Dental clinic: Google category identifies a dental clinic,Dental school,dental,school_or_training,education,include_dental_provider,focused_category_conflict,at least one observed category has a frozen include rule,False
profile:Atlanta_GA_L:google:cid:2318105929422082567,Atlanta_GA_L,google:cid:2318105929422082567,Mercy Care,"424 Decatur St. SE, Atlanta, GA 30312",business_listings|maps_core,Dentist|Medical clinic,automatic_include|needs_category_review,unreviewed_or_conflicting_category_evidence,exclude_non_dentist_category|include_dental_provider,,,,,,eligibility_group:9acced880530cd1b,include|manual_review,Dentist: Google category identifies a dentist || Medical clinic: Category alone does not establish whether dental care is provided,,,,,include_dental_provider,focused_category_conflict,at least one observed category has a frozen include rule,False
profile:NYC_NY_L:google:cid:18233353287968621355,NYC_NY_L,google:cid:18233353287968621355,DR. MICHAEL ZEMELMAN,"250 S End Ave, New York, NY 10280",business_listings|maps_core|maps_specialist,Dentist|Medical clinic,automatic_include|needs_category_review,unreviewed_or_conflicting_category_evidence,exclude_non_dentist_category|include_dental_provider,,,,,,eligibility_group:9acced880530cd1b,include|manual_review,Dentist: Google category identifies a dentist || Medical clinic: Category alone does not establish whether dental care is provided,,,,,include_dental_provider,focused_category_conflict,at least one observed category has a frozen include rule,False
profile:NYC_NY_L:google:cid:14098049555746310178,NYC_NY_L,google:cid:14098049555746310178,Dr. Nai Yan Lam,"198 Canal St Ste 402, New York, NY 10013",business_listings|maps_core,Dentist|Medical clinic,automatic_include|needs_category_review,unreviewed_or_conflicting_category_evidence,exclude_non_dentist_category|include_dental_provider,,,,,,eligibility_group:9acced880530cd1b,include|manual_review,Dentist: Google category identifies a dentist || Medical clinic: Category alone does not establish whether dental care is provided,,,,,include_dental_provider,focused_category_conflict,at least one observed category has a frozen include rule,False
profile:NYC_NY_L:google:cid:17274019314189391120,NYC_NY_L,google:cid:17274019314189391120,East Broadway Dental Center,"17 E Broadway Ste 701, New York, NY 10002",business_listings|maps_core,Dentist|Medical clinic,automatic_include|needs_category_review,unreviewed_or_conflicting_category_evidence,exclude_non_dentist_category|include_dental_provider,,,,,,eligibility_group:9acced880530cd1b,include|manual_review,Dentist: Google category identifies a dentist || Medical clinic: Category alone does not establish whether dental care is provided,,dental,,,include_dental_provider,focused_category_conflict,at least one observed category has a frozen include rule,False
profile:NYC_NY_L:google:cid:3188463322536960616,NYC_NY_L,google:cid:3188463322536960616,Mandalay Dental Care PC.,"98 E Broadway #501, New York, NY 10002",business_listings|maps_core,Dentist|Medical clinic,automatic_include|needs_category_review,unreviewed_or_conflicting_category_evidence,exclude_non_dentist_category|include_dental_provider,,,,,,eligibility_group:9acced880530cd1b,include|manual_review,Dentist: Google category identifies a dentist || Medical clinic: Category alone does not establish whether dental care is provided,,dental,,,include_dental_provider,focused_category_conflict,at least one observed category has a frozen include rule,False
profile:SanFrancisco_CA_L:google:cid:5762704364537589299,SanFrancisco_CA_L,google:cid:5762704364537589299,Mary Anne Baysac,"4200 California St #210, San Francisco, CA 941181379",business_listings|maps_specialist,Dentist|Medical clinic,automatic_include|needs_category_review,unreviewed_or_conflicting_category_evidence,exclude_non_dentist_category|include_dental_provider,,,,,,eligibility_group:9acced880530cd1b,include|manual_review,Dentist: Google category identifies a dentist || Medical clinic: Category alone does not establish whether dental care is provided,,,,,include_dental_provider,focused_category_conflict,at least one observed category has a frozen include rule,False
profile:Vidalia_GA_S:google:cid:5432786541802348760,Vidalia_GA_S,google:cid:5432786541802348760,East Georgia Healthcare Center,"118 Alice Coleman Dr, Vidalia, GA 30474",business_listings|maps_core,Dentist|Medical clinic,automatic_include|needs_category_review,unreviewed_or_conflicting_category_evidence,exclude_non_dentist_category|include_dental_provider,,,,,,eligibility_group:9acced880530cd1b,include|manual_review,Dentist: Google category identifies a dentist || Medical clinic: Category alone does not establish whether dental care is provided,,,,,include_dental_provider,focused_category_conflict,at least one observed category has a frozen include rule,False
profile:Buffalo_NY_L:google:cid:15388569378089531316,Buffalo_NY_L,google:cid:15388569378089531316,Neighborhood Health Center,"155 Lawn Ave, Buffalo, NY 14207",business_listings|maps_core|maps_specialist,Community health center|Dentist,automatic_include|needs_category_review,unreviewed_or_conflicting_category_evidence,exclude_non_dentist_category|include_dental_provider,,,,,,eligibility_group:9e1937b2dda9c1f4,include|manual_review,Community health center: Category alone does not establish whether dental care is provided || Dentist: Google category identifies a dentist,,,,,include_dental_provider,focused_category_conflict,at least one observed category has a frozen include rule,False
profile:Buffalo_NY_L:google:cid:8053481685675095661,Buffalo_NY_L,google:cid:8053481685675095661,Neighborhood Health Center,"Neighborhood Health Center - Mattina, 300 Niagara St, Buffalo, NY 14201",business_listings|maps_core|maps_specialist,Community health center|Dentist,automatic_include|needs_category_review,unreviewed_or_conflicting_category_evidence,exclude_non_dentist_category|include_dental_provider,,,,,,eligibility_group:9e1937b2dda9c1f4,include|manual_review,Community health center: Category alone does not establish whether dental care is provided || Dentist: Google category identifies a dentist,,,,,include_dental_provider,focused_category_conflict,at least one observed category has a frozen include rule,False
profile:LA_CA_L:google:cid:17122915448874936130,LA_CA_L,google:cid:17122915448874936130,Los Angeles Christian Health Centers - Joshua House Clinic,"325 E 7th St, Los Angeles, CA 90014",business_listings|maps_core,Dental clinic|Free clinic,automatic_include|needs_category_review,unreviewed_or_conflicting_category_evidence,exclude_non_dentist_category|include_dental_provider,,,,,,eligibility_group:a48e809bd27ae1fc,include|manual_review,Dental clinic: Google category identifies a dental clinic || Free clinic: Category alone does not establish whether dental care is provided,,,,,include_dental_provider,focused_category_conflict,at least one observed category has a frozen include rule,False
profile:Modesto_CA_M:google:cid:3193422547009580336,Modesto_CA_M,google:cid:3193422547009580336,Grace Dental of Modesto,"3125 Coffee Rd #7, Modesto, CA 95355",business_listings|maps_core|maps_specialist,Dental clinic|Doctor,automatic_include|needs_category_review,unreviewed_or_conflicting_category_evidence,exclude_non_dentist_category|include_dental_provider,,,,,,eligibility_group:b0858f026bb86e7a,include|manual_review,Dental clinic: Google category identifies a dental clinic || Doctor: Category alone does not establish a dentist clinic,,dental,,,include_dental_provider,focused_category_conflict,at least one observed category has a frozen include rule,False
profile:Atlanta_GA_L:google:cid:12773958067227470323,Atlanta_GA_L,google:cid:12773958067227470323,Good Samaritan Health Center,"1015 Donald Lee Hollowell Pkwy NW, Atlanta, GA 30318",business_listings|maps_core,Dental clinic|Medical clinic,automatic_include|needs_category_review,unreviewed_or_conflicting_category_evidence,exclude_non_dentist_category|include_dental_provider,,,,,,eligibility_group:b5100c3d9e0ccdcb,include|manual_review,Dental clinic: Google category identifies a dental clinic || Medical clinic: Category alone does not establish whether dental care is provided,,,,,include_dental_provider,focused_category_conflict,at least one observed category has a frozen include rule,False
profile:Augusta_GA_L:google:cid:11022410293483888400,Augusta_GA_L,google:cid:11022410293483888400,DDEAMC Dental Clinic,"Augusta, GA 30905",business_listings|maps_specialist,Dental clinic|Medical clinic,automatic_include|needs_category_review,unreviewed_or_conflicting_category_evidence,exclude_non_dentist_category|include_dental_provider,,,,,,eligibility_group:b5100c3d9e0ccdcb,include|manual_review,Dental clinic: Google category identifies a dental clinic || Medical clinic: Category alone does not establish whether dental care is provided,,dental,,,include_dental_provider,focused_category_conflict,at least one observed category has a frozen include rule,False
profile:Augusta_GA_L:google:cid:6696260283652765943,Augusta_GA_L,google:cid:6696260283652765943,Georgia Dental Clinic,"1120 15th St, Augusta, GA 30912",business_listings|maps_core|maps_specialist,Dental clinic|Medical clinic,automatic_include|needs_category_review,unreviewed_or_conflicting_category_evidence,exclude_non_dentist_category|include_dental_provider,,,,,,eligibility_group:b5100c3d9e0ccdcb,include|manual_review,Dental clinic: Google category identifies a dental clinic || Medical clinic: Category alone does not establish whether dental care is provided,,dental,,,include_dental_provider,focused_category_conflict,at least one observed category has a frozen include rule,False
profile:Modesto_CA_M:google:cid:3859868203878199545,Modesto_CA_M,google:cid:3859868203878199545,Standiford Family Dental,"2000 Standiford Ave # A, Modesto, CA 95350",business_listings|maps_core|maps_specialist,Dental clinic|Medical clinic,automatic_include|needs_category_review,unreviewed_or_conflicting_category_evidence,exclude_non_dentist_category|include_dental_provider,,,,,,eligibility_group:b5100c3d9e0ccdcb,include|manual_review,Dental clinic: Google category identifies a dental clinic || Medical clinic: Category alone does not establish whether dental care is provided,,dental,,,include_dental_provider,focused_category_conflict,at least one observed category has a frozen include rule,False
profile:NYC_NY_L:google:cid:6634882456670101173,NYC_NY_L,google:cid:6634882456670101173,3CK Complete Health & Family Dentistry,"139 Centre St, New York, NY 10013",business_listings|maps_core|maps_specialist,Dental clinic|Medical clinic,automatic_include|needs_category_review,unreviewed_or_conflicting_category_evidence,exclude_non_dentist_category|include_dental_provider,,,,,,eligibility_group:b5100c3d9e0ccdcb,include|manual_review,Dental clinic: Google category identifies a dental clinic || Medical clinic: Category alone does not establish whether dental care is provided,,dentistry,,,include_dental_provider,focused_category_conflict,at least one observed category has a frozen include rule,False
profile:SanFrancisco_CA_L:google:cid:10093308157411752934,SanFrancisco_CA_L,google:cid:10093308157411752934,Equity Health (FKA: South of Market Health Center),"229 7th St, San Francisco, CA 94103",business_listings|maps_core,Dental clinic|Medical clinic,automatic_include|needs_category_review,unreviewed_or_conflicting_category_evidence,exclude_non_dentist_category|include_dental_provider,,,,,,eligibility_group:b5100c3d9e0ccdcb,include|manual_review,Dental clinic: Google category identifies a dental clinic || Medical clinic: Category alone does not establish whether dental care is provided,,,,,include_dental_provider,focused_category_conflict,at least one observed category has a frozen include rule,False
profile:Buffalo_NY_L:google:cid:12682816046732294410,Buffalo_NY_L,google:cid:12682816046732294410,"Community Health Center of Buffalo, Inc.","34 Benwood Ave, Buffalo, NY 14214",business_listings|maps_core|maps_specialist,Dental clinic|Doctor|Medical Center,automatic_include|needs_category_review,unreviewed_or_conflicting_category_evidence,exclude_non_dentist_category|include_dental_provider,,,,,,eligibility_group:b6cac6a6ad4fd119,include|manual_review,Dental clinic: Google category identifies a dental clinic || Doctor: Category alone does not establish a dentist clinic || Medical Center: Category alone does not establish whether dental care is provided,,,,,include_dental_provider,focused_category_conflict,at least one observed category has a frozen include rule,False
profile:Buffalo_NY_L:google:cid:14404418594459482430,Buffalo_NY_L,google:cid:14404418594459482430,Buffalo Denture Care Services,"1389 Bailey Ave, Buffalo, NY 14206",business_listings|maps_core|maps_specialist,Dentist|Denture care center|Periodontist,automatic_include|needs_category_review,unreviewed_or_conflicting_category_evidence,exclude_non_dentist_category|include_dental_provider,,,,,,eligibility_group:b728695d69854e02,include|unknown,Dentist: Google category identifies a dentist || Periodontist: Dentist specialty included by the study taxonomy,Denture care center,,,,include_dental_provider,focused_category_conflict,at least one observed category has a frozen include rule,False
profile:Buffalo_NY_L:google:cid:14999402761544567565,Buffalo_NY_L,google:cid:14999402761544567565,Molina Healthcare of New York - Buffalo Enrollment Office,"446 Main St, Buffalo, NY 14202",maps_core,Health insurance agency,needs_category_review,unreviewed_or_conflicting_category_evidence,exclude_non_dentist_category|include_dental_provider,,,,,,eligibility_group:038e10c5e6f8567c,unknown,,Health insurance agency,,,insurance,exclude_non_dentist_category,focused_category_evidence,unconfigured category identifies an auxiliary or non-provider business,False
profile:Modesto_CA_M:google:cid:15300263323432157318,Modesto_CA_M,google:cid:15300263323432157318,Health Plan of San Joaquin,"1025 J St, Modesto, CA 95354",maps_core,Health insurance agency,needs_category_review,unreviewed_or_conflicting_category_evidence,exclude_non_dentist_category|include_dental_provider,,,,,,eligibility_group:038e10c5e6f8567c,unknown,,Health insurance agency,,,insurance,exclude_non_dentist_category,focused_category_evidence,unconfigured category identifies an auxiliary or non-provider business,False
profile:Augusta_GA_L:google:cid:6212271873494307269,Augusta_GA_L,google:cid:6212271873494307269,Dental College of Georgia,"1430 John Wesley Gilbert Drive, Augusta, GA 30912",maps_core|maps_specialist,Dental school,needs_category_review,unreviewed_or_conflicting_category_evidence,exclude_non_dentist_category|include_dental_provider,,,,,,eligibility_group:03aabea56f3fd971,unknown,,Dental school,dental,school_or_training,education,exclude_non_dentist_category,focused_category_evidence,unconfigured category identifies an auxiliary or non-provider business,False
profile:Buffalo_NY_L:google:cid:17653108616219652760,Buffalo_NY_L,google:cid:17653108616219652760,State University of New York at Buffalo School of Dental Medicine,"320 Hayes Rd, Buffalo, NY 14215",business_listings|maps_core,Dental school,needs_category_review,unreviewed_or_conflicting_category_evidence,exclude_non_dentist_category|include_dental_provider,,,,,,eligibility_group:03aabea56f3fd971,unknown,,Dental school,dental,school_or_training,education,exclude_non_dentist_category,focused_category_evidence,unconfigured category identifies an auxiliary or non-provider business,False
profile:LA_CA_L:google:cid:13469792447363300883,LA_CA_L,google:cid:13469792447363300883,Global Dental Implant Academy,"11095 Knott Ave Suite ABC, Cypress, CA 90630",business_listings,Dental school,needs_category_review,unreviewed_or_conflicting_category_evidence,exclude_non_dentist_category|include_dental_provider,,,,,,eligibility_group:03aabea56f3fd971,unknown,,Dental school,dental,school_or_training,education,exclude_non_dentist_category,focused_category_evidence,unconfigured category identifies an auxiliary or non-provider business,False
profile:LA_CA_L:google:cid:15189357900660175276,LA_CA_L,google:cid:15189357900660175276,UCLA School of Dentistry,"714 Tiverton Ave, Los Angeles, CA 90095",business_listings,Dental school,needs_category_review,unreviewed_or_conflicting_category_evidence,exclude_non_dentist_category|include_dental_provider,,,,,,eligibility_group:03aabea56f3fd971,unknown,,Dental school,dentistry,school_or_training,education,exclude_non_dentist_category,focused_category_evidence,unconfigured category identifies an auxiliary or non-provider business,False
profile:LA_CA_L:google:cid:15156045830424764245,LA_CA_L,google:cid:15156045830424764245,Ucla School Of Dentistry,"90095, 10833 Le Conte Ave, Los Angeles, CA 90024",business_listings,Dental school,needs_category_review,unreviewed_or_conflicting_category_evidence,exclude_non_dentist_category|include_dental_provider,,,,,,eligibility_group:03aabea56f3fd971,unknown,,Dental school,dentistry,school_or_training,education,exclude_non_dentist_category,focused_category_evidence,unconfigured category identifies an auxiliary or non-provider business,False
profile:NYC_NY_L:google:cid:15412192422553827058,NYC_NY_L,google:cid:15412192422553827058,Columbia University College of Dental Medicine,"622 W 168th St, New York, NY 10032",business_listings,Dental school,needs_category_review,unreviewed_or_conflicting_category_evidence,exclude_non_dentist_category|include_dental_provider,,,,,,eligibility_group:03aabea56f3fd971,unknown,,Dental school,dental,school_or_training,education,exclude_non_dentist_category,focused_category_evidence,unconfigured category identifies an auxiliary or non-provider business,False
profile:NYC_NY_L:google:cid:17147439378915426708,NYC_NY_L,google:cid:17147439378915426708,New York University College of Dentistry,"345 E 24th St, New York, NY 10010",business_listings,Dental school,needs_category_review,unreviewed_or_conflicting_category_evidence,exclude_non_dentist_category|include_dental_provider,,,,,,eligibility_group:03aabea56f3fd971,unknown,,Dental school,dentistry,school_or_training,education,exclude_non_dentist_category,focused_category_evidence,unconfigured category identifies an auxiliary or non-provider business,False
profile:SanFrancisco_CA_L:google:cid:11964296551902599073,SanFrancisco_CA_L,google:cid:11964296551902599073,TCP Implant Courses & Live Implant Training,"98 10th St, San Francisco, CA 94103",maps_core,Dental school,needs_category_review,unreviewed_or_conflicting_category_evidence,exclude_non_dentist_category|include_dental_provider,,,,,,eligibility_group:03aabea56f3fd971,unknown,,Dental school,,school_or_training,education,exclude_non_dentist_category,focused_category_evidence,unconfigured category identifies an auxiliary or non-provider business,False
profile:NYC_NY_L:google:cid:10426579078660064972,NYC_NY_L,google:cid:10426579078660064972,URvet Care - Upper East Side NYC,"1432 2nd Ave, New York, NY 10021",business_listings,Emergency veterinarian service,needs_category_review,unreviewed_or_conflicting_category_evidence,exclude_non_dentist_category|include_dental_provider,,,,,,eligibility_group:2073a0e934c168e6,unknown,,Emergency veterinarian service,,,veterinary,exclude_non_dentist_category,focused_category_evidence,unconfigured category identifies an auxiliary or non-provider business,False
profile:NYC_NY_L:google:cid:6458159380476270644,NYC_NY_L,google:cid:6458159380476270644,URvet Care Medical Center - Astoria,"30-80 Steinway St, Astoria, NY 11103",business_listings,Emergency veterinarian service,needs_category_review,unreviewed_or_conflicting_category_evidence,exclude_non_dentist_category|include_dental_provider,,,,,,eligibility_group:2073a0e934c168e6,unknown,,Emergency veterinarian service,,medical,veterinary,exclude_non_dentist_category,focused_category_evidence,unconfigured category identifies an auxiliary or non-provider business,False
profile:Atlanta_GA_L:google:cid:14826937450612169934,Atlanta_GA_L,google:cid:14826937450612169934,Atlanta Veterinary Dentistry,"8097 Roswell Rd Bldg F, Atlanta, GA 30350",business_listings,Veterinarian,needs_category_review,unreviewed_or_conflicting_category_evidence,exclude_non_dentist_category|include_dental_provider,,,,,,eligibility_group:33340ba2db18c2ad,unknown,,Veterinarian,dentistry,veterinary,veterinary,exclude_non_dentist_category,focused_category_evidence,unconfigured category identifies an auxiliary or non-provider business,False
profile:Atlanta_GA_L:google:cid:5043981146667545184,Atlanta_GA_L,google:cid:5043981146667545184,Veterinary Dental Center of Atlanta,"8097 Roswell Rd Bldg F, Atlanta, GA 30350",business_listings,Veterinarian,needs_category_review,unreviewed_or_conflicting_category_evidence,exclude_non_dentist_category|include_dental_provider,,,,,,eligibility_group:33340ba2db18c2ad,unknown,,Veterinarian,dental,veterinary,veterinary,exclude_non_dentist_category,focused_category_evidence,unconfigured category identifies an auxiliary or non-provider business,False
profile:Buffalo_NY_L:google:cid:4708478448088972298,Buffalo_NY_L,google:cid:4708478448088972298,Ellicott Street Animal Hospital,"517 Ellicott St, Buffalo, NY 14203",maps_core,Veterinarian,needs_category_review,unreviewed_or_conflicting_category_evidence,exclude_non_dentist_category|include_dental_provider,,,,,,eligibility_group:33340ba2db18c2ad,unknown,,Veterinarian,,animal|hospital,veterinary,exclude_non_dentist_category,focused_category_evidence,unconfigured category identifies an auxiliary or non-provider business,False
profile:Eureka_CA_S:google:cid:15234039165892868140,Eureka_CA_S,google:cid:15234039165892868140,Myrtle Avenue Veterinary Hospital,"2390 Myrtle Avenue, Eureka, CA 95501",maps_core,Veterinarian,needs_category_review,unreviewed_or_conflicting_category_evidence,exclude_non_dentist_category|include_dental_provider,,,,,,eligibility_group:33340ba2db18c2ad,unknown,,Veterinarian,,veterinary|hospital,veterinary,exclude_non_dentist_category,focused_category_evidence,unconfigured category identifies an auxiliary or non-provider business,False
profile:LA_CA_L:google:cid:14042312314831859793,LA_CA_L,google:cid:14042312314831859793,"Dog and Cat Dentist, Inc.","20051 Ventura Blvd, Woodland Hills, CA 91364",business_listings,Veterinarian,needs_category_review,unreviewed_or_conflicting_category_evidence,exclude_non_dentist_category|include_dental_provider,,,,,,eligibility_group:33340ba2db18c2ad,unknown,,Veterinarian,dentist,pet_or_companion_animal,veterinary,exclude_non_dentist_category,focused_category_evidence,unconfigured category identifies an auxiliary or non-provider business,False
profile:LA_CA_L:google:cid:2780829454184804647,LA_CA_L,google:cid:2780829454184804647,VetCheck Animal Hospital,"15618 Whittwood Ln Ste A, Whittier, CA 90603",business_listings,Veterinarian,needs_category_review,unreviewed_or_conflicting_category_evidence,exclude_non_dentist_category|include_dental_provider,,,,,,eligibility_group:33340ba2db18c2ad,unknown,,Veterinarian,,animal|hospital,veterinary,exclude_non_dentist_category,focused_category_evidence,unconfigured category identifies an auxiliary or non-provider business,False
profile:NYC_NY_L:google:cid:15999846683421955017,NYC_NY_L,google:cid:15999846683421955017,Carroll Gardens Veterinary Group,"455 Court St, Brooklyn, NY 11231",business_listings,Veterinarian,needs_category_review,unreviewed_or_conflicting_category_evidence,exclude_non_dentist_category|include_dental_provider,,,,,,eligibility_group:33340ba2db18c2ad,unknown,,Veterinarian,,veterinary,veterinary,exclude_non_dentist_category,focused_category_evidence,unconfigured category identifies an auxiliary or non-provider business,False
profile:NYC_NY_L:google:cid:11555451915091950355,NYC_NY_L,google:cid:11555451915091950355,The Sunnyside Pet Healthcare & Dental Center,"47-04 Greenpoint Ave, Sunnyside, NY 11104",business_listings,Veterinarian,needs_category_review,unreviewed_or_conflicting_category_evidence,exclude_non_dentist_category|include_dental_provider,,,,,,eligibility_group:33340ba2db18c2ad,unknown,,Veterinarian,dental,pet_or_companion_animal,veterinary,exclude_non_dentist_category,focused_category_evidence,unconfigured category identifies an auxiliary or non-provider business,False
profile:Vidalia_GA_S:google:cid:14613503648955258273,Vidalia_GA_S,google:cid:14613503648955258273,Four Rivers Veterinary Center,"1901 Commerce Dr, Vidalia, GA 30474",maps_core,Veterinarian,needs_category_review,unreviewed_or_conflicting_category_evidence,exclude_non_dentist_category|include_dental_provider,,,,,,eligibility_group:33340ba2db18c2ad,unknown,,Veterinarian,,veterinary,veterinary,exclude_non_dentist_category,focused_category_evidence,unconfigured category identifies an auxiliary or non-provider business,False
profile:Vidalia_GA_S:google:cid:5048611281571284389,Vidalia_GA_S,google:cid:5048611281571284389,Vidalia Veterinary Clinic,"303 W 1st St, Vidalia, GA 30474",maps_core,Veterinarian,needs_category_review,unreviewed_or_conflicting_category_evidence,exclude_non_dentist_category|include_dental_provider,,,,,,eligibility_group:33340ba2db18c2ad,unknown,,Veterinarian,,veterinary,veterinary,exclude_non_dentist_category,focused_category_evidence,unconfigured category identifies an auxiliary or non-provider business,False
profile:NYC_NY_L:google:cid:3013052381072058602,NYC_NY_L,google:cid:3013052381072058602,Park Dental Research Corporation,"19 W 34th St., New York, NY 10001",business_listings,Research foundation,needs_category_review,unreviewed_or_conflicting_category_evidence,exclude_non_dentist_category|include_dental_provider,,,,,,eligibility_group:47e685e7f3898679,unknown,,Research foundation,dental,,research_or_sales,exclude_non_dentist_category,focused_category_evidence,unconfigured category identifies an auxiliary or non-provider business,False
profile:NYC_NY_L:google:cid:425119728771502051,NYC_NY_L,google:cid:425119728771502051,DC 37 Health Center,"115 Chambers St, New York, NY 10007",maps_core,Dental insurance agency,needs_category_review,unreviewed_or_conflicting_category_evidence,exclude_non_dentist_category|include_dental_provider,,,,,,eligibility_group:62ebc388157a2b70,unknown,,Dental insurance agency,,,insurance,exclude_non_dentist_category,focused_category_evidence,unconfigured category identifies an auxiliary or non-provider business,False
profile:LA_CA_L:google:cid:10072456300286438869,LA_CA_L,google:cid:10072456300286438869,"Dunkel Dental Services & Equipment Sales, Inc.","24612 Pine St, Santa Clarita, CA 91321",business_listings,Dental supply store,needs_category_review,unreviewed_or_conflicting_category_evidence,exclude_non_dentist_category|include_dental_provider,,,,,,eligibility_group:73ecfba8f12eba34,unknown,,Dental supply store,dental,equipment_sales,dental_supply,exclude_non_dentist_category,focused_category_evidence,unconfigured category identifies an auxiliary or non-provider business,False
profile:LA_CA_L:google:cid:1411755430182435803,LA_CA_L,google:cid:1411755430182435803,"OJG Health Products, Inc","10515 Balboa Blvd #175, Granada Hills, CA 91344",business_listings,Dental supply store,needs_category_review,unreviewed_or_conflicting_category_evidence,exclude_non_dentist_category|include_dental_provider,,,,,,eligibility_group:73ecfba8f12eba34,unknown,,Dental supply store,,,dental_supply,exclude_non_dentist_category,focused_category_evidence,unconfigured category identifies an auxiliary or non-provider business,False
profile:SanFrancisco_CA_L:google:cid:1136265689670014385,SanFrancisco_CA_L,google:cid:1136265689670014385,EDT,"500 Sansome St #604, San Francisco, CA 94111",business_listings,Dental supply store,needs_category_review,unreviewed_or_conflicting_category_evidence,exclude_non_dentist_category|include_dental_provider,,,,,,eligibility_group:73ecfba8f12eba34,unknown,,Dental supply store,,,dental_supply,exclude_non_dentist_category,focused_category_evidence,unconfigured category identifies an auxiliary or non-provider business,False
profile:Eureka_CA_S:google:cid:13691425450444065534,Eureka_CA_S,google:cid:13691425450444065534,Humboldt Spay/Neuter Clinic,"2606 Myrtle Avenue, Eureka, CA 95501",maps_core,Veterinary care,needs_category_review,unreviewed_or_conflicting_category_evidence,exclude_non_dentist_category|include_dental_provider,,,,,,eligibility_group:7d6616894d81e917,unknown,,Veterinary care,,,veterinary,exclude_non_dentist_category,focused_category_evidence,unconfigured category identifies an auxiliary or non-provider business,False
profile:LA_CA_L:google:cid:1140174246573374673,LA_CA_L,google:cid:1140174246573374673,"Dog and Cat Dentist, Inc.","9599 Jefferson Blvd, Culver City, CA 90232",business_listings,Veterinary care,needs_category_review,unreviewed_or_conflicting_category_evidence,exclude_non_dentist_category|include_dental_provider,,,,,,eligibility_group:7d6616894d81e917,unknown,,Veterinary care,dentist,pet_or_companion_animal,veterinary,exclude_non_dentist_category,focused_category_evidence,unconfigured category identifies an auxiliary or non-provider business,False
profile:Buffalo_NY_L:google:cid:15287270071867544428,Buffalo_NY_L,google:cid:15287270071867544428,"Apex Dental Solutions, LLC","8600 Sheridan Dr, Williamsville, NY 14221",business_listings,Marketing agency,needs_category_review,unreviewed_or_conflicting_category_evidence,exclude_non_dentist_category|include_dental_provider,,,,,,eligibility_group:808631f70ae4a1e8,unknown,,Marketing agency,dental,,software_or_marketing,exclude_non_dentist_category,focused_category_evidence,unconfigured category identifies an auxiliary or non-provider business,False
profile:Modesto_CA_M:google:cid:17135547689108652897,Modesto_CA_M,google:cid:17135547689108652897,A-Team Dental Staffing L.L.C,"931 10th St Ste 265, Modesto, CA 95354",maps_core|maps_specialist,Temp agency,needs_category_review,unreviewed_or_conflicting_category_evidence,exclude_non_dentist_category|include_dental_provider,,,,,,eligibility_group:8a9abdffe9a03d11,unknown,,Temp agency,dental,staffing,staffing,exclude_non_dentist_category,focused_category_evidence,unconfigured category identifies an auxiliary or non-provider business,False
profile:Buffalo_NY_L:google:cid:7188245865820882796,Buffalo_NY_L,google:cid:7188245865820882796,"Ivoclar Vivadent, Inc.","175 Pineview Dr, Buffalo, NY 14228",business_listings,Manufacturer,needs_category_review,unreviewed_or_conflicting_category_evidence,exclude_non_dentist_category|include_dental_provider,,,,,,eligibility_group:96cb5028b66511b9,unknown,,Manufacturer,,,manufacturer,exclude_non_dentist_category,focused_category_evidence,unconfigured category identifies an auxiliary or non-provider business,False
profile:LA_CA_L:google:cid:15046459923282137820,LA_CA_L,google:cid:15046459923282137820,Global Academy of Oral Implantology,"9100 Wilshire Blvd W710, Beverly Hills, CA 90212",business_listings,Educational institution,needs_category_review,unreviewed_or_conflicting_category_evidence,exclude_non_dentist_category|include_dental_provider,,,,,,eligibility_group:a5d78c435f0148a2,unknown,,Educational institution,,school_or_training,education,exclude_non_dentist_category,focused_category_evidence,unconfigured category identifies an auxiliary or non-provider business,False
profile:LA_CA_L:google:cid:16458988322556177375,LA_CA_L,google:cid:16458988322556177375,Global Dental Assistant Program.,"7136 Haskell Ave #217, Van Nuys, CA 91406",business_listings,Educational institution,needs_category_review,unreviewed_or_conflicting_category_evidence,exclude_non_dentist_category|include_dental_provider,,,,,,eligibility_group:a5d78c435f0148a2,unknown,,Educational institution,dental,school_or_training,education,exclude_non_dentist_category,focused_category_evidence,unconfigured category identifies an auxiliary or non-provider business,False
profile:Augusta_GA_L:google:cid:12137716057317078040,Augusta_GA_L,google:cid:12137716057317078040,Top Dentists LLC,"961 Broad St, Augusta, GA 30901",maps_core|maps_specialist,Market researcher,needs_category_review,unreviewed_or_conflicting_category_evidence,exclude_non_dentist_category|include_dental_provider,,,,,,eligibility_group:c85032f10b2ddde9,unknown,,Market researcher,dentist,,research_or_sales,exclude_non_dentist_category,focused_category_evidence,unconfigured category identifies an auxiliary or non-provider business,False
profile:Buffalo_NY_L:google:cid:355931956425941180,Buffalo_NY_L,google:cid:355931956425941180,McClelland Small Animal Hospital,"455 Ellicott St, Buffalo, NY 14203",maps_core,Animal hospital,needs_category_review,unreviewed_or_conflicting_category_evidence,exclude_non_dentist_category|include_dental_provider,,,,,,eligibility_group:d1bdc0276582982d,unknown,,Animal hospital,,animal|hospital,animal_provider,exclude_non_dentist_category,focused_category_evidence,unconfigured category identifies an auxiliary or non-provider business,False
profile:Eureka_CA_S:google:cid:17288488438933510604,Eureka_CA_S,google:cid:17288488438933510604,Broadway Animal Hospital,"3700 Broadway St, Eureka, CA 95503",maps_core,Animal hospital,needs_category_review,unreviewed_or_conflicting_category_evidence,exclude_non_dentist_category|include_dental_provider,,,,,,eligibility_group:d1bdc0276582982d,unknown,,Animal hospital,,animal|hospital,animal_provider,exclude_non_dentist_category,focused_category_evidence,unconfigured category identifies an auxiliary or non-provider business,False
profile:Eureka_CA_S:google:cid:11050925436210414761,Eureka_CA_S,google:cid:11050925436210414761,Healing Spirit Animal Wellness Center,"7650 Myrtle Avenue, Eureka, CA 95503",maps_core,Animal hospital,needs_category_review,unreviewed_or_conflicting_category_evidence,exclude_non_dentist_category|include_dental_provider,,,,,,eligibility_group:d1bdc0276582982d,unknown,,Animal hospital,,animal,animal_provider,exclude_non_dentist_category,focused_category_evidence,unconfigured category identifies an auxiliary or non-provider business,False
profile:Macon_GA_M:google:cid:1164194923902499357,Macon_GA_M,google:cid:1164194923902499357,Hudspeth Animal Hospital,"510 Pio Nono Ave, Macon, GA 31204",maps_core,Animal hospital,needs_category_review,unreviewed_or_conflicting_category_evidence,exclude_non_dentist_category|include_dental_provider,,,,,,eligibility_group:d1bdc0276582982d,unknown,,Animal hospital,,animal|hospital,animal_provider,exclude_non_dentist_category,focused_category_evidence,unconfigured category identifies an auxiliary or non-provider business,False
profile:Buffalo_NY_L:google:cid:15534335769424063628,Buffalo_NY_L,google:cid:15534335769424063628,ABEL Dental Software Inc,"50 Fountain Plz #1400, Buffalo, NY 14202",maps_core|maps_specialist,Software company,needs_category_review,unreviewed_or_conflicting_category_evidence,exclude_non_dentist_category|include_dental_provider,,,,,,eligibility_group:dfee5c9d3f99f6c3,unknown,,Software company,dental,software,software_or_marketing,exclude_non_dentist_category,focused_category_evidence,unconfigured category identifies an auxiliary or non-provider business,False
profile:NYC_NY_L:google:cid:86366606213307897,NYC_NY_L,google:cid:86366606213307897,"Fabysmiles – Dental, Medical, Medspa & Aesthetic Recruitment","211 E 43rd St, New York, NY 10017",business_listings,Employment agency,needs_category_review,unreviewed_or_conflicting_category_evidence,exclude_non_dentist_category|include_dental_provider,,,,,,eligibility_group:f49cde5c98362481,unknown,,Employment agency,dental,medical,staffing,exclude_non_dentist_category,focused_category_evidence,unconfigured category identifies an auxiliary or non-provider business,False
profile:Macon_GA_M:google:cid:15348972201900678381,Macon_GA_M,google:cid:15348972201900678381,Meservey & Associates,"830 Mulberry St Ste 104, Macon, GA 31201",maps_core,Insurance agency,needs_category_review,unreviewed_or_conflicting_category_evidence,exclude_non_dentist_category|include_dental_provider,,,,,,eligibility_group:f7c843be67e281eb,unknown,,Insurance agency,,,insurance,exclude_non_dentist_category,focused_category_evidence,unconfigured category identifies an auxiliary or non-provider business,False
profile:NYC_NY_L:google:cid:5828700512640996947,NYC_NY_L,google:cid:5828700512640996947,NY Dental Insurance Quotes,"2040 Ralph Ave, Brooklyn, NY 11234",business_listings,Insurance agency,needs_category_review,unreviewed_or_conflicting_category_evidence,exclude_non_dentist_category|include_dental_provider,,,,,,eligibility_group:f7c843be67e281eb,unknown,,Insurance agency,dental,insurance,insurance,exclude_non_dentist_category,focused_category_evidence,unconfigured category identifies an auxiliary or non-provider business,False
profile:Buffalo_NY_L:google:cid:14624434527722302725,Buffalo_NY_L,google:cid:14624434527722302725,Lighthouse Free Medical Clinic,"34 Benwood Ave, Buffalo, NY 14214",maps_core,Free clinic,needs_category_review,unreviewed_or_conflicting_category_evidence,exclude_non_dentist_category|include_dental_provider,,,,,,eligibility_group:192e3304f6009b7f,manual_review,Free clinic: Category alone does not establish whether dental care is provided,,,medical,,exclude_non_dentist_category,focused_title_evidence,non-dental title signal with no configured final category rule,False
profile:NYC_NY_L:google:cid:6100373059996867428,NYC_NY_L,google:cid:6100373059996867428,First Medcare Medical Clinic,"8707 Flatlands Ave, Brooklyn, NY 11236",business_listings,Medical group,needs_category_review,unreviewed_or_conflicting_category_evidence,exclude_non_dentist_category|include_dental_provider,,,,,,eligibility_group:1fa47dbf03af3215,manual_review,Medical group: Category alone does not establish whether dental care is provided,,,medical,,exclude_non_dentist_category,focused_title_evidence,non-dental title signal with no configured final category rule,False
profile:NYC_NY_L:google:cid:14788709628859883195,NYC_NY_L,google:cid:14788709628859883195,Medical Practice Administrator,"F.D.R Station, 909 3rd Ave, New York, NY 10150",business_listings,Medical group,needs_category_review,unreviewed_or_conflicting_category_evidence,exclude_non_dentist_category|include_dental_provider,,,,,,eligibility_group:1fa47dbf03af3215,manual_review,Medical group: Category alone does not establish whether dental care is provided,,,medical,,exclude_non_dentist_category,focused_title_evidence,non-dental title signal with no configured final category rule,False
profile:NYC_NY_L:google:cid:6563437070851777575,NYC_NY_L,google:cid:6563437070851777575,"King Chong Chan, DMD","622 W 168th St, New York, NY 10032",business_listings,Radiologist,needs_category_review,unreviewed_or_conflicting_category_evidence,exclude_non_dentist_category|include_dental_provider,,,,,,eligibility_group:24b84cf81d363dd1,unknown,,Radiologist,dmd,,,include_dental_provider,focused_title_evidence,dental title signal with no configured include category,False
profile:LA_CA_L:google:cid:8654275743702524094,LA_CA_L,google:cid:8654275743702524094,Mark Wienberg DDS,"14431 1/2 Ventura Blvd, Sherman Oaks, CA 91423",business_listings,General practitioner,needs_category_review,unreviewed_or_conflicting_category_evidence,exclude_non_dentist_category|include_dental_provider,,,,,,eligibility_group:2897f4835d55a24e,unknown,,General practitioner,dds,,,include_dental_provider,focused_title_evidence,dental title signal with no configured include category,False
profile:NYC_NY_L:google:cid:7149865794800718825,NYC_NY_L,google:cid:7149865794800718825,Emergency Dentist,"2200 85th St, Brooklyn, NY 11214",business_listings,General practitioner,needs_category_review,unreviewed_or_conflicting_category_evidence,exclude_non_dentist_category|include_dental_provider,,,,,,eligibility_group:2897f4835d55a24e,unknown,,General practitioner,dentist,,,include_dental_provider,focused_title_evidence,dental title signal with no configured include category,False
profile:NYC_NY_L:google:cid:2393560917753722612,NYC_NY_L,google:cid:2393560917753722612,Epel Lidia M DDS,"165 N Village Ave Apartment 102, Rockville Centre, NY 11570",business_listings,General practitioner,needs_category_review,unreviewed_or_conflicting_category_evidence,exclude_non_dentist_category|include_dental_provider,,,,,,eligibility_group:2897f4835d55a24e,unknown,,General practitioner,dds,,,include_dental_provider,focused_title_evidence,dental title signal with no configured include category,False
profile:Atlanta_GA_L:google:cid:7070886758225630371,Atlanta_GA_L,google:cid:7070886758225630371,Reilly Dental,"1150 Hammond Dr, Atlanta, GA 30328",business_listings,Medical clinic,needs_category_review,unreviewed_or_conflicting_category_evidence,exclude_non_dentist_category|include_dental_provider,,,,,,eligibility_group:3a576676bc82902a,manual_review,Medical clinic: Category alone does not establish whether dental care is provided,,dental,,,include_dental_provider,focused_title_evidence,dental title signal with no configured include category,False
profile:LA_CA_L:google:cid:6765652841990826441,LA_CA_L,google:cid:6765652841990826441,Altadena Dental Center,"2036 Lincoln Ave, Pasadena, CA 91103",business_listings,Medical clinic,needs_category_review,unreviewed_or_conflicting_category_evidence,exclude_non_dentist_category|include_dental_provider,,,,,,eligibility_group:3a576676bc82902a,manual_review,Medical clinic: Category alone does not establish whether dental care is provided,,dental,,,include_dental_provider,focused_title_evidence,dental title signal with no configured include category,False
profile:LA_CA_L:google:cid:16992949408117753400,LA_CA_L,google:cid:16992949408117753400,DENTAL CLINIC LLC,"6933 Santa Monica Blvd, Los Angeles, CA 90038",maps_core,Medical clinic,needs_category_review,unreviewed_or_conflicting_category_evidence,exclude_non_dentist_category|include_dental_provider,,,,,,eligibility_group:3a576676bc82902a,manual_review,Medical clinic: Category alone does not establish whether dental care is provided,,dental,,,include_dental_provider,focused_title_evidence,dental title signal with no configured include category,False
profile:LA_CA_L:google:cid:5575033927774697783,LA_CA_L,google:cid:5575033927774697783,Golden Care Dentistry,"6330 Van Nuys Blvd b, Van Nuys, CA 91401",business_listings,Medical clinic,needs_category_review,unreviewed_or_conflicting_category_evidence,exclude_non_dentist_category|include_dental_provider,,,,,,eligibility_group:3a576676bc82902a,manual_review,Medical clinic: Category alone does not establish whether dental care is provided,,dentistry,,,include_dental_provider,focused_title_evidence,dental title signal with no configured include category,False
profile:LA_CA_L:google:cid:3671213163963232519,LA_CA_L,google:cid:3671213163963232519,Ladera Dental,"5814 Obama Blvd, Los Angeles, CA 90016",business_listings,Medical clinic,needs_category_review,unreviewed_or_conflicting_category_evidence,exclude_non_dentist_category|include_dental_provider,,,,,,eligibility_group:3a576676bc82902a,manual_review,Medical clinic: Category alone does not establish whether dental care is provided,,dental,,,include_dental_provider,focused_title_evidence,dental title signal with no configured include category,False
profile:Macon_GA_M:google:cid:8002298691966476598,Macon_GA_M,google:cid:8002298691966476598,Ford and Ivey Family Dentistry,"1902 Forsyth St, Macon, GA 31201",business_listings|maps_core|maps_specialist,Medical clinic,needs_category_review,unreviewed_or_conflicting_category_evidence,exclude_non_dentist_category|include_dental_provider,,,,,,eligibility_group:3a576676bc82902a,manual_review,Medical clinic: Category alone does not establish whether dental care is provided,,dentistry,,,include_dental_provider,focused_title_evidence,dental title signal with no configured include category,False
profile:Macon_GA_M:google:cid:2901706586290473193,Macon_GA_M,google:cid:2901706586290473193,Macon Oral & Maxillofacial Surgery,"2060 Bowman Pk, Macon, GA 31210",business_listings|maps_core|maps_specialist,Medical clinic,needs_category_review,unreviewed_or_conflicting_category_evidence,exclude_non_dentist_category|include_dental_provider,,,,,,eligibility_group:3a576676bc82902a,manual_review,Medical clinic: Category alone does not establish whether dental care is provided,,maxillofacial,,,include_dental_provider,focused_title_evidence,dental title signal with no configured include category,False
profile:NYC_NY_L:google:cid:17004471597383832894,NYC_NY_L,google:cid:17004471597383832894,Clinton Hill Dental,"136 St James Pl, Brooklyn, NY 11238",business_listings,Medical clinic,needs_category_review,unreviewed_or_conflicting_category_evidence,exclude_non_dentist_category|include_dental_provider,,,,,,eligibility_group:3a576676bc82902a,manual_review,Medical clinic: Category alone does not establish whether dental care is provided,,dental,,,include_dental_provider,focused_title_evidence,dental title signal with no configured include category,False
profile:NYC_NY_L:google:cid:3709896841534179427,NYC_NY_L,google:cid:3709896841534179427,"Dr. Kamran Foroughi, DDS","225 Broadway, New York, NY 10007",maps_core|maps_specialist,Medical clinic,needs_category_review,unreviewed_or_conflicting_category_evidence,exclude_non_dentist_category|include_dental_provider,,,,,,eligibility_group:3a576676bc82902a,manual_review,Medical clinic: Category alone does not establish whether dental care is provided,,dds,,,include_dental_provider,focused_title_evidence,dental title signal with no configured include category,False
profile:NYC_NY_L:google:cid:13427374556145665831,NYC_NY_L,google:cid:13427374556145665831,"Flushing Dental Implant, Oral & Facial Surgery","134-43 Maple Ave, Flushing, NY 11355",business_listings,Medical clinic,needs_category_review,unreviewed_or_conflicting_category_evidence,exclude_non_dentist_category|include_dental_provider,,,,,,eligibility_group:3a576676bc82902a,manual_review,Medical clinic: Category alone does not establish whether dental care is provided,,dental,,,include_dental_provider,focused_title_evidence,dental title signal with no configured include category,False
profile:NYC_NY_L:google:cid:13160607927627849612,NYC_NY_L,google:cid:13160607927627849612,NewYork-Presbyterian Ambulatory Care Network - Dentistry - Upper East Side,"525 E 70th St 1st floor, New York, NY 10021",business_listings,Medical clinic,needs_category_review,unreviewed_or_conflicting_category_evidence,exclude_non_dentist_category|include_dental_provider,,,,,,eligibility_group:3a576676bc82902a,manual_review,Medical clinic: Category alone does not establish whether dental care is provided,,dentistry,,,include_dental_provider,focused_title_evidence,dental title signal with no configured include category,False
profile:NYC_NY_L:google:cid:15221708422571038946,NYC_NY_L,google:cid:15221708422571038946,Southern Dental of Brooklyn,"9920 4th Ave, Brooklyn, NY 11209",business_listings,Medical clinic,needs_category_review,unreviewed_or_conflicting_category_evidence,exclude_non_dentist_category|include_dental_provider,,,,,,eligibility_group:3a576676bc82902a,manual_review,Medical clinic: Category alone does not establish whether dental care is provided,,dental,,,include_dental_provider,focused_title_evidence,dental title signal with no configured include category,False
profile:NYC_NY_L:google:cid:829078247034327752,NYC_NY_L,google:cid:829078247034327752,Yeung's Dental Care Pc.,"139 Centre St, New York, NY 10013",maps_core,Medical clinic,needs_category_review,unreviewed_or_conflicting_category_evidence,exclude_non_dentist_category|include_dental_provider,,,,,,eligibility_group:3a576676bc82902a,manual_review,Medical clinic: Category alone does not establish whether dental care is provided,,dental,,,include_dental_provider,focused_title_evidence,dental title signal with no configured include category,False
profile:LA_CA_L:google:cid:15759839424443607988,LA_CA_L,google:cid:15759839424443607988,Dental Diagnostic Imaging Center,"16661 Ventura Blvd Ste 508, Encino, CA 91436",business_listings,Dental radiology,needs_category_review,unreviewed_or_conflicting_category_evidence,exclude_non_dentist_category|include_dental_provider,,,,,,eligibility_group:43a4472af04e0a96,unknown,,Dental radiology,dental,,,include_dental_provider,focused_title_evidence,dental title signal with no configured include category,False
profile:NYC_NY_L:google:cid:10495702058127544915,NYC_NY_L,google:cid:10495702058127544915,"Daria Vasilyeva, DDS, PhD","51 W 51st St, New York, NY 10019",business_listings,Pathologist,needs_category_review,unreviewed_or_conflicting_category_evidence,exclude_non_dentist_category|include_dental_provider,,,,,,eligibility_group:4fb818b440620080,unknown,,Pathologist,dds,,,include_dental_provider,focused_title_evidence,dental title signal with no configured include category,False
profile:NYC_NY_L:google:cid:14451968844571406591,NYC_NY_L,google:cid:14451968844571406591,"Daria Vasilyeva, DDS, PhD","622 W 168th St, New York, NY 10032",business_listings,Pathologist,needs_category_review,unreviewed_or_conflicting_category_evidence,exclude_non_dentist_category|include_dental_provider,,,,,,eligibility_group:4fb818b440620080,unknown,,Pathologist,dds,,,include_dental_provider,focused_title_evidence,dental title signal with no configured include category,False
profile:NYC_NY_L:google:cid:17978388638694044920,NYC_NY_L,google:cid:17978388638694044920,"Daria Vasilyeva, DDS, PhD","1244 Amsterdam Ave, New York, NY 10027",business_listings,Pathologist,needs_category_review,unreviewed_or_conflicting_category_evidence,exclude_non_dentist_category|include_dental_provider,,,,,,eligibility_group:4fb818b440620080,unknown,,Pathologist,dds,,,include_dental_provider,focused_title_evidence,dental title signal with no configured include category,False
profile:NYC_NY_L:google:cid:2554296775765797210,NYC_NY_L,google:cid:2554296775765797210,"Elizabeth Marie Philipone, DMD","622 W 168th St, New York, NY 10032",business_listings,Pathologist,needs_category_review,unreviewed_or_conflicting_category_evidence,exclude_non_dentist_category|include_dental_provider,,,,,,eligibility_group:4fb818b440620080,unknown,,Pathologist,dmd,,,include_dental_provider,focused_title_evidence,dental title signal with no configured include category,False
profile:NYC_NY_L:google:cid:11446915842470457287,NYC_NY_L,google:cid:11446915842470457287,"Khanh Trinh, DMD","622 W 168th St, New York, NY 10032",business_listings,Pathologist,needs_category_review,unreviewed_or_conflicting_category_evidence,exclude_non_dentist_category|include_dental_provider,,,,,,eligibility_group:4fb818b440620080,unknown,,Pathologist,dmd,,,include_dental_provider,focused_title_evidence,dental title signal with no configured include category,False
profile:NYC_NY_L:google:cid:17129946386398424374,NYC_NY_L,google:cid:17129946386398424374,"Khanh Trinh, DMD","430 W 116th St, New York, NY 10027",business_listings,Pathologist,needs_category_review,unreviewed_or_conflicting_category_evidence,exclude_non_dentist_category|include_dental_provider,,,,,,eligibility_group:4fb818b440620080,unknown,,Pathologist,dmd,,,include_dental_provider,focused_title_evidence,dental title signal with no configured include category,False
profile:FortBragg_CA_S:google:cid:7617865913220209419,FortBragg_CA_S,google:cid:7617865913220209419,Medical Office: Adventist Health Mendocino Coast,"721 River Dr Suites A, B, and C, Fort Bragg, CA 95437",maps_core,Medical clinic,needs_category_review,unreviewed_or_conflicting_category_evidence,exclude_non_dentist_category|include_dental_provider,,,,,,eligibility_group:525c831a331b438e,manual_review,Medical clinic: Category alone does not establish whether dental care is provided,,,medical,,exclude_non_dentist_category,focused_title_evidence,non-dental title signal with no configured final category rule,False
profile:LA_CA_L:google:cid:14633199612108196228,LA_CA_L,google:cid:14633199612108196228,"APLA Health Center, CDU/MLK Medical Campus","1679 E 120th St, Los Angeles, CA 90059",business_listings,Medical clinic,needs_category_review,unreviewed_or_conflicting_category_evidence,exclude_non_dentist_category|include_dental_provider,,,,,,eligibility_group:525c831a331b438e,manual_review,Medical clinic: Category alone does not establish whether dental care is provided,,,medical,,exclude_non_dentist_category,focused_title_evidence,non-dental title signal with no configured final category rule,False
profile:LA_CA_L:google:cid:16918411909149780023,LA_CA_L,google:cid:16918411909149780023,Atalla Medical Group,"557 N Maclay Ave, San Fernando, CA 91340",business_listings,Medical clinic,needs_category_review,unreviewed_or_conflicting_category_evidence,exclude_non_dentist_category|include_dental_provider,,,,,,eligibility_group:525c831a331b438e,manual_review,Medical clinic: Category alone does not establish whether dental care is provided,,,medical,,exclude_non_dentist_category,focused_title_evidence,non-dental title signal with no configured final category rule,False
profile:LA_CA_L:google:cid:15622115557296894033,LA_CA_L,google:cid:15622115557296894033,CARE Center at Dignity Health - St. Mary Medical Center,"1040 Elm Ave #200, Long Beach, CA 90813",business_listings,Medical clinic,needs_category_review,unreviewed_or_conflicting_category_evidence,exclude_non_dentist_category|include_dental_provider,,,,,,eligibility_group:525c831a331b438e,manual_review,Medical clinic: Category alone does not establish whether dental care is provided,,,medical,,exclude_non_dentist_category,focused_title_evidence,non-dental title signal with no configured final category rule,False
profile:LA_CA_L:google:cid:4735854279145758248,LA_CA_L,google:cid:4735854279145758248,"Center for Community Health - JWCH Institute, Inc. Medical Clinic","522 San Pedro St, Los Angeles, CA 90013",business_listings,Medical clinic,needs_category_review,unreviewed_or_conflicting_category_evidence,exclude_non_dentist_category|include_dental_provider,,,,,,eligibility_group:525c831a331b438e,manual_review,Medical clinic: Category alone does not establish whether dental care is provided,,,medical,,exclude_non_dentist_category,focused_title_evidence,non-dental title signal with no configured final category rule,False
profile:LA_CA_L:google:cid:13003487266611939149,LA_CA_L,google:cid:13003487266611939149,Hispano American Medical Clinic,"6915 Reseda Blvd #1, Reseda, CA 91335",business_listings,Medical clinic,needs_category_review,unreviewed_or_conflicting_category_evidence,exclude_non_dentist_category|include_dental_provider,,,,,,eligibility_group:525c831a331b438e,manual_review,Medical clinic: Category alone does not establish whether dental care is provided,,,medical,,exclude_non_dentist_category,focused_title_evidence,non-dental title signal with no configured final category rule,False
profile:LA_CA_L:google:cid:10289272141375046777,LA_CA_L,google:cid:10289272141375046777,La Paz Medical Group,"1107 S Alvarado St #102, Los Angeles, CA 90006",business_listings,Medical clinic,needs_category_review,unreviewed_or_conflicting_category_evidence,exclude_non_dentist_category|include_dental_provider,,,,,,eligibility_group:525c831a331b438e,manual_review,Medical clinic: Category alone does not establish whether dental care is provided,,,medical,,exclude_non_dentist_category,focused_title_evidence,non-dental title signal with no configured final category rule,False
profile:LA_CA_L:google:cid:7141967122788574723,LA_CA_L,google:cid:7141967122788574723,Medical Mission Adventures,"11540 Bonham Ave, Lake View Terrace, CA 91342",business_listings,Medical clinic,needs_category_review,unreviewed_or_conflicting_category_evidence,exclude_non_dentist_category|include_dental_provider,,,,,,eligibility_group:525c831a331b438e,manual_review,Medical clinic: Category alone does not establish whether dental care is provided,,,medical,,exclude_non_dentist_category,focused_title_evidence,non-dental title signal with no configured final category rule,False
profile:LA_CA_L:google:cid:17324357683997053402,LA_CA_L,google:cid:17324357683997053402,Samaritana Medical Clinic - Alvarado,"510 S Alvarado St, Los Angeles, CA 90057",business_listings,Medical clinic,needs_category_review,unreviewed_or_conflicting_category_evidence,exclude_non_dentist_category|include_dental_provider,,,,,,eligibility_group:525c831a331b438e,manual_review,Medical clinic: Category alone does not establish whether dental care is provided,,,medical,,exclude_non_dentist_category,focused_title_evidence,non-dental title signal with no configured final category rule,False
profile:LA_CA_L:google:cid:6536021431568363245,LA_CA_L,google:cid:6536021431568363245,Southern California Medical Center Woodland Hills,"20011 Ventura Blvd #1002, Woodland Hills, CA 91364",business_listings,Medical clinic,needs_category_review,unreviewed_or_conflicting_category_evidence,exclude_non_dentist_category|include_dental_provider,,,,,,eligibility_group:525c831a331b438e,manual_review,Medical clinic: Category alone does not establish whether dental care is provided,,,medical,,exclude_non_dentist_category,focused_title_evidence,non-dental title signal with no configured final category rule,False
profile:LA_CA_L:google:cid:12296415559448636876,LA_CA_L,google:cid:12296415559448636876,Southern California Medical Center | Pico Rivera,"8825 Whittier Blvd, Pico Rivera, CA 90660",business_listings,Medical clinic,needs_category_review,unreviewed_or_conflicting_category_evidence,exclude_non_dentist_category|include_dental_provider,,,,,,eligibility_group:525c831a331b438e,manual_review,Medical clinic: Category alone does not establish whether dental care is provided,,,medical,,exclude_non_dentist_category,focused_title_evidence,non-dental title signal with no configured final category rule,False
profile:LA_CA_L:google:cid:4568586767535360321,LA_CA_L,google:cid:4568586767535360321,St. John’s Community Health at Compton College,"1111 E Artesia Blvd, Compton, CA 90221",business_listings,Medical clinic,needs_category_review,unreviewed_or_conflicting_category_evidence,exclude_non_dentist_category|include_dental_provider,,,,,,eligibility_group:525c831a331b438e,manual_review,Medical clinic: Category alone does not establish whether dental care is provided,,,school_or_training,,exclude_non_dentist_category,focused_title_evidence,non-dental title signal with no configured final category rule,False
profile:LA_CA_L:google:cid:2631497679054442328,LA_CA_L,google:cid:2631497679054442328,Torrance - Lomita Medical Center,"25043 Narbonne Ave, Lomita, CA 90717",business_listings,Medical clinic,needs_category_review,unreviewed_or_conflicting_category_evidence,exclude_non_dentist_category|include_dental_provider,,,,,,eligibility_group:525c831a331b438e,manual_review,Medical clinic: Category alone does not establish whether dental care is provided,,,medical,,exclude_non_dentist_category,focused_title_evidence,non-dental title signal with no configured final category rule,False
profile:LA_CA_L:google:cid:5597868241142072050,LA_CA_L,google:cid:5597868241142072050,Urgent Plus Advanced Medical Center,"2904 Theresa Dr #3, Newbury Park, CA 91320",business_listings,Medical clinic,needs_category_review,unreviewed_or_conflicting_category_evidence,exclude_non_dentist_category|include_dental_provider,,,,,,eligibility_group:525c831a331b438e,manual_review,Medical clinic: Category alone does not establish whether dental care is provided,,,medical,,exclude_non_dentist_category,focused_title_evidence,non-dental title signal with no configured final category rule,False
profile:LA_CA_L:google:cid:3342886849513431181,LA_CA_L,google:cid:3342886849513431181,Vistasol Medical Group,"1000 W Whittier Blvd, Montebello, CA 90640",business_listings,Medical clinic,needs_category_review,unreviewed_or_conflicting_category_evidence,exclude_non_dentist_category|include_dental_provider,,,,,,eligibility_group:525c831a331b438e,manual_review,Medical clinic: Category alone does not establish whether dental care is provided,,,medical,,exclude_non_dentist_category,focused_title_evidence,non-dental title signal with no configured final category rule,False
profile:Modesto_CA_M:google:cid:13537947721777705517,Modesto_CA_M,google:cid:13537947721777705517,Golden Valley Health Centers—Medical Clinic,"1717 Las Vegas St Ste 101, Modesto, CA 95358",maps_core,Medical clinic,needs_category_review,unreviewed_or_conflicting_category_evidence,exclude_non_dentist_category|include_dental_provider,,,,,,eligibility_group:525c831a331b438e,manual_review,Medical clinic: Category alone does not establish whether dental care is provided,,,medical,,exclude_non_dentist_category,focused_title_evidence,non-dental title signal with no configured final category rule,False
profile:NYC_NY_L:google:cid:5387079785170282649,NYC_NY_L,google:cid:5387079785170282649,Ahava Medical,"16 Sumner Pl, Brooklyn, NY 11206",business_listings,Medical clinic,needs_category_review,unreviewed_or_conflicting_category_evidence,exclude_non_dentist_category|include_dental_provider,,,,,,eligibility_group:525c831a331b438e,manual_review,Medical clinic: Category alone does not establish whether dental care is provided,,,medical,,exclude_non_dentist_category,focused_title_evidence,non-dental title signal with no configured final category rule,False
profile:NYC_NY_L:google:cid:15683005696867321391,NYC_NY_L,google:cid:15683005696867321391,Boston Road Medical Center,"1262 Boston Rd, Bronx, NY 10456",business_listings,Medical clinic,needs_category_review,unreviewed_or_conflicting_category_evidence,exclude_non_dentist_category|include_dental_provider,,,,,,eligibility_group:525c831a331b438e,manual_review,Medical clinic: Category alone does not establish whether dental care is provided,,,medical,,exclude_non_dentist_category,focused_title_evidence,non-dental title signal with no configured final category rule,False
profile:NYC_NY_L:google:cid:18215599179706511684,NYC_NY_L,google:cid:18215599179706511684,ColumbiaDoctors - Pediatrics,"3959 Broadway, New York, NY 10032",business_listings,Medical clinic,needs_category_review,unreviewed_or_conflicting_category_evidence,exclude_non_dentist_category|include_dental_provider,,,,,,eligibility_group:525c831a331b438e,manual_review,Medical clinic: Category alone does not establish whether dental care is provided,,,pediatrics,,exclude_non_dentist_category,focused_title_evidence,non-dental title signal with no configured final category rule,False
profile:NYC_NY_L:google:cid:13229558951120245285,NYC_NY_L,google:cid:13229558951120245285,Efficient Medical Care PC,"168-40 Highland Ave, Jamaica, NY 11432",business_listings,Medical clinic,needs_category_review,unreviewed_or_conflicting_category_evidence,exclude_non_dentist_category|include_dental_provider,,,,,,eligibility_group:525c831a331b438e,manual_review,Medical clinic: Category alone does not establish whether dental care is provided,,,medical,,exclude_non_dentist_category,focused_title_evidence,non-dental title signal with no configured final category rule,False
profile:NYC_NY_L:google:cid:393558853936802593,NYC_NY_L,google:cid:393558853936802593,James Weldon Johnson School-Based Health Center,"176 E 115th St, New York, NY 10029",business_listings,Medical clinic,needs_category_review,unreviewed_or_conflicting_category_evidence,exclude_non_dentist_category|include_dental_provider,,,,,,eligibility_group:525c831a331b438e,manual_review,Medical clinic: Category alone does not establish whether dental care is provided,,,school_or_training,,exclude_non_dentist_category,focused_title_evidence,non-dental title signal with no configured final category rule,False
profile:NYC_NY_L:google:cid:17913151909604478536,NYC_NY_L,google:cid:17913151909604478536,Jerome Pediatric PC,"2386 Jerome Ave, Bronx, NY 10468",business_listings,Medical clinic,needs_category_review,unreviewed_or_conflicting_category_evidence,exclude_non_dentist_category|include_dental_provider,,,,,,eligibility_group:525c831a331b438e,manual_review,Medical clinic: Category alone does not establish whether dental care is provided,,,pediatrics,,exclude_non_dentist_category,focused_title_evidence,non-dental title signal with no configured final category rule,False
profile:NYC_NY_L:google:cid:11179961645618148917,NYC_NY_L,google:cid:11179961645618148917,Maple Medical,"126 Maple St, Brooklyn, NY 11225",business_listings,Medical clinic,needs_category_review,unreviewed_or_conflicting_category_evidence,exclude_non_dentist_category|include_dental_provider,,,,,,eligibility_group:525c831a331b438e,manual_review,Medical clinic: Category alone does not establish whether dental care is provided,,,medical,,exclude_non_dentist_category,focused_title_evidence,non-dental title signal with no configured final category rule,False
profile:NYC_NY_L:google:cid:1764093003102263842,NYC_NY_L,google:cid:1764093003102263842,Sunrise Pediatrics,"8618 101st Ave, Ozone Park, NY 11416",business_listings,Medical clinic,needs_category_review,unreviewed_or_conflicting_category_evidence,exclude_non_dentist_category|include_dental_provider,,,,,,eligibility_group:525c831a331b438e,manual_review,Medical clinic: Category alone does not establish whether dental care is provided,,,pediatrics,,exclude_non_dentist_category,focused_title_evidence,non-dental title signal with no configured final category rule,False
profile:SanFrancisco_CA_L:google:cid:17476784778993193224,SanFrancisco_CA_L,google:cid:17476784778993193224,North East Medical Services (NEMS) - 1520 Stockton Clinic,"1520 Stockton St, San Francisco, CA 94133",business_listings,Medical clinic,needs_category_review,unreviewed_or_conflicting_category_evidence,exclude_non_dentist_category|include_dental_provider,,,,,,eligibility_group:525c831a331b438e,manual_review,Medical clinic: Category alone does not establish whether dental care is provided,,,medical,,exclude_non_dentist_category,focused_title_evidence,non-dental title signal with no configured final category rule,False
profile:SanFrancisco_CA_L:google:cid:12361441957666704287,SanFrancisco_CA_L,google:cid:12361441957666704287,North East Medical Services (NEMS) - San Bruno Avenue,"2574 San Bruno Ave, San Francisco, CA 94134",business_listings,Medical clinic,needs_category_review,unreviewed_or_conflicting_category_evidence,exclude_non_dentist_category|include_dental_provider,,,,,,eligibility_group:525c831a331b438e,manual_review,Medical clinic: Category alone does not establish whether dental care is provided,,,medical,,exclude_non_dentist_category,focused_title_evidence,non-dental title signal with no configured final category rule,False
profile:NYC_NY_L:google:cid:13273596330883979830,NYC_NY_L,google:cid:13273596330883979830,White Plains Road Medical,"3050 White Plains Rd, Bronx, NY 10467",business_listings,Walk-in clinic,needs_category_review,unreviewed_or_conflicting_category_evidence,exclude_non_dentist_category|include_dental_provider,,,,,,eligibility_group:5896a9c912cf053a,unknown,,Walk-in clinic,,medical,,exclude_non_dentist_category,focused_title_evidence,non-dental title signal with no configured final category rule,False
profile:Augusta_GA_L:google:cid:1155020191173974679,Augusta_GA_L,google:cid:1155020191173974679,Charlie Norwood VA Medical Center - Downtown Division,"950 15th St, Augusta, GA 30901",maps_core,Veterans hospital,needs_category_review,unreviewed_or_conflicting_category_evidence,exclude_non_dentist_category|include_dental_provider,,,,,,eligibility_group:6fb59f6854cdbdc4,unknown,,Veterans hospital,,medical,,exclude_non_dentist_category,focused_title_evidence,non-dental title signal with no configured final category rule,False
profile:Augusta_GA_L:google:cid:3372177001440411258,Augusta_GA_L,google:cid:3372177001440411258,Charlie Norwood VA Medical Center - Uptown Division,"1 Freedom Way, Augusta, GA 30904",maps_core,Veterans hospital,needs_category_review,unreviewed_or_conflicting_category_evidence,exclude_non_dentist_category|include_dental_provider,,,,,,eligibility_group:6fb59f6854cdbdc4,unknown,,Veterans hospital,,medical,,exclude_non_dentist_category,focused_title_evidence,non-dental title signal with no configured final category rule,False
profile:NYC_NY_L:google:cid:6790315200658554690,NYC_NY_L,google:cid:6790315200658554690,Taylor Judy a DDS,"175 E 96th St, New York, NY 10128",business_listings,Speech pathologist,needs_category_review,unreviewed_or_conflicting_category_evidence,exclude_non_dentist_category|include_dental_provider,,,,,,eligibility_group:6fc56a4974e7ffc2,unknown,,Speech pathologist,dds,,,include_dental_provider,focused_title_evidence,dental title signal with no configured include category,False
profile:Eureka_CA_S:google:cid:16871342606453395942,Eureka_CA_S,google:cid:16871342606453395942,Wolven Richard F DDS,"2750 Harrison Ave, Eureka, CA 95501",maps_core|maps_specialist,Church,needs_category_review,unreviewed_or_conflicting_category_evidence,exclude_non_dentist_category|include_dental_provider,,,,,,eligibility_group:7498ca3084dac7b1,unknown,,Church,dds,,,include_dental_provider,focused_title_evidence,dental title signal with no configured include category,False
profile:LA_CA_L:google:cid:15894421741168241952,LA_CA_L,google:cid:15894421741168241952,"Vivienne Lago, DDS (Lyons Dental Place)","25846 McBean Pkwy, Santa Clarita, CA 91355",business_listings,Cosmetics store,needs_category_review,unreviewed_or_conflicting_category_evidence,exclude_non_dentist_category|include_dental_provider,,,,,,eligibility_group:7a28c79fb5a219d8,unknown,,Cosmetics store,dental|dds,,,include_dental_provider,focused_title_evidence,dental title signal with no configured include category,False
profile:Augusta_GA_L:google:cid:10189885467258094965,Augusta_GA_L,google:cid:10189885467258094965,Christ Community Health Medical District,"1226 D'Antignac St, Augusta, GA 30901",maps_core|maps_specialist,Medical clinic|Pediatrician,needs_category_review,unreviewed_or_conflicting_category_evidence,exclude_non_dentist_category|include_dental_provider,,,,,,eligibility_group:8599b6d2aadfa0b5,exclude|manual_review,Medical clinic: Category alone does not establish whether dental care is provided || Pediatrician: Non-dental medical specialty,,,medical,,exclude_non_dentist_category,focused_title_evidence,non-dental title signal with no configured final category rule,False
profile:LA_CA_L:google:cid:3321000754837293903,LA_CA_L,google:cid:3321000754837293903,AHF - Downtown Dental Office,"1414 S Grand Ave, Los Angeles, CA 90015",maps_core,Doctor,needs_category_review,unreviewed_or_conflicting_category_evidence,exclude_non_dentist_category|include_dental_provider,,,,,,eligibility_group:933ded2705f84074,manual_review,Doctor: Category alone does not establish a dentist clinic,,dental,,,include_dental_provider,focused_title_evidence,dental title signal with no configured include category,False
profile:NYC_NY_L:google:cid:12260773327504859179,NYC_NY_L,google:cid:12260773327504859179,"Dr. mihai M. oral, DDS","299 Broadway, New York, NY 10007",maps_specialist,Doctor,needs_category_review,unreviewed_or_conflicting_category_evidence,exclude_non_dentist_category|include_dental_provider,,,,,,eligibility_group:933ded2705f84074,manual_review,Doctor: Category alone does not establish a dentist clinic,,dds,,,include_dental_provider,focused_title_evidence,dental title signal with no configured include category,False
profile:NYC_NY_L:google:cid:7155139689970474418,NYC_NY_L,google:cid:7155139689970474418,Madison Avenue Dentists,"18 E 48th St #501, New York, NY 10017",business_listings,Doctor,needs_category_review,unreviewed_or_conflicting_category_evidence,exclude_non_dentist_category|include_dental_provider,,,,,,eligibility_group:933ded2705f84074,manual_review,Doctor: Category alone does not establish a dentist clinic,,dentist,,,include_dental_provider,focused_title_evidence,dental title signal with no configured include category,False
profile:SanFrancisco_CA_L:google:cid:13058951680095620928,SanFrancisco_CA_L,google:cid:13058951680095620928,"Heena Gupta, DDS","4145 24th St, San Francisco, CA 94114",business_listings,Doctor,needs_category_review,unreviewed_or_conflicting_category_evidence,exclude_non_dentist_category|include_dental_provider,,,,,,eligibility_group:933ded2705f84074,manual_review,Doctor: Category alone does not establish a dentist clinic,,dds,,,include_dental_provider,focused_title_evidence,dental title signal with no configured include category,False
profile:SanFrancisco_CA_L:google:cid:5255491931704483084,SanFrancisco_CA_L,google:cid:5255491931704483084,"Raul A. Montalvo, DDS","773 14th St Ste B, San Francisco, CA 94114",maps_core,Doctor,needs_category_review,unreviewed_or_conflicting_category_evidence,exclude_non_dentist_category|include_dental_provider,,,,,,eligibility_group:933ded2705f84074,manual_review,Doctor: Category alone does not establish a dentist clinic,,dds,,,include_dental_provider,focused_title_evidence,dental title signal with no configured include category,False
profile:NYC_NY_L:google:cid:16663843916775862898,NYC_NY_L,google:cid:16663843916775862898,Hammer Health Sciences Building - Columbia University Irving Medical Center,"701 W 168th St, New York, NY 10032",business_listings,Medical school,needs_category_review,unreviewed_or_conflicting_category_evidence,exclude_non_dentist_category|include_dental_provider,,,,,,eligibility_group:99b446ef94da2153,unknown,,Medical school,,medical,,exclude_non_dentist_category,focused_title_evidence,non-dental title signal with no configured final category rule,False
profile:Buffalo_NY_L:google:cid:17742445320798036369,Buffalo_NY_L,google:cid:17742445320798036369,UB Dental Clinic,"State University at Buffalo South Campus, 3435 Main St, Buffalo, NY 14214",maps_core,University,needs_category_review,unreviewed_or_conflicting_category_evidence,exclude_non_dentist_category|include_dental_provider,,,,,,eligibility_group:ac8e4225d949620f,unknown,,University,dental,,,include_dental_provider,focused_title_evidence,dental title signal with no configured include category,False
profile:NYC_NY_L:google:cid:3392797540311704278,NYC_NY_L,google:cid:3392797540311704278,Geld Rejuvenation Dentistry,"635 Madison Ave #19, New York, NY 10022",business_listings,Pain control clinic,needs_category_review,unreviewed_or_conflicting_category_evidence,exclude_non_dentist_category|include_dental_provider,,,,,,eligibility_group:b3e913bb6e89851c,unknown,,Pain control clinic,dentistry,,,include_dental_provider,focused_title_evidence,dental title signal with no configured include category,False
profile:Augusta_GA_L:google:cid:15921830244754786624,Augusta_GA_L,google:cid:15921830244754786624,Oral & Maxillofacial Surgery,"1430 John Wesley Gilbert Drive, Augusta, GA 30912",maps_core|maps_specialist,Surgeon|Surgical center,needs_category_review,unreviewed_or_conflicting_category_evidence,exclude_non_dentist_category|include_dental_provider,,,,,,eligibility_group:beb60e706182afeb,manual_review|unknown,Surgical center: Category alone does not establish whether oral surgery is provided,Surgeon,maxillofacial,,,include_dental_provider,focused_title_evidence,dental title signal with no configured include category,False
profile:Eureka_CA_S:google:cid:6184430223637556722,Eureka_CA_S,google:cid:6184430223637556722,Providence Medical Group Eureka - Pediatrics,"2200 Harrison Ave Ste D, Eureka, CA 95501",maps_core|maps_specialist,Pediatric clinic,needs_category_review,unreviewed_or_conflicting_category_evidence,exclude_non_dentist_category|include_dental_provider,,,,,,eligibility_group:c0fd3acfd6eb1c49,manual_review,Pediatric clinic: Category alone does not establish whether dental care is provided,,,medical|pediatrics,,exclude_non_dentist_category,focused_title_evidence,non-dental title signal with no configured final category rule,False
profile:Syracuse_NY_M:google:cid:7860111365534161918,Syracuse_NY_M,google:cid:7860111365534161918,St. Joseph's Health Hospital,"301 Prospect Ave, Syracuse, NY 13203",maps_core,Hospital,needs_category_review,unreviewed_or_conflicting_category_evidence,exclude_non_dentist_category|include_dental_provider,,,,,,eligibility_group:cce893253d25bbe4,unknown,,Hospital,,hospital,,exclude_non_dentist_category,focused_title_evidence,non-dental title signal with no configured final category rule,False
profile:LA_CA_L:google:cid:10802983423779816217,LA_CA_L,google:cid:10802983423779816217,Burbank Oral & Maxillofacial Surgery,"239 W Olive Ave, Burbank, CA 91502",business_listings,Surgical center,needs_category_review,unreviewed_or_conflicting_category_evidence,exclude_non_dentist_category|include_dental_provider,,,,,,eligibility_group:cd7c905ec844ba9b,manual_review,Surgical center: Category alone does not establish whether oral surgery is provided,,maxillofacial,,,include_dental_provider,focused_title_evidence,dental title signal with no configured include category,False
profile:LA_CA_L:google:cid:15486739528170181669,LA_CA_L,google:cid:15486739528170181669,Southern California Oral & Maxillofacial Surgical Arts,"10724 White Oak Ave, Granada Hills, CA 91344",business_listings,Surgical center,needs_category_review,unreviewed_or_conflicting_category_evidence,exclude_non_dentist_category|include_dental_provider,,,,,,eligibility_group:cd7c905ec844ba9b,manual_review,Surgical center: Category alone does not establish whether oral surgery is provided,,maxillofacial,,,include_dental_provider,focused_title_evidence,dental title signal with no configured include category,False
profile:NYC_NY_L:google:cid:8482847296773896722,NYC_NY_L,google:cid:8482847296773896722,"Sol D. Haber, DDS","139 Clinton St, Brooklyn, NY 11201",business_listings,Surgical center,needs_category_review,unreviewed_or_conflicting_category_evidence,exclude_non_dentist_category|include_dental_provider,,,,,,eligibility_group:cd7c905ec844ba9b,manual_review,Surgical center: Category alone does not establish whether oral surgery is provided,,dds,,,include_dental_provider,focused_title_evidence,dental title signal with no configured include category,False
profile:LA_CA_L:google:cid:12275302527016684401,LA_CA_L,google:cid:12275302527016684401,Center for Family Health and Education - Family Medicine/Pediatrics,"8727 Van Nuys Blvd 101 #102, Panorama City, CA 91402",business_listings,Community health center,needs_category_review,unreviewed_or_conflicting_category_evidence,exclude_non_dentist_category|include_dental_provider,,,,,,eligibility_group:ce20189a50f385ea,manual_review,Community health center: Category alone does not establish whether dental care is provided,,,pediatrics,,exclude_non_dentist_category,focused_title_evidence,non-dental title signal with no configured final category rule,False
profile:NYC_NY_L:google:cid:5939245230968736679,NYC_NY_L,google:cid:5939245230968736679,Integrative Dental Wellness and Airway Health at Central Park South,"116 Central Park S Suite 8, New York, NY 10019",business_listings,Sleep clinic,needs_category_review,unreviewed_or_conflicting_category_evidence,exclude_non_dentist_category|include_dental_provider,,,,,,eligibility_group:d16e42946397b3ed,unknown,,Sleep clinic,dental,,,include_dental_provider,focused_title_evidence,dental title signal with no configured include category,False
profile:NYC_NY_L:google:cid:16798224541328156430,NYC_NY_L,google:cid:16798224541328156430,Long Island Dental Sleep Medicine,"101 Hillside Ave. Ste A, Williston Park, NY 11596",business_listings,Sleep clinic,needs_category_review,unreviewed_or_conflicting_category_evidence,exclude_non_dentist_category|include_dental_provider,,,,,,eligibility_group:d16e42946397b3ed,unknown,,Sleep clinic,dental,,,include_dental_provider,focused_title_evidence,dental title signal with no configured include category,False
profile:Atlanta_GA_L:google:cid:6885250673203378333,Atlanta_GA_L,google:cid:6885250673203378333,Southside Medical Center,"1046 Ridge Ave SW #4, Atlanta, GA 30315",maps_core,Medical Center,needs_category_review,unreviewed_or_conflicting_category_evidence,exclude_non_dentist_category|include_dental_provider,,,,,,eligibility_group:d6a5057259cdd490,manual_review,Medical Center: Category alone does not establish whether dental care is provided,,,medical,,exclude_non_dentist_category,focused_title_evidence,non-dental title signal with no configured final category rule,False
profile:LA_CA_L:google:cid:3700286960602092890,LA_CA_L,google:cid:3700286960602092890,Miracle Mile Medical Group,"MIRACLE MILE GROUP, 5757 Wilshire Blvd Ste PR2, Los Angeles, CA 90036",business_listings,Medical Center,needs_category_review,unreviewed_or_conflicting_category_evidence,exclude_non_dentist_category|include_dental_provider,,,,,,eligibility_group:d6a5057259cdd490,manual_review,Medical Center: Category alone does not establish whether dental care is provided,,,medical,,exclude_non_dentist_category,focused_title_evidence,non-dental title signal with no configured final category rule,False
profile:NYC_NY_L:google:cid:3393784019642761753,NYC_NY_L,google:cid:3393784019642761753,Ezra Medical Center - 13th Avenue,"3710 13th Ave, Brooklyn, NY 11218",business_listings,Medical Center,needs_category_review,unreviewed_or_conflicting_category_evidence,exclude_non_dentist_category|include_dental_provider,,,,,,eligibility_group:d6a5057259cdd490,manual_review,Medical Center: Category alone does not establish whether dental care is provided,,,medical,,exclude_non_dentist_category,focused_title_evidence,non-dental title signal with no configured final category rule,False
profile:NYC_NY_L:google:cid:14102324526115559462,NYC_NY_L,google:cid:14102324526115559462,Midwood Medical Plaza,"813 Quentin Rd # 100, Brooklyn, NY 11223",business_listings,Medical Center,needs_category_review,unreviewed_or_conflicting_category_evidence,exclude_non_dentist_category|include_dental_provider,,,,,,eligibility_group:d6a5057259cdd490,manual_review,Medical Center: Category alone does not establish whether dental care is provided,,,medical,,exclude_non_dentist_category,focused_title_evidence,non-dental title signal with no configured final category rule,False
profile:NYC_NY_L:google:cid:17274625385709858944,NYC_NY_L,google:cid:17274625385709858944,One Brooklyn Health-Brookdale University Hospital Medical Center,"1 Brookdale Plaza, Brooklyn, NY 11212",business_listings,Medical Center,needs_category_review,unreviewed_or_conflicting_category_evidence,exclude_non_dentist_category|include_dental_provider,,,,,,eligibility_group:d6a5057259cdd490,manual_review,Medical Center: Category alone does not establish whether dental care is provided,,,medical|hospital,,exclude_non_dentist_category,focused_title_evidence,non-dental title signal with no configured final category rule,False
profile:NYC_NY_L:google:cid:12108429306634589123,NYC_NY_L,google:cid:12108429306634589123,Tooth Preventive Dental,"56 W 45th St Ste 121b, New York, NY 10036",business_listings,Plastic surgeon,needs_category_review,unreviewed_or_conflicting_category_evidence,exclude_non_dentist_category|include_dental_provider,,,,,,eligibility_group:ddca1ad33db9248e,unknown,,Plastic surgeon,dental,,,include_dental_provider,focused_title_evidence,dental title signal with no configured include category,False
profile:NYC_NY_L:google:cid:18309720280738893048,NYC_NY_L,google:cid:18309720280738893048,"Dr. Nojan Bakhtiari, DDS - TMJ & Orofacial Pain Specialist","41 Park Ave #1B, New York, NY 10016",business_listings,Pain management physician,needs_category_review,unreviewed_or_conflicting_category_evidence,exclude_non_dentist_category|include_dental_provider,,,,,,eligibility_group:e2269ede4de1d3e3,unknown,,Pain management physician,dds,,,include_dental_provider,focused_title_evidence,dental title signal with no configured include category,False
profile:LA_CA_L:google:cid:7991746826427417830,LA_CA_L,google:cid:7991746826427417830,"Erin Lobo Marwah, DDS","23456 Hawthorne Blvd #210, Torrance, CA 90505",business_listings,Denture care center,needs_category_review,unreviewed_or_conflicting_category_evidence,exclude_non_dentist_category|include_dental_provider,,,,,,eligibility_group:e2e1c692637d4bf7,unknown,,Denture care center,dds,,,include_dental_provider,focused_title_evidence,dental title signal with no configured include category,False
profile:LA_CA_L:google:cid:4534990736566493603,LA_CA_L,google:cid:4534990736566493603,Urgent Care Dentist 24/7,"2800 S Santa Fe Ave, Vernon, CA 90058",maps_core,Denture care center,needs_category_review,unreviewed_or_conflicting_category_evidence,exclude_non_dentist_category|include_dental_provider,,,,,,eligibility_group:e2e1c692637d4bf7,unknown,,Denture care center,dentist,,,include_dental_provider,focused_title_evidence,dental title signal with no configured include category,False
profile:NYC_NY_L:google:cid:11264510238293180608,NYC_NY_L,google:cid:11264510238293180608,All Dental Technology,"86-25 Whitney Ave #1, Elmhurst, NY 11373",business_listings,Denture care center,needs_category_review,unreviewed_or_conflicting_category_evidence,exclude_non_dentist_category|include_dental_provider,,,,,,eligibility_group:e2e1c692637d4bf7,unknown,,Denture care center,dental,,,include_dental_provider,focused_title_evidence,dental title signal with no configured include category,False
profile:LA_CA_L:google:cid:4950580691321672636,LA_CA_L,google:cid:4950580691321672636,Shafaa Center Integrative Medicine & Dentistry,"5767 W Adams Blvd, Los Angeles, CA 90016",business_listings,Acupuncturist,needs_category_review,unreviewed_or_conflicting_category_evidence,exclude_non_dentist_category|include_dental_provider,,,,,,eligibility_group:eaa7af85211eac46,unknown,,Acupuncturist,dentistry,,,include_dental_provider,focused_title_evidence,dental title signal with no configured include category,False
profile:Augusta_GA_L:google:cid:8940347495298251894,Augusta_GA_L,google:cid:8940347495298251894,Medical Associates Plus - Walton Way,"2050 Walton Wy, Augusta, GA 30904",maps_core,Medical office,needs_category_review,unreviewed_or_conflicting_category_evidence,exclude_non_dentist_category|include_dental_provider,,,,,,eligibility_group:f2764acdfe16f6b9,unknown,,Medical office,,medical,,exclude_non_dentist_category,focused_title_evidence,non-dental title signal with no configured final category rule,False
profile:SaranacLake_NY_S:google:cid:1212470625018711344,SaranacLake_NY_S,google:cid:1212470625018711344,Mountain Medical Services Saranac Lake,"354 Broadway, Saranac Lake, NY 12983",maps_core,Medical office,needs_category_review,unreviewed_or_conflicting_category_evidence,exclude_non_dentist_category|include_dental_provider,,,,,,eligibility_group:f2764acdfe16f6b9,unknown,,Medical office,,medical,,exclude_non_dentist_category,focused_title_evidence,non-dental title signal with no configured final category rule,False
profile:Eureka_CA_S:google:cid:5159432709182396681,Eureka_CA_S,google:cid:5159432709182396681,Wonenberg Brett DDS,"1519 2nd St, Eureka, CA 95501",maps_core|maps_specialist,Housing society,needs_category_review,unreviewed_or_conflicting_category_evidence,exclude_non_dentist_category|include_dental_provider,,,,,,eligibility_group:fdbeba08ad1ee9f8,unknown,,Housing society,dds,,,include_dental_provider,focused_title_evidence,dental title signal with no configured include category,False
